Date,Day,Round,Venue,Result,Squad,Opponent,Start,Pos,Min,Performance Gls,Performance Ast,Performance PK,Performance PKatt,Performance Sh,Performance SoT,Performance CrdY,Performance CrdR,Performance Touches,Performance Tkl,Performance Int,Performance Blocks,Expected xG,Expected npxG,Expected xAG,SCA SCA,SCA GCA,Passes Cmp,Passes Att,Passes Cmp%,Passes PrgP,Carries Carries_x,Carries PrgC_x,Take-Ons Att_x,Take-Ons Succ_x,Report,Total Cmp,Total Att,Total Cmp%,Total TotDist,Total PrgDist,Short Cmp,Short Att,Short Cmp%,Medium Cmp,Medium Att,Medium Cmp%,Long Cmp,Long Att,Long Cmp%,Ast,xAG,xA,KP,1/3,PPA,CrsPA,PrgP,Att,Pass Types Live,Pass Types Dead,Pass Types FK,Pass Types TB,Pass Types Sw,Pass Types Crs,Pass Types TI,Pass Types CK,Corner Kicks In,Corner Kicks Out,Corner Kicks Str,Outcomes Cmp,Outcomes Off,Outcomes Blocks,SCA Types SCA,SCA Types PassLive,SCA Types PassDead,SCA Types TO,SCA Types Sh,SCA Types Fld,SCA Types Def,GCA Types GCA,GCA Types PassLive,GCA Types PassDead,GCA Types TO,GCA Types Sh,GCA Types Fld,GCA Types Def,Touches Touches,Touches Def Pen,Touches Def 3rd,Touches Mid 3rd,Touches Att 3rd,Touches Att Pen,Touches Live,Take-Ons Att_y,Take-Ons Succ_y,Take-Ons Succ%,Take-Ons Tkld,Take-Ons Tkld%,Carries Carries_y,Carries TotDist,Carries PrgDist,Carries PrgC_y,Carries 1/3,Carries CPA,Carries Mis,Carries Dis,Receiving Rec,Receiving PrgR,Tackles Tkl,Tackles TklW,Tackles Def 3rd,Tackles Mid 3rd,Tackles Att 3rd,Challenges Tkl,Challenges Att,Challenges Tkl%,Challenges Lost,Blocks Blocks,Blocks Sh,Blocks Pass,Int,Tkl+Int,Clr,Err,team,player_name,player_id
2024-08-17,Sat,Matchweek 1,Away,W 2–1,Aston Villa,West Ham,Y,GK,90.0,0.0,0.0,0.0,0.0,0.0,0.0,0.0,0.0,40.0,0.0,0.0,0.0,0.0,0.0,0.0,0.0,0.0,26.0,37.0,70.3,0.0,28.0,0.0,0.0,0.0,Match Report,26.0,37.0,70.3,879.0,587.0,3.0,3.0,100.0,12.0,13.0,92.3,11.0,21.0,52.4,0.0,0.0,0.0,0.0,2.0,0.0,0.0,0.0,37.0,31.0,6.0,3.0,0.0,0.0,0.0,0.0,0.0,0.0,0.0,0.0,26.0,0.0,0.0,0.0,0.0,0.0,0.0,0.0,0.0,0.0,0.0,0.0,0.0,0.0,0.0,0.0,0.0,40.0,30.0,39.0,1.0,0.0,0.0,40.0,0.0,0.0,,0.0,,28.0,146.0,84.0,0.0,0.0,0.0,0.0,0.0,21.0,0.0,0.0,0.0,0.0,0.0,0.0,0.0,0.0,,0.0,0.0,0.0,0.0,0.0,0.0,1.0,0.0,Aston Villa,Emiliano-Martinez,7956236f
2024-08-24,Sat,Matchweek 2,Home,L 0–2,Aston Villa,Arsenal,Y,GK,90.0,0.0,0.0,0.0,0.0,0.0,0.0,0.0,0.0,42.0,0.0,0.0,0.0,0.0,0.0,0.0,0.0,0.0,33.0,40.0,82.5,0.0,27.0,0.0,0.0,0.0,Match Report,33.0,40.0,82.5,810.0,436.0,7.0,7.0,100.0,18.0,18.0,100.0,8.0,15.0,53.3,0.0,0.0,0.0,0.0,0.0,0.0,0.0,0.0,40.0,31.0,9.0,2.0,0.0,0.0,0.0,0.0,0.0,0.0,0.0,0.0,33.0,0.0,0.0,0.0,0.0,0.0,0.0,0.0,0.0,0.0,0.0,0.0,0.0,0.0,0.0,0.0,0.0,42.0,37.0,41.0,1.0,0.0,0.0,42.0,0.0,0.0,,0.0,,27.0,76.0,32.0,0.0,0.0,0.0,0.0,0.0,22.0,0.0,0.0,0.0,0.0,0.0,0.0,0.0,0.0,,0.0,0.0,0.0,0.0,0.0,0.0,1.0,1.0,Aston Villa,Emiliano-Martinez,7956236f
2024-08-31,Sat,Matchweek 3,Away,W 2–1,Aston Villa,Leicester City,Y,GK,90.0,0.0,0.0,0.0,0.0,0.0,0.0,0.0,0.0,39.0,0.0,0.0,0.0,0.0,0.0,0.0,0.0,0.0,31.0,38.0,81.6,0.0,23.0,0.0,1.0,1.0,Match Report,31.0,38.0,81.6,1080.0,737.0,4.0,4.0,100.0,11.0,12.0,91.7,16.0,22.0,72.7,0.0,0.0,0.0,0.0,1.0,0.0,0.0,0.0,38.0,28.0,10.0,2.0,0.0,0.0,0.0,0.0,0.0,0.0,0.0,0.0,31.0,0.0,0.0,0.0,0.0,0.0,0.0,0.0,0.0,0.0,0.0,0.0,0.0,0.0,0.0,0.0,0.0,39.0,30.0,39.0,0.0,0.0,0.0,39.0,1.0,1.0,100.0,0.0,0.0,23.0,101.0,78.0,0.0,0.0,0.0,0.0,0.0,21.0,0.0,0.0,0.0,0.0,0.0,0.0,0.0,0.0,,0.0,0.0,0.0,0.0,0.0,0.0,1.0,1.0,Aston Villa,Emiliano-Martinez,7956236f
2024-09-14,Sat,Matchweek 4,Home,W 3–2,Aston Villa,Everton,Y,GK,90.0,0.0,0.0,0.0,0.0,0.0,0.0,1.0,0.0,23.0,0.0,0.0,0.0,0.0,0.0,0.0,0.0,0.0,20.0,22.0,90.9,0.0,17.0,0.0,0.0,0.0,Match Report,20.0,22.0,90.9,575.0,395.0,1.0,1.0,100.0,14.0,14.0,100.0,5.0,6.0,83.3,0.0,0.0,0.0,0.0,1.0,0.0,0.0,0.0,22.0,20.0,1.0,0.0,0.0,0.0,0.0,0.0,0.0,0.0,0.0,0.0,20.0,1.0,0.0,0.0,0.0,0.0,0.0,0.0,0.0,0.0,0.0,0.0,0.0,0.0,0.0,0.0,0.0,23.0,16.0,23.0,0.0,0.0,0.0,23.0,0.0,0.0,,0.0,,17.0,92.0,72.0,0.0,0.0,0.0,0.0,0.0,13.0,0.0,0.0,0.0,0.0,0.0,0.0,0.0,0.0,,0.0,0.0,0.0,0.0,0.0,0.0,1.0,0.0,Aston Villa,Emiliano-Martinez,7956236f
2024-09-21,Sat,Matchweek 5,Home,W 3–1,Aston Villa,Wolves,Y,GK,90.0,0.0,0.0,0.0,0.0,0.0,0.0,0.0,0.0,33.0,0.0,0.0,0.0,0.0,0.0,0.0,0.0,0.0,26.0,30.0,86.7,0.0,23.0,0.0,0.0,0.0,Match Report,26.0,30.0,86.7,556.0,297.0,4.0,4.0,100.0,19.0,19.0,100.0,3.0,7.0,42.9,0.0,0.0,0.0,0.0,0.0,0.0,0.0,0.0,30.0,25.0,5.0,4.0,0.0,0.0,0.0,0.0,0.0,0.0,0.0,0.0,26.0,0.0,0.0,0.0,0.0,0.0,0.0,0.0,0.0,0.0,0.0,0.0,0.0,0.0,0.0,0.0,0.0,33.0,18.0,33.0,0.0,0.0,0.0,33.0,0.0,0.0,,0.0,,23.0,96.0,49.0,0.0,0.0,0.0,0.0,0.0,18.0,0.0,0.0,0.0,0.0,0.0,0.0,0.0,0.0,,0.0,0.0,0.0,0.0,0.0,0.0,2.0,0.0,Aston Villa,Emiliano-Martinez,7956236f
2024-09-29,Sun,Matchweek 6,Away,D 2–2,Aston Villa,Ipswich Town,Y*,GK,90.0,0.0,0.0,0.0,0.0,0.0,0.0,0.0,0.0,41.0,0.0,0.0,0.0,0.0,0.0,0.0,0.0,0.0,31.0,38.0,81.6,0.0,21.0,0.0,0.0,0.0,Match Report,31.0,38.0,81.6,899.0,541.0,3.0,3.0,100.0,19.0,19.0,100.0,9.0,16.0,56.3,0.0,0.0,0.0,0.0,1.0,0.0,0.0,0.0,38.0,28.0,10.0,1.0,0.0,0.0,0.0,0.0,0.0,0.0,0.0,0.0,31.0,0.0,0.0,0.0,0.0,0.0,0.0,0.0,0.0,0.0,0.0,0.0,0.0,0.0,0.0,0.0,0.0,41.0,30.0,41.0,0.0,0.0,0.0,41.0,0.0,0.0,,0.0,,21.0,115.0,77.0,0.0,0.0,0.0,1.0,0.0,19.0,0.0,0.0,0.0,0.0,0.0,0.0,0.0,0.0,,0.0,0.0,0.0,0.0,0.0,0.0,0.0,0.0,Aston Villa,Emiliano-Martinez,7956236f
2024-10-06,Sun,Matchweek 7,Home,D 0–0,Aston Villa,Manchester Utd,Y*,GK,90.0,0.0,0.0,0.0,0.0,0.0,0.0,0.0,0.0,37.0,0.0,0.0,0.0,0.0,0.0,0.0,0.0,0.0,27.0,35.0,77.1,0.0,23.0,0.0,0.0,0.0,Match Report,27.0,35.0,77.1,605.0,311.0,6.0,6.0,100.0,16.0,17.0,94.1,5.0,12.0,41.7,0.0,0.0,0.0,0.0,0.0,0.0,0.0,0.0,35.0,32.0,3.0,1.0,0.0,0.0,0.0,0.0,0.0,0.0,0.0,0.0,27.0,0.0,0.0,0.0,0.0,0.0,0.0,0.0,0.0,0.0,0.0,0.0,0.0,0.0,0.0,0.0,0.0,37.0,25.0,37.0,0.0,0.0,0.0,37.0,0.0,0.0,,0.0,,23.0,125.0,80.0,0.0,0.0,0.0,0.0,0.0,20.0,0.0,0.0,0.0,0.0,0.0,0.0,0.0,0.0,,0.0,0.0,0.0,0.0,0.0,0.0,0.0,0.0,Aston Villa,Emiliano-Martinez,7956236f
2024-10-19,Sat,Matchweek 8,Away,W 3–1,Aston Villa,Fulham,Y*,GK,90.0,0.0,0.0,0.0,0.0,0.0,0.0,0.0,0.0,35.0,0.0,0.0,0.0,0.0,0.0,0.0,0.0,0.0,29.0,33.0,87.9,0.0,20.0,0.0,0.0,0.0,Match Report,29.0,33.0,87.9,662.0,347.0,5.0,5.0,100.0,20.0,20.0,100.0,4.0,8.0,50.0,0.0,0.0,0.0,0.0,1.0,0.0,0.0,0.0,33.0,29.0,4.0,2.0,0.0,0.0,0.0,0.0,0.0,0.0,0.0,0.0,29.0,0.0,0.0,0.0,0.0,0.0,0.0,0.0,0.0,0.0,0.0,0.0,0.0,0.0,0.0,0.0,0.0,35.0,25.0,34.0,1.0,0.0,0.0,35.0,0.0,0.0,,0.0,,20.0,109.0,22.0,0.0,0.0,0.0,0.0,0.0,18.0,0.0,0.0,0.0,0.0,0.0,0.0,0.0,0.0,,0.0,0.0,0.0,0.0,0.0,0.0,0.0,0.0,Aston Villa,Emiliano-Martinez,7956236f
2024-10-26,Sat,Matchweek 9,Home,D 1–1,Aston Villa,Bournemouth,Y,GK,90.0,0.0,0.0,0.0,0.0,0.0,0.0,0.0,0.0,55.0,0.0,0.0,0.0,0.0,0.0,0.0,1.0,0.0,40.0,52.0,76.9,0.0,29.0,0.0,0.0,0.0,Match Report,40.0,52.0,76.9,1038.0,656.0,2.0,2.0,100.0,32.0,32.0,100.0,6.0,18.0,33.3,0.0,0.0,0.0,0.0,0.0,0.0,0.0,0.0,52.0,41.0,11.0,5.0,0.0,1.0,0.0,0.0,0.0,0.0,0.0,0.0,40.0,0.0,0.0,1.0,1.0,0.0,0.0,0.0,0.0,0.0,0.0,0.0,0.0,0.0,0.0,0.0,0.0,55.0,32.0,55.0,0.0,0.0,0.0,55.0,0.0,0.0,,0.0,,29.0,210.0,122.0,0.0,0.0,0.0,0.0,0.0,24.0,0.0,0.0,0.0,0.0,0.0,0.0,0.0,0.0,,0.0,0.0,0.0,0.0,0.0,0.0,1.0,0.0,Aston Villa,Emiliano-Martinez,7956236f
2024-11-03,Sun,Matchweek 10,Away,L 1–4,Aston Villa,Tottenham,Y,GK,90.0,0.0,0.0,0.0,0.0,0.0,0.0,0.0,0.0,44.0,0.0,0.0,0.0,0.0,0.0,0.0,1.0,0.0,33.0,42.0,78.6,0.0,31.0,0.0,0.0,0.0,Match Report,33.0,42.0,78.6,1021.0,637.0,4.0,5.0,80.0,17.0,19.0,89.5,12.0,18.0,66.7,0.0,0.0,0.0,0.0,2.0,0.0,0.0,0.0,42.0,35.0,7.0,0.0,0.0,0.0,0.0,0.0,0.0,0.0,0.0,0.0,33.0,0.0,0.0,1.0,1.0,0.0,0.0,0.0,0.0,0.0,0.0,0.0,0.0,0.0,0.0,0.0,0.0,44.0,39.0,44.0,0.0,0.0,0.0,44.0,0.0,0.0,,0.0,,31.0,223.0,140.0,0.0,0.0,0.0,0.0,0.0,23.0,0.0,0.0,0.0,0.0,0.0,0.0,0.0,0.0,,0.0,0.0,0.0,0.0,0.0,0.0,1.0,0.0,Aston Villa,Emiliano-Martinez,7956236f
2024-11-09,Sat,Matchweek 11,Away,L 0–2,Aston Villa,Liverpool,Y*,GK,90.0,0.0,0.0,0.0,0.0,0.0,0.0,0.0,0.0,33.0,0.0,0.0,0.0,0.0,0.0,0.0,0.0,0.0,28.0,33.0,84.8,0.0,25.0,0.0,0.0,0.0,Match Report,28.0,33.0,84.8,707.0,371.0,4.0,4.0,100.0,18.0,18.0,100.0,6.0,11.0,54.5,0.0,0.0,0.0,0.0,0.0,0.0,0.0,0.0,33.0,29.0,4.0,1.0,0.0,0.0,0.0,0.0,0.0,0.0,0.0,0.0,28.0,0.0,0.0,0.0,0.0,0.0,0.0,0.0,0.0,0.0,0.0,0.0,0.0,0.0,0.0,0.0,0.0,33.0,33.0,33.0,0.0,0.0,0.0,33.0,0.0,0.0,,0.0,,25.0,117.0,63.0,0.0,0.0,0.0,0.0,0.0,20.0,0.0,0.0,0.0,0.0,0.0,0.0,0.0,0.0,,0.0,0.0,0.0,0.0,0.0,0.0,0.0,0.0,Aston Villa,Emiliano-Martinez,7956236f
2024-11-23,Sat,Matchweek 12,Home,D 2–2,Aston Villa,Crystal Palace,Y,GK,90.0,0.0,0.0,0.0,0.0,0.0,0.0,0.0,0.0,38.0,0.0,0.0,0.0,0.0,0.0,0.0,0.0,0.0,35.0,37.0,94.6,0.0,24.0,0.0,0.0,0.0,Match Report,35.0,37.0,94.6,728.0,379.0,8.0,8.0,100.0,25.0,25.0,100.0,2.0,4.0,50.0,0.0,0.0,0.0,0.0,0.0,0.0,0.0,0.0,37.0,32.0,5.0,0.0,0.0,0.0,0.0,0.0,0.0,0.0,0.0,0.0,35.0,0.0,0.0,0.0,0.0,0.0,0.0,0.0,0.0,0.0,0.0,0.0,0.0,0.0,0.0,0.0,0.0,38.0,23.0,37.0,1.0,0.0,0.0,38.0,0.0,0.0,,0.0,,24.0,154.0,107.0,0.0,0.0,0.0,0.0,0.0,22.0,0.0,0.0,0.0,0.0,0.0,0.0,0.0,0.0,,0.0,0.0,0.0,0.0,0.0,0.0,0.0,0.0,Aston Villa,Emiliano-Martinez,7956236f
2024-12-01,Sun,Matchweek 13,Away,L 0–3,Aston Villa,Chelsea,Y,GK,45.0,0.0,0.0,0.0,0.0,0.0,0.0,0.0,0.0,31.0,1.0,0.0,0.0,0.0,0.0,0.0,0.0,0.0,24.0,28.0,85.7,0.0,15.0,0.0,0.0,0.0,Match Report,24.0,28.0,85.7,549.0,296.0,11.0,12.0,91.7,7.0,7.0,100.0,6.0,9.0,66.7,0.0,0.0,0.0,0.0,1.0,0.0,0.0,0.0,28.0,23.0,5.0,3.0,0.0,0.0,0.0,0.0,0.0,0.0,0.0,0.0,24.0,0.0,0.0,0.0,0.0,0.0,0.0,0.0,0.0,0.0,0.0,0.0,0.0,0.0,0.0,0.0,0.0,31.0,26.0,31.0,0.0,0.0,0.0,31.0,0.0,0.0,,0.0,,15.0,73.0,42.0,0.0,0.0,0.0,0.0,0.0,15.0,0.0,1.0,1.0,1.0,0.0,0.0,0.0,0.0,,0.0,0.0,0.0,0.0,0.0,1.0,0.0,1.0,Aston Villa,Emiliano-Martinez,7956236f
2024-12-04,Wed,Matchweek 14,Home,W 3–1,Aston Villa,Brentford,Y,GK,90.0,0.0,0.0,0.0,0.0,0.0,0.0,0.0,0.0,39.0,0.0,0.0,0.0,0.0,0.0,0.0,1.0,0.0,26.0,38.0,68.4,0.0,22.0,0.0,0.0,0.0,Match Report,26.0,38.0,68.4,798.0,598.0,2.0,2.0,100.0,16.0,16.0,100.0,8.0,20.0,40.0,0.0,0.0,0.0,0.0,0.0,0.0,0.0,0.0,38.0,30.0,8.0,3.0,0.0,0.0,0.0,0.0,0.0,0.0,0.0,0.0,26.0,0.0,0.0,1.0,0.0,1.0,0.0,0.0,0.0,0.0,0.0,0.0,0.0,0.0,0.0,0.0,0.0,39.0,29.0,39.0,0.0,0.0,0.0,39.0,0.0,0.0,,0.0,,22.0,143.0,101.0,0.0,0.0,0.0,0.0,0.0,21.0,0.0,0.0,0.0,0.0,0.0,0.0,0.0,0.0,,0.0,0.0,0.0,0.0,0.0,0.0,1.0,0.0,Aston Villa,Emiliano-Martinez,7956236f
2024-12-07,Sat,Matchweek 15,Home,W 1–0,Aston Villa,Southampton,Y,GK,90.0,0.0,0.0,0.0,0.0,0.0,0.0,0.0,0.0,28.0,0.0,0.0,0.0,0.0,0.0,0.0,0.0,0.0,23.0,28.0,82.1,0.0,18.0,0.0,0.0,0.0,Match Report,23.0,28.0,82.1,617.0,262.0,2.0,3.0,66.7,15.0,15.0,100.0,6.0,10.0,60.0,0.0,0.0,0.0,0.0,0.0,0.0,0.0,0.0,28.0,26.0,2.0,1.0,0.0,0.0,0.0,0.0,0.0,0.0,0.0,0.0,23.0,0.0,0.0,0.0,0.0,0.0,0.0,0.0,0.0,0.0,0.0,0.0,0.0,0.0,0.0,0.0,0.0,28.0,23.0,28.0,0.0,0.0,0.0,28.0,0.0,0.0,,0.0,,18.0,93.0,46.0,0.0,0.0,0.0,0.0,0.0,18.0,0.0,0.0,0.0,0.0,0.0,0.0,0.0,0.0,,0.0,0.0,0.0,0.0,0.0,0.0,0.0,0.0,Aston Villa,Emiliano-Martinez,7956236f
2024-12-14,Sat,Matchweek 16,Away,L 1–2,Aston Villa,Nott'ham Forest,Y,GK,90.0,0.0,0.0,0.0,0.0,0.0,0.0,0.0,0.0,39.0,0.0,0.0,0.0,0.0,0.0,0.0,0.0,0.0,36.0,37.0,97.3,0.0,24.0,0.0,0.0,0.0,Match Report,36.0,37.0,97.3,822.0,500.0,7.0,7.0,100.0,22.0,22.0,100.0,7.0,8.0,87.5,0.0,0.0,0.0,0.0,1.0,0.0,0.0,0.0,37.0,32.0,5.0,1.0,0.0,0.0,0.0,0.0,0.0,0.0,0.0,0.0,36.0,0.0,0.0,0.0,0.0,0.0,0.0,0.0,0.0,0.0,0.0,0.0,0.0,0.0,0.0,0.0,0.0,39.0,25.0,39.0,0.0,0.0,0.0,39.0,0.0,0.0,,0.0,,24.0,125.0,82.0,0.0,0.0,0.0,0.0,0.0,23.0,0.0,0.0,0.0,0.0,0.0,0.0,0.0,0.0,,0.0,0.0,0.0,0.0,0.0,0.0,0.0,1.0,Aston Villa,Emiliano-Martinez,7956236f
2024-12-21,Sat,Matchweek 17,Home,W 2–1,Aston Villa,Manchester City,Y,GK,90.0,0.0,0.0,0.0,0.0,0.0,0.0,1.0,0.0,43.0,0.0,0.0,0.0,0.0,0.0,0.0,0.0,0.0,34.0,41.0,82.9,0.0,26.0,0.0,0.0,0.0,Match Report,34.0,41.0,82.9,850.0,426.0,5.0,5.0,100.0,21.0,21.0,100.0,8.0,14.0,57.1,0.0,0.0,0.0,0.0,0.0,0.0,0.0,0.0,41.0,36.0,4.0,0.0,0.0,0.0,0.0,0.0,0.0,0.0,0.0,0.0,34.0,1.0,0.0,0.0,0.0,0.0,0.0,0.0,0.0,0.0,0.0,0.0,0.0,0.0,0.0,0.0,0.0,43.0,39.0,43.0,0.0,0.0,0.0,43.0,0.0,0.0,,0.0,,26.0,100.0,56.0,0.0,0.0,0.0,0.0,0.0,30.0,0.0,0.0,0.0,0.0,0.0,0.0,0.0,0.0,,0.0,0.0,0.0,0.0,0.0,0.0,1.0,0.0,Aston Villa,Emiliano-Martinez,7956236f
2024-12-26,Thu,Matchweek 18,Away,L 0–3,Aston Villa,Newcastle Utd,Y,GK,90.0,0.0,0.0,0.0,0.0,0.0,0.0,0.0,0.0,49.0,0.0,0.0,0.0,0.0,0.0,0.0,0.0,0.0,31.0,47.0,66.0,0.0,23.0,0.0,0.0,0.0,Match Report,31.0,47.0,66.0,983.0,698.0,4.0,4.0,100.0,15.0,16.0,93.8,12.0,25.0,48.0,0.0,0.0,0.0,0.0,2.0,0.0,0.0,0.0,47.0,32.0,13.0,5.0,0.0,0.0,0.0,0.0,0.0,0.0,0.0,0.0,31.0,2.0,0.0,0.0,0.0,0.0,0.0,0.0,0.0,0.0,0.0,0.0,0.0,0.0,0.0,0.0,0.0,49.0,38.0,49.0,0.0,0.0,0.0,49.0,0.0,0.0,,0.0,,23.0,112.0,98.0,0.0,0.0,0.0,0.0,0.0,26.0,0.0,0.0,0.0,0.0,0.0,0.0,0.0,0.0,,0.0,0.0,0.0,0.0,0.0,0.0,0.0,1.0,Aston Villa,Emiliano-Martinez,7956236f
2024-12-30,Mon,Matchweek 19,Home,D 2–2,Aston Villa,Brighton,Y,GK,90.0,0.0,0.0,0.0,0.0,0.0,0.0,0.0,0.0,39.0,0.0,0.0,0.0,0.0,0.0,0.0,0.0,0.0,31.0,37.0,83.8,1.0,21.0,0.0,0.0,0.0,Match Report,31.0,37.0,83.8,930.0,494.0,0.0,0.0,,21.0,21.0,100.0,10.0,16.0,62.5,0.0,0.0,0.0,0.0,0.0,0.0,0.0,1.0,37.0,29.0,8.0,3.0,0.0,1.0,0.0,0.0,0.0,0.0,0.0,0.0,31.0,0.0,0.0,0.0,0.0,0.0,0.0,0.0,0.0,0.0,0.0,0.0,0.0,0.0,0.0,0.0,0.0,39.0,31.0,38.0,1.0,0.0,0.0,39.0,0.0,0.0,,0.0,,21.0,92.0,62.0,0.0,0.0,0.0,0.0,0.0,26.0,0.0,0.0,0.0,0.0,0.0,0.0,0.0,0.0,,0.0,0.0,0.0,0.0,0.0,0.0,1.0,0.0,Aston Villa,Emiliano-Martinez,7956236f
2025-01-04,Sat,Matchweek 20,Home,W 2–1,Aston Villa,Leicester City,Y,GK,90.0,0.0,0.0,0.0,0.0,0.0,0.0,0.0,0.0,33.0,0.0,0.0,0.0,0.0,0.0,0.0,0.0,0.0,29.0,32.0,90.6,0.0,20.0,0.0,0.0,0.0,Match Report,29.0,32.0,90.6,579.0,266.0,8.0,8.0,100.0,19.0,19.0,100.0,2.0,5.0,40.0,0.0,0.0,0.0,0.0,0.0,0.0,0.0,0.0,32.0,29.0,3.0,1.0,0.0,0.0,0.0,0.0,0.0,0.0,0.0,0.0,29.0,0.0,0.0,0.0,0.0,0.0,0.0,0.0,0.0,0.0,0.0,0.0,0.0,0.0,0.0,0.0,0.0,33.0,22.0,32.0,1.0,0.0,0.0,33.0,0.0,0.0,,0.0,,20.0,97.0,72.0,0.0,0.0,0.0,0.0,0.0,22.0,0.0,0.0,0.0,0.0,0.0,0.0,0.0,0.0,,0.0,0.0,0.0,0.0,0.0,0.0,0.0,0.0,Aston Villa,Emiliano-Martinez,7956236f
2025-01-15,Wed,Matchweek 21,Away,W 1–0,Aston Villa,Everton,Y*,GK,90.0,0.0,0.0,0.0,0.0,0.0,0.0,0.0,0.0,51.0,0.0,0.0,0.0,0.0,0.0,0.0,0.0,0.0,42.0,50.0,84.0,0.0,36.0,0.0,0.0,0.0,Match Report,42.0,50.0,84.0,970.0,525.0,11.0,11.0,100.0,26.0,26.0,100.0,5.0,12.0,41.7,0.0,0.0,0.0,0.0,0.0,0.0,0.0,0.0,50.0,41.0,8.0,6.0,0.0,0.0,0.0,0.0,0.0,0.0,0.0,0.0,42.0,1.0,0.0,0.0,0.0,0.0,0.0,0.0,0.0,0.0,0.0,0.0,0.0,0.0,0.0,0.0,0.0,51.0,34.0,51.0,0.0,0.0,0.0,51.0,0.0,0.0,,0.0,,36.0,145.0,79.0,0.0,0.0,0.0,0.0,0.0,35.0,0.0,0.0,0.0,0.0,0.0,0.0,0.0,0.0,,0.0,0.0,0.0,0.0,0.0,0.0,1.0,0.0,Aston Villa,Emiliano-Martinez,7956236f
2025-01-18,Sat,Matchweek 22,Away,D 2–2,Aston Villa,Arsenal,Y*,GK,90.0,0.0,0.0,0.0,0.0,0.0,0.0,0.0,0.0,46.0,0.0,0.0,0.0,0.0,0.0,0.0,0.0,0.0,28.0,42.0,66.7,0.0,23.0,0.0,0.0,0.0,Match Report,28.0,42.0,66.7,990.0,774.0,6.0,6.0,100.0,5.0,5.0,100.0,17.0,31.0,54.8,0.0,0.0,0.0,0.0,0.0,0.0,0.0,0.0,42.0,27.0,15.0,7.0,0.0,0.0,0.0,0.0,0.0,0.0,0.0,0.0,28.0,0.0,0.0,0.0,0.0,0.0,0.0,0.0,0.0,0.0,0.0,0.0,0.0,0.0,0.0,0.0,0.0,46.0,40.0,45.0,1.0,0.0,0.0,46.0,0.0,0.0,,0.0,,23.0,114.0,92.0,0.0,0.0,0.0,0.0,0.0,19.0,0.0,0.0,0.0,0.0,0.0,0.0,0.0,0.0,,0.0,0.0,0.0,0.0,0.0,0.0,0.0,0.0,Aston Villa,Emiliano-Martinez,7956236f
2025-01-26,Sun,Matchweek 23,Home,D 1–1,Aston Villa,West Ham,Y*,GK,90.0,0.0,0.0,0.0,0.0,0.0,0.0,0.0,0.0,41.0,0.0,0.0,0.0,0.0,0.0,0.0,0.0,0.0,28.0,39.0,71.8,0.0,16.0,0.0,0.0,0.0,Match Report,28.0,39.0,71.8,588.0,382.0,8.0,8.0,100.0,16.0,16.0,100.0,4.0,14.0,28.6,0.0,0.0,0.0,0.0,0.0,0.0,0.0,0.0,39.0,24.0,14.0,5.0,0.0,0.0,0.0,0.0,0.0,0.0,0.0,0.0,28.0,1.0,0.0,0.0,0.0,0.0,0.0,0.0,0.0,0.0,0.0,0.0,0.0,0.0,0.0,0.0,0.0,41.0,30.0,40.0,1.0,0.0,0.0,41.0,0.0,0.0,,0.0,,16.0,75.0,45.0,0.0,0.0,0.0,0.0,0.0,22.0,0.0,0.0,0.0,0.0,0.0,0.0,0.0,0.0,,0.0,0.0,0.0,0.0,0.0,0.0,0.0,1.0,Aston Villa,Emiliano-Martinez,7956236f
2025-02-01,Sat,Matchweek 24,Away,L 0–2,Aston Villa,Wolves,Y,GK,90.0,0.0,0.0,0.0,0.0,0.0,0.0,0.0,0.0,31.0,0.0,0.0,0.0,0.0,0.0,0.0,0.0,0.0,27.0,29.0,93.1,0.0,14.0,0.0,0.0,0.0,Match Report,27.0,29.0,93.1,453.0,169.0,9.0,9.0,100.0,18.0,18.0,100.0,0.0,2.0,0.0,0.0,0.0,0.0,0.0,0.0,0.0,0.0,0.0,29.0,20.0,9.0,3.0,0.0,0.0,0.0,0.0,0.0,0.0,0.0,0.0,27.0,0.0,0.0,0.0,0.0,0.0,0.0,0.0,0.0,0.0,0.0,0.0,0.0,0.0,0.0,0.0,0.0,31.0,25.0,30.0,1.0,0.0,0.0,31.0,0.0,0.0,,0.0,,14.0,108.0,94.0,0.0,0.0,0.0,0.0,0.0,14.0,0.0,0.0,0.0,0.0,0.0,0.0,0.0,0.0,,0.0,0.0,0.0,0.0,0.0,0.0,0.0,0.0,Aston Villa,Emiliano-Martinez,7956236f
2025-02-15,Sat,Matchweek 25,Home,D 1–1,Aston Villa,Ipswich Town,Y,GK,90.0,0.0,0.0,0.0,0.0,0.0,0.0,0.0,0.0,32.0,0.0,0.0,0.0,0.0,0.0,0.0,0.0,0.0,28.0,31.0,90.3,1.0,26.0,0.0,0.0,0.0,Match Report,28.0,31.0,90.3,560.0,266.0,8.0,8.0,100.0,16.0,16.0,100.0,4.0,7.0,57.1,0.0,0.0,0.0,0.0,0.0,0.0,0.0,1.0,31.0,29.0,2.0,1.0,0.0,0.0,0.0,0.0,0.0,0.0,0.0,0.0,28.0,0.0,0.0,0.0,0.0,0.0,0.0,0.0,0.0,0.0,0.0,0.0,0.0,0.0,0.0,0.0,0.0,32.0,17.0,29.0,3.0,0.0,0.0,32.0,0.0,0.0,,0.0,,26.0,94.0,67.0,0.0,0.0,0.0,0.0,0.0,22.0,0.0,0.0,0.0,0.0,0.0,0.0,0.0,0.0,,0.0,0.0,0.0,0.0,0.0,0.0,1.0,0.0,Aston Villa,Emiliano-Martinez,7956236f
2025-02-19,Wed,Matchweek 29,Home,D 2–2,Aston Villa,Liverpool,Y,GK,90.0,0.0,0.0,0.0,0.0,0.0,0.0,0.0,0.0,48.0,1.0,0.0,1.0,0.0,0.0,0.0,0.0,0.0,36.0,46.0,78.3,0.0,29.0,0.0,0.0,0.0,Match Report,36.0,46.0,78.3,916.0,577.0,8.0,9.0,88.9,17.0,17.0,100.0,11.0,20.0,55.0,0.0,0.0,0.0,0.0,1.0,0.0,0.0,0.0,46.0,32.0,14.0,3.0,0.0,0.0,0.0,0.0,0.0,0.0,0.0,0.0,36.0,0.0,0.0,0.0,0.0,0.0,0.0,0.0,0.0,0.0,0.0,0.0,0.0,0.0,0.0,0.0,0.0,48.0,42.0,48.0,0.0,0.0,0.0,48.0,0.0,0.0,,0.0,,29.0,95.0,49.0,0.0,0.0,0.0,0.0,0.0,24.0,0.0,1.0,1.0,1.0,0.0,0.0,1.0,1.0,100.0,0.0,1.0,0.0,1.0,0.0,1.0,0.0,0.0,Aston Villa,Emiliano-Martinez,7956236f
2025-02-22,Sat,Matchweek 26,Home,W 2–1,Aston Villa,Chelsea,Y,GK,90.0,0.0,0.0,0.0,0.0,0.0,0.0,0.0,0.0,38.0,0.0,0.0,0.0,0.0,0.0,0.0,0.0,0.0,28.0,37.0,75.7,0.0,28.0,0.0,0.0,0.0,Match Report,28.0,37.0,75.7,698.0,437.0,7.0,7.0,100.0,16.0,17.0,94.1,5.0,13.0,38.5,0.0,0.0,0.0,0.0,2.0,0.0,0.0,0.0,37.0,31.0,6.0,1.0,0.0,0.0,0.0,0.0,0.0,0.0,0.0,0.0,28.0,0.0,0.0,0.0,0.0,0.0,0.0,0.0,0.0,0.0,0.0,0.0,0.0,0.0,0.0,0.0,0.0,38.0,27.0,37.0,1.0,0.0,0.0,38.0,0.0,0.0,,0.0,,28.0,167.0,100.0,0.0,0.0,0.0,0.0,0.0,20.0,0.0,0.0,0.0,0.0,0.0,0.0,0.0,0.0,,0.0,0.0,0.0,0.0,0.0,0.0,0.0,0.0,Aston Villa,Emiliano-Martinez,7956236f
2025-02-25,Tue,Matchweek 27,Away,L 1–4,Aston Villa,Crystal Palace,Y,GK,45.0,0.0,0.0,0.0,0.0,0.0,0.0,0.0,0.0,30.0,0.0,0.0,0.0,0.0,0.0,0.0,0.0,0.0,21.0,28.0,75.0,0.0,16.0,0.0,0.0,0.0,Match Report,21.0,28.0,75.0,517.0,237.0,2.0,2.0,100.0,16.0,18.0,88.9,3.0,7.0,42.9,0.0,0.0,0.0,0.0,2.0,0.0,0.0,0.0,28.0,24.0,3.0,1.0,0.0,0.0,0.0,0.0,0.0,0.0,0.0,0.0,21.0,1.0,0.0,0.0,0.0,0.0,0.0,0.0,0.0,0.0,0.0,0.0,0.0,0.0,0.0,0.0,0.0,30.0,18.0,30.0,0.0,0.0,0.0,30.0,0.0,0.0,,0.0,,16.0,77.0,44.0,0.0,0.0,0.0,0.0,0.0,17.0,0.0,0.0,0.0,0.0,0.0,0.0,0.0,0.0,,0.0,0.0,0.0,0.0,0.0,0.0,0.0,0.0,Aston Villa,Emiliano-Martinez,7956236f
2025-04-02,Wed,Matchweek 30,Away,W 3–0,Aston Villa,Brighton,Y,GK,90.0,0.0,0.0,0.0,0.0,0.0,0.0,1.0,0.0,53.0,0.0,0.0,0.0,0.0,0.0,0.0,1.0,1.0,35.0,51.0,68.6,0.0,37.0,0.0,0.0,0.0,Match Report,35.0,51.0,68.6,944.0,546.0,3.0,3.0,100.0,24.0,25.0,96.0,8.0,23.0,34.8,0.0,0.0,0.0,0.0,0.0,0.0,0.0,0.0,51.0,40.0,11.0,6.0,0.0,0.0,0.0,0.0,0.0,0.0,0.0,0.0,35.0,0.0,0.0,1.0,1.0,0.0,0.0,0.0,0.0,0.0,1.0,1.0,0.0,0.0,0.0,0.0,0.0,53.0,40.0,53.0,0.0,0.0,0.0,53.0,0.0,0.0,,0.0,,37.0,143.0,76.0,0.0,0.0,0.0,0.0,0.0,32.0,0.0,0.0,0.0,0.0,0.0,0.0,0.0,0.0,,0.0,0.0,0.0,0.0,0.0,0.0,1.0,0.0,Aston Villa,Emiliano-Martinez,7956236f
2025-04-05,Sat,Matchweek 31,Home,W 2–1,Aston Villa,Nott'ham Forest,Y*,GK,90.0,0.0,0.0,0.0,0.0,0.0,0.0,1.0,0.0,58.0,0.0,0.0,0.0,0.0,0.0,0.5,1.0,0.0,39.0,58.0,67.2,0.0,36.0,0.0,0.0,0.0,Match Report,39.0,58.0,67.2,1087.0,813.0,8.0,8.0,100.0,18.0,18.0,100.0,13.0,32.0,40.6,0.0,0.5,0.0,1.0,1.0,0.0,0.0,0.0,58.0,47.0,11.0,3.0,0.0,0.0,0.0,0.0,0.0,0.0,0.0,0.0,39.0,0.0,0.0,1.0,1.0,0.0,0.0,0.0,0.0,0.0,0.0,0.0,0.0,0.0,0.0,0.0,0.0,58.0,48.0,58.0,0.0,0.0,0.0,58.0,0.0,0.0,,0.0,,36.0,205.0,144.0,0.0,0.0,0.0,0.0,0.0,25.0,0.0,0.0,0.0,0.0,0.0,0.0,0.0,0.0,,0.0,0.0,0.0,0.0,0.0,0.0,0.0,0.0,Aston Villa,Emiliano-Martinez,7956236f
2025-04-12,Sat,Matchweek 32,Away,W 3–0,Aston Villa,Southampton,Y*,GK,90.0,0.0,0.0,0.0,0.0,0.0,0.0,0.0,0.0,28.0,0.0,0.0,0.0,0.0,0.0,0.0,0.0,0.0,23.0,24.0,95.8,1.0,11.0,0.0,0.0,0.0,Match Report,23.0,24.0,95.8,474.0,314.0,5.0,5.0,100.0,16.0,16.0,100.0,2.0,3.0,66.7,0.0,0.0,0.0,0.0,0.0,0.0,0.0,1.0,24.0,21.0,3.0,1.0,0.0,0.0,0.0,0.0,0.0,0.0,0.0,0.0,23.0,0.0,0.0,0.0,0.0,0.0,0.0,0.0,0.0,0.0,0.0,0.0,0.0,0.0,0.0,0.0,0.0,28.0,21.0,26.0,2.0,0.0,0.0,28.0,0.0,0.0,,0.0,,11.0,81.0,64.0,0.0,0.0,0.0,0.0,0.0,16.0,0.0,0.0,0.0,0.0,0.0,0.0,0.0,0.0,,0.0,0.0,0.0,0.0,0.0,0.0,2.0,0.0,Aston Villa,Emiliano-Martinez,7956236f
2025-04-19,Sat,Matchweek 33,Home,W 4–1,Aston Villa,Newcastle Utd,Y,GK,90.0,0.0,0.0,0.0,0.0,0.0,0.0,0.0,0.0,39.0,0.0,0.0,0.0,0.0,0.0,0.0,1.0,0.0,25.0,38.0,65.8,0.0,27.0,0.0,0.0,0.0,Match Report,25.0,38.0,65.8,953.0,859.0,2.0,2.0,100.0,11.0,11.0,100.0,12.0,25.0,48.0,0.0,0.0,0.0,1.0,3.0,0.0,0.0,0.0,38.0,27.0,11.0,1.0,0.0,0.0,0.0,0.0,0.0,0.0,0.0,0.0,25.0,0.0,0.0,1.0,1.0,0.0,0.0,0.0,0.0,0.0,0.0,0.0,0.0,0.0,0.0,0.0,0.0,39.0,34.0,39.0,0.0,0.0,0.0,39.0,0.0,0.0,,0.0,,27.0,145.0,99.0,0.0,0.0,0.0,0.0,0.0,21.0,0.0,0.0,0.0,0.0,0.0,0.0,0.0,0.0,,0.0,0.0,0.0,0.0,0.0,0.0,0.0,0.0,Aston Villa,Emiliano-Martinez,7956236f
2025-04-22,Tue,Matchweek 34,Away,L 1–2,Aston Villa,Manchester City,Y*,GK,90.0,0.0,0.0,0.0,0.0,0.0,0.0,0.0,0.0,51.0,1.0,0.0,0.0,0.0,0.0,0.0,0.0,0.0,33.0,50.0,66.0,0.0,35.0,0.0,0.0,0.0,Match Report,33.0,50.0,66.0,869.0,517.0,7.0,7.0,100.0,17.0,18.0,94.4,9.0,25.0,36.0,0.0,0.0,0.0,0.0,0.0,0.0,0.0,0.0,50.0,44.0,6.0,2.0,0.0,0.0,0.0,0.0,0.0,0.0,0.0,0.0,33.0,0.0,0.0,0.0,0.0,0.0,0.0,0.0,0.0,0.0,0.0,0.0,0.0,0.0,0.0,0.0,0.0,51.0,43.0,51.0,0.0,0.0,0.0,51.0,0.0,0.0,,0.0,,35.0,215.0,148.0,0.0,0.0,0.0,0.0,0.0,29.0,0.0,1.0,1.0,1.0,0.0,0.0,1.0,1.0,100.0,0.0,0.0,0.0,0.0,0.0,1.0,0.0,0.0,Aston Villa,Emiliano-Martinez,7956236f
2025-05-03,Sat,Matchweek 35,Home,W 1–0,Aston Villa,Fulham,Y,GK,90.0,0.0,0.0,0.0,0.0,0.0,0.0,0.0,0.0,41.0,0.0,0.0,0.0,0.0,0.0,0.0,0.0,0.0,32.0,39.0,82.1,1.0,26.0,0.0,0.0,0.0,Match Report,32.0,39.0,82.1,901.0,542.0,6.0,6.0,100.0,17.0,17.0,100.0,9.0,16.0,56.3,0.0,0.0,0.0,0.0,3.0,0.0,0.0,1.0,39.0,32.0,7.0,2.0,0.0,0.0,0.0,0.0,0.0,0.0,0.0,0.0,32.0,0.0,0.0,0.0,0.0,0.0,0.0,0.0,0.0,0.0,0.0,0.0,0.0,0.0,0.0,0.0,0.0,41.0,25.0,37.0,4.0,0.0,0.0,41.0,0.0,0.0,,0.0,,26.0,86.0,40.0,0.0,0.0,0.0,0.0,0.0,20.0,0.0,0.0,0.0,0.0,0.0,0.0,0.0,0.0,,0.0,0.0,0.0,0.0,0.0,0.0,1.0,0.0,Aston Villa,Emiliano-Martinez,7956236f
2025-05-10,Sat,Matchweek 36,Away,W 1–0,Aston Villa,Bournemouth,Y*,GK,90.0,0.0,0.0,0.0,0.0,0.0,0.0,1.0,0.0,45.0,0.0,0.0,0.0,0.0,0.0,0.0,0.0,0.0,25.0,45.0,55.6,0.0,31.0,0.0,0.0,0.0,Match Report,25.0,45.0,55.6,924.0,673.0,2.0,2.0,100.0,13.0,13.0,100.0,10.0,30.0,33.3,0.0,0.0,0.0,0.0,2.0,0.0,0.0,0.0,45.0,30.0,15.0,8.0,0.0,0.0,0.0,0.0,0.0,0.0,0.0,0.0,25.0,0.0,0.0,0.0,0.0,0.0,0.0,0.0,0.0,0.0,0.0,0.0,0.0,0.0,0.0,0.0,0.0,45.0,40.0,45.0,0.0,0.0,0.0,45.0,0.0,0.0,,0.0,,31.0,213.0,130.0,0.0,0.0,0.0,0.0,0.0,18.0,0.0,0.0,0.0,0.0,0.0,0.0,0.0,0.0,,0.0,0.0,0.0,0.0,0.0,0.0,0.0,0.0,Aston Villa,Emiliano-Martinez,7956236f
2025-05-16,Fri,Matchweek 37,Home,W 2–0,Aston Villa,Tottenham,Y,GK,90.0,0.0,0.0,0.0,0.0,0.0,0.0,0.0,0.0,32.0,0.0,0.0,0.0,0.0,0.0,0.0,0.0,0.0,31.0,32.0,96.9,0.0,24.0,0.0,0.0,0.0,Match Report,31.0,32.0,96.9,635.0,373.0,9.0,9.0,100.0,17.0,17.0,100.0,5.0,6.0,83.3,0.0,0.0,0.0,0.0,0.0,0.0,0.0,0.0,32.0,31.0,1.0,1.0,0.0,0.0,0.0,0.0,0.0,0.0,0.0,0.0,31.0,0.0,0.0,0.0,0.0,0.0,0.0,0.0,0.0,0.0,0.0,0.0,0.0,0.0,0.0,0.0,0.0,32.0,20.0,31.0,1.0,0.0,0.0,32.0,0.0,0.0,,0.0,,24.0,165.0,124.0,0.0,0.0,0.0,0.0,0.0,17.0,0.0,0.0,0.0,0.0,0.0,0.0,0.0,0.0,,0.0,0.0,0.0,0.0,0.0,0.0,0.0,0.0,Aston Villa,Emiliano-Martinez,7956236f
2025-05-25,Sun,Matchweek 38,Away,L 0–2,Aston Villa,Manchester Utd,Y,GK,44.0,0.0,0.0,0.0,0.0,0.0,0.0,0.0,1.0,24.0,0.0,0.0,0.0,0.0,0.0,0.0,0.0,0.0,17.0,23.0,73.9,0.0,14.0,0.0,0.0,0.0,Match Report,17.0,23.0,73.9,492.0,275.0,3.0,3.0,100.0,9.0,9.0,100.0,5.0,11.0,45.5,0.0,0.0,0.0,0.0,1.0,0.0,0.0,0.0,23.0,19.0,4.0,2.0,0.0,0.0,0.0,0.0,0.0,0.0,0.0,0.0,17.0,0.0,0.0,0.0,0.0,0.0,0.0,0.0,0.0,0.0,0.0,0.0,0.0,0.0,0.0,0.0,0.0,24.0,20.0,24.0,0.0,0.0,0.0,24.0,0.0,0.0,,0.0,,14.0,89.0,56.0,0.0,0.0,0.0,0.0,0.0,11.0,0.0,0.0,0.0,0.0,0.0,0.0,0.0,0.0,,0.0,0.0,0.0,0.0,0.0,0.0,0.0,0.0,Aston Villa,Emiliano-Martinez,7956236f
2024-08-17,Sat,Matchweek 1,Away,W 2–1,Aston Villa,West Ham,Y,AM,90.0,0.0,0.0,0.0,0.0,2.0,1.0,0.0,0.0,35.0,1.0,0.0,3.0,0.2,0.2,0.2,4.0,0.0,19.0,24.0,79.2,3.0,13.0,4.0,2.0,1.0,Match Report,19.0,24.0,79.2,237.0,89.0,12.0,13.0,92.3,7.0,9.0,77.8,0.0,0.0,,0.0,0.2,0.1,2.0,2.0,2.0,0.0,3.0,24.0,21.0,3.0,1.0,0.0,0.0,1.0,0.0,0.0,0.0,0.0,0.0,19.0,0.0,1.0,4.0,3.0,0.0,0.0,1.0,0.0,0.0,0.0,0.0,0.0,0.0,0.0,0.0,0.0,35.0,3.0,8.0,14.0,15.0,3.0,35.0,2.0,1.0,50.0,1.0,50.0,13.0,187.0,163.0,4.0,4.0,0.0,0.0,1.0,16.0,4.0,1.0,1.0,0.0,1.0,0.0,0.0,0.0,,0.0,3.0,1.0,2.0,0.0,1.0,1.0,0.0,Aston Villa,Morgan-Rogers,2e5915f1
2024-08-24,Sat,Matchweek 2,Home,L 0–2,Aston Villa,Arsenal,Y,FW,90.0,0.0,0.0,0.0,0.0,3.0,0.0,0.0,0.0,43.0,2.0,0.0,1.0,0.1,0.1,0.4,6.0,0.0,20.0,30.0,66.7,0.0,26.0,7.0,7.0,5.0,Match Report,20.0,30.0,66.7,260.0,73.0,13.0,16.0,81.3,2.0,4.0,50.0,2.0,3.0,66.7,0.0,0.4,0.1,2.0,1.0,0.0,0.0,0.0,30.0,26.0,4.0,0.0,0.0,1.0,1.0,1.0,0.0,0.0,0.0,0.0,20.0,0.0,3.0,6.0,3.0,0.0,1.0,2.0,0.0,0.0,0.0,0.0,0.0,0.0,0.0,0.0,0.0,43.0,2.0,9.0,18.0,19.0,4.0,43.0,7.0,5.0,71.4,2.0,28.6,26.0,260.0,207.0,7.0,3.0,2.0,1.0,0.0,29.0,5.0,2.0,1.0,2.0,0.0,0.0,0.0,0.0,,0.0,1.0,0.0,1.0,0.0,2.0,0.0,0.0,Aston Villa,Morgan-Rogers,2e5915f1
2024-08-31,Sat,Matchweek 3,Away,W 2–1,Aston Villa,Leicester City,Y,FW,90.0,0.0,0.0,0.0,0.0,0.0,0.0,0.0,0.0,33.0,0.0,0.0,1.0,0.0,0.0,0.3,1.0,0.0,13.0,17.0,76.5,1.0,17.0,0.0,6.0,1.0,Match Report,13.0,17.0,76.5,187.0,83.0,9.0,10.0,90.0,2.0,4.0,50.0,1.0,1.0,100.0,0.0,0.3,0.2,1.0,1.0,1.0,0.0,1.0,17.0,16.0,1.0,0.0,1.0,1.0,0.0,0.0,0.0,0.0,0.0,0.0,13.0,0.0,1.0,1.0,1.0,0.0,0.0,0.0,0.0,0.0,0.0,0.0,0.0,0.0,0.0,0.0,0.0,33.0,2.0,6.0,23.0,5.0,0.0,33.0,6.0,1.0,16.7,3.0,50.0,17.0,77.0,26.0,0.0,0.0,0.0,7.0,3.0,17.0,0.0,0.0,0.0,0.0,0.0,0.0,0.0,0.0,,0.0,1.0,0.0,1.0,0.0,0.0,2.0,0.0,Aston Villa,Morgan-Rogers,2e5915f1
2024-09-14,Sat,Matchweek 4,Home,W 3–2,Aston Villa,Everton,Y,"AM,LM,LW",90.0,0.0,0.0,0.0,0.0,4.0,3.0,0.0,0.0,44.0,1.0,0.0,1.0,0.2,0.2,0.1,4.0,0.0,20.0,27.0,74.1,5.0,26.0,3.0,6.0,2.0,Match Report,20.0,27.0,74.1,306.0,123.0,10.0,12.0,83.3,6.0,7.0,85.7,2.0,4.0,50.0,0.0,0.1,0.0,1.0,3.0,1.0,0.0,5.0,27.0,24.0,3.0,0.0,0.0,0.0,0.0,0.0,0.0,0.0,0.0,0.0,20.0,0.0,0.0,4.0,2.0,0.0,1.0,1.0,0.0,0.0,0.0,0.0,0.0,0.0,0.0,0.0,0.0,44.0,1.0,2.0,20.0,22.0,7.0,44.0,6.0,2.0,33.3,3.0,50.0,26.0,128.0,85.0,3.0,1.0,1.0,2.0,3.0,31.0,9.0,1.0,0.0,0.0,0.0,1.0,1.0,1.0,100.0,0.0,1.0,1.0,0.0,0.0,1.0,0.0,0.0,Aston Villa,Morgan-Rogers,2e5915f1
2024-09-21,Sat,Matchweek 5,Home,W 3–1,Aston Villa,Wolves,Y,AM,90.0,0.0,2.0,0.0,0.0,0.0,0.0,1.0,0.0,47.0,1.0,1.0,0.0,0.0,0.0,1.0,5.0,2.0,28.0,34.0,82.4,5.0,23.0,2.0,6.0,2.0,Match Report,28.0,34.0,82.4,305.0,127.0,20.0,23.0,87.0,4.0,5.0,80.0,1.0,1.0,100.0,2.0,1.0,0.6,3.0,2.0,2.0,0.0,5.0,34.0,31.0,3.0,0.0,0.0,0.0,0.0,1.0,0.0,0.0,0.0,0.0,28.0,0.0,3.0,5.0,5.0,0.0,0.0,0.0,0.0,0.0,2.0,2.0,0.0,0.0,0.0,0.0,0.0,47.0,1.0,8.0,14.0,26.0,7.0,47.0,6.0,2.0,33.3,4.0,66.7,23.0,137.0,45.0,2.0,3.0,1.0,4.0,1.0,30.0,12.0,1.0,1.0,0.0,0.0,1.0,1.0,4.0,25.0,3.0,0.0,0.0,0.0,1.0,2.0,1.0,0.0,Aston Villa,Morgan-Rogers,2e5915f1
2024-09-29,Sun,Matchweek 6,Away,D 2–2,Aston Villa,Ipswich Town,Y,AM,63.0,1.0,0.0,0.0,0.0,2.0,1.0,0.0,0.0,28.0,0.0,0.0,0.0,0.2,0.2,0.0,1.0,1.0,16.0,19.0,84.2,1.0,22.0,1.0,4.0,1.0,Match Report,16.0,19.0,84.2,203.0,43.0,11.0,13.0,84.6,1.0,1.0,100.0,2.0,2.0,100.0,0.0,0.0,0.1,0.0,2.0,0.0,0.0,1.0,19.0,18.0,1.0,0.0,0.0,0.0,0.0,0.0,0.0,0.0,0.0,0.0,16.0,0.0,0.0,1.0,1.0,0.0,0.0,0.0,0.0,0.0,1.0,1.0,0.0,0.0,0.0,0.0,0.0,28.0,0.0,4.0,9.0,15.0,6.0,28.0,4.0,1.0,25.0,2.0,50.0,22.0,79.0,44.0,1.0,1.0,1.0,2.0,5.0,22.0,3.0,0.0,0.0,0.0,0.0,0.0,0.0,0.0,,0.0,0.0,0.0,0.0,0.0,0.0,0.0,0.0,Aston Villa,Morgan-Rogers,2e5915f1
2024-10-06,Sun,Matchweek 7,Home,D 0–0,Aston Villa,Manchester Utd,Y,"AM,LM",90.0,0.0,0.0,0.0,0.0,2.0,0.0,0.0,0.0,35.0,0.0,0.0,1.0,0.1,0.1,0.0,3.0,0.0,19.0,23.0,82.6,3.0,29.0,2.0,4.0,2.0,Match Report,19.0,23.0,82.6,203.0,78.0,12.0,14.0,85.7,5.0,6.0,83.3,0.0,0.0,,0.0,0.0,0.0,1.0,2.0,2.0,0.0,3.0,23.0,21.0,2.0,0.0,1.0,0.0,0.0,1.0,0.0,0.0,0.0,0.0,19.0,0.0,0.0,3.0,3.0,0.0,0.0,0.0,0.0,0.0,0.0,0.0,0.0,0.0,0.0,0.0,0.0,35.0,2.0,5.0,15.0,16.0,3.0,35.0,4.0,2.0,50.0,1.0,25.0,29.0,166.0,57.0,2.0,2.0,2.0,3.0,4.0,27.0,6.0,0.0,0.0,0.0,0.0,0.0,0.0,0.0,,0.0,1.0,0.0,1.0,0.0,0.0,1.0,0.0,Aston Villa,Morgan-Rogers,2e5915f1
2024-10-19,Sat,Matchweek 8,Away,W 3–1,Aston Villa,Fulham,Y,AM,82.0,1.0,0.0,0.0,0.0,3.0,1.0,1.0,0.0,34.0,0.0,2.0,1.0,0.7,0.7,0.0,5.0,0.0,19.0,24.0,79.2,6.0,17.0,5.0,2.0,1.0,Match Report,19.0,24.0,79.2,282.0,122.0,13.0,15.0,86.7,3.0,4.0,75.0,2.0,2.0,100.0,0.0,0.0,0.2,1.0,2.0,2.0,0.0,6.0,24.0,22.0,2.0,0.0,1.0,0.0,0.0,0.0,0.0,0.0,0.0,0.0,19.0,0.0,2.0,5.0,3.0,0.0,1.0,0.0,1.0,0.0,0.0,0.0,0.0,0.0,0.0,0.0,0.0,34.0,1.0,3.0,14.0,17.0,5.0,34.0,2.0,1.0,50.0,0.0,0.0,17.0,160.0,78.0,5.0,3.0,1.0,1.0,3.0,20.0,5.0,0.0,0.0,0.0,0.0,0.0,0.0,0.0,,0.0,1.0,0.0,1.0,2.0,2.0,1.0,0.0,Aston Villa,Morgan-Rogers,2e5915f1
2024-10-26,Sat,Matchweek 9,Home,D 1–1,Aston Villa,Bournemouth,Y,FW,56.0,0.0,0.0,0.0,0.0,1.0,0.0,0.0,0.0,15.0,1.0,0.0,0.0,0.1,0.1,0.1,1.0,0.0,10.0,12.0,83.3,2.0,16.0,1.0,0.0,0.0,Match Report,10.0,12.0,83.3,152.0,39.0,7.0,7.0,100.0,1.0,1.0,100.0,1.0,3.0,33.3,0.0,0.1,0.1,1.0,1.0,1.0,0.0,2.0,12.0,11.0,1.0,0.0,0.0,0.0,0.0,0.0,0.0,0.0,0.0,0.0,10.0,0.0,0.0,1.0,1.0,0.0,0.0,0.0,0.0,0.0,0.0,0.0,0.0,0.0,0.0,0.0,0.0,15.0,0.0,0.0,8.0,7.0,2.0,15.0,0.0,0.0,,0.0,,16.0,66.0,32.0,1.0,0.0,0.0,1.0,4.0,17.0,2.0,1.0,0.0,0.0,1.0,0.0,1.0,2.0,50.0,1.0,0.0,0.0,0.0,0.0,1.0,0.0,0.0,Aston Villa,Morgan-Rogers,2e5915f1
2024-11-03,Sun,Matchweek 10,Away,L 1–4,Aston Villa,Tottenham,Y,AM,68.0,1.0,0.0,0.0,0.0,2.0,1.0,0.0,0.0,24.0,1.0,0.0,0.0,0.8,0.8,0.2,2.0,0.0,11.0,14.0,78.6,1.0,16.0,2.0,3.0,2.0,Match Report,11.0,14.0,78.6,138.0,34.0,4.0,6.0,66.7,5.0,6.0,83.3,0.0,0.0,,0.0,0.2,0.0,2.0,1.0,0.0,0.0,1.0,14.0,12.0,2.0,0.0,0.0,0.0,0.0,0.0,0.0,0.0,0.0,0.0,11.0,0.0,0.0,2.0,2.0,0.0,0.0,0.0,0.0,0.0,0.0,0.0,0.0,0.0,0.0,0.0,0.0,24.0,0.0,3.0,16.0,5.0,1.0,24.0,3.0,2.0,66.7,1.0,33.3,16.0,116.0,68.0,2.0,1.0,0.0,4.0,0.0,18.0,3.0,1.0,0.0,0.0,1.0,0.0,0.0,0.0,,0.0,0.0,0.0,0.0,0.0,1.0,0.0,0.0,Aston Villa,Morgan-Rogers,2e5915f1
2024-11-09,Sat,Matchweek 11,Away,L 0–2,Aston Villa,Liverpool,Y,AM,90.0,0.0,0.0,0.0,0.0,1.0,0.0,1.0,0.0,42.0,1.0,0.0,1.0,0.2,0.2,0.1,2.0,0.0,18.0,31.0,58.1,4.0,20.0,3.0,2.0,1.0,Match Report,18.0,31.0,58.1,262.0,129.0,10.0,14.0,71.4,5.0,8.0,62.5,2.0,2.0,100.0,0.0,0.1,0.0,2.0,3.0,1.0,0.0,4.0,31.0,28.0,3.0,0.0,1.0,0.0,1.0,0.0,0.0,0.0,0.0,0.0,18.0,0.0,4.0,2.0,2.0,0.0,0.0,0.0,0.0,0.0,0.0,0.0,0.0,0.0,0.0,0.0,0.0,42.0,0.0,7.0,24.0,13.0,3.0,42.0,2.0,1.0,50.0,1.0,50.0,20.0,113.0,95.0,3.0,2.0,0.0,5.0,2.0,29.0,7.0,1.0,0.0,0.0,1.0,0.0,0.0,2.0,0.0,2.0,1.0,0.0,1.0,0.0,1.0,0.0,0.0,Aston Villa,Morgan-Rogers,2e5915f1
2024-11-23,Sat,Matchweek 12,Home,D 2–2,Aston Villa,Crystal Palace,Y,AM,81.0,0.0,0.0,0.0,0.0,1.0,0.0,0.0,0.0,46.0,2.0,0.0,0.0,0.2,0.2,0.1,3.0,0.0,20.0,31.0,64.5,4.0,26.0,2.0,5.0,2.0,Match Report,20.0,31.0,64.5,277.0,77.0,11.0,13.0,84.6,7.0,12.0,58.3,1.0,1.0,100.0,0.0,0.1,0.0,1.0,2.0,1.0,0.0,4.0,31.0,28.0,3.0,0.0,1.0,0.0,0.0,1.0,0.0,0.0,0.0,0.0,20.0,0.0,3.0,3.0,2.0,0.0,0.0,1.0,0.0,0.0,0.0,0.0,0.0,0.0,0.0,0.0,0.0,46.0,0.0,1.0,20.0,26.0,6.0,46.0,5.0,2.0,40.0,2.0,40.0,26.0,155.0,68.0,2.0,4.0,1.0,3.0,3.0,35.0,6.0,2.0,1.0,0.0,2.0,0.0,1.0,1.0,100.0,0.0,0.0,0.0,0.0,0.0,2.0,0.0,0.0,Aston Villa,Morgan-Rogers,2e5915f1
2024-12-01,Sun,Matchweek 13,Away,L 0–3,Aston Villa,Chelsea,Y,AM,65.0,0.0,0.0,0.0,0.0,0.0,0.0,0.0,0.0,20.0,1.0,0.0,1.0,0.0,0.0,0.0,0.0,0.0,10.0,14.0,71.4,0.0,5.0,1.0,3.0,1.0,Match Report,10.0,14.0,71.4,106.0,10.0,6.0,6.0,100.0,3.0,6.0,50.0,0.0,0.0,,0.0,0.0,0.0,0.0,0.0,0.0,0.0,0.0,14.0,11.0,3.0,0.0,1.0,0.0,0.0,0.0,0.0,0.0,0.0,0.0,10.0,0.0,1.0,0.0,0.0,0.0,0.0,0.0,0.0,0.0,0.0,0.0,0.0,0.0,0.0,0.0,0.0,20.0,0.0,6.0,10.0,4.0,0.0,20.0,3.0,1.0,33.3,1.0,33.3,5.0,63.0,23.0,1.0,0.0,0.0,2.0,1.0,10.0,1.0,1.0,1.0,0.0,0.0,1.0,1.0,2.0,50.0,1.0,1.0,0.0,1.0,0.0,1.0,0.0,0.0,Aston Villa,Morgan-Rogers,2e5915f1
2024-12-04,Wed,Matchweek 14,Home,W 3–1,Aston Villa,Brentford,Y,LW,86.0,1.0,0.0,0.0,0.0,3.0,1.0,0.0,0.0,52.0,1.0,0.0,1.0,0.2,0.2,0.4,4.0,1.0,33.0,41.0,80.5,9.0,29.0,8.0,3.0,2.0,Match Report,33.0,41.0,80.5,545.0,207.0,18.0,21.0,85.7,11.0,15.0,73.3,3.0,3.0,100.0,0.0,0.4,0.3,3.0,4.0,5.0,0.0,9.0,41.0,41.0,0.0,0.0,1.0,1.0,3.0,0.0,0.0,0.0,0.0,0.0,33.0,0.0,1.0,4.0,4.0,0.0,0.0,0.0,0.0,0.0,1.0,1.0,0.0,0.0,0.0,0.0,0.0,52.0,1.0,9.0,23.0,20.0,5.0,52.0,3.0,2.0,66.7,1.0,33.3,29.0,310.0,211.0,8.0,2.0,3.0,2.0,0.0,37.0,3.0,1.0,1.0,0.0,0.0,1.0,1.0,2.0,50.0,1.0,1.0,0.0,1.0,0.0,1.0,2.0,0.0,Aston Villa,Morgan-Rogers,2e5915f1
2024-12-07,Sat,Matchweek 15,Home,W 1–0,Aston Villa,Southampton,Y,LW,90.0,0.0,0.0,0.0,0.0,3.0,0.0,1.0,0.0,42.0,2.0,0.0,0.0,0.2,0.2,0.3,5.0,0.0,22.0,28.0,78.6,6.0,25.0,4.0,4.0,1.0,Match Report,22.0,28.0,78.6,382.0,175.0,8.0,11.0,72.7,10.0,13.0,76.9,3.0,3.0,100.0,0.0,0.3,0.6,3.0,3.0,4.0,0.0,6.0,28.0,28.0,0.0,0.0,2.0,0.0,0.0,0.0,0.0,0.0,0.0,0.0,22.0,0.0,0.0,5.0,4.0,0.0,0.0,1.0,0.0,0.0,0.0,0.0,0.0,0.0,0.0,0.0,0.0,42.0,2.0,5.0,17.0,21.0,4.0,42.0,4.0,1.0,25.0,3.0,75.0,25.0,211.0,170.0,4.0,1.0,2.0,4.0,1.0,31.0,9.0,2.0,1.0,0.0,1.0,1.0,1.0,2.0,50.0,1.0,0.0,0.0,0.0,0.0,2.0,1.0,0.0,Aston Villa,Morgan-Rogers,2e5915f1
2024-12-14,Sat,Matchweek 16,Away,L 1–2,Aston Villa,Nott'ham Forest,Y,AM,90.0,0.0,0.0,0.0,0.0,1.0,0.0,0.0,0.0,40.0,0.0,0.0,0.0,0.0,0.0,0.0,4.0,0.0,20.0,26.0,76.9,5.0,27.0,4.0,7.0,2.0,Match Report,20.0,26.0,76.9,288.0,75.0,13.0,13.0,100.0,7.0,8.0,87.5,0.0,0.0,,0.0,0.0,0.1,1.0,1.0,4.0,0.0,5.0,26.0,23.0,3.0,1.0,0.0,0.0,0.0,0.0,0.0,0.0,0.0,0.0,20.0,0.0,1.0,4.0,2.0,0.0,1.0,0.0,1.0,0.0,0.0,0.0,0.0,0.0,0.0,0.0,0.0,40.0,0.0,4.0,16.0,20.0,6.0,40.0,7.0,2.0,28.6,4.0,57.1,27.0,219.0,100.0,4.0,4.0,2.0,4.0,2.0,30.0,6.0,0.0,0.0,0.0,0.0,0.0,0.0,3.0,0.0,3.0,0.0,0.0,0.0,0.0,0.0,0.0,0.0,Aston Villa,Morgan-Rogers,2e5915f1
2024-12-21,Sat,Matchweek 17,Home,W 2–1,Aston Villa,Manchester City,Y,LW,89.0,1.0,1.0,0.0,0.0,4.0,1.0,0.0,0.0,49.0,1.0,0.0,1.0,0.3,0.3,0.6,4.0,2.0,30.0,36.0,83.3,5.0,25.0,5.0,8.0,5.0,Match Report,30.0,36.0,83.3,459.0,118.0,10.0,11.0,90.9,16.0,18.0,88.9,1.0,2.0,50.0,1.0,0.6,0.2,2.0,3.0,4.0,0.0,5.0,36.0,36.0,0.0,0.0,2.0,0.0,0.0,0.0,0.0,0.0,0.0,0.0,30.0,0.0,1.0,4.0,3.0,0.0,1.0,0.0,0.0,0.0,2.0,2.0,0.0,0.0,0.0,0.0,0.0,49.0,1.0,14.0,22.0,16.0,5.0,49.0,8.0,5.0,62.5,2.0,25.0,25.0,235.0,165.0,5.0,3.0,0.0,1.0,1.0,40.0,4.0,1.0,1.0,1.0,0.0,0.0,0.0,1.0,0.0,1.0,1.0,0.0,1.0,0.0,1.0,1.0,0.0,Aston Villa,Morgan-Rogers,2e5915f1
2024-12-26,Thu,Matchweek 18,Away,L 0–3,Aston Villa,Newcastle Utd,Y,"LW,LM,FW",68.0,0.0,0.0,0.0,0.0,0.0,0.0,0.0,0.0,24.0,1.0,1.0,0.0,0.0,0.0,0.0,0.0,0.0,8.0,13.0,61.5,0.0,10.0,2.0,5.0,3.0,Match Report,8.0,13.0,61.5,133.0,53.0,5.0,6.0,83.3,1.0,3.0,33.3,2.0,2.0,100.0,0.0,0.0,0.0,0.0,0.0,0.0,0.0,0.0,13.0,12.0,1.0,0.0,0.0,0.0,1.0,1.0,0.0,0.0,0.0,0.0,8.0,0.0,1.0,0.0,0.0,0.0,0.0,0.0,0.0,0.0,0.0,0.0,0.0,0.0,0.0,0.0,0.0,24.0,1.0,4.0,15.0,5.0,1.0,24.0,5.0,3.0,60.0,1.0,20.0,10.0,123.0,59.0,2.0,2.0,0.0,3.0,2.0,15.0,1.0,1.0,0.0,0.0,1.0,0.0,0.0,0.0,,0.0,0.0,0.0,0.0,1.0,2.0,0.0,0.0,Aston Villa,Morgan-Rogers,2e5915f1
2024-12-30,Mon,Matchweek 19,Home,D 2–2,Aston Villa,Brighton,Y,LW,90.0,1.0,0.0,0.0,0.0,2.0,1.0,1.0,0.0,47.0,2.0,0.0,0.0,0.1,0.1,0.2,5.0,2.0,24.0,32.0,75.0,4.0,29.0,8.0,7.0,5.0,Match Report,24.0,32.0,75.0,350.0,88.0,15.0,18.0,83.3,9.0,9.0,100.0,0.0,0.0,,0.0,0.2,0.2,1.0,3.0,0.0,0.0,4.0,32.0,31.0,1.0,0.0,0.0,0.0,0.0,0.0,0.0,0.0,0.0,0.0,24.0,0.0,4.0,5.0,2.0,0.0,2.0,0.0,1.0,0.0,2.0,0.0,0.0,1.0,0.0,1.0,0.0,47.0,0.0,4.0,20.0,25.0,11.0,47.0,7.0,5.0,71.4,2.0,28.6,29.0,192.0,118.0,8.0,4.0,3.0,7.0,2.0,37.0,12.0,2.0,1.0,0.0,1.0,1.0,0.0,1.0,0.0,1.0,0.0,0.0,0.0,0.0,2.0,0.0,0.0,Aston Villa,Morgan-Rogers,2e5915f1
2025-01-15,Wed,Matchweek 21,Away,W 1–0,Aston Villa,Everton,Y,RW,90.0,0.0,1.0,0.0,0.0,2.0,1.0,0.0,0.0,35.0,2.0,0.0,2.0,0.1,0.1,0.4,3.0,1.0,13.0,21.0,61.9,3.0,20.0,1.0,4.0,1.0,Match Report,13.0,21.0,61.9,242.0,95.0,4.0,9.0,44.4,5.0,6.0,83.3,3.0,3.0,100.0,1.0,0.4,0.1,1.0,2.0,2.0,0.0,3.0,21.0,21.0,0.0,0.0,0.0,0.0,1.0,0.0,0.0,0.0,0.0,0.0,13.0,0.0,1.0,3.0,2.0,0.0,0.0,1.0,0.0,0.0,1.0,1.0,0.0,0.0,0.0,0.0,0.0,35.0,3.0,12.0,9.0,16.0,2.0,35.0,4.0,1.0,25.0,3.0,75.0,20.0,127.0,49.0,1.0,2.0,0.0,3.0,2.0,21.0,4.0,2.0,1.0,2.0,0.0,0.0,1.0,1.0,100.0,0.0,2.0,1.0,1.0,0.0,2.0,0.0,1.0,Aston Villa,Morgan-Rogers,2e5915f1
2025-01-18,Sat,Matchweek 22,Away,D 2–2,Aston Villa,Arsenal,Y,"RW,LW",90.0,0.0,0.0,0.0,0.0,0.0,0.0,1.0,0.0,26.0,1.0,0.0,0.0,0.0,0.0,0.0,2.0,0.0,8.0,16.0,50.0,4.0,13.0,2.0,2.0,0.0,Match Report,8.0,16.0,50.0,140.0,78.0,4.0,9.0,44.4,3.0,4.0,75.0,1.0,1.0,100.0,0.0,0.0,0.0,1.0,2.0,2.0,0.0,4.0,16.0,16.0,0.0,0.0,0.0,0.0,0.0,0.0,0.0,0.0,0.0,0.0,8.0,0.0,0.0,2.0,2.0,0.0,0.0,0.0,0.0,0.0,0.0,0.0,0.0,0.0,0.0,0.0,0.0,26.0,3.0,9.0,11.0,6.0,0.0,26.0,2.0,0.0,0.0,2.0,100.0,13.0,91.0,55.0,2.0,1.0,0.0,3.0,3.0,14.0,2.0,1.0,0.0,0.0,0.0,1.0,0.0,1.0,0.0,1.0,0.0,0.0,0.0,0.0,1.0,2.0,0.0,Aston Villa,Morgan-Rogers,2e5915f1
2025-01-26,Sun,Matchweek 23,Home,D 1–1,Aston Villa,West Ham,Y,AM,72.0,0.0,0.0,0.0,0.0,0.0,0.0,1.0,0.0,37.0,0.0,0.0,1.0,0.0,0.0,0.0,1.0,0.0,12.0,20.0,60.0,1.0,20.0,3.0,5.0,2.0,Match Report,12.0,20.0,60.0,165.0,89.0,9.0,12.0,75.0,3.0,6.0,50.0,0.0,1.0,0.0,0.0,0.0,0.0,0.0,0.0,2.0,1.0,1.0,20.0,19.0,1.0,0.0,1.0,0.0,1.0,0.0,0.0,0.0,0.0,0.0,12.0,0.0,2.0,1.0,1.0,0.0,0.0,0.0,0.0,0.0,0.0,0.0,0.0,0.0,0.0,0.0,0.0,37.0,1.0,7.0,14.0,16.0,7.0,37.0,5.0,2.0,40.0,3.0,60.0,20.0,149.0,97.0,3.0,1.0,1.0,4.0,2.0,21.0,4.0,0.0,0.0,0.0,0.0,0.0,0.0,0.0,,0.0,1.0,0.0,1.0,0.0,0.0,1.0,0.0,Aston Villa,Morgan-Rogers,2e5915f1
2025-02-01,Sat,Matchweek 24,Away,L 0–2,Aston Villa,Wolves,Y,"LW,RW",90.0,0.0,0.0,0.0,0.0,1.0,0.0,1.0,0.0,38.0,1.0,0.0,0.0,0.0,0.0,0.0,2.0,0.0,21.0,28.0,75.0,4.0,23.0,6.0,4.0,0.0,Match Report,21.0,28.0,75.0,324.0,88.0,13.0,17.0,76.5,5.0,8.0,62.5,2.0,2.0,100.0,0.0,0.0,0.0,1.0,4.0,1.0,1.0,4.0,28.0,28.0,0.0,0.0,1.0,0.0,3.0,0.0,0.0,0.0,0.0,0.0,21.0,0.0,0.0,2.0,2.0,0.0,0.0,0.0,0.0,0.0,0.0,0.0,0.0,0.0,0.0,0.0,0.0,38.0,1.0,1.0,15.0,22.0,4.0,38.0,4.0,0.0,0.0,3.0,75.0,23.0,204.0,120.0,6.0,5.0,2.0,2.0,2.0,30.0,4.0,1.0,1.0,0.0,1.0,0.0,1.0,1.0,100.0,0.0,0.0,0.0,0.0,0.0,1.0,1.0,0.0,Aston Villa,Morgan-Rogers,2e5915f1
2025-02-15,Sat,Matchweek 25,Home,D 1–1,Aston Villa,Ipswich Town,Y,AM,90.0,0.0,0.0,0.0,0.0,5.0,2.0,0.0,0.0,48.0,0.0,0.0,0.0,0.8,0.8,0.2,7.0,0.0,25.0,33.0,75.8,3.0,39.0,4.0,5.0,1.0,Match Report,25.0,33.0,75.8,290.0,63.0,17.0,23.0,73.9,5.0,5.0,100.0,1.0,2.0,50.0,0.0,0.2,0.1,4.0,3.0,1.0,0.0,3.0,33.0,31.0,2.0,0.0,0.0,0.0,1.0,0.0,0.0,0.0,0.0,0.0,25.0,0.0,1.0,7.0,6.0,0.0,1.0,0.0,0.0,0.0,0.0,0.0,0.0,0.0,0.0,0.0,0.0,48.0,1.0,1.0,15.0,32.0,9.0,48.0,5.0,1.0,20.0,3.0,60.0,39.0,215.0,125.0,4.0,4.0,0.0,0.0,1.0,40.0,10.0,0.0,0.0,0.0,0.0,0.0,0.0,0.0,,0.0,0.0,0.0,0.0,0.0,0.0,1.0,0.0,Aston Villa,Morgan-Rogers,2e5915f1
2025-02-19,Wed,Matchweek 29,Home,D 2–2,Aston Villa,Liverpool,Y,"RW,AM",90.0,0.0,0.0,0.0,0.0,1.0,0.0,0.0,0.0,50.0,0.0,0.0,3.0,0.0,0.0,0.0,1.0,0.0,22.0,36.0,61.1,3.0,34.0,3.0,7.0,4.0,Match Report,22.0,36.0,61.1,232.0,68.0,13.0,19.0,68.4,4.0,5.0,80.0,1.0,2.0,50.0,0.0,0.0,0.1,0.0,0.0,2.0,0.0,3.0,36.0,33.0,1.0,0.0,1.0,0.0,3.0,1.0,0.0,0.0,0.0,0.0,22.0,2.0,2.0,1.0,1.0,0.0,0.0,0.0,0.0,0.0,0.0,0.0,0.0,0.0,0.0,0.0,0.0,50.0,4.0,5.0,24.0,23.0,5.0,50.0,7.0,4.0,57.1,3.0,42.9,34.0,205.0,113.0,3.0,2.0,0.0,3.0,1.0,40.0,7.0,0.0,0.0,0.0,0.0,0.0,0.0,0.0,,0.0,3.0,1.0,2.0,0.0,0.0,2.0,0.0,Aston Villa,Morgan-Rogers,2e5915f1
2025-02-22,Sat,Matchweek 26,Home,W 2–1,Aston Villa,Chelsea,Y,RW,77.0,0.0,0.0,0.0,0.0,0.0,0.0,0.0,0.0,31.0,2.0,0.0,0.0,0.0,0.0,0.2,1.0,0.0,22.0,26.0,84.6,3.0,17.0,2.0,4.0,3.0,Match Report,22.0,26.0,84.6,337.0,93.0,12.0,14.0,85.7,9.0,9.0,100.0,1.0,2.0,50.0,0.0,0.2,0.2,1.0,5.0,0.0,0.0,3.0,26.0,25.0,1.0,0.0,1.0,0.0,1.0,1.0,0.0,0.0,0.0,0.0,22.0,0.0,1.0,1.0,1.0,0.0,0.0,0.0,0.0,0.0,0.0,0.0,0.0,0.0,0.0,0.0,0.0,31.0,0.0,4.0,12.0,15.0,4.0,31.0,4.0,3.0,75.0,0.0,0.0,17.0,111.0,44.0,2.0,1.0,1.0,0.0,1.0,23.0,5.0,2.0,0.0,1.0,0.0,1.0,1.0,3.0,33.3,2.0,0.0,0.0,0.0,0.0,2.0,0.0,0.0,Aston Villa,Morgan-Rogers,2e5915f1
2025-02-25,Tue,Matchweek 27,Away,L 1–4,Aston Villa,Crystal Palace,Y,"RW,FW",90.0,1.0,0.0,0.0,0.0,1.0,1.0,0.0,0.0,43.0,0.0,0.0,1.0,0.1,0.1,0.0,0.0,0.0,21.0,30.0,70.0,5.0,22.0,4.0,6.0,2.0,Match Report,21.0,30.0,70.0,318.0,125.0,11.0,13.0,84.6,6.0,8.0,75.0,2.0,2.0,100.0,0.0,0.0,0.0,0.0,5.0,1.0,0.0,5.0,30.0,24.0,3.0,0.0,0.0,0.0,0.0,0.0,0.0,0.0,0.0,0.0,21.0,3.0,2.0,0.0,0.0,0.0,0.0,0.0,0.0,0.0,0.0,0.0,0.0,0.0,0.0,0.0,0.0,43.0,1.0,2.0,23.0,19.0,4.0,43.0,6.0,2.0,33.3,3.0,50.0,22.0,131.0,83.0,4.0,1.0,2.0,6.0,4.0,32.0,1.0,0.0,0.0,0.0,0.0,0.0,0.0,0.0,,0.0,1.0,1.0,0.0,0.0,0.0,0.0,0.0,Aston Villa,Morgan-Rogers,2e5915f1
2025-03-08,Sat,Matchweek 28,Away,W 1–0,Aston Villa,Brentford,Y,AM,89.0,0.0,0.0,0.0,0.0,1.0,0.0,0.0,0.0,31.0,1.0,0.0,1.0,0.1,0.1,0.4,4.0,0.0,14.0,22.0,63.6,4.0,13.0,2.0,4.0,0.0,Match Report,14.0,22.0,63.6,275.0,125.0,7.0,10.0,70.0,3.0,6.0,50.0,3.0,3.0,100.0,0.0,0.4,0.0,2.0,3.0,2.0,0.0,4.0,22.0,21.0,1.0,0.0,0.0,1.0,0.0,0.0,0.0,0.0,0.0,0.0,14.0,0.0,1.0,4.0,3.0,0.0,0.0,0.0,1.0,0.0,0.0,0.0,0.0,0.0,0.0,0.0,0.0,31.0,0.0,5.0,14.0,12.0,1.0,31.0,4.0,0.0,0.0,3.0,75.0,13.0,88.0,63.0,2.0,1.0,0.0,0.0,1.0,18.0,2.0,1.0,1.0,1.0,0.0,0.0,0.0,1.0,0.0,1.0,1.0,0.0,1.0,0.0,1.0,0.0,0.0,Aston Villa,Morgan-Rogers,2e5915f1
2025-04-02,Wed,Matchweek 30,Away,W 3–0,Aston Villa,Brighton,Y,RW,87.0,0.0,2.0,0.0,0.0,0.0,0.0,0.0,0.0,33.0,6.0,1.0,1.0,0.0,0.0,0.7,3.0,2.0,10.0,14.0,71.4,1.0,18.0,1.0,2.0,0.0,Match Report,10.0,14.0,71.4,184.0,79.0,6.0,6.0,100.0,3.0,4.0,75.0,1.0,1.0,100.0,2.0,0.7,0.3,2.0,1.0,0.0,0.0,1.0,14.0,14.0,0.0,0.0,1.0,0.0,0.0,0.0,0.0,0.0,0.0,0.0,10.0,0.0,2.0,3.0,3.0,0.0,0.0,0.0,0.0,0.0,2.0,2.0,0.0,0.0,0.0,0.0,0.0,33.0,0.0,12.0,12.0,10.0,1.0,33.0,2.0,0.0,0.0,2.0,100.0,18.0,140.0,36.0,1.0,0.0,1.0,5.0,1.0,18.0,3.0,6.0,3.0,4.0,2.0,0.0,6.0,7.0,85.7,1.0,1.0,0.0,1.0,1.0,7.0,1.0,0.0,Aston Villa,Morgan-Rogers,2e5915f1
2025-04-05,Sat,Matchweek 31,Home,W 2–1,Aston Villa,Nott'ham Forest,Y,"LW,RW",90.0,1.0,0.0,0.0,0.0,3.0,2.0,0.0,0.0,47.0,1.0,0.0,1.0,1.0,1.0,0.2,4.0,0.0,17.0,24.0,70.8,6.0,31.0,3.0,9.0,3.0,Match Report,17.0,24.0,70.8,251.0,78.0,8.0,13.0,61.5,9.0,10.0,90.0,0.0,1.0,0.0,0.0,0.2,0.1,2.0,1.0,2.0,0.0,6.0,24.0,24.0,0.0,0.0,0.0,0.0,0.0,0.0,0.0,0.0,0.0,0.0,17.0,0.0,0.0,4.0,2.0,0.0,2.0,0.0,0.0,0.0,0.0,0.0,0.0,0.0,0.0,0.0,0.0,47.0,1.0,6.0,24.0,17.0,4.0,47.0,9.0,3.0,33.3,4.0,44.4,31.0,194.0,76.0,3.0,1.0,3.0,6.0,4.0,32.0,9.0,1.0,1.0,0.0,0.0,1.0,0.0,1.0,0.0,1.0,1.0,0.0,1.0,0.0,1.0,0.0,1.0,Aston Villa,Morgan-Rogers,2e5915f1
2025-04-12,Sat,Matchweek 32,Away,W 3–0,Aston Villa,Southampton,Y,"RW,LW",84.0,0.0,1.0,0.0,0.0,0.0,0.0,0.0,0.0,49.0,1.0,0.0,0.0,0.0,0.0,0.2,4.0,1.0,29.0,38.0,76.3,4.0,32.0,3.0,6.0,2.0,Match Report,29.0,38.0,76.3,454.0,95.0,19.0,22.0,86.4,9.0,12.0,75.0,1.0,1.0,100.0,1.0,0.2,0.1,1.0,3.0,3.0,0.0,4.0,38.0,38.0,0.0,0.0,0.0,0.0,2.0,0.0,0.0,0.0,0.0,0.0,29.0,0.0,2.0,4.0,2.0,0.0,1.0,0.0,1.0,0.0,1.0,1.0,0.0,0.0,0.0,0.0,0.0,49.0,1.0,6.0,14.0,29.0,7.0,49.0,6.0,2.0,33.3,3.0,50.0,32.0,205.0,89.0,3.0,1.0,2.0,1.0,4.0,40.0,12.0,1.0,0.0,1.0,0.0,0.0,1.0,1.0,100.0,0.0,0.0,0.0,0.0,0.0,1.0,0.0,0.0,Aston Villa,Morgan-Rogers,2e5915f1
2025-04-19,Sat,Matchweek 33,Home,W 4–1,Aston Villa,Newcastle Utd,Y,"RW,LW",81.0,0.0,1.0,0.0,0.0,4.0,3.0,0.0,0.0,36.0,0.0,0.0,1.0,0.3,0.3,0.1,3.0,1.0,22.0,24.0,91.7,6.0,24.0,4.0,3.0,3.0,Match Report,22.0,24.0,91.7,373.0,143.0,10.0,10.0,100.0,8.0,9.0,88.9,3.0,3.0,100.0,1.0,0.1,0.1,2.0,2.0,2.0,0.0,6.0,24.0,22.0,2.0,0.0,1.0,0.0,0.0,2.0,0.0,0.0,0.0,0.0,22.0,0.0,0.0,3.0,2.0,0.0,1.0,0.0,0.0,0.0,1.0,1.0,0.0,0.0,0.0,0.0,0.0,36.0,2.0,6.0,17.0,15.0,4.0,36.0,3.0,3.0,100.0,0.0,0.0,24.0,190.0,137.0,4.0,1.0,1.0,3.0,1.0,25.0,5.0,0.0,0.0,0.0,0.0,0.0,0.0,0.0,,0.0,1.0,1.0,0.0,0.0,0.0,1.0,0.0,Aston Villa,Morgan-Rogers,2e5915f1
2025-04-22,Tue,Matchweek 34,Away,L 1–2,Aston Villa,Manchester City,Y,RW,85.0,0.0,0.0,0.0,0.0,0.0,0.0,1.0,0.0,25.0,2.0,0.0,1.0,0.0,0.0,0.4,1.0,0.0,10.0,12.0,83.3,2.0,11.0,0.0,0.0,0.0,Match Report,10.0,12.0,83.3,211.0,59.0,5.0,5.0,100.0,3.0,4.0,75.0,2.0,2.0,100.0,0.0,0.4,0.1,1.0,2.0,1.0,0.0,2.0,12.0,12.0,0.0,0.0,1.0,1.0,2.0,0.0,0.0,0.0,0.0,0.0,10.0,0.0,1.0,1.0,1.0,0.0,0.0,0.0,0.0,0.0,0.0,0.0,0.0,0.0,0.0,0.0,0.0,25.0,1.0,4.0,13.0,8.0,2.0,25.0,0.0,0.0,,0.0,,11.0,36.0,7.0,0.0,1.0,0.0,10.0,2.0,21.0,5.0,2.0,2.0,1.0,1.0,0.0,1.0,1.0,100.0,0.0,1.0,1.0,0.0,0.0,2.0,0.0,0.0,Aston Villa,Morgan-Rogers,2e5915f1
2025-05-03,Sat,Matchweek 35,Home,W 1–0,Aston Villa,Fulham,Y,"RW,LW,RM",90.0,0.0,0.0,0.0,0.0,1.0,0.0,0.0,0.0,40.0,1.0,0.0,1.0,0.1,0.1,0.5,6.0,1.0,22.0,30.0,73.3,4.0,26.0,6.0,8.0,5.0,Match Report,22.0,30.0,73.3,374.0,154.0,10.0,12.0,83.3,9.0,13.0,69.2,3.0,4.0,75.0,0.0,0.5,0.7,3.0,2.0,1.0,0.0,4.0,30.0,29.0,0.0,0.0,3.0,1.0,1.0,0.0,0.0,0.0,0.0,0.0,22.0,1.0,0.0,6.0,5.0,0.0,1.0,0.0,0.0,0.0,1.0,1.0,0.0,0.0,0.0,0.0,0.0,40.0,0.0,3.0,22.0,16.0,2.0,40.0,8.0,5.0,62.5,2.0,25.0,26.0,194.0,128.0,6.0,2.0,1.0,2.0,1.0,31.0,6.0,1.0,0.0,0.0,0.0,1.0,1.0,1.0,100.0,0.0,1.0,0.0,1.0,0.0,1.0,0.0,0.0,Aston Villa,Morgan-Rogers,2e5915f1
2025-05-10,Sat,Matchweek 36,Away,W 1–0,Aston Villa,Bournemouth,Y,RW,88.0,0.0,1.0,0.0,0.0,0.0,0.0,0.0,0.0,27.0,4.0,0.0,1.0,0.0,0.0,0.4,1.0,1.0,5.0,10.0,50.0,0.0,9.0,0.0,3.0,0.0,Match Report,5.0,10.0,50.0,75.0,37.0,3.0,5.0,60.0,1.0,2.0,50.0,1.0,2.0,50.0,1.0,0.4,0.3,1.0,0.0,1.0,1.0,0.0,10.0,10.0,0.0,0.0,0.0,0.0,1.0,0.0,0.0,0.0,0.0,0.0,5.0,0.0,0.0,1.0,1.0,0.0,0.0,0.0,0.0,0.0,1.0,1.0,0.0,0.0,0.0,0.0,0.0,27.0,6.0,7.0,11.0,9.0,1.0,27.0,3.0,0.0,0.0,3.0,100.0,9.0,67.0,23.0,0.0,0.0,0.0,5.0,3.0,10.0,1.0,4.0,3.0,2.0,1.0,1.0,3.0,5.0,60.0,2.0,1.0,0.0,1.0,0.0,4.0,1.0,0.0,Aston Villa,Morgan-Rogers,2e5915f1
2025-05-16,Fri,Matchweek 37,Home,W 2–0,Aston Villa,Tottenham,Y,"RW,LW",90.0,0.0,1.0,0.0,0.0,2.0,1.0,0.0,0.0,38.0,1.0,0.0,0.0,0.4,0.4,0.1,3.0,1.0,24.0,33.0,72.7,5.0,27.0,6.0,0.0,0.0,Match Report,24.0,33.0,72.7,337.0,76.0,13.0,16.0,81.3,9.0,11.0,81.8,1.0,2.0,50.0,1.0,0.1,0.1,2.0,2.0,3.0,0.0,5.0,33.0,33.0,0.0,0.0,0.0,0.0,3.0,0.0,0.0,0.0,0.0,0.0,24.0,0.0,2.0,3.0,3.0,0.0,0.0,0.0,0.0,0.0,1.0,1.0,0.0,0.0,0.0,0.0,0.0,38.0,0.0,3.0,13.0,23.0,5.0,38.0,0.0,0.0,,0.0,,27.0,220.0,170.0,6.0,4.0,0.0,2.0,0.0,31.0,9.0,1.0,1.0,0.0,0.0,1.0,1.0,2.0,50.0,1.0,0.0,0.0,0.0,0.0,1.0,0.0,0.0,Aston Villa,Morgan-Rogers,2e5915f1
2025-05-25,Sun,Matchweek 38,Away,L 0–2,Aston Villa,Manchester Utd,Y,RW,83.0,0.0,0.0,0.0,0.0,0.0,0.0,1.0,0.0,28.0,2.0,1.0,0.0,0.0,0.0,0.0,0.0,0.0,7.0,14.0,50.0,1.0,14.0,0.0,4.0,1.0,Match Report,7.0,14.0,50.0,114.0,39.0,3.0,3.0,100.0,4.0,6.0,66.7,0.0,2.0,0.0,0.0,0.0,0.0,0.0,0.0,0.0,0.0,1.0,14.0,13.0,0.0,0.0,1.0,0.0,1.0,0.0,0.0,0.0,0.0,0.0,7.0,1.0,2.0,0.0,0.0,0.0,0.0,0.0,0.0,0.0,0.0,0.0,0.0,0.0,0.0,0.0,0.0,28.0,1.0,5.0,11.0,12.0,1.0,28.0,4.0,1.0,25.0,3.0,75.0,14.0,30.0,3.0,0.0,0.0,0.0,3.0,3.0,18.0,1.0,2.0,0.0,0.0,1.0,1.0,1.0,1.0,100.0,0.0,0.0,0.0,0.0,1.0,3.0,0.0,0.0,Aston Villa,Morgan-Rogers,2e5915f1
2024-08-17,Sat,Matchweek 1,Away,W 2–1,Aston Villa,West Ham,Y,DM,90.0,0.0,1.0,0.0,0.0,2.0,0.0,0.0,0.0,64.0,2.0,2.0,1.0,0.2,0.2,0.7,4.0,1.0,47.0,53.0,88.7,4.0,43.0,2.0,2.0,1.0,Match Report,47.0,53.0,88.7,794.0,202.0,20.0,22.0,90.9,26.0,28.0,92.9,1.0,3.0,33.3,1.0,0.7,0.2,3.0,3.0,0.0,0.0,4.0,53.0,51.0,2.0,1.0,1.0,0.0,2.0,0.0,1.0,1.0,0.0,0.0,47.0,0.0,0.0,4.0,2.0,1.0,0.0,1.0,0.0,0.0,1.0,0.0,1.0,0.0,0.0,0.0,0.0,64.0,3.0,16.0,39.0,9.0,0.0,64.0,2.0,1.0,50.0,1.0,50.0,43.0,204.0,99.0,2.0,0.0,0.0,2.0,1.0,49.0,1.0,2.0,2.0,1.0,1.0,0.0,1.0,1.0,100.0,0.0,1.0,0.0,1.0,2.0,4.0,1.0,0.0,Aston Villa,Youri-Tielemans,56f7a928
2024-08-24,Sat,Matchweek 2,Home,L 0–2,Aston Villa,Arsenal,Y,CM,90.0,0.0,0.0,0.0,0.0,0.0,0.0,0.0,0.0,49.0,5.0,0.0,2.0,0.0,0.0,0.1,2.0,0.0,28.0,33.0,84.8,3.0,20.0,0.0,3.0,1.0,Match Report,28.0,33.0,84.8,538.0,228.0,12.0,12.0,100.0,10.0,10.0,100.0,5.0,10.0,50.0,0.0,0.1,0.0,2.0,5.0,0.0,0.0,3.0,33.0,29.0,4.0,1.0,0.0,0.0,4.0,0.0,3.0,2.0,1.0,0.0,28.0,0.0,0.0,2.0,0.0,1.0,0.0,0.0,0.0,1.0,0.0,0.0,0.0,0.0,0.0,0.0,0.0,49.0,6.0,19.0,25.0,6.0,0.0,49.0,3.0,1.0,33.3,1.0,33.3,20.0,63.0,29.0,0.0,0.0,0.0,2.0,0.0,24.0,0.0,5.0,2.0,3.0,2.0,0.0,2.0,2.0,100.0,0.0,2.0,1.0,1.0,0.0,5.0,0.0,0.0,Aston Villa,Youri-Tielemans,56f7a928
2024-08-31,Sat,Matchweek 3,Away,W 2–1,Aston Villa,Leicester City,Y,CM,90.0,0.0,0.0,0.0,0.0,0.0,0.0,1.0,0.0,71.0,2.0,1.0,1.0,0.0,0.0,0.1,3.0,0.0,52.0,63.0,82.5,4.0,32.0,2.0,2.0,2.0,Match Report,52.0,63.0,82.5,932.0,337.0,24.0,28.0,85.7,21.0,23.0,91.3,6.0,9.0,66.7,0.0,0.1,0.3,1.0,4.0,1.0,0.0,4.0,63.0,61.0,2.0,2.0,1.0,3.0,0.0,0.0,0.0,0.0,0.0,0.0,52.0,0.0,1.0,3.0,2.0,1.0,0.0,0.0,0.0,0.0,0.0,0.0,0.0,0.0,0.0,0.0,0.0,71.0,6.0,21.0,41.0,10.0,2.0,71.0,2.0,2.0,100.0,0.0,0.0,32.0,167.0,52.0,2.0,2.0,1.0,0.0,1.0,48.0,1.0,2.0,2.0,1.0,1.0,0.0,1.0,1.0,100.0,0.0,1.0,0.0,1.0,1.0,3.0,2.0,0.0,Aston Villa,Youri-Tielemans,56f7a928
2024-09-14,Sat,Matchweek 4,Home,W 3–2,Aston Villa,Everton,Y,"DM,CM",90.0,0.0,0.0,0.0,0.0,0.0,0.0,0.0,0.0,144.0,4.0,0.0,0.0,0.0,0.0,0.0,3.0,1.0,127.0,140.0,90.7,14.0,97.0,0.0,0.0,0.0,Match Report,127.0,140.0,90.7,1946.0,582.0,72.0,76.0,94.7,50.0,54.0,92.6,4.0,9.0,44.4,0.0,0.0,0.2,1.0,28.0,1.0,0.0,14.0,140.0,135.0,5.0,3.0,0.0,0.0,4.0,0.0,2.0,1.0,0.0,1.0,127.0,0.0,0.0,3.0,2.0,1.0,0.0,0.0,0.0,0.0,1.0,1.0,0.0,0.0,0.0,0.0,0.0,144.0,0.0,9.0,97.0,38.0,1.0,144.0,0.0,0.0,,0.0,,97.0,309.0,167.0,0.0,5.0,0.0,1.0,1.0,126.0,1.0,4.0,3.0,0.0,3.0,1.0,3.0,5.0,60.0,2.0,0.0,0.0,0.0,0.0,4.0,0.0,0.0,Aston Villa,Youri-Tielemans,56f7a928
2024-09-21,Sat,Matchweek 5,Home,W 3–1,Aston Villa,Wolves,Y,DM,90.0,0.0,1.0,0.0,0.0,0.0,0.0,0.0,0.0,75.0,3.0,0.0,0.0,0.0,0.0,0.4,3.0,1.0,56.0,71.0,78.9,10.0,34.0,1.0,3.0,2.0,Match Report,56.0,71.0,78.9,846.0,345.0,33.0,36.0,91.7,16.0,23.0,69.6,5.0,9.0,55.6,1.0,0.4,0.4,3.0,9.0,2.0,1.0,10.0,71.0,59.0,12.0,6.0,0.0,0.0,9.0,2.0,4.0,4.0,0.0,0.0,56.0,0.0,1.0,3.0,2.0,1.0,0.0,0.0,0.0,0.0,1.0,1.0,0.0,0.0,0.0,0.0,0.0,75.0,0.0,8.0,43.0,24.0,1.0,75.0,3.0,2.0,66.7,1.0,33.3,34.0,116.0,42.0,1.0,1.0,0.0,0.0,2.0,49.0,3.0,3.0,2.0,2.0,1.0,0.0,2.0,2.0,100.0,0.0,0.0,0.0,0.0,0.0,3.0,0.0,0.0,Aston Villa,Youri-Tielemans,56f7a928
2024-09-29,Sun,Matchweek 6,Away,D 2–2,Aston Villa,Ipswich Town,Y,"DM,CM",83.0,0.0,0.0,0.0,0.0,1.0,0.0,0.0,0.0,58.0,0.0,1.0,0.0,0.0,0.0,0.1,3.0,0.0,45.0,51.0,88.2,7.0,49.0,1.0,1.0,1.0,Match Report,45.0,51.0,88.2,800.0,349.0,19.0,20.0,95.0,21.0,21.0,100.0,4.0,8.0,50.0,0.0,0.1,0.2,1.0,15.0,1.0,0.0,7.0,51.0,50.0,1.0,1.0,1.0,0.0,1.0,0.0,0.0,0.0,0.0,0.0,45.0,0.0,1.0,3.0,3.0,0.0,0.0,0.0,0.0,0.0,0.0,0.0,0.0,0.0,0.0,0.0,0.0,58.0,3.0,13.0,37.0,9.0,1.0,58.0,1.0,1.0,100.0,0.0,0.0,49.0,199.0,86.0,1.0,0.0,0.0,0.0,0.0,48.0,0.0,0.0,0.0,0.0,0.0,0.0,0.0,1.0,0.0,1.0,0.0,0.0,0.0,1.0,1.0,2.0,0.0,Aston Villa,Youri-Tielemans,56f7a928
2024-10-06,Sun,Matchweek 7,Home,D 0–0,Aston Villa,Manchester Utd,Y,"DM,CM",90.0,0.0,0.0,0.0,0.0,2.0,1.0,0.0,0.0,67.0,3.0,1.0,2.0,0.1,0.1,0.0,4.0,0.0,38.0,58.0,65.5,5.0,40.0,0.0,1.0,0.0,Match Report,38.0,58.0,65.5,647.0,299.0,21.0,28.0,75.0,14.0,16.0,87.5,3.0,9.0,33.3,0.0,0.0,0.1,1.0,5.0,1.0,0.0,5.0,58.0,53.0,5.0,3.0,0.0,0.0,4.0,0.0,2.0,1.0,0.0,0.0,38.0,0.0,4.0,4.0,3.0,1.0,0.0,0.0,0.0,0.0,0.0,0.0,0.0,0.0,0.0,0.0,0.0,67.0,4.0,18.0,31.0,19.0,1.0,67.0,1.0,0.0,0.0,1.0,100.0,40.0,98.0,44.0,0.0,1.0,0.0,0.0,1.0,38.0,1.0,3.0,3.0,2.0,1.0,0.0,2.0,3.0,66.7,1.0,2.0,1.0,1.0,1.0,4.0,1.0,0.0,Aston Villa,Youri-Tielemans,56f7a928
2024-10-19,Sat,Matchweek 8,Away,W 3–1,Aston Villa,Fulham,Y,DM,90.0,0.0,1.0,0.0,0.0,0.0,0.0,0.0,0.0,90.0,2.0,1.0,1.0,0.0,0.0,0.6,6.0,2.0,65.0,80.0,81.3,9.0,43.0,1.0,3.0,1.0,Match Report,65.0,80.0,81.3,1193.0,447.0,28.0,31.0,90.3,24.0,27.0,88.9,11.0,18.0,61.1,1.0,0.6,0.3,4.0,10.0,1.0,0.0,9.0,80.0,68.0,10.0,1.0,2.0,1.0,10.0,0.0,9.0,9.0,0.0,0.0,65.0,2.0,0.0,6.0,3.0,3.0,0.0,0.0,0.0,0.0,2.0,1.0,1.0,0.0,0.0,0.0,0.0,90.0,4.0,17.0,53.0,21.0,1.0,90.0,3.0,1.0,33.3,0.0,0.0,43.0,207.0,121.0,1.0,0.0,0.0,1.0,1.0,63.0,1.0,2.0,1.0,1.0,1.0,0.0,0.0,0.0,,0.0,1.0,0.0,1.0,1.0,3.0,3.0,0.0,Aston Villa,Youri-Tielemans,56f7a928
2024-10-26,Sat,Matchweek 9,Home,D 1–1,Aston Villa,Bournemouth,Y,CM,90.0,0.0,0.0,0.0,0.0,4.0,1.0,1.0,0.0,88.0,1.0,2.0,1.0,0.2,0.2,0.1,8.0,0.0,56.0,78.0,71.8,13.0,51.0,7.0,2.0,0.0,Match Report,56.0,78.0,71.8,1030.0,426.0,20.0,26.0,76.9,30.0,37.0,81.1,6.0,15.0,40.0,0.0,0.1,0.3,2.0,7.0,3.0,0.0,13.0,78.0,67.0,11.0,3.0,1.0,0.0,11.0,0.0,8.0,7.0,0.0,0.0,56.0,0.0,1.0,8.0,4.0,3.0,0.0,1.0,0.0,0.0,0.0,0.0,0.0,0.0,0.0,0.0,0.0,88.0,3.0,14.0,40.0,34.0,4.0,88.0,2.0,0.0,0.0,1.0,50.0,51.0,206.0,135.0,7.0,2.0,3.0,0.0,0.0,61.0,2.0,1.0,1.0,0.0,1.0,0.0,1.0,1.0,100.0,0.0,1.0,1.0,0.0,2.0,3.0,1.0,0.0,Aston Villa,Youri-Tielemans,56f7a928
2024-11-03,Sun,Matchweek 10,Away,L 1–4,Aston Villa,Tottenham,Y,"DM,CM",80.0,0.0,0.0,0.0,0.0,0.0,0.0,0.0,0.0,47.0,1.0,2.0,0.0,0.0,0.0,0.1,5.0,0.0,34.0,43.0,79.1,5.0,33.0,1.0,2.0,1.0,Match Report,34.0,43.0,79.1,612.0,207.0,13.0,15.0,86.7,19.0,21.0,90.5,2.0,4.0,50.0,0.0,0.1,0.1,3.0,1.0,1.0,0.0,5.0,43.0,37.0,6.0,5.0,1.0,0.0,2.0,0.0,1.0,1.0,0.0,0.0,34.0,0.0,2.0,5.0,4.0,1.0,0.0,0.0,0.0,0.0,0.0,0.0,0.0,0.0,0.0,0.0,0.0,47.0,3.0,19.0,21.0,9.0,0.0,47.0,2.0,1.0,50.0,1.0,50.0,33.0,115.0,76.0,1.0,0.0,0.0,1.0,0.0,34.0,0.0,1.0,1.0,1.0,0.0,0.0,1.0,3.0,33.3,2.0,0.0,0.0,0.0,2.0,3.0,1.0,0.0,Aston Villa,Youri-Tielemans,56f7a928
2024-11-09,Sat,Matchweek 11,Away,L 0–2,Aston Villa,Liverpool,Y,DM,90.0,0.0,0.0,0.0,0.0,0.0,0.0,1.0,0.0,55.0,3.0,2.0,1.0,0.0,0.0,0.4,3.0,0.0,36.0,42.0,85.7,5.0,25.0,1.0,1.0,1.0,Match Report,36.0,42.0,85.7,671.0,247.0,15.0,16.0,93.8,17.0,18.0,94.4,4.0,6.0,66.7,0.0,0.4,0.1,3.0,2.0,3.0,2.0,5.0,42.0,37.0,5.0,2.0,0.0,0.0,6.0,0.0,3.0,3.0,0.0,0.0,36.0,0.0,2.0,3.0,3.0,0.0,0.0,0.0,0.0,0.0,0.0,0.0,0.0,0.0,0.0,0.0,0.0,55.0,3.0,14.0,28.0,13.0,0.0,55.0,1.0,1.0,100.0,0.0,0.0,25.0,161.0,84.0,1.0,0.0,0.0,1.0,1.0,33.0,1.0,3.0,1.0,1.0,2.0,0.0,1.0,3.0,33.3,2.0,1.0,1.0,0.0,2.0,5.0,1.0,0.0,Aston Villa,Youri-Tielemans,56f7a928
2024-11-23,Sat,Matchweek 12,Home,D 2–2,Aston Villa,Crystal Palace,Y,DM,90.0,0.0,1.0,0.0,1.0,0.0,0.0,0.0,0.0,98.0,1.0,0.0,0.0,0.8,0.0,0.3,3.0,1.0,81.0,94.0,86.2,10.0,53.0,2.0,0.0,0.0,Match Report,81.0,94.0,86.2,1423.0,473.0,36.0,41.0,87.8,37.0,37.0,100.0,8.0,15.0,53.3,1.0,0.3,0.2,3.0,13.0,0.0,0.0,10.0,94.0,85.0,8.0,1.0,0.0,0.0,7.0,0.0,7.0,6.0,0.0,0.0,81.0,1.0,1.0,3.0,1.0,2.0,0.0,0.0,0.0,0.0,1.0,0.0,1.0,0.0,0.0,0.0,0.0,98.0,1.0,11.0,61.0,26.0,1.0,97.0,0.0,0.0,,0.0,,53.0,251.0,124.0,2.0,2.0,0.0,1.0,1.0,75.0,2.0,1.0,0.0,0.0,1.0,0.0,0.0,1.0,0.0,1.0,0.0,0.0,0.0,0.0,1.0,1.0,0.0,Aston Villa,Youri-Tielemans,56f7a928
2024-12-01,Sun,Matchweek 13,Away,L 0–3,Aston Villa,Chelsea,Y,"DM,CM",90.0,0.0,0.0,0.0,0.0,0.0,0.0,0.0,0.0,51.0,1.0,0.0,0.0,0.0,0.0,0.4,4.0,0.0,41.0,49.0,83.7,3.0,28.0,0.0,1.0,1.0,Match Report,41.0,49.0,83.7,762.0,304.0,15.0,15.0,100.0,20.0,24.0,83.3,6.0,10.0,60.0,0.0,0.4,0.3,4.0,5.0,0.0,0.0,3.0,49.0,44.0,5.0,2.0,3.0,0.0,3.0,0.0,3.0,0.0,3.0,0.0,41.0,0.0,0.0,4.0,1.0,3.0,0.0,0.0,0.0,0.0,0.0,0.0,0.0,0.0,0.0,0.0,0.0,51.0,1.0,18.0,26.0,7.0,1.0,51.0,1.0,1.0,100.0,0.0,0.0,28.0,134.0,47.0,0.0,0.0,0.0,2.0,1.0,44.0,1.0,1.0,1.0,0.0,0.0,1.0,1.0,1.0,100.0,0.0,0.0,0.0,0.0,0.0,1.0,0.0,1.0,Aston Villa,Youri-Tielemans,56f7a928
2024-12-04,Wed,Matchweek 14,Home,W 3–1,Aston Villa,Brentford,Y,DM,90.0,0.0,0.0,0.0,0.0,1.0,0.0,0.0,0.0,61.0,2.0,1.0,1.0,0.0,0.0,0.3,7.0,0.0,40.0,48.0,83.3,8.0,24.0,0.0,2.0,1.0,Match Report,40.0,48.0,83.3,694.0,270.0,19.0,19.0,100.0,17.0,21.0,81.0,3.0,7.0,42.9,0.0,0.3,0.4,3.0,4.0,3.0,0.0,8.0,48.0,40.0,8.0,3.0,1.0,0.0,6.0,0.0,5.0,5.0,0.0,0.0,40.0,0.0,0.0,7.0,4.0,2.0,0.0,0.0,1.0,0.0,0.0,0.0,0.0,0.0,0.0,0.0,0.0,61.0,3.0,14.0,35.0,13.0,0.0,61.0,2.0,1.0,50.0,1.0,50.0,24.0,113.0,36.0,0.0,0.0,0.0,0.0,1.0,35.0,1.0,2.0,1.0,0.0,2.0,0.0,1.0,1.0,100.0,0.0,1.0,1.0,0.0,1.0,3.0,3.0,0.0,Aston Villa,Youri-Tielemans,56f7a928
2024-12-07,Sat,Matchweek 15,Home,W 1–0,Aston Villa,Southampton,Y,DM,58.0,0.0,0.0,0.0,0.0,0.0,0.0,0.0,0.0,49.0,4.0,0.0,0.0,0.0,0.0,0.2,1.0,0.0,36.0,41.0,87.8,4.0,27.0,0.0,1.0,0.0,Match Report,36.0,41.0,87.8,606.0,196.0,17.0,17.0,100.0,17.0,21.0,81.0,1.0,2.0,50.0,0.0,0.2,0.1,2.0,2.0,0.0,0.0,4.0,41.0,39.0,2.0,1.0,0.0,0.0,2.0,0.0,1.0,1.0,0.0,0.0,36.0,0.0,0.0,1.0,0.0,1.0,0.0,0.0,0.0,0.0,0.0,0.0,0.0,0.0,0.0,0.0,0.0,49.0,2.0,9.0,34.0,7.0,0.0,49.0,1.0,0.0,0.0,1.0,100.0,27.0,121.0,43.0,0.0,0.0,0.0,2.0,0.0,36.0,0.0,4.0,2.0,0.0,3.0,1.0,1.0,3.0,33.3,2.0,0.0,0.0,0.0,0.0,4.0,0.0,1.0,Aston Villa,Youri-Tielemans,56f7a928
2024-12-14,Sat,Matchweek 16,Away,L 1–2,Aston Villa,Nott'ham Forest,Y,DM,73.0,0.0,0.0,0.0,0.0,0.0,0.0,0.0,0.0,32.0,1.0,1.0,2.0,0.0,0.0,0.2,1.0,0.0,23.0,27.0,85.2,3.0,13.0,1.0,0.0,0.0,Match Report,23.0,27.0,85.2,420.0,111.0,12.0,15.0,80.0,8.0,8.0,100.0,3.0,3.0,100.0,0.0,0.2,0.1,1.0,2.0,2.0,0.0,3.0,27.0,23.0,4.0,3.0,0.0,0.0,1.0,0.0,1.0,1.0,0.0,0.0,23.0,0.0,1.0,1.0,0.0,1.0,0.0,0.0,0.0,0.0,0.0,0.0,0.0,0.0,0.0,0.0,0.0,32.0,1.0,7.0,17.0,8.0,0.0,32.0,0.0,0.0,,0.0,,13.0,41.0,24.0,1.0,0.0,0.0,1.0,0.0,19.0,0.0,1.0,1.0,1.0,0.0,0.0,1.0,3.0,33.3,2.0,2.0,1.0,1.0,1.0,2.0,0.0,0.0,Aston Villa,Youri-Tielemans,56f7a928
2024-12-21,Sat,Matchweek 17,Home,W 2–1,Aston Villa,Manchester City,Y,AM,90.0,0.0,0.0,0.0,0.0,0.0,0.0,0.0,0.0,45.0,3.0,1.0,0.0,0.0,0.0,0.2,4.0,1.0,28.0,38.0,73.7,4.0,19.0,1.0,0.0,0.0,Match Report,28.0,38.0,73.7,536.0,189.0,5.0,8.0,62.5,17.0,20.0,85.0,4.0,5.0,80.0,0.0,0.2,0.3,1.0,2.0,0.0,0.0,4.0,38.0,32.0,5.0,1.0,1.0,0.0,2.0,0.0,2.0,2.0,0.0,0.0,28.0,1.0,2.0,4.0,3.0,1.0,0.0,0.0,0.0,0.0,1.0,1.0,0.0,0.0,0.0,0.0,0.0,45.0,1.0,8.0,30.0,7.0,0.0,45.0,0.0,0.0,,0.0,,19.0,86.0,45.0,1.0,0.0,0.0,2.0,0.0,35.0,2.0,3.0,2.0,2.0,1.0,0.0,0.0,2.0,0.0,2.0,0.0,0.0,0.0,1.0,4.0,0.0,0.0,Aston Villa,Youri-Tielemans,56f7a928
2024-12-26,Thu,Matchweek 18,Away,L 0–3,Aston Villa,Newcastle Utd,Y,"AM,LM",45.0,0.0,0.0,0.0,0.0,0.0,0.0,0.0,0.0,23.0,2.0,1.0,0.0,0.0,0.0,0.0,1.0,0.0,12.0,18.0,66.7,2.0,9.0,0.0,1.0,1.0,Match Report,12.0,18.0,66.7,175.0,84.0,6.0,7.0,85.7,5.0,6.0,83.3,0.0,1.0,0.0,0.0,0.0,0.0,0.0,1.0,1.0,0.0,2.0,18.0,16.0,1.0,1.0,0.0,0.0,1.0,0.0,0.0,0.0,0.0,0.0,12.0,1.0,1.0,1.0,0.0,1.0,0.0,0.0,0.0,0.0,0.0,0.0,0.0,0.0,0.0,0.0,0.0,23.0,1.0,4.0,13.0,6.0,0.0,23.0,1.0,1.0,100.0,0.0,0.0,9.0,29.0,3.0,0.0,0.0,0.0,1.0,1.0,15.0,2.0,2.0,1.0,0.0,1.0,1.0,0.0,2.0,0.0,2.0,0.0,0.0,0.0,1.0,3.0,0.0,1.0,Aston Villa,Youri-Tielemans,56f7a928
2024-12-30,Mon,Matchweek 19,Home,D 2–2,Aston Villa,Brighton,Y,DM,82.0,0.0,0.0,0.0,0.0,2.0,0.0,0.0,0.0,66.0,2.0,0.0,1.0,0.1,0.1,0.0,2.0,0.0,44.0,58.0,75.9,5.0,38.0,2.0,5.0,2.0,Match Report,44.0,58.0,75.9,746.0,255.0,21.0,24.0,87.5,20.0,23.0,87.0,3.0,8.0,37.5,0.0,0.0,0.0,0.0,4.0,2.0,0.0,5.0,58.0,50.0,6.0,2.0,0.0,0.0,4.0,0.0,4.0,4.0,0.0,0.0,44.0,2.0,1.0,2.0,1.0,0.0,1.0,0.0,0.0,0.0,0.0,0.0,0.0,0.0,0.0,0.0,0.0,66.0,1.0,15.0,31.0,24.0,2.0,66.0,5.0,2.0,40.0,1.0,20.0,38.0,192.0,88.0,2.0,2.0,1.0,2.0,1.0,50.0,2.0,2.0,2.0,0.0,2.0,0.0,0.0,3.0,0.0,3.0,1.0,0.0,1.0,0.0,2.0,1.0,0.0,Aston Villa,Youri-Tielemans,56f7a928
2025-01-04,Sat,Matchweek 20,Home,W 2–1,Aston Villa,Leicester City,Y,"AM,DM",90.0,0.0,0.0,0.0,0.0,2.0,1.0,0.0,0.0,54.0,2.0,0.0,2.0,0.1,0.1,0.0,1.0,0.0,36.0,44.0,81.8,5.0,23.0,0.0,1.0,0.0,Match Report,36.0,44.0,81.8,536.0,112.0,22.0,25.0,88.0,12.0,14.0,85.7,2.0,4.0,50.0,0.0,0.0,0.0,0.0,7.0,0.0,0.0,5.0,44.0,35.0,9.0,3.0,0.0,1.0,3.0,0.0,4.0,1.0,0.0,0.0,36.0,0.0,0.0,1.0,1.0,0.0,0.0,0.0,0.0,0.0,0.0,0.0,0.0,0.0,0.0,0.0,0.0,54.0,1.0,8.0,32.0,14.0,1.0,54.0,1.0,0.0,0.0,1.0,100.0,23.0,103.0,17.0,0.0,0.0,1.0,0.0,2.0,33.0,1.0,2.0,2.0,0.0,2.0,0.0,0.0,0.0,,0.0,2.0,0.0,2.0,0.0,2.0,2.0,0.0,Aston Villa,Youri-Tielemans,56f7a928
2025-01-15,Wed,Matchweek 21,Away,W 1–0,Aston Villa,Everton,Y,AM,90.0,0.0,0.0,0.0,0.0,1.0,0.0,0.0,0.0,63.0,7.0,1.0,1.0,0.2,0.2,0.1,5.0,0.0,34.0,46.0,73.9,6.0,33.0,2.0,5.0,2.0,Match Report,34.0,46.0,73.9,518.0,182.0,17.0,19.0,89.5,16.0,23.0,69.6,0.0,3.0,0.0,0.0,0.1,0.0,3.0,2.0,2.0,0.0,6.0,46.0,39.0,7.0,2.0,0.0,0.0,5.0,0.0,4.0,3.0,0.0,0.0,34.0,0.0,0.0,5.0,4.0,0.0,1.0,0.0,0.0,0.0,0.0,0.0,0.0,0.0,0.0,0.0,0.0,63.0,2.0,14.0,30.0,21.0,4.0,63.0,5.0,2.0,40.0,3.0,60.0,33.0,103.0,35.0,2.0,0.0,1.0,2.0,0.0,31.0,0.0,7.0,5.0,3.0,4.0,0.0,1.0,1.0,100.0,0.0,1.0,0.0,1.0,1.0,8.0,3.0,0.0,Aston Villa,Youri-Tielemans,56f7a928
2025-01-18,Sat,Matchweek 22,Away,D 2–2,Aston Villa,Arsenal,Y,AM,90.0,1.0,0.0,0.0,0.0,3.0,1.0,0.0,0.0,37.0,1.0,0.0,1.0,0.3,0.3,0.0,0.0,0.0,15.0,26.0,57.7,2.0,14.0,1.0,3.0,2.0,Match Report,15.0,26.0,57.7,284.0,78.0,7.0,9.0,77.8,6.0,10.0,60.0,2.0,5.0,40.0,0.0,0.0,0.0,0.0,2.0,0.0,0.0,2.0,26.0,20.0,6.0,2.0,2.0,0.0,3.0,0.0,1.0,0.0,1.0,0.0,15.0,0.0,0.0,0.0,0.0,0.0,0.0,0.0,0.0,0.0,0.0,0.0,0.0,0.0,0.0,0.0,0.0,37.0,3.0,11.0,20.0,7.0,2.0,37.0,3.0,2.0,66.7,0.0,0.0,14.0,104.0,58.0,1.0,0.0,0.0,1.0,1.0,20.0,2.0,1.0,1.0,1.0,0.0,0.0,0.0,1.0,0.0,1.0,1.0,0.0,1.0,0.0,1.0,2.0,0.0,Aston Villa,Youri-Tielemans,56f7a928
2025-01-26,Sun,Matchweek 23,Home,D 1–1,Aston Villa,West Ham,Y,DM,90.0,0.0,0.0,0.0,0.0,1.0,0.0,1.0,0.0,71.0,4.0,0.0,3.0,0.0,0.0,0.1,3.0,0.0,46.0,57.0,80.7,10.0,37.0,1.0,1.0,1.0,Match Report,46.0,57.0,80.7,723.0,336.0,21.0,23.0,91.3,23.0,27.0,85.2,2.0,5.0,40.0,0.0,0.1,0.1,1.0,3.0,2.0,0.0,10.0,57.0,51.0,6.0,5.0,0.0,0.0,4.0,0.0,1.0,0.0,0.0,0.0,46.0,0.0,1.0,3.0,2.0,1.0,0.0,0.0,0.0,0.0,0.0,0.0,0.0,0.0,0.0,0.0,0.0,71.0,6.0,23.0,32.0,17.0,1.0,71.0,1.0,1.0,100.0,0.0,0.0,37.0,140.0,65.0,1.0,0.0,0.0,1.0,3.0,46.0,1.0,4.0,3.0,3.0,1.0,0.0,4.0,8.0,50.0,4.0,3.0,2.0,1.0,0.0,4.0,3.0,0.0,Aston Villa,Youri-Tielemans,56f7a928
2025-02-01,Sat,Matchweek 24,Away,L 0–2,Aston Villa,Wolves,Y,DM,90.0,0.0,0.0,0.0,0.0,3.0,1.0,0.0,0.0,101.0,1.0,1.0,3.0,0.1,0.1,0.1,2.0,0.0,77.0,91.0,84.6,12.0,43.0,1.0,1.0,1.0,Match Report,77.0,91.0,84.6,1277.0,433.0,37.0,41.0,90.2,35.0,40.0,87.5,4.0,6.0,66.7,0.0,0.1,0.3,1.0,11.0,1.0,0.0,12.0,91.0,82.0,9.0,8.0,2.0,0.0,1.0,0.0,1.0,0.0,0.0,0.0,77.0,0.0,3.0,2.0,1.0,1.0,0.0,0.0,0.0,0.0,0.0,0.0,0.0,0.0,0.0,0.0,0.0,101.0,0.0,10.0,74.0,17.0,1.0,101.0,1.0,1.0,100.0,0.0,0.0,43.0,242.0,109.0,1.0,0.0,0.0,1.0,0.0,73.0,2.0,1.0,1.0,0.0,1.0,0.0,0.0,2.0,0.0,2.0,3.0,0.0,3.0,1.0,2.0,0.0,0.0,Aston Villa,Youri-Tielemans,56f7a928
2025-02-15,Sat,Matchweek 25,Home,D 1–1,Aston Villa,Ipswich Town,Y,DM,90.0,0.0,0.0,0.0,0.0,1.0,0.0,0.0,0.0,108.0,1.0,0.0,1.0,0.1,0.1,0.3,7.0,0.0,90.0,102.0,88.2,10.0,80.0,0.0,3.0,3.0,Match Report,90.0,102.0,88.2,1485.0,415.0,42.0,44.0,95.5,38.0,44.0,86.4,6.0,9.0,66.7,0.0,0.3,0.2,3.0,16.0,0.0,0.0,10.0,102.0,93.0,9.0,6.0,0.0,0.0,4.0,0.0,3.0,2.0,0.0,0.0,90.0,0.0,1.0,7.0,4.0,2.0,1.0,0.0,0.0,0.0,0.0,0.0,0.0,0.0,0.0,0.0,0.0,108.0,1.0,14.0,56.0,38.0,1.0,108.0,3.0,3.0,100.0,0.0,0.0,80.0,311.0,109.0,0.0,4.0,0.0,1.0,1.0,91.0,2.0,1.0,1.0,1.0,0.0,0.0,0.0,0.0,,0.0,1.0,0.0,1.0,0.0,1.0,0.0,0.0,Aston Villa,Youri-Tielemans,56f7a928
2025-02-19,Wed,Matchweek 29,Home,D 2–2,Aston Villa,Liverpool,Y,DM,90.0,1.0,0.0,0.0,0.0,2.0,1.0,0.0,0.0,78.0,5.0,1.0,2.0,0.1,0.1,0.0,0.0,0.0,50.0,60.0,83.3,5.0,45.0,1.0,3.0,2.0,Match Report,50.0,60.0,83.3,842.0,231.0,21.0,24.0,87.5,27.0,28.0,96.4,2.0,6.0,33.3,0.0,0.0,0.0,0.0,6.0,1.0,0.0,5.0,60.0,56.0,4.0,1.0,0.0,0.0,1.0,0.0,1.0,0.0,1.0,0.0,50.0,0.0,2.0,0.0,0.0,0.0,0.0,0.0,0.0,0.0,0.0,0.0,0.0,0.0,0.0,0.0,0.0,78.0,7.0,17.0,46.0,15.0,1.0,78.0,3.0,2.0,66.7,1.0,33.3,45.0,227.0,97.0,1.0,0.0,0.0,2.0,0.0,47.0,0.0,5.0,3.0,1.0,4.0,0.0,4.0,5.0,80.0,1.0,2.0,1.0,1.0,1.0,6.0,2.0,0.0,Aston Villa,Youri-Tielemans,56f7a928
2025-02-22,Sat,Matchweek 26,Home,W 2–1,Aston Villa,Chelsea,Y,DM,90.0,0.0,0.0,0.0,0.0,0.0,0.0,0.0,0.0,89.0,5.0,1.0,1.0,0.0,0.0,0.5,5.0,1.0,66.0,77.0,85.7,8.0,52.0,1.0,3.0,1.0,Match Report,66.0,77.0,85.7,1086.0,392.0,36.0,39.0,92.3,26.0,31.0,83.9,3.0,5.0,60.0,0.0,0.5,0.4,2.0,6.0,1.0,1.0,8.0,77.0,71.0,6.0,4.0,0.0,1.0,1.0,0.0,0.0,0.0,0.0,0.0,66.0,0.0,1.0,5.0,4.0,0.0,0.0,0.0,1.0,0.0,1.0,1.0,0.0,0.0,0.0,0.0,0.0,89.0,3.0,17.0,58.0,14.0,2.0,89.0,3.0,1.0,33.3,1.0,33.3,52.0,207.0,89.0,1.0,1.0,1.0,0.0,2.0,65.0,4.0,5.0,3.0,1.0,3.0,1.0,4.0,4.0,100.0,0.0,1.0,0.0,1.0,1.0,6.0,2.0,0.0,Aston Villa,Youri-Tielemans,56f7a928
2025-02-25,Tue,Matchweek 27,Away,L 1–4,Aston Villa,Crystal Palace,Y,CM,90.0,0.0,0.0,0.0,0.0,2.0,1.0,0.0,0.0,89.0,2.0,1.0,2.0,0.1,0.1,0.0,0.0,0.0,64.0,80.0,80.0,8.0,31.0,0.0,1.0,0.0,Match Report,64.0,80.0,80.0,1105.0,353.0,28.0,34.0,82.4,31.0,36.0,86.1,5.0,9.0,55.6,0.0,0.0,0.0,0.0,1.0,0.0,0.0,8.0,80.0,72.0,8.0,2.0,1.0,0.0,3.0,0.0,4.0,3.0,0.0,0.0,64.0,0.0,1.0,0.0,0.0,0.0,0.0,0.0,0.0,0.0,0.0,0.0,0.0,0.0,0.0,0.0,0.0,89.0,6.0,19.0,55.0,17.0,2.0,89.0,1.0,0.0,0.0,1.0,100.0,31.0,210.0,88.0,0.0,0.0,0.0,1.0,1.0,65.0,1.0,2.0,1.0,1.0,1.0,0.0,1.0,2.0,50.0,1.0,2.0,1.0,1.0,1.0,3.0,0.0,0.0,Aston Villa,Youri-Tielemans,56f7a928
2025-03-08,Sat,Matchweek 28,Away,W 1–0,Aston Villa,Brentford,Y,DM,90.0,0.0,0.0,0.0,0.0,2.0,1.0,0.0,0.0,57.0,0.0,0.0,4.0,0.1,0.1,0.4,5.0,1.0,37.0,45.0,82.2,3.0,27.0,1.0,3.0,2.0,Match Report,37.0,45.0,82.2,651.0,287.0,19.0,22.0,86.4,10.0,11.0,90.9,6.0,9.0,66.7,0.0,0.4,0.1,2.0,2.0,0.0,0.0,3.0,45.0,39.0,6.0,4.0,0.0,0.0,3.0,0.0,2.0,2.0,0.0,0.0,37.0,0.0,2.0,5.0,2.0,2.0,0.0,1.0,0.0,0.0,1.0,1.0,0.0,0.0,0.0,0.0,0.0,57.0,7.0,19.0,23.0,17.0,2.0,57.0,3.0,2.0,66.7,1.0,33.3,27.0,138.0,52.0,1.0,3.0,0.0,1.0,1.0,37.0,1.0,0.0,0.0,0.0,0.0,0.0,0.0,0.0,,0.0,4.0,4.0,0.0,0.0,0.0,5.0,0.0,Aston Villa,Youri-Tielemans,56f7a928
2025-04-02,Wed,Matchweek 30,Away,W 3–0,Aston Villa,Brighton,Y,DM,64.0,0.0,0.0,0.0,0.0,0.0,0.0,0.0,0.0,33.0,3.0,0.0,0.0,0.0,0.0,0.0,1.0,0.0,20.0,25.0,80.0,1.0,16.0,0.0,1.0,0.0,Match Report,20.0,25.0,80.0,341.0,100.0,11.0,11.0,100.0,7.0,9.0,77.8,2.0,2.0,100.0,0.0,0.0,0.0,0.0,1.0,0.0,0.0,1.0,25.0,24.0,1.0,1.0,0.0,0.0,0.0,0.0,0.0,0.0,0.0,0.0,20.0,0.0,2.0,1.0,1.0,0.0,0.0,0.0,0.0,0.0,0.0,0.0,0.0,0.0,0.0,0.0,0.0,33.0,3.0,8.0,20.0,5.0,0.0,33.0,1.0,0.0,0.0,0.0,0.0,16.0,55.0,22.0,0.0,0.0,0.0,0.0,1.0,22.0,0.0,3.0,1.0,2.0,1.0,0.0,3.0,4.0,75.0,1.0,0.0,0.0,0.0,0.0,3.0,3.0,0.0,Aston Villa,Youri-Tielemans,56f7a928
2025-04-05,Sat,Matchweek 31,Home,W 2–1,Aston Villa,Nott'ham Forest,Y,DM,90.0,0.0,1.0,0.0,0.0,2.0,1.0,0.0,0.0,54.0,2.0,0.0,2.0,0.1,0.1,0.5,3.0,1.0,39.0,46.0,84.8,10.0,27.0,1.0,0.0,0.0,Match Report,39.0,46.0,84.8,701.0,407.0,15.0,16.0,93.8,17.0,18.0,94.4,4.0,8.0,50.0,1.0,0.5,0.1,2.0,11.0,1.0,0.0,10.0,46.0,38.0,8.0,6.0,1.0,0.0,2.0,0.0,0.0,0.0,0.0,0.0,39.0,0.0,0.0,3.0,3.0,0.0,0.0,0.0,0.0,0.0,1.0,1.0,0.0,0.0,0.0,0.0,0.0,54.0,4.0,10.0,35.0,9.0,1.0,54.0,0.0,0.0,,0.0,,27.0,146.0,72.0,1.0,0.0,0.0,0.0,0.0,31.0,3.0,2.0,1.0,0.0,0.0,2.0,1.0,1.0,100.0,0.0,2.0,1.0,1.0,0.0,2.0,2.0,0.0,Aston Villa,Youri-Tielemans,56f7a928
2025-04-12,Sat,Matchweek 32,Away,W 3–0,Aston Villa,Southampton,Y,DM,90.0,0.0,1.0,0.0,0.0,4.0,2.0,0.0,0.0,99.0,1.0,0.0,0.0,0.3,0.3,0.4,5.0,1.0,82.0,90.0,91.1,13.0,65.0,2.0,0.0,0.0,Match Report,82.0,90.0,91.1,1583.0,545.0,33.0,36.0,91.7,39.0,42.0,92.9,9.0,11.0,81.8,1.0,0.4,0.4,3.0,16.0,2.0,0.0,13.0,90.0,87.0,3.0,1.0,3.0,1.0,2.0,0.0,2.0,0.0,2.0,0.0,82.0,0.0,0.0,5.0,5.0,0.0,0.0,0.0,0.0,0.0,1.0,1.0,0.0,0.0,0.0,0.0,0.0,99.0,1.0,15.0,61.0,25.0,3.0,99.0,0.0,0.0,,0.0,,65.0,281.0,160.0,2.0,1.0,0.0,0.0,0.0,76.0,1.0,1.0,0.0,1.0,0.0,0.0,1.0,2.0,50.0,1.0,0.0,0.0,0.0,0.0,1.0,1.0,0.0,Aston Villa,Youri-Tielemans,56f7a928
2025-04-19,Sat,Matchweek 33,Home,W 4–1,Aston Villa,Newcastle Utd,Y,"DM,AM",90.0,0.0,1.0,0.0,0.0,1.0,0.0,0.0,0.0,93.0,5.0,0.0,1.0,0.1,0.1,0.3,10.0,1.0,71.0,85.0,83.5,10.0,57.0,2.0,1.0,0.0,Match Report,71.0,85.0,83.5,1163.0,404.0,40.0,40.0,100.0,24.0,29.0,82.8,6.0,13.0,46.2,1.0,0.3,0.1,3.0,11.0,3.0,0.0,10.0,85.0,74.0,11.0,4.0,2.0,1.0,4.0,0.0,5.0,3.0,0.0,0.0,71.0,0.0,1.0,10.0,8.0,1.0,0.0,1.0,0.0,0.0,1.0,1.0,0.0,0.0,0.0,0.0,0.0,93.0,3.0,12.0,59.0,24.0,1.0,93.0,1.0,0.0,0.0,1.0,100.0,57.0,191.0,84.0,2.0,1.0,0.0,0.0,1.0,66.0,3.0,5.0,5.0,0.0,4.0,1.0,2.0,4.0,50.0,2.0,1.0,0.0,1.0,0.0,5.0,1.0,0.0,Aston Villa,Youri-Tielemans,56f7a928
2025-04-22,Tue,Matchweek 34,Away,L 1–2,Aston Villa,Manchester City,Y,"AM,DM",90.0,0.0,0.0,0.0,0.0,0.0,0.0,0.0,0.0,37.0,1.0,0.0,0.0,0.0,0.0,0.1,2.0,0.0,23.0,29.0,79.3,5.0,14.0,2.0,1.0,1.0,Match Report,23.0,29.0,79.3,437.0,156.0,6.0,8.0,75.0,14.0,15.0,93.3,2.0,3.0,66.7,0.0,0.1,0.0,1.0,4.0,0.0,0.0,5.0,29.0,25.0,4.0,2.0,0.0,0.0,0.0,0.0,0.0,0.0,0.0,0.0,23.0,0.0,2.0,2.0,2.0,0.0,0.0,0.0,0.0,0.0,0.0,0.0,0.0,0.0,0.0,0.0,0.0,37.0,4.0,9.0,21.0,7.0,4.0,37.0,1.0,1.0,100.0,0.0,0.0,14.0,91.0,64.0,2.0,1.0,1.0,1.0,2.0,25.0,2.0,1.0,1.0,1.0,0.0,0.0,0.0,0.0,,0.0,0.0,0.0,0.0,0.0,1.0,2.0,0.0,Aston Villa,Youri-Tielemans,56f7a928
2025-05-03,Sat,Matchweek 35,Home,W 1–0,Aston Villa,Fulham,Y,"DM,FW,AM",82.0,1.0,0.0,0.0,0.0,2.0,1.0,0.0,0.0,65.0,1.0,1.0,1.0,0.1,0.1,0.0,3.0,0.0,40.0,56.0,71.4,8.0,33.0,2.0,3.0,1.0,Match Report,40.0,56.0,71.4,714.0,207.0,16.0,21.0,76.2,18.0,23.0,78.3,5.0,8.0,62.5,0.0,0.0,0.0,0.0,7.0,2.0,0.0,8.0,56.0,49.0,7.0,5.0,1.0,0.0,3.0,0.0,1.0,1.0,0.0,0.0,40.0,0.0,3.0,3.0,3.0,0.0,0.0,0.0,0.0,0.0,0.0,0.0,0.0,0.0,0.0,0.0,0.0,65.0,3.0,12.0,33.0,20.0,1.0,65.0,3.0,1.0,33.3,0.0,0.0,33.0,161.0,75.0,2.0,0.0,0.0,0.0,1.0,44.0,4.0,1.0,1.0,1.0,0.0,0.0,1.0,1.0,100.0,0.0,1.0,1.0,0.0,1.0,2.0,2.0,1.0,Aston Villa,Youri-Tielemans,56f7a928
2025-05-25,Sun,Matchweek 38,Away,L 0–2,Aston Villa,Manchester Utd,N,DM,29.0,0.0,0.0,0.0,0.0,2.0,0.0,0.0,0.0,24.0,1.0,1.0,1.0,0.2,0.2,0.1,3.0,0.0,15.0,17.0,88.2,1.0,13.0,0.0,1.0,0.0,Match Report,15.0,17.0,88.2,232.0,55.0,8.0,8.0,100.0,5.0,6.0,83.3,1.0,2.0,50.0,0.0,0.1,0.0,1.0,1.0,1.0,0.0,1.0,17.0,16.0,1.0,0.0,0.0,0.0,1.0,0.0,0.0,0.0,0.0,0.0,15.0,0.0,0.0,3.0,1.0,0.0,0.0,2.0,0.0,0.0,0.0,0.0,0.0,0.0,0.0,0.0,0.0,24.0,3.0,7.0,9.0,8.0,3.0,24.0,1.0,0.0,0.0,1.0,100.0,13.0,39.0,10.0,0.0,0.0,0.0,1.0,0.0,13.0,0.0,1.0,1.0,1.0,0.0,0.0,0.0,0.0,,0.0,1.0,0.0,1.0,1.0,2.0,0.0,0.0,Aston Villa,Youri-Tielemans,56f7a928
2024-08-17,Sat,Matchweek 1,Away,W 2–1,Aston Villa,West Ham,Y,CB,90,0,0,0,0,1,0,0,0,54,1,1,0,0.1,0.1,0.0,1,0,41,45,91.1,2,32,0,0,0,Match Report,41,45,91.1,709,251,16,16,100.0,24,25,96.0,1,4,25.0,0,0.0,0.0,1,4,0,0,2,45,44,1,1,1,0,0,0,0,0,0,0,41,0,0,1,1,0,0,0,0,0,0,0,0,0,0,0,0,54,7,29,23,2,1,54,0,0,,0,,32,144,73,0,0,0,1,0,38,0,1,0,1,0,0,1,1,100.0,0,0,0,0,1,2,3,0,Aston Villa,Ezri-Konsa,0313a347
2024-08-24,Sat,Matchweek 2,Home,L 0–2,Aston Villa,Arsenal,Y,CB,90,0,0,0,0,0,0,0,0,53,2,1,1,0.0,0.0,0.0,1,0,44,47,93.6,1,31,0,0,0,Match Report,44,47,93.6,698,190,19,20,95.0,24,26,92.3,0,0,,0,0.0,0.0,0,2,0,0,1,47,43,4,4,0,0,0,0,0,0,0,0,44,0,0,1,1,0,0,0,0,0,0,0,0,0,0,0,0,53,4,27,24,4,1,53,0,0,,0,,31,194,150,0,0,0,1,0,38,0,2,1,1,0,1,2,3,66.7,1,1,0,1,1,3,2,0,Aston Villa,Ezri-Konsa,0313a347
2024-08-31,Sat,Matchweek 3,Away,W 2–1,Aston Villa,Leicester City,Y,CB,90,0,0,0,0,0,0,0,0,46,0,0,1,0.0,0.0,0.0,0,0,30,33,90.9,1,20,0,1,0,Match Report,30,33,90.9,557,186,9,9,100.0,20,20,100.0,1,2,50.0,0,0.0,0.0,0,2,0,0,1,33,28,5,5,0,0,0,0,0,0,0,0,30,0,2,0,0,0,0,0,0,0,0,0,0,0,0,0,0,46,8,30,16,0,0,46,1,0,0.0,1,100.0,20,123,55,0,0,0,0,0,25,0,0,0,0,0,0,0,0,,0,1,0,1,0,0,10,0,Aston Villa,Ezri-Konsa,0313a347
2024-09-14,Sat,Matchweek 4,Home,W 3–2,Aston Villa,Everton,Y,CB,90,0,0,0,0,0,0,0,0,80,2,0,0,0.0,0.0,0.0,0,0,67,72,93.1,4,52,1,0,0,Match Report,67,72,93.1,1280,451,19,19,100.0,42,42,100.0,5,9,55.6,0,0.0,0.0,0,6,0,0,4,72,69,3,3,2,0,1,0,0,0,0,0,67,0,1,0,0,0,0,0,0,0,0,0,0,0,0,0,0,80,5,22,56,2,1,80,0,0,,0,,52,312,204,1,0,0,0,0,58,1,2,2,1,1,0,0,0,,0,0,0,0,0,2,4,0,Aston Villa,Ezri-Konsa,0313a347
2024-09-21,Sat,Matchweek 5,Home,W 3–1,Aston Villa,Wolves,Y,RB,90,1,0,0,0,1,1,0,0,66,2,1,0,0.2,0.2,0.0,1,0,56,59,94.9,10,50,3,2,1,Match Report,56,59,94.9,822,194,32,33,97.0,22,23,95.7,1,1,100.0,0,0.0,0.0,0,7,0,0,10,59,57,2,2,0,0,1,0,0,0,0,0,56,0,1,1,1,0,0,0,0,0,0,0,0,0,0,0,0,66,1,10,41,15,2,66,2,1,50.0,1,50.0,50,245,160,3,3,0,0,0,49,3,2,2,1,1,0,1,2,50.0,1,0,0,0,1,3,1,0,Aston Villa,Ezri-Konsa,0313a347
2024-09-29,Sun,Matchweek 6,Away,D 2–2,Aston Villa,Ipswich Town,Y,RB,90,0,0,0,0,0,0,0,0,84,0,0,1,0.0,0.0,0.0,1,1,72,77,93.5,6,59,4,0,0,Match Report,72,77,93.5,1120,232,29,30,96.7,40,42,95.2,0,1,0.0,0,0.0,0.0,0,11,0,0,6,77,69,8,2,1,0,0,6,0,0,0,0,72,0,1,1,1,0,0,0,0,0,1,1,0,0,0,0,0,84,3,23,44,17,0,84,0,0,,0,,59,270,138,4,3,0,2,0,61,0,0,0,0,0,0,0,0,,0,1,0,1,0,0,3,0,Aston Villa,Ezri-Konsa,0313a347
2024-10-06,Sun,Matchweek 7,Home,D 0–0,Aston Villa,Manchester Utd,Y,CB,11,0,0,0,0,0,0,0,0,10,0,0,0,0.0,0.0,0.0,0,0,10,10,100.0,2,10,0,0,0,Match Report,10,10,100.0,187,64,2,2,100.0,8,8,100.0,0,0,,0,0.0,0.0,0,1,0,0,2,10,10,0,0,0,0,0,0,0,0,0,0,10,0,0,0,0,0,0,0,0,0,0,0,0,0,0,0,0,10,1,3,7,0,0,10,0,0,,0,,10,62,19,0,0,0,0,0,10,0,0,0,0,0,0,0,0,,0,0,0,0,0,0,0,0,Aston Villa,Ezri-Konsa,0313a347
2024-10-19,Sat,Matchweek 8,Away,W 3–1,Aston Villa,Fulham,N,"On matchday squad, but did not play","On matchday squad, but did not play","On matchday squad, but did not play","On matchday squad, but did not play","On matchday squad, but did not play","On matchday squad, but did not play","On matchday squad, but did not play","On matchday squad, but did not play","On matchday squad, but did not play","On matchday squad, but did not play","On matchday squad, but did not play","On matchday squad, but did not play","On matchday squad, but did not play","On matchday squad, but did not play","On matchday squad, but did not play","On matchday squad, but did not play","On matchday squad, but did not play","On matchday squad, but did not play","On matchday squad, but did not play","On matchday squad, but did not play","On matchday squad, but did not play","On matchday squad, but did not play","On matchday squad, but did not play","On matchday squad, but did not play","On matchday squad, but did not play","On matchday squad, but did not play","On matchday squad, but did not play",Match Report,"On matchday squad, but did not play","On matchday squad, but did not play","On matchday squad, but did not play","On matchday squad, but did not play","On matchday squad, but did not play","On matchday squad, but did not play","On matchday squad, but did not play","On matchday squad, but did not play","On matchday squad, but did not play","On matchday squad, but did not play","On matchday squad, but did not play","On matchday squad, but did not play","On matchday squad, but did not play","On matchday squad, but did not play","On matchday squad, but did not play","On matchday squad, but did not play","On matchday squad, but did not play","On matchday squad, but did not play","On matchday squad, but did not play","On matchday squad, but did not play","On matchday squad, but did not play","On matchday squad, but did not play","On matchday squad, but did not play","On matchday squad, but did not play","On matchday squad, but did not play","On matchday squad, but did not play","On matchday squad, but did not play","On matchday squad, but did not play","On matchday squad, but did not play","On matchday squad, but did not play","On matchday squad, but did not play","On matchday squad, but did not play","On matchday squad, but did not play","On matchday squad, but did not play","On matchday squad, but did not play","On matchday squad, but did not play","On matchday squad, but did not play","On matchday squad, but did not play","On matchday squad, but did not play","On matchday squad, but did not play","On matchday squad, but did not play","On matchday squad, but did not play","On matchday squad, but did not play","On matchday squad, but did not play","On matchday squad, but did not play","On matchday squad, but did not play","On matchday squad, but did not play","On matchday squad, but did not play","On matchday squad, but did not play","On matchday squad, but did not play","On matchday squad, but did not play","On matchday squad, but did not play","On matchday squad, but did not play","On matchday squad, but did not play","On matchday squad, but did not play","On matchday squad, but did not play","On matchday squad, but did not play","On matchday squad, but did not play","On matchday squad, but did not play","On matchday squad, but did not play","On matchday squad, but did not play","On matchday squad, but did not play","On matchday squad, but did not play","On matchday squad, but did not play","On matchday squad, but did not play","On matchday squad, but did not play","On matchday squad, but did not play","On matchday squad, but did not play","On matchday squad, but did not play","On matchday squad, but did not play","On matchday squad, but did not play","On matchday squad, but did not play","On matchday squad, but did not play","On matchday squad, but did not play","On matchday squad, but did not play","On matchday squad, but did not play","On matchday squad, but did not play","On matchday squad, but did not play","On matchday squad, but did not play","On matchday squad, but did not play","On matchday squad, but did not play","On matchday squad, but did not play","On matchday squad, but did not play","On matchday squad, but did not play","On matchday squad, but did not play","On matchday squad, but did not play","On matchday squad, but did not play","On matchday squad, but did not play","On matchday squad, but did not play",Aston Villa,Ezri-Konsa,0313a347
2024-10-26,Sat,Matchweek 9,Home,D 1–1,Aston Villa,Bournemouth,Y,CB,90,0,0,0,0,1,1,0,0,73,2,1,0,0.1,0.1,0.1,3,0,59,67,88.1,3,57,0,1,1,Match Report,59,67,88.1,1066,434,27,28,96.4,28,29,96.6,4,9,44.4,0,0.1,0.1,1,2,1,0,3,67,59,8,7,1,0,0,0,0,0,0,0,59,0,1,3,1,0,1,1,0,0,0,0,0,0,0,0,0,73,11,51,20,2,0,73,1,1,100.0,0,0.0,57,275,88,0,0,0,0,0,56,0,2,0,1,0,1,1,1,100.0,0,0,0,0,1,3,2,0,Aston Villa,Ezri-Konsa,0313a347
2024-11-03,Sun,Matchweek 10,Away,L 1–4,Aston Villa,Tottenham,Y,"CB,RB",90,0,0,0,0,0,0,0,0,50,2,1,1,0.0,0.0,0.0,0,0,39,42,92.9,2,22,0,2,2,Match Report,39,42,92.9,682,227,14,15,93.3,22,23,95.7,2,3,66.7,0,0.0,0.1,0,4,0,0,2,42,35,7,4,1,0,0,2,0,0,0,0,39,0,0,0,0,0,0,0,0,0,0,0,0,0,0,0,0,50,8,27,20,3,1,50,2,2,100.0,0,0.0,22,155,42,0,0,0,0,0,33,1,2,2,1,1,0,1,1,100.0,0,1,1,0,1,3,3,0,Aston Villa,Ezri-Konsa,0313a347
2024-11-09,Sat,Matchweek 11,Away,L 0–2,Aston Villa,Liverpool,Y,RB,90,0,0,0,0,0,0,0,0,45,2,1,0,0.0,0.0,0.0,1,0,31,36,86.1,1,22,0,1,0,Match Report,31,36,86.1,496,126,18,21,85.7,11,11,100.0,2,3,66.7,0,0.0,0.0,0,2,0,0,1,36,31,5,2,0,0,0,3,0,0,0,0,31,0,1,1,1,0,0,0,0,0,0,0,0,0,0,0,0,45,5,26,16,4,1,45,1,0,0.0,1,100.0,22,101,14,0,1,1,0,0,31,0,2,1,2,0,0,2,2,100.0,0,0,0,0,1,3,4,0,Aston Villa,Ezri-Konsa,0313a347
2024-12-01,Sun,Matchweek 13,Away,L 0–3,Aston Villa,Chelsea,Y,CB,90,0,0,0,0,0,0,0,0,44,1,2,0,0.0,0.0,0.0,0,0,35,37,94.6,1,19,0,1,0,Match Report,35,37,94.6,588,155,15,15,100.0,17,18,94.4,3,4,75.0,0,0.0,0.0,0,0,0,0,1,37,35,2,2,0,0,0,0,0,0,0,0,35,0,0,0,0,0,0,0,0,0,0,0,0,0,0,0,0,44,7,36,8,0,0,44,1,0,0.0,0,0.0,19,98,26,0,0,0,1,1,31,0,1,1,1,0,0,0,0,,0,0,0,0,2,3,2,0,Aston Villa,Ezri-Konsa,0313a347
2024-12-04,Wed,Matchweek 14,Home,W 3–1,Aston Villa,Brentford,Y,CB,90,0,0,0,0,0,0,0,0,48,1,1,0,0.0,0.0,0.0,0,0,40,42,95.2,1,25,0,0,0,Match Report,40,42,95.2,698,182,17,17,100.0,20,21,95.2,3,3,100.0,0,0.0,0.0,0,1,0,0,1,42,39,3,3,0,0,0,0,0,0,0,0,40,0,1,0,0,0,0,0,0,0,0,0,0,0,0,0,0,48,7,28,20,0,0,48,0,0,,0,,25,110,15,0,0,0,1,2,33,0,1,1,1,0,0,1,1,100.0,0,0,0,0,1,2,2,0,Aston Villa,Ezri-Konsa,0313a347
2024-12-07,Sat,Matchweek 15,Home,W 1–0,Aston Villa,Southampton,Y,RB,90,0,0,0,0,0,0,0,0,64,2,0,1,0.0,0.0,0.0,2,1,49,55,89.1,1,26,1,2,2,Match Report,49,55,89.1,780,290,24,26,92.3,24,27,88.9,1,1,100.0,0,0.0,0.0,0,6,0,0,1,55,46,9,2,0,0,1,7,0,0,0,0,49,0,1,2,1,1,0,0,0,0,1,1,0,0,0,0,0,64,4,19,37,9,1,64,2,2,100.0,0,0.0,26,104,37,1,0,0,1,0,37,2,2,1,0,1,1,1,1,100.0,0,1,1,0,0,2,3,0,Aston Villa,Ezri-Konsa,0313a347
2024-12-14,Sat,Matchweek 16,Away,L 1–2,Aston Villa,Nott'ham Forest,Y,RB,90,0,0,0,0,2,0,0,0,56,2,1,1,0.2,0.2,0.0,0,0,41,47,87.2,4,29,2,0,0,Match Report,41,47,87.2,688,202,16,18,88.9,24,27,88.9,1,1,100.0,0,0.0,0.0,0,4,0,0,4,47,38,9,2,0,0,2,7,0,0,0,0,41,0,2,0,0,0,0,0,0,0,0,0,0,0,0,0,0,56,4,14,34,8,3,56,0,0,,0,,29,163,92,2,0,1,0,0,35,0,2,0,1,0,1,1,1,100.0,0,1,1,0,1,3,3,0,Aston Villa,Ezri-Konsa,0313a347
2024-12-21,Sat,Matchweek 17,Home,W 2–1,Aston Villa,Manchester City,Y,CB,90,0,0,0,0,0,0,0,0,51,0,1,0,0.0,0.0,0.0,0,0,42,46,91.3,0,29,0,0,0,Match Report,42,46,91.3,672,139,15,15,100.0,23,24,95.8,1,3,33.3,0,0.0,0.0,0,0,0,0,0,46,42,4,3,0,0,0,0,0,0,0,0,42,0,1,0,0,0,0,0,0,0,0,0,0,0,0,0,0,51,8,30,21,0,0,51,0,0,,0,,29,150,51,0,0,0,0,0,39,0,0,0,0,0,0,0,0,,0,0,0,0,1,1,3,0,Aston Villa,Ezri-Konsa,0313a347
2024-12-26,Thu,Matchweek 18,Away,L 0–3,Aston Villa,Newcastle Utd,Y,CB,90,0,0,0,0,0,0,0,0,33,0,0,2,0.0,0.0,0.0,0,0,25,27,92.6,1,15,1,1,1,Match Report,25,27,92.6,402,104,10,10,100.0,15,15,100.0,0,2,0.0,0,0.0,0.0,0,1,0,0,1,27,25,2,2,0,0,0,0,0,0,0,0,25,0,0,0,0,0,0,0,0,0,0,0,0,0,0,0,0,33,11,21,10,2,0,33,1,1,100.0,0,0.0,15,121,90,1,0,0,0,1,24,0,0,0,0,0,0,0,0,,0,2,2,0,0,0,3,0,Aston Villa,Ezri-Konsa,0313a347
2024-12-30,Mon,Matchweek 19,Home,D 2–2,Aston Villa,Brighton,Y,RB,90,0,0,0,0,0,0,0,0,76,5,1,1,0.0,0.0,0.0,3,0,55,66,83.3,6,30,1,2,0,Match Report,55,66,83.3,809,288,31,33,93.9,23,25,92.0,1,1,100.0,0,0.0,0.0,1,4,0,0,6,66,55,11,2,0,0,0,9,0,0,0,0,55,0,5,3,2,1,0,0,0,0,0,0,0,0,0,0,0,76,4,22,39,16,2,76,2,0,0.0,2,100.0,30,108,60,1,1,0,1,0,45,4,5,2,4,1,0,2,4,50.0,2,1,0,1,1,6,3,0,Aston Villa,Ezri-Konsa,0313a347
2025-01-04,Sat,Matchweek 20,Home,W 2–1,Aston Villa,Leicester City,Y,CB,90,0,0,0,0,0,0,0,0,95,1,0,0,0.0,0.0,0.0,0,0,87,92,94.6,3,69,0,0,0,Match Report,87,92,94.6,1722,544,31,31,100.0,49,50,98.0,7,7,100.0,0,0.0,0.0,0,5,0,0,3,92,89,2,2,0,0,0,0,0,0,0,0,87,1,0,0,0,0,0,0,0,0,0,0,0,0,0,0,0,95,4,27,67,1,1,95,0,0,,0,,69,322,170,0,0,0,0,0,80,0,1,0,0,1,0,1,1,100.0,0,0,0,0,0,1,2,0,Aston Villa,Ezri-Konsa,0313a347
2025-01-15,Wed,Matchweek 21,Away,W 1–0,Aston Villa,Everton,Y,CB,90,0,0,0,0,0,0,0,0,74,0,0,1,0.0,0.0,0.0,0,0,60,63,95.2,1,47,0,0,0,Match Report,60,63,95.2,1015,371,22,24,91.7,36,37,97.3,2,2,100.0,0,0.0,0.0,0,2,0,0,1,63,59,4,4,0,0,0,0,0,0,0,0,60,0,0,0,0,0,0,0,0,0,0,0,0,0,0,0,0,74,9,53,20,1,0,74,0,0,,0,,47,178,99,0,0,0,1,1,49,0,0,0,0,0,0,0,0,,0,1,0,1,0,0,8,0,Aston Villa,Ezri-Konsa,0313a347
2025-01-18,Sat,Matchweek 22,Away,D 2–2,Aston Villa,Arsenal,Y,CB,90,0,0,0,0,0,0,0,0,36,0,0,0,0.0,0.0,0.0,1,1,24,29,82.8,1,19,0,0,0,Match Report,24,29,82.8,368,78,11,13,84.6,13,14,92.9,0,2,0.0,0,0.0,0.0,0,1,0,0,1,29,25,4,2,0,0,0,0,0,0,0,0,24,0,1,1,1,0,0,0,0,0,1,1,0,0,0,0,0,36,11,25,10,1,0,36,0,0,,0,,19,122,52,0,0,0,1,0,19,0,0,0,0,0,0,0,0,,0,0,0,0,0,0,6,1,Aston Villa,Ezri-Konsa,0313a347
2025-01-26,Sun,Matchweek 23,Home,D 1–1,Aston Villa,West Ham,Y,CB,90,0,0,0,0,0,0,0,0,38,3,3,2,0.0,0.0,0.0,0,0,25,27,92.6,1,18,1,0,0,Match Report,25,27,92.6,413,121,11,11,100.0,14,16,87.5,0,0,,0,0.0,0.0,0,0,0,0,1,27,25,2,2,0,0,0,0,0,0,0,0,25,0,0,0,0,0,0,0,0,0,0,0,0,0,0,0,0,38,6,23,14,2,1,38,0,0,,0,,18,134,70,1,0,0,1,0,19,0,3,3,2,1,0,2,2,100.0,0,2,1,1,3,6,2,0,Aston Villa,Ezri-Konsa,0313a347
2025-02-01,Sat,Matchweek 24,Away,L 0–2,Aston Villa,Wolves,Y,CB,90,0,0,0,0,0,0,0,0,74,0,1,0,0.0,0.0,0.0,2,0,68,70,97.1,4,46,0,0,0,Match Report,68,70,97.1,1051,466,38,39,97.4,25,26,96.2,2,2,100.0,0,0.0,0.0,0,6,0,0,4,70,68,2,1,0,0,0,0,0,0,0,0,68,0,0,2,2,0,0,0,0,0,0,0,0,0,0,0,0,74,7,25,48,1,0,74,0,0,,0,,46,291,199,0,0,0,1,0,60,0,0,0,0,0,0,0,0,,0,0,0,0,1,1,2,1,Aston Villa,Ezri-Konsa,0313a347
2025-02-22,Sat,Matchweek 26,Home,W 2–1,Aston Villa,Chelsea,Y,CB,90,0,0,0,0,0,0,0,0,93,0,0,2,0.0,0.0,0.0,2,0,82,86,95.3,2,66,2,0,0,Match Report,82,86,95.3,1198,404,46,46,100.0,35,36,97.2,1,4,25.0,0,0.0,0.0,0,4,0,0,2,86,82,4,2,0,0,0,0,0,0,0,0,82,0,0,2,2,0,0,0,0,0,0,0,0,0,0,0,0,93,12,38,55,0,0,93,0,0,,0,,66,353,169,2,0,0,1,1,69,0,0,0,0,0,0,0,0,,0,2,2,0,0,0,3,0,Aston Villa,Ezri-Konsa,0313a347
2025-02-25,Tue,Matchweek 27,Away,L 1–4,Aston Villa,Crystal Palace,Y,CB,90,0,0,0,0,1,0,0,0,79,0,3,2,0.1,0.1,0.0,0,0,69,71,97.2,0,36,0,1,0,Match Report,69,71,97.2,1131,469,35,35,100.0,31,32,96.9,3,4,75.0,0,0.0,0.0,0,1,0,0,0,71,63,8,7,0,0,0,0,0,0,0,0,69,0,0,0,0,0,0,0,0,0,0,0,0,0,0,0,0,79,16,53,25,1,1,79,1,0,0.0,0,0.0,36,169,104,0,0,0,0,1,55,0,0,0,0,0,0,0,0,,0,2,1,1,3,3,1,0,Aston Villa,Ezri-Konsa,0313a347
2025-03-08,Sat,Matchweek 28,Away,W 1–0,Aston Villa,Brentford,Y,CB,90,0,0,0,0,0,0,0,0,47,0,0,0,0.0,0.0,0.0,0,0,36,39,92.3,1,25,0,1,0,Match Report,36,39,92.3,631,199,12,13,92.3,21,23,91.3,2,2,100.0,0,0.0,0.0,0,2,0,0,1,39,37,2,2,0,0,0,0,0,0,0,0,36,0,0,0,0,0,0,0,0,0,0,0,0,0,0,0,0,47,12,25,22,0,0,47,1,0,0.0,1,100.0,25,61,16,0,0,0,1,0,28,0,0,0,0,0,0,0,0,,0,0,0,0,0,0,5,0,Aston Villa,Ezri-Konsa,0313a347
2025-04-02,Wed,Matchweek 30,Away,W 3–0,Aston Villa,Brighton,Y,CB,90,0,0,0,0,1,1,0,0,60,1,0,0,0.1,0.1,0.0,0,0,47,52,90.4,1,40,0,2,0,Match Report,47,52,90.4,850,287,20,21,95.2,25,27,92.6,2,3,66.7,0,0.0,0.0,0,1,0,0,1,52,49,3,3,0,0,0,0,0,0,0,0,47,0,1,0,0,0,0,0,0,0,0,0,0,0,0,0,0,60,11,35,25,1,1,60,2,0,0.0,1,50.0,40,163,57,0,0,0,1,1,46,0,1,1,1,0,0,1,1,100.0,0,0,0,0,0,1,4,0,Aston Villa,Ezri-Konsa,0313a347
2025-04-05,Sat,Matchweek 31,Home,W 2–1,Aston Villa,Nott'ham Forest,N,CB,45,0,0,0,0,0,0,0,0,17,0,0,0,0.0,0.0,0.0,0,0,15,15,100.0,0,11,0,0,0,Match Report,15,15,100.0,251,98,8,8,100.0,6,6,100.0,1,1,100.0,0,0.0,0.0,0,1,0,0,0,15,15,0,0,0,0,0,0,0,0,0,0,15,0,0,0,0,0,0,0,0,0,0,0,0,0,0,0,0,17,2,11,6,0,0,17,0,0,,0,,11,54,23,0,0,0,0,0,14,0,0,0,0,0,0,0,0,,0,0,0,0,0,0,2,0,Aston Villa,Ezri-Konsa,0313a347
2025-04-12,Sat,Matchweek 32,Away,W 3–0,Aston Villa,Southampton,Y,CB,90,0,0,0,0,1,0,0,0,68,2,2,0,0.1,0.1,0.2,4,0,59,60,98.3,10,44,0,0,0,Match Report,59,60,98.3,944,412,28,29,96.6,27,27,100.0,3,3,100.0,0,0.2,0.0,2,11,0,0,10,60,58,2,1,0,0,0,0,0,0,0,0,59,0,0,4,3,0,0,1,0,0,0,0,0,0,0,0,0,68,8,23,40,6,2,68,0,0,,0,,44,204,148,0,3,0,0,0,47,0,2,0,1,1,0,1,1,100.0,0,0,0,0,2,4,3,0,Aston Villa,Ezri-Konsa,0313a347
2025-04-19,Sat,Matchweek 33,Home,W 4–1,Aston Villa,Newcastle Utd,Y,CB,90,0,0,0,0,0,0,0,0,39,0,0,1,0.0,0.0,0.0,1,0,31,33,93.9,2,25,0,0,0,Match Report,31,33,93.9,600,242,12,13,92.3,16,17,94.1,3,3,100.0,0,0.0,0.0,0,2,0,0,2,33,33,0,0,0,0,0,0,0,0,0,0,31,0,0,1,1,0,0,0,0,0,0,0,0,0,0,0,0,39,5,15,24,0,0,39,0,0,,0,,25,57,26,0,0,0,0,1,29,0,0,0,0,0,0,0,0,,0,1,0,1,0,0,4,1,Aston Villa,Ezri-Konsa,0313a347
2025-04-22,Tue,Matchweek 34,Away,L 1–2,Aston Villa,Manchester City,Y,CB,90,0,0,0,0,1,0,0,0,40,1,0,0,0.1,0.1,0.0,0,0,33,35,94.3,1,12,0,0,0,Match Report,33,35,94.3,565,160,11,11,100.0,22,22,100.0,0,0,,0,0.0,0.0,0,0,0,0,1,35,29,6,2,0,0,0,0,0,0,0,0,33,0,2,0,0,0,0,0,0,0,0,0,0,0,0,0,0,40,12,24,15,1,1,40,0,0,,0,,12,71,18,0,0,0,1,0,19,0,1,0,0,1,0,0,0,,0,0,0,0,0,1,2,0,Aston Villa,Ezri-Konsa,0313a347
2025-05-03,Sat,Matchweek 35,Home,W 1–0,Aston Villa,Fulham,Y,CB,90,0,0,0,0,0,0,0,0,63,0,0,1,0.0,0.0,0.0,0,0,53,55,96.4,4,35,1,1,1,Match Report,53,55,96.4,914,381,23,23,100.0,26,27,96.3,3,4,75.0,0,0.0,0.0,0,2,0,0,4,55,51,4,4,0,0,0,0,0,0,0,0,53,0,0,0,0,0,0,0,0,0,0,0,0,0,0,0,0,63,11,31,32,1,0,63,1,1,100.0,0,0.0,35,172,96,1,1,0,1,1,46,0,0,0,0,0,0,0,0,,0,1,1,0,0,0,6,1,Aston Villa,Ezri-Konsa,0313a347
2025-05-10,Sat,Matchweek 36,Away,W 1–0,Aston Villa,Bournemouth,Y,CB,90,0,0,0,0,0,0,1,0,34,0,0,0,0.0,0.0,0.0,0,0,24,28,85.7,0,24,0,0,0,Match Report,24,28,85.7,402,164,14,14,100.0,9,10,90.0,1,4,25.0,0,0.0,0.0,0,1,0,0,0,28,25,3,1,0,0,0,0,0,0,0,0,24,0,0,0,0,0,0,0,0,0,0,0,0,0,0,0,0,34,13,26,8,0,0,34,0,0,,0,,24,128,38,0,0,0,0,0,25,0,0,0,0,0,0,0,1,0.0,1,0,0,0,0,0,6,0,Aston Villa,Ezri-Konsa,0313a347
2025-05-16,Fri,Matchweek 37,Home,W 2–0,Aston Villa,Tottenham,Y,CB,90,1,0,0,0,2,2,0,0,97,2,1,0,0.3,0.3,0.1,1,0,88,90,97.8,13,76,7,0,0,Match Report,88,90,97.8,1697,581,24,24,100.0,57,59,96.6,6,6,100.0,0,0.1,0.1,1,10,1,0,13,90,88,2,2,0,0,0,0,0,0,0,0,88,0,0,1,1,0,0,0,0,0,0,0,0,0,0,0,0,97,5,15,75,7,2,97,0,0,,0,,76,576,405,7,3,0,0,0,74,0,2,1,1,1,0,2,2,100.0,0,0,0,0,1,3,3,0,Aston Villa,Ezri-Konsa,0313a347
2025-05-25,Sun,Matchweek 38,Away,L 0–2,Aston Villa,Manchester Utd,Y,CB,90,0,0,0,0,0,0,0,0,28,0,2,2,0.0,0.0,0.0,0,0,18,20,90.0,0,11,0,0,0,Match Report,18,20,90.0,293,89,10,10,100.0,8,9,88.9,0,1,0.0,0,0.0,0.0,0,0,0,0,0,20,17,3,3,0,0,0,0,0,0,0,0,18,0,0,0,0,0,0,0,0,0,0,0,0,0,0,0,0,28,8,16,12,0,0,28,0,0,,0,,11,27,4,0,0,0,0,0,16,0,0,0,0,0,0,0,0,,0,2,1,1,2,2,4,0,Aston Villa,Ezri-Konsa,0313a347
2024-08-17,Sat,Matchweek 1,Away,W 2–1,Aston Villa,West Ham,Y,FW,61,0,0,0,0,0,0,0,0,13,0,0,2,0.0,0.0,0.0,0,0,4,5,80.0,0,9,1,3,0,Match Report,4,5,80.0,52,5,1,1,100.0,2,2,100.0,0,0,,0,0.0,0.0,0,0,0,0,0,5,5,0,0,0,0,0,0,0,0,0,0,4,0,1,0,0,0,0,0,0,0,0,0,0,0,0,0,0,13,0,0,8,5,1,13,3,0,0.0,3,100.0,9,50,14,1,1,1,2,1,10,3,0,0,0,0,0,0,0,,0,2,0,2,0,0,0,0,Aston Villa,Ollie-Watkins,aed3a70f
2024-08-24,Sat,Matchweek 2,Home,L 0–2,Aston Villa,Arsenal,Y,FW,64,0,0,0,0,2,1,0,0,12,0,0,0,0.9,0.9,0.1,1,0,2,6,33.3,0,5,0,0,0,Match Report,2,6,33.3,16,4,2,3,66.7,0,0,,0,0,,0,0.1,0.0,2,0,0,0,0,6,6,0,0,0,0,0,0,0,0,0,0,2,0,2,1,1,0,0,0,0,0,0,0,0,0,0,0,0,12,0,2,4,6,3,12,0,0,,0,,5,15,4,0,0,0,2,4,10,1,0,0,0,0,0,0,2,0.0,2,0,0,0,0,0,0,0,Aston Villa,Ollie-Watkins,aed3a70f
2024-08-31,Sat,Matchweek 3,Away,W 2–1,Aston Villa,Leicester City,Y,FW,60,0,1,0,0,2,1,0,0,13,1,0,2,0.7,0.7,0.4,2,1,5,5,100.0,1,6,0,1,0,Match Report,5,5,100.0,70,7,3,3,100.0,2,2,100.0,0,0,,1,0.4,0.0,1,0,1,0,1,5,5,0,0,0,0,0,0,0,0,0,0,5,0,0,2,1,0,0,1,0,0,1,0,0,0,1,0,0,13,0,0,6,7,3,13,1,0,0.0,1,100.0,6,18,15,0,1,0,0,0,8,3,1,0,0,1,0,0,0,,0,2,0,2,0,1,0,0,Aston Villa,Ollie-Watkins,aed3a70f
2024-09-14,Sat,Matchweek 4,Home,W 3–2,Aston Villa,Everton,Y,FW,83,2,0,0,0,6,3,0,0,16,0,0,0,1.2,1.2,0.1,2,0,6,7,85.7,0,9,1,0,0,Match Report,6,7,85.7,44,4,2,2,100.0,1,1,100.0,0,0,,0,0.1,0.1,1,0,0,0,0,7,7,0,0,0,0,1,0,0,0,0,0,6,0,1,2,2,0,0,0,0,0,0,0,0,0,0,0,0,16,0,1,2,14,9,16,0,0,,0,,9,48,29,1,2,1,2,3,17,4,0,0,0,0,0,0,0,,0,0,0,0,0,0,0,0,Aston Villa,Ollie-Watkins,aed3a70f
2024-09-21,Sat,Matchweek 5,Home,W 3–1,Aston Villa,Wolves,Y,FW,89,1,0,0,0,3,1,0,0,21,0,1,0,0.3,0.3,0.0,0,0,8,10,80.0,0,13,4,2,0,Match Report,8,10,80.0,83,0,6,7,85.7,1,1,100.0,0,1,0.0,0,0.0,0.1,0,0,0,0,0,10,10,0,0,0,0,0,0,0,0,0,0,8,0,0,0,0,0,0,0,0,0,0,0,0,0,0,0,0,21,0,0,3,18,5,21,2,0,0.0,2,100.0,13,66,39,4,1,1,4,0,17,7,0,0,0,0,0,0,0,,0,0,0,0,1,1,0,0,Aston Villa,Ollie-Watkins,aed3a70f
2024-09-29,Sun,Matchweek 6,Away,D 2–2,Aston Villa,Ipswich Town,Y,FW,83,1,1,0,0,1,1,0,0,30,0,0,0,0.4,0.4,0.1,1,1,19,22,86.4,2,26,0,2,0,Match Report,19,22,86.4,187,28,13,15,86.7,4,5,80.0,0,0,,1,0.1,0.1,1,1,0,0,2,22,21,1,0,0,0,0,0,0,0,0,0,19,0,0,1,1,0,0,0,0,0,1,1,0,0,0,0,0,30,0,0,12,18,5,30,2,0,0.0,1,50.0,26,86,25,0,1,1,4,3,27,6,0,0,0,0,0,0,1,0.0,1,0,0,0,0,0,0,0,Aston Villa,Ollie-Watkins,aed3a70f
2024-10-06,Sun,Matchweek 7,Home,D 0–0,Aston Villa,Manchester Utd,Y,FW,90,0,0,0,0,2,0,0,0,21,1,1,0,0.1,0.1,0.1,4,0,11,14,78.6,0,14,2,1,0,Match Report,11,14,78.6,132,13,6,8,75.0,2,2,100.0,1,1,100.0,0,0.1,0.1,1,1,0,0,0,14,14,0,0,0,0,1,0,0,0,0,0,11,0,0,4,3,0,0,0,1,0,0,0,0,0,0,0,0,21,0,0,6,15,6,21,1,0,0.0,1,100.0,14,75,39,2,0,1,1,3,15,8,1,1,0,1,0,0,0,,0,0,0,0,1,2,0,0,Aston Villa,Ollie-Watkins,aed3a70f
2024-10-19,Sat,Matchweek 8,Away,W 3–1,Aston Villa,Fulham,Y,FW,74,1,0,0,0,2,2,0,0,15,0,0,0,0.4,0.4,0.0,1,0,5,9,55.6,0,10,0,2,0,Match Report,5,9,55.6,57,4,4,7,57.1,1,1,100.0,0,0,,0,0.0,0.0,0,1,0,0,0,9,9,0,0,0,0,0,0,0,0,0,0,5,0,0,1,0,0,0,0,1,0,0,0,0,0,0,0,0,15,0,0,4,11,3,15,2,0,0.0,2,100.0,10,26,13,0,0,0,2,1,16,6,0,0,0,0,0,0,0,,0,0,0,0,0,0,0,0,Aston Villa,Ollie-Watkins,aed3a70f
2024-10-26,Sat,Matchweek 9,Home,D 1–1,Aston Villa,Bournemouth,Y,FW,81,0,0,0,0,3,2,0,0,20,1,0,0,0.3,0.3,0.3,3,0,8,12,66.7,1,17,2,2,1,Match Report,8,12,66.7,74,11,7,10,70.0,0,0,,0,0,,0,0.3,0.2,2,0,0,0,1,12,12,0,0,0,0,0,0,0,0,0,0,8,0,0,3,3,0,0,0,0,0,0,0,0,0,0,0,0,20,1,2,5,13,9,20,2,1,50.0,1,50.0,17,60,25,2,0,2,2,2,18,5,1,1,0,0,1,0,0,,0,0,0,0,0,1,1,0,Aston Villa,Ollie-Watkins,aed3a70f
2024-11-03,Sun,Matchweek 10,Away,L 1–4,Aston Villa,Tottenham,Y,FW,90,0,0,0,0,2,0,0,0,22,0,0,1,0.5,0.5,0.0,1,0,7,13,53.8,0,8,3,1,0,Match Report,7,13,53.8,82,7,6,10,60.0,1,1,100.0,0,0,,0,0.0,0.0,0,0,0,0,0,13,12,1,0,0,0,0,0,0,0,0,0,7,0,0,1,0,0,0,0,1,0,0,0,0,0,0,0,0,22,1,2,11,9,3,22,1,0,0.0,1,100.0,8,51,35,3,2,1,1,2,15,3,0,0,0,0,0,0,1,0.0,1,1,0,1,0,0,1,0,Aston Villa,Ollie-Watkins,aed3a70f
2024-11-09,Sat,Matchweek 11,Away,L 0–2,Aston Villa,Liverpool,Y,FW,64,0,0,0,0,3,0,0,0,15,0,0,0,0.4,0.4,0.0,2,0,6,6,100.0,1,14,2,2,1,Match Report,6,6,100.0,60,11,5,5,100.0,1,1,100.0,0,0,,0,0.0,0.0,0,0,0,0,1,6,6,0,0,0,0,0,0,0,0,0,0,6,0,0,2,0,0,1,1,0,0,0,0,0,0,0,0,0,15,0,1,4,10,5,15,2,1,50.0,0,0.0,14,88,31,2,3,2,2,1,13,5,0,0,0,0,0,0,0,,0,0,0,0,0,0,0,0,Aston Villa,Ollie-Watkins,aed3a70f
2024-11-23,Sat,Matchweek 12,Home,D 2–2,Aston Villa,Crystal Palace,Y,FW,90,1,0,0,0,5,2,0,0,26,0,0,1,1.3,1.3,0.0,3,1,9,12,75.0,0,15,3,3,1,Match Report,9,12,75.0,134,32,5,6,83.3,4,5,80.0,0,0,,0,0.0,0.0,0,0,0,0,0,12,12,0,0,0,0,1,0,0,0,0,0,9,0,0,3,0,0,1,2,0,0,1,0,0,1,0,0,0,26,2,2,8,16,10,26,3,1,33.3,2,66.7,15,89,43,3,0,4,4,1,22,9,0,0,0,0,0,0,0,,0,1,1,0,0,0,1,0,Aston Villa,Ollie-Watkins,aed3a70f
2024-12-01,Sun,Matchweek 13,Away,L 0–3,Aston Villa,Chelsea,Y,FW,83,0,0,0,0,2,2,0,0,17,0,0,1,0.7,0.7,0.0,2,0,8,10,80.0,3,11,1,3,1,Match Report,8,10,80.0,109,50,2,2,100.0,4,4,100.0,0,0,,0,0.0,0.0,1,0,1,0,3,10,9,0,0,0,0,0,0,0,0,0,0,8,1,1,2,1,0,1,0,0,0,0,0,0,0,0,0,0,17,0,0,9,9,4,17,3,1,33.3,2,66.7,11,64,27,1,0,1,1,0,16,4,0,0,0,0,0,0,0,,0,1,0,1,0,0,0,0,Aston Villa,Ollie-Watkins,aed3a70f
2024-12-04,Wed,Matchweek 14,Home,W 3–1,Aston Villa,Brentford,Y,FW,64,1,1,1,1,5,3,0,0,28,1,0,0,1.2,0.4,0.1,5,2,17,19,89.5,3,20,2,1,1,Match Report,17,19,89.5,218,53,11,13,84.6,4,4,100.0,1,1,100.0,1,0.1,0.0,2,3,1,0,3,19,19,0,0,0,0,0,0,0,0,0,0,17,0,0,5,4,0,0,0,1,0,2,1,0,0,0,1,0,28,0,0,12,16,12,27,1,1,100.0,0,0.0,20,99,65,2,1,2,0,2,27,9,1,0,0,1,0,0,1,0.0,1,0,0,0,0,1,0,0,Aston Villa,Ollie-Watkins,aed3a70f
2024-12-07,Sat,Matchweek 15,Home,W 1–0,Aston Villa,Southampton,N,FW,33,0,0,0,0,4,0,0,0,13,1,0,0,0.4,0.4,0.5,3,0,4,7,57.1,0,11,3,0,0,Match Report,4,7,57.1,31,6,4,6,66.7,0,1,0.0,0,0,,0,0.5,0.4,1,0,0,0,0,7,7,0,0,0,0,0,0,0,0,0,0,4,0,0,3,2,0,0,1,0,0,0,0,0,0,0,0,0,13,0,2,2,10,8,13,0,0,,0,,11,137,97,3,1,2,1,0,13,4,1,1,0,0,1,1,1,100.0,0,0,0,0,0,1,0,0,Aston Villa,Ollie-Watkins,aed3a70f
2024-12-14,Sat,Matchweek 16,Away,L 1–2,Aston Villa,Nott'ham Forest,N,FW,17,0,0,0,0,0,0,0,0,13,0,0,0,0.0,0.0,0.0,0,0,8,10,80.0,1,8,0,0,0,Match Report,8,10,80.0,111,11,5,5,100.0,3,4,75.0,0,0,,0,0.0,0.0,0,1,0,0,1,10,10,0,0,0,0,0,0,0,0,0,0,8,0,0,0,0,0,0,0,0,0,0,0,0,0,0,0,0,13,0,0,5,8,1,13,0,0,,0,,8,28,4,0,0,0,1,0,9,2,0,0,0,0,0,0,0,,0,0,0,0,0,0,0,0,Aston Villa,Ollie-Watkins,aed3a70f
2024-12-21,Sat,Matchweek 17,Home,W 2–1,Aston Villa,Manchester City,N,FW,11,0,0,0,0,1,1,0,0,1,0,0,0,0.1,0.1,0.0,0,0,0,0,,0,1,0,0,0,Match Report,0,0,,0,0,0,0,,0,0,,0,0,,0,0.0,0.0,0,0,0,0,0,0,0,0,0,0,0,0,0,0,0,0,0,0,0,0,0,0,0,0,0,0,0,0,0,0,0,0,0,0,1,0,0,0,1,1,1,0,0,,0,,1,2,1,0,0,0,0,0,1,1,0,0,0,0,0,0,0,,0,0,0,0,0,0,0,0,Aston Villa,Ollie-Watkins,aed3a70f
2024-12-26,Thu,Matchweek 18,Away,L 0–3,Aston Villa,Newcastle Utd,N,FW,45,0,0,0,0,0,0,0,0,16,0,1,0,0.0,0.0,0.0,0,0,7,10,70.0,0,6,0,2,0,Match Report,7,10,70.0,90,14,5,6,83.3,2,3,66.7,0,0,,0,0.0,0.0,0,0,0,0,0,10,7,3,0,0,0,1,0,0,0,0,0,7,0,1,0,0,0,0,0,0,0,0,0,0,0,0,0,0,16,0,1,11,4,0,16,2,0,0.0,2,100.0,6,23,4,0,0,0,2,0,9,1,0,0,0,0,0,0,0,,0,0,0,0,1,1,0,0,Aston Villa,Ollie-Watkins,aed3a70f
2024-12-30,Mon,Matchweek 19,Home,D 2–2,Aston Villa,Brighton,Y,FW,90,1,1,1,1,5,2,0,0,32,0,0,2,1.1,0.3,0.2,4,1,13,18,72.2,1,16,2,1,0,Match Report,13,18,72.2,199,31,6,9,66.7,7,7,100.0,0,1,0.0,1,0.2,0.2,3,1,0,0,1,18,18,0,0,0,0,1,0,0,0,0,0,13,0,1,4,3,0,0,1,0,0,1,1,0,0,0,0,0,32,2,3,7,22,10,31,1,0,0.0,1,100.0,16,103,30,2,0,3,1,3,22,5,0,0,0,0,0,0,0,,0,2,1,1,0,0,1,0,Aston Villa,Ollie-Watkins,aed3a70f
2025-01-04,Sat,Matchweek 20,Home,W 2–1,Aston Villa,Leicester City,Y,FW,90,0,0,0,0,2,0,0,0,18,0,1,0,0.5,0.5,0.2,1,0,8,12,66.7,1,9,0,1,0,Match Report,8,12,66.7,95,19,6,7,85.7,2,3,66.7,0,0,,0,0.2,0.1,1,0,1,0,1,12,12,0,0,0,0,0,0,0,0,0,0,8,0,2,1,1,0,0,0,0,0,0,0,0,0,0,0,0,18,0,0,7,11,5,18,1,0,0.0,1,100.0,9,27,3,0,0,1,0,2,18,6,0,0,0,0,0,0,0,,0,0,0,0,1,1,0,1,Aston Villa,Ollie-Watkins,aed3a70f
2025-01-15,Wed,Matchweek 21,Away,W 1–0,Aston Villa,Everton,Y,FW,90,1,0,0,0,2,1,0,0,23,0,0,1,0.5,0.5,0.2,1,0,11,15,73.3,0,14,2,0,0,Match Report,11,15,73.3,162,24,7,9,77.8,3,5,60.0,1,1,100.0,0,0.2,0.0,1,0,0,0,0,15,15,0,0,0,0,0,0,0,0,0,0,11,0,0,1,1,0,0,0,0,0,0,0,0,0,0,0,0,23,1,3,7,13,4,23,0,0,,0,,14,65,40,2,0,0,1,3,14,5,0,0,0,0,0,0,0,,0,1,0,1,0,0,2,0,Aston Villa,Ollie-Watkins,aed3a70f
2025-01-18,Sat,Matchweek 22,Away,D 2–2,Aston Villa,Arsenal,Y,FW,79,1,0,0,0,3,1,0,0,21,0,0,1,0.6,0.6,0.0,1,1,7,10,70.0,0,10,2,4,1,Match Report,7,10,70.0,100,46,4,5,80.0,3,3,100.0,0,0,,0,0.0,0.0,0,0,0,0,0,10,9,0,0,0,0,0,0,0,0,0,0,7,1,0,1,0,0,0,0,1,0,1,0,0,0,0,1,0,21,2,5,12,6,4,21,4,1,25.0,2,50.0,10,107,60,2,1,1,0,1,12,3,0,0,0,0,0,0,0,,0,1,1,0,0,0,1,0,Aston Villa,Ollie-Watkins,aed3a70f
2025-01-26,Sun,Matchweek 23,Home,D 1–1,Aston Villa,West Ham,Y,FW,65,0,1,0,0,2,1,0,0,16,0,0,0,0.1,0.1,0.3,2,1,12,13,92.3,0,9,1,0,0,Match Report,12,13,92.3,172,17,8,9,88.9,3,3,100.0,1,1,100.0,1,0.3,0.0,2,0,0,0,0,13,13,0,0,0,0,0,0,0,0,0,0,12,0,0,2,2,0,0,0,0,0,1,1,0,0,0,0,0,16,0,1,8,8,3,16,0,0,,0,,9,52,19,1,0,0,0,1,13,2,0,0,0,0,0,0,0,,0,0,0,0,0,0,0,0,Aston Villa,Ollie-Watkins,aed3a70f
2025-02-01,Sat,Matchweek 24,Away,L 0–2,Aston Villa,Wolves,Y,FW,45,0,0,0,0,0,0,0,0,11,0,0,0,0.0,0.0,0.0,0,0,5,7,71.4,0,4,1,0,0,Match Report,5,7,71.4,101,3,1,2,50.0,3,4,75.0,1,1,100.0,0,0.0,0.0,0,1,0,0,0,7,7,0,0,0,0,1,0,0,0,0,0,5,0,0,0,0,0,0,0,0,0,0,0,0,0,0,0,0,11,1,1,5,5,0,11,0,0,,0,,4,17,8,1,0,0,1,1,8,2,0,0,0,0,0,0,0,,0,0,0,0,0,0,1,0,Aston Villa,Ollie-Watkins,aed3a70f
2025-02-15,Sat,Matchweek 25,Home,D 1–1,Aston Villa,Ipswich Town,Y,FW,90,1,0,0,0,4,1,0,0,20,1,0,0,0.8,0.8,0.0,3,0,11,14,78.6,2,12,1,1,1,Match Report,11,14,78.6,126,24,7,8,87.5,2,3,66.7,0,0,,0,0.0,0.0,0,0,2,0,2,14,14,0,0,0,0,0,0,0,0,0,0,11,0,0,3,2,0,1,0,0,0,0,0,0,0,0,0,0,20,0,1,5,14,8,20,1,1,100.0,0,0.0,12,40,10,1,0,0,0,1,15,6,1,1,0,1,0,0,0,,0,0,0,0,0,1,0,0,Aston Villa,Ollie-Watkins,aed3a70f
2025-02-19,Wed,Matchweek 29,Home,D 2–2,Aston Villa,Liverpool,Y,FW,90,1,0,0,0,1,1,0,0,30,0,0,0,0.2,0.2,0.0,1,1,18,23,78.3,2,20,3,1,0,Match Report,18,23,78.3,189,16,11,13,84.6,3,3,100.0,1,2,50.0,0,0.0,0.1,0,0,1,0,2,23,22,1,0,0,0,1,0,0,0,0,0,18,0,0,1,1,0,0,0,0,0,1,1,0,0,0,0,0,30,2,3,14,14,3,30,1,0,0.0,1,100.0,20,89,52,3,2,1,2,2,23,5,0,0,0,0,0,0,1,0.0,1,0,0,0,0,0,1,0,Aston Villa,Ollie-Watkins,aed3a70f
2025-02-22,Sat,Matchweek 26,Home,W 2–1,Aston Villa,Chelsea,Y,FW,77,0,0,0,0,4,2,0,0,21,0,1,0,0.8,0.8,0.0,0,0,6,10,60.0,0,11,3,1,1,Match Report,6,10,60.0,72,0,5,7,71.4,1,2,50.0,0,0,,0,0.0,0.0,0,0,0,0,0,10,10,0,0,0,0,0,0,0,0,0,0,6,0,1,0,0,0,0,0,0,0,0,0,0,0,0,0,0,21,0,2,6,14,7,21,1,1,100.0,0,0.0,11,96,59,3,1,2,3,1,14,3,0,0,0,0,0,0,0,,0,0,0,0,1,1,0,0,Aston Villa,Ollie-Watkins,aed3a70f
2025-02-25,Tue,Matchweek 27,Away,L 1–4,Aston Villa,Crystal Palace,Y,FW,67,0,1,0,0,0,0,0,0,18,0,1,0,0.0,0.0,0.1,1,1,12,15,80.0,1,10,1,1,0,Match Report,12,15,80.0,194,35,7,7,100.0,4,5,80.0,1,1,100.0,1,0.1,0.0,1,0,0,0,1,15,14,0,0,0,1,0,0,0,0,0,0,12,1,1,1,1,0,0,0,0,0,1,1,0,0,0,0,0,18,0,1,4,13,0,18,1,0,0.0,1,100.0,10,39,13,1,1,0,1,2,16,5,0,0,0,0,0,0,0,,0,0,0,0,1,1,0,0,Aston Villa,Ollie-Watkins,aed3a70f
2025-03-08,Sat,Matchweek 28,Away,W 1–0,Aston Villa,Brentford,Y,FW,90,1,0,0,0,4,2,0,0,32,0,0,0,0.6,0.6,0.0,1,0,10,19,52.6,3,13,4,1,0,Match Report,10,19,52.6,143,27,6,10,60.0,3,4,75.0,1,1,100.0,0,0.0,0.0,0,1,0,0,3,19,19,0,0,0,0,0,0,0,0,0,0,10,0,4,1,1,0,0,0,0,0,0,0,0,0,0,0,0,32,4,7,13,13,7,32,1,0,0.0,1,100.0,13,114,99,4,0,3,2,1,22,5,0,0,0,0,0,0,1,0.0,1,0,0,0,0,0,4,1,Aston Villa,Ollie-Watkins,aed3a70f
2025-04-02,Wed,Matchweek 30,Away,W 3–0,Aston Villa,Brighton,N,FW,26,0,0,0,0,0,0,1,0,13,1,0,0,0.0,0.0,0.0,0,0,5,10,50.0,0,4,2,0,0,Match Report,5,10,50.0,62,4,4,7,57.1,1,3,33.3,0,0,,0,0.0,0.0,0,0,0,0,0,10,10,0,0,0,0,0,0,0,0,0,0,5,0,0,0,0,0,0,0,0,0,0,0,0,0,0,0,0,13,1,3,5,5,3,13,0,0,,0,,4,52,43,2,1,2,1,1,6,1,1,1,0,0,1,1,1,100.0,0,0,0,0,0,1,1,0,Aston Villa,Ollie-Watkins,aed3a70f
2025-04-05,Sat,Matchweek 31,Home,W 2–1,Aston Villa,Nott'ham Forest,Y,FW,61,0,0,0,0,0,0,0,0,9,0,0,0,0.0,0.0,0.0,0,0,3,6,50.0,0,5,1,0,0,Match Report,3,6,50.0,18,8,2,4,50.0,0,0,,0,0,,0,0.0,0.0,0,0,0,0,0,6,6,0,0,0,0,0,0,0,0,0,0,3,0,1,0,0,0,0,0,0,0,0,0,0,0,0,0,0,9,0,0,4,5,0,9,0,0,,0,,5,24,17,1,1,0,3,0,8,4,0,0,0,0,0,0,0,,0,0,0,0,0,0,0,0,Aston Villa,Ollie-Watkins,aed3a70f
2025-04-12,Sat,Matchweek 32,Away,W 3–0,Aston Villa,Southampton,N,FW,25,1,0,0,0,1,1,0,0,11,2,0,0,0.3,0.3,0.0,2,0,6,7,85.7,1,4,0,1,0,Match Report,6,7,85.7,111,30,3,4,75.0,2,2,100.0,1,1,100.0,0,0.0,0.0,0,1,0,0,1,7,7,0,0,0,0,0,0,0,0,0,0,6,0,0,2,1,0,0,0,1,0,0,0,0,0,0,0,0,11,0,0,3,8,2,11,1,0,0.0,0,0.0,4,6,5,0,0,0,0,0,7,2,2,1,0,1,1,1,1,100.0,0,0,0,0,0,2,0,0,Aston Villa,Ollie-Watkins,aed3a70f
2025-04-19,Sat,Matchweek 33,Home,W 4–1,Aston Villa,Newcastle Utd,Y,FW,81,1,1,0,0,5,1,0,0,29,0,1,0,0.4,0.4,0.3,3,1,13,16,81.3,4,17,2,1,1,Match Report,13,16,81.3,170,30,8,9,88.9,4,5,80.0,0,0,,1,0.3,0.1,2,0,3,0,4,16,16,0,0,0,0,0,0,0,0,0,0,13,0,0,3,2,0,0,1,0,0,1,1,0,0,0,0,0,29,0,3,11,15,8,29,1,1,100.0,0,0.0,17,130,52,2,1,2,5,2,21,7,0,0,0,0,0,0,1,0.0,1,0,0,0,1,1,0,0,Aston Villa,Ollie-Watkins,aed3a70f
2025-04-22,Tue,Matchweek 34,Away,L 1–2,Aston Villa,Manchester City,N,FW,15,0,0,0,0,0,0,1,0,4,0,0,0,0.0,0.0,0.0,0,0,3,4,75.0,1,2,1,0,0,Match Report,3,4,75.0,25,5,3,3,100.0,0,1,0.0,0,0,,0,0.0,0.0,0,0,1,0,1,4,4,0,0,0,0,0,0,0,0,0,0,3,0,0,0,0,0,0,0,0,0,0,0,0,0,0,0,0,4,0,0,0,4,1,4,0,0,,0,,2,11,2,1,0,1,0,0,4,1,0,0,0,0,0,0,0,,0,0,0,0,0,0,0,0,Aston Villa,Ollie-Watkins,aed3a70f
2025-05-03,Sat,Matchweek 35,Home,W 1–0,Aston Villa,Fulham,Y,FW,70,0,0,0,0,2,1,0,0,16,0,1,0,0.2,0.2,0.1,1,0,7,7,100.0,1,12,2,0,0,Match Report,7,7,100.0,91,15,5,5,100.0,2,2,100.0,0,0,,0,0.1,0.0,1,1,1,0,1,7,7,0,0,0,0,0,0,0,0,0,0,7,0,0,1,1,0,0,0,0,0,0,0,0,0,0,0,0,16,1,2,6,8,2,16,0,0,,0,,12,74,30,2,0,1,2,2,16,5,0,0,0,0,0,0,0,,0,0,0,0,1,1,1,0,Aston Villa,Ollie-Watkins,aed3a70f
2025-05-10,Sat,Matchweek 36,Away,W 1–0,Aston Villa,Bournemouth,Y,FW,90,1,0,0,0,1,1,0,0,24,1,0,0,0.4,0.4,0.0,0,0,8,13,61.5,0,14,2,1,0,Match Report,8,13,61.5,116,31,5,7,71.4,3,6,50.0,0,0,,0,0.0,0.0,0,0,0,0,0,13,13,0,0,0,0,0,0,0,0,0,0,8,0,0,0,0,0,0,0,0,0,0,0,0,0,0,0,0,24,0,2,10,13,3,24,1,0,0.0,1,100.0,14,75,37,2,0,1,6,2,18,4,1,1,0,1,0,0,0,,0,0,0,0,0,1,0,0,Aston Villa,Ollie-Watkins,aed3a70f
2025-05-16,Fri,Matchweek 37,Home,W 2–0,Aston Villa,Tottenham,Y,FW,85,0,1,0,0,3,2,0,0,17,0,0,0,0.2,0.2,0.3,2,1,9,13,69.2,0,7,0,0,0,Match Report,9,13,69.2,122,12,5,8,62.5,3,4,75.0,0,0,,1,0.3,0.4,1,0,0,0,0,13,13,0,0,0,0,0,0,0,0,0,0,9,0,0,2,2,0,0,0,0,0,1,1,0,0,0,0,0,17,0,0,1,16,8,17,0,0,,0,,7,20,1,0,0,0,0,1,15,9,0,0,0,0,0,0,0,,0,0,0,0,0,0,0,0,Aston Villa,Ollie-Watkins,aed3a70f
2025-05-25,Sun,Matchweek 38,Away,L 0–2,Aston Villa,Manchester Utd,Y,FW,90,0,0,0,0,0,0,0,0,18,0,0,0,0.0,0.0,0.0,0,0,6,15,40.0,2,13,1,2,1,Match Report,6,15,40.0,97,19,2,4,50.0,4,8,50.0,0,1,0.0,0,0.0,0.0,0,0,1,0,2,15,15,0,0,1,0,0,0,0,0,0,0,6,0,1,0,0,0,0,0,0,0,0,0,0,0,0,0,0,18,0,0,8,10,2,18,2,1,50.0,1,50.0,13,77,35,1,0,1,1,1,17,4,0,0,0,0,0,0,0,,0,0,0,0,0,0,0,0,Aston Villa,Ollie-Watkins,aed3a70f
2024-08-17,Sat,Matchweek 1,Away,W 2–1,Aston Villa,West Ham,Y,LB,73,0,0,0,0,0,0,0,0,52,2,1,1,0.0,0.0,0.2,1,0,32,45,71.1,1,27,0,0,0,Match Report,32,45,71.1,587,231,16,19,84.2,12,18,66.7,3,4,75.0,0,0.2,0.1,1,1,1,0,1,45,34,11,4,1,1,5,7,0,0,0,0,32,0,3,1,1,0,0,0,0,0,0,0,0,0,0,0,0,52,2,17,20,17,0,52,0,0,,0,,27,146,79,0,0,0,2,0,32,5,2,0,1,0,1,1,2,50.0,1,1,1,0,1,3,1,0,Aston Villa,Lucas-Digne,1b84dbe1
2024-08-24,Sat,Matchweek 2,Home,L 0–2,Aston Villa,Arsenal,Y,LB,75,0,0,0,0,0,0,0,0,38,4,2,0,0.0,0.0,0.0,0,0,20,27,74.1,0,11,0,1,0,Match Report,20,27,74.1,364,128,7,7,100.0,10,12,83.3,2,4,50.0,0,0.0,0.0,0,0,0,0,0,27,19,8,3,0,0,1,5,0,0,0,0,20,0,2,0,0,0,0,0,0,0,0,0,0,0,0,0,0,38,8,22,8,9,0,38,1,0,0.0,1,100.0,11,52,14,0,0,0,0,0,16,1,4,3,3,0,1,3,4,75.0,1,0,0,0,2,6,5,0,Aston Villa,Lucas-Digne,1b84dbe1
2024-08-31,Sat,Matchweek 3,Away,W 2–1,Aston Villa,Leicester City,Y,LB,90,0,1,0,0,0,0,0,0,57,5,2,0,0.0,0.0,0.1,1,1,33,45,73.3,1,26,0,0,0,Match Report,33,45,73.3,519,132,20,22,90.9,10,15,66.7,3,8,37.5,1,0.1,0.1,1,1,3,2,1,45,32,13,1,0,0,6,9,3,3,0,0,33,0,0,1,1,0,0,0,0,0,1,1,0,0,0,0,0,57,1,28,12,17,0,57,0,0,,0,,26,148,39,0,3,0,1,1,32,3,5,3,2,2,1,3,4,75.0,1,0,0,0,2,7,3,0,Aston Villa,Lucas-Digne,1b84dbe1
2024-09-14,Sat,Matchweek 4,Home,W 3–2,Aston Villa,Everton,Y,LB,68,0,1,0,0,0,0,0,0,70,2,0,0,0.0,0.0,0.7,4,1,57,67,85.1,4,37,0,1,1,Match Report,57,67,85.1,870,201,25,29,86.2,29,32,90.6,1,3,33.3,1,0.7,0.7,3,1,3,2,4,67,58,9,0,0,0,8,6,3,3,0,0,57,0,1,4,3,1,0,0,0,0,1,1,0,0,0,0,0,70,1,10,16,44,1,70,1,1,100.0,0,0.0,37,118,36,0,0,0,0,1,47,8,2,2,1,1,0,1,2,50.0,1,0,0,0,0,2,0,0,Aston Villa,Lucas-Digne,1b84dbe1
2024-09-21,Sat,Matchweek 5,Home,W 3–1,Aston Villa,Wolves,Y,LB,45,0,0,0,0,0,0,0,0,27,0,0,2,0.0,0.0,0.0,0,0,18,22,81.8,2,13,0,1,1,Match Report,18,22,81.8,240,85,13,13,100.0,5,7,71.4,0,2,0.0,0,0.0,0.0,0,1,1,0,2,22,17,5,1,0,0,2,2,2,1,0,0,18,0,0,0,0,0,0,0,0,0,0,0,0,0,0,0,0,27,1,1,12,14,0,27,1,1,100.0,0,0.0,13,28,11,0,0,0,0,0,13,1,0,0,0,0,0,0,0,,0,2,0,2,0,0,2,0,Aston Villa,Lucas-Digne,1b84dbe1
2024-09-29,Sun,Matchweek 6,Away,D 2–2,Aston Villa,Ipswich Town,Y,LB,83,0,0,0,0,0,0,1,0,61,3,2,4,0.0,0.0,0.0,0,0,43,50,86.0,2,39,0,0,0,Match Report,43,50,86.0,661,150,23,23,100.0,19,20,95.0,1,4,25.0,0,0.0,0.0,0,3,0,0,2,50,43,7,2,0,0,2,5,0,0,0,0,43,0,3,0,0,0,0,0,0,0,0,0,0,0,0,0,0,61,4,23,17,21,0,61,0,0,,0,,39,152,49,0,0,0,0,1,39,2,3,2,1,2,0,1,4,25.0,3,4,1,3,2,5,2,0,Aston Villa,Lucas-Digne,1b84dbe1
2024-10-06,Sun,Matchweek 7,Home,D 0–0,Aston Villa,Manchester Utd,Y,LB,84,0,0,0,0,1,0,0,0,60,4,2,0,0.0,0.0,0.0,2,0,34,50,68.0,0,32,2,0,0,Match Report,34,50,68.0,584,128,16,18,88.9,17,26,65.4,1,3,33.3,0,0.0,0.1,1,0,1,1,0,50,38,12,4,0,0,8,5,3,1,0,0,34,0,4,2,1,1,0,0,0,0,0,0,0,0,0,0,0,60,4,19,20,21,0,60,0,0,,0,,32,124,63,2,0,0,1,2,26,7,4,4,3,1,0,3,3,100.0,0,0,0,0,2,6,1,0,Aston Villa,Lucas-Digne,1b84dbe1
2024-10-19,Sat,Matchweek 8,Away,W 3–1,Aston Villa,Fulham,Y,LB,90,0,0,0,0,3,1,1,0,48,0,1,2,0.2,0.2,0.0,1,0,29,37,78.4,2,19,2,0,0,Match Report,29,37,78.4,436,124,16,18,88.9,10,13,76.9,3,6,50.0,0,0.0,0.0,0,1,1,0,2,37,33,4,2,0,0,4,2,0,0,0,0,29,0,0,1,0,0,0,1,0,0,0,0,0,0,0,0,0,48,3,11,11,26,4,48,0,0,,0,,19,69,31,2,0,1,0,0,27,7,0,0,0,0,0,0,0,,0,2,1,1,1,1,3,0,Aston Villa,Lucas-Digne,1b84dbe1
2024-10-26,Sat,Matchweek 9,Home,D 1–1,Aston Villa,Bournemouth,Y,LB,70,0,0,0,0,0,0,1,0,39,2,3,0,0.0,0.0,0.3,2,0,29,34,85.3,1,22,0,1,0,Match Report,29,34,85.3,417,116,15,16,93.8,12,15,80.0,1,1,100.0,0,0.3,0.4,2,0,1,1,1,34,28,6,1,0,0,3,5,0,0,0,0,29,0,0,2,1,1,0,0,0,0,0,0,0,0,0,0,0,39,1,9,12,18,1,39,1,0,0.0,1,100.0,22,73,17,0,0,0,0,0,22,8,2,1,1,1,0,2,4,50.0,2,0,0,0,3,5,0,0,Aston Villa,Lucas-Digne,1b84dbe1
2024-11-03,Sun,Matchweek 10,Away,L 1–4,Aston Villa,Tottenham,Y,LB,90,0,0,0,0,1,0,0,0,72,1,1,2,0.0,0.0,0.8,4,0,39,58,67.2,2,39,1,2,0,Match Report,39,58,67.2,700,300,22,25,88.0,11,18,61.1,5,10,50.0,0,0.8,0.2,4,1,3,3,2,58,45,13,0,0,0,8,10,3,2,1,0,39,0,4,4,3,0,0,1,0,0,0,0,0,0,0,0,0,72,5,42,12,18,1,72,2,0,0.0,2,100.0,39,160,87,1,1,0,1,1,42,3,1,0,1,0,0,1,1,100.0,0,2,0,2,1,2,7,0,Aston Villa,Lucas-Digne,1b84dbe1
2024-11-09,Sat,Matchweek 11,Away,L 0–2,Aston Villa,Liverpool,Y,LB,73,0,0,0,0,1,0,0,0,35,1,0,0,0.2,0.2,0.2,3,0,21,28,75.0,0,13,0,1,1,Match Report,21,28,75.0,403,234,9,9,100.0,9,11,81.8,2,6,33.3,0,0.2,0.1,2,0,0,0,0,28,22,6,1,0,0,6,2,3,3,0,0,21,0,0,3,0,3,0,0,0,0,0,0,0,0,0,0,0,35,3,18,6,12,2,35,1,1,100.0,0,0.0,13,44,22,0,0,0,0,0,17,3,1,0,1,0,0,1,1,100.0,0,0,0,0,0,1,5,0,Aston Villa,Lucas-Digne,1b84dbe1
2024-11-23,Sat,Matchweek 12,Home,D 2–2,Aston Villa,Crystal Palace,N,LB,22,0,0,0,0,0,0,0,0,24,1,0,0,0.0,0.0,0.0,0,0,16,22,72.7,0,15,0,1,1,Match Report,16,22,72.7,238,51,8,12,66.7,8,8,100.0,0,0,,0,0.0,0.0,0,2,0,0,0,22,20,2,0,0,0,1,2,0,0,0,0,16,0,1,0,0,0,0,0,0,0,0,0,0,0,0,0,0,24,1,8,8,8,0,24,1,1,100.0,0,0.0,15,46,18,0,0,0,0,0,15,4,1,1,0,0,1,0,0,,0,0,0,0,0,1,1,0,Aston Villa,Lucas-Digne,1b84dbe1
2024-12-01,Sun,Matchweek 13,Away,L 0–3,Aston Villa,Chelsea,Y,LB,90,0,0,0,0,0,0,0,0,41,1,0,0,0.0,0.0,0.0,2,0,27,36,75.0,4,13,2,1,0,Match Report,27,36,75.0,504,194,9,12,75.0,14,15,93.3,2,5,40.0,0,0.0,0.0,1,1,1,1,4,36,27,9,3,0,0,3,5,1,0,1,0,27,0,2,2,2,0,0,0,0,0,0,0,0,0,0,0,0,41,1,18,14,10,1,41,1,0,0.0,1,100.0,13,75,51,2,2,0,0,0,22,2,1,0,1,0,0,1,2,50.0,1,0,0,0,0,1,3,0,Aston Villa,Lucas-Digne,1b84dbe1
2024-12-04,Wed,Matchweek 14,Home,W 3–1,Aston Villa,Brentford,Y,LB,90,0,0,0,0,1,1,0,0,60,2,2,0,0.0,0.0,0.3,7,0,37,51,72.5,0,25,3,1,1,Match Report,37,51,72.5,563,221,20,22,90.9,11,15,73.3,5,9,55.6,0,0.3,0.3,4,0,2,2,0,51,40,11,0,0,0,12,6,5,4,0,0,37,0,2,7,5,1,0,1,0,0,0,0,0,0,0,0,0,60,4,20,18,22,6,60,1,1,100.0,0,0.0,25,146,76,3,0,2,0,0,35,8,2,2,1,0,1,1,2,50.0,1,0,0,0,2,4,3,0,Aston Villa,Lucas-Digne,1b84dbe1
2024-12-07,Sat,Matchweek 15,Home,W 1–0,Aston Villa,Southampton,N,LB,33,0,0,0,0,0,0,0,0,25,2,2,0,0.0,0.0,0.2,4,0,14,24,58.3,2,7,1,0,0,Match Report,14,24,58.3,271,163,5,6,83.3,5,9,55.6,3,7,42.9,0,0.2,0.2,2,2,1,0,2,24,11,13,3,0,0,10,1,9,4,4,0,14,0,0,4,2,2,0,0,0,0,0,0,0,0,0,0,0,25,2,6,7,14,0,25,0,0,,0,,7,28,21,1,1,0,0,0,8,2,2,1,0,1,1,2,2,100.0,0,0,0,0,2,4,2,0,Aston Villa,Lucas-Digne,1b84dbe1
2024-12-14,Sat,Matchweek 16,Away,L 1–2,Aston Villa,Nott'ham Forest,Y,LB,89,0,0,0,0,0,0,0,0,47,1,0,1,0.0,0.0,0.0,1,1,33,41,80.5,2,27,0,1,0,Match Report,33,41,80.5,603,102,12,14,85.7,18,21,85.7,3,5,60.0,0,0.0,0.0,0,1,1,0,2,41,37,4,1,0,0,5,2,1,1,0,0,33,0,0,1,1,0,0,0,0,0,1,1,0,0,0,0,0,47,2,6,16,25,1,47,1,0,0.0,1,100.0,27,110,36,0,1,0,0,2,35,17,1,0,1,0,0,0,0,,0,1,0,1,0,1,2,0,Aston Villa,Lucas-Digne,1b84dbe1
2024-12-21,Sat,Matchweek 17,Home,W 2–1,Aston Villa,Manchester City,Y,LB,90,0,0,0,0,0,0,0,0,57,2,1,1,0.0,0.0,0.1,4,0,36,47,76.6,1,19,1,0,0,Match Report,36,47,76.6,558,108,17,19,89.5,17,20,85.0,1,3,33.3,0,0.1,0.0,2,1,0,0,1,47,36,11,0,0,0,3,8,3,3,0,0,36,0,2,4,1,2,0,0,0,1,0,0,0,0,0,0,0,57,4,24,13,20,1,57,0,0,,0,,19,104,47,1,1,0,2,0,31,4,2,1,2,0,0,2,3,66.7,1,1,0,1,1,3,2,1,Aston Villa,Lucas-Digne,1b84dbe1
2024-12-26,Thu,Matchweek 18,Away,L 0–3,Aston Villa,Newcastle Utd,Y,LB,90,0,0,0,0,1,1,0,0,50,0,1,0,0.0,0.0,0.2,3,0,26,43,60.5,0,16,3,2,2,Match Report,26,43,60.5,409,140,14,16,87.5,11,15,73.3,1,10,10.0,0,0.2,0.3,1,0,1,1,0,43,30,13,2,0,0,10,6,5,3,1,0,26,0,2,3,1,0,1,1,0,0,0,0,0,0,0,0,0,50,5,20,8,22,2,50,2,2,100.0,0,0.0,16,82,42,3,0,0,0,0,23,5,0,0,0,0,0,0,0,,0,0,0,0,1,1,4,0,Aston Villa,Lucas-Digne,1b84dbe1
2024-12-30,Mon,Matchweek 19,Home,D 2–2,Aston Villa,Brighton,Y,LB,82,0,0,0,0,0,0,0,0,57,3,0,1,0.0,0.0,0.1,3,0,39,50,78.0,4,23,1,0,0,Match Report,39,50,78.0,702,296,17,20,85.0,17,19,89.5,5,11,45.5,0,0.1,0.1,2,5,1,1,4,50,45,5,0,0,0,7,2,3,3,0,0,39,0,0,3,2,1,0,0,0,0,0,0,0,0,0,0,0,57,2,15,23,19,3,57,0,0,,0,,23,117,63,1,1,0,2,1,34,6,3,2,0,2,1,3,3,100.0,0,1,0,1,0,3,2,0,Aston Villa,Lucas-Digne,1b84dbe1
2025-01-04,Sat,Matchweek 20,Home,W 2–1,Aston Villa,Leicester City,Y,LB,75,0,0,0,0,1,0,0,0,79,3,3,1,0.0,0.0,0.0,3,1,55,69,79.7,5,46,0,0,0,Match Report,55,69,79.7,861,202,33,35,94.3,21,27,77.8,1,3,33.3,0,0.0,0.0,0,3,1,0,5,69,59,10,1,0,0,5,7,2,1,0,0,55,0,3,3,3,0,0,0,0,0,1,1,0,0,0,0,0,79,0,7,39,33,0,79,0,0,,0,,46,218,110,0,2,0,1,0,47,11,3,1,0,2,1,0,1,0.0,1,1,0,1,3,6,1,0,Aston Villa,Lucas-Digne,1b84dbe1
2025-01-15,Wed,Matchweek 21,Away,W 1–0,Aston Villa,Everton,Y,LB,90,0,0,0,0,1,0,0,0,62,1,1,1,0.1,0.1,0.0,1,0,34,55,61.8,1,33,0,1,1,Match Report,34,55,61.8,510,80,18,24,75.0,13,20,65.0,2,8,25.0,0,0.0,0.0,0,3,0,0,1,55,44,11,2,0,1,3,8,1,1,0,0,34,0,2,1,1,0,0,0,0,0,0,0,0,0,0,0,0,62,3,27,23,15,1,62,1,1,100.0,0,0.0,33,147,39,0,0,0,1,2,32,4,1,1,1,0,0,1,1,100.0,0,1,0,1,1,2,3,0,Aston Villa,Lucas-Digne,1b84dbe1
2025-01-18,Sat,Matchweek 22,Away,D 2–2,Aston Villa,Arsenal,N,LB,45,0,1,0,0,0,0,0,0,27,5,0,1,0.0,0.0,0.2,1,0,11,16,68.8,2,8,0,0,0,Match Report,11,16,68.8,177,98,5,5,100.0,5,6,83.3,1,3,33.3,1,0.2,0.0,1,0,0,0,2,16,14,1,0,0,0,1,1,0,0,0,0,11,1,0,1,1,0,0,0,0,0,0,0,0,0,0,0,0,27,3,19,6,2,0,27,0,0,,0,,8,68,33,0,0,0,0,0,10,0,5,3,5,0,0,3,4,75.0,1,1,1,0,0,5,4,0,Aston Villa,Lucas-Digne,1b84dbe1
2025-01-26,Sun,Matchweek 23,Home,D 1–1,Aston Villa,West Ham,Y,"CB,LB",90,0,0,0,0,2,0,0,0,81,3,1,1,0.1,0.1,0.0,1,0,47,62,75.8,7,32,2,1,0,Match Report,47,62,75.8,747,282,24,27,88.9,21,26,80.8,2,7,28.6,0,0.0,0.1,1,4,2,1,7,62,49,13,3,0,1,3,6,2,2,0,0,47,0,2,1,1,0,0,0,0,0,0,0,0,0,0,0,0,81,11,38,28,15,0,81,1,0,0.0,1,100.0,32,196,126,2,0,0,2,0,36,0,3,1,1,2,0,3,4,75.0,1,1,0,1,1,4,6,0,Aston Villa,Lucas-Digne,1b84dbe1
2025-02-01,Sat,Matchweek 24,Away,L 0–2,Aston Villa,Wolves,Y,LB,45,0,0,0,0,0,0,0,0,44,0,0,0,0.0,0.0,0.0,2,0,22,35,62.9,1,17,1,2,1,Match Report,22,35,62.9,302,88,11,13,84.6,10,15,66.7,0,5,0.0,0,0.0,0.0,1,0,0,0,1,35,26,9,2,0,0,6,1,6,1,3,0,22,0,1,2,0,2,0,0,0,0,0,0,0,0,0,0,0,44,5,14,15,15,0,44,2,1,50.0,0,0.0,17,96,52,1,0,0,0,1,22,5,0,0,0,0,0,0,0,,0,0,0,0,0,0,5,0,Aston Villa,Lucas-Digne,1b84dbe1
2025-02-15,Sat,Matchweek 25,Home,D 1–1,Aston Villa,Ipswich Town,Y,LB,45,0,0,0,0,1,0,0,0,41,0,0,0,0.0,0.0,0.0,2,0,33,39,84.6,0,33,0,0,0,Match Report,33,39,84.6,453,82,19,21,90.5,11,14,78.6,0,1,0.0,0,0.0,0.0,0,2,0,0,0,39,35,4,1,0,0,4,2,1,0,0,0,33,0,0,2,0,2,0,0,0,0,0,0,0,0,0,0,0,41,1,6,14,21,0,41,0,0,,0,,33,93,16,0,1,0,0,2,32,3,0,0,0,0,0,0,0,,0,0,0,0,0,0,1,0,Aston Villa,Lucas-Digne,1b84dbe1
2025-02-19,Wed,Matchweek 29,Home,D 2–2,Aston Villa,Liverpool,Y,LB,77,0,1,0,0,0,0,0,0,40,2,0,3,0.0,0.0,0.3,2,1,24,31,77.4,3,20,0,0,0,Match Report,24,31,77.4,331,191,14,17,82.4,6,7,85.7,1,2,50.0,1,0.3,0.1,2,6,1,1,3,31,25,6,0,0,0,1,6,0,0,0,0,24,0,1,2,2,0,0,0,0,0,1,1,0,0,0,0,0,40,2,13,15,12,0,40,0,0,,0,,20,58,28,0,0,0,1,0,17,2,2,2,2,0,0,2,4,50.0,2,3,0,3,0,2,3,0,Aston Villa,Lucas-Digne,1b84dbe1
2025-02-22,Sat,Matchweek 26,Home,W 2–1,Aston Villa,Chelsea,N,"On matchday squad, but did not play","On matchday squad, but did not play","On matchday squad, but did not play","On matchday squad, but did not play","On matchday squad, but did not play","On matchday squad, but did not play","On matchday squad, but did not play","On matchday squad, but did not play","On matchday squad, but did not play","On matchday squad, but did not play","On matchday squad, but did not play","On matchday squad, but did not play","On matchday squad, but did not play","On matchday squad, but did not play","On matchday squad, but did not play","On matchday squad, but did not play","On matchday squad, but did not play","On matchday squad, but did not play","On matchday squad, but did not play","On matchday squad, but did not play","On matchday squad, but did not play","On matchday squad, but did not play","On matchday squad, but did not play","On matchday squad, but did not play","On matchday squad, but did not play","On matchday squad, but did not play","On matchday squad, but did not play",Match Report,"On matchday squad, but did not play","On matchday squad, but did not play","On matchday squad, but did not play","On matchday squad, but did not play","On matchday squad, but did not play","On matchday squad, but did not play","On matchday squad, but did not play","On matchday squad, but did not play","On matchday squad, but did not play","On matchday squad, but did not play","On matchday squad, but did not play","On matchday squad, but did not play","On matchday squad, but did not play","On matchday squad, but did not play","On matchday squad, but did not play","On matchday squad, but did not play","On matchday squad, but did not play","On matchday squad, but did not play","On matchday squad, but did not play","On matchday squad, but did not play","On matchday squad, but did not play","On matchday squad, but did not play","On matchday squad, but did not play","On matchday squad, but did not play","On matchday squad, but did not play","On matchday squad, but did not play","On matchday squad, but did not play","On matchday squad, but did not play","On matchday squad, but did not play","On matchday squad, but did not play","On matchday squad, but did not play","On matchday squad, but did not play","On matchday squad, but did not play","On matchday squad, but did not play","On matchday squad, but did not play","On matchday squad, but did not play","On matchday squad, but did not play","On matchday squad, but did not play","On matchday squad, but did not play","On matchday squad, but did not play","On matchday squad, but did not play","On matchday squad, but did not play","On matchday squad, but did not play","On matchday squad, but did not play","On matchday squad, but did not play","On matchday squad, but did not play","On matchday squad, but did not play","On matchday squad, but did not play","On matchday squad, but did not play","On matchday squad, but did not play","On matchday squad, but did not play","On matchday squad, but did not play","On matchday squad, but did not play","On matchday squad, but did not play","On matchday squad, but did not play","On matchday squad, but did not play","On matchday squad, but did not play","On matchday squad, but did not play","On matchday squad, but did not play","On matchday squad, but did not play","On matchday squad, but did not play","On matchday squad, but did not play","On matchday squad, but did not play","On matchday squad, but did not play","On matchday squad, but did not play","On matchday squad, but did not play","On matchday squad, but did not play","On matchday squad, but did not play","On matchday squad, but did not play","On matchday squad, but did not play","On matchday squad, but did not play","On matchday squad, but did not play","On matchday squad, but did not play","On matchday squad, but did not play","On matchday squad, but did not play","On matchday squad, but did not play","On matchday squad, but did not play","On matchday squad, but did not play","On matchday squad, but did not play","On matchday squad, but did not play","On matchday squad, but did not play","On matchday squad, but did not play","On matchday squad, but did not play","On matchday squad, but did not play","On matchday squad, but did not play","On matchday squad, but did not play","On matchday squad, but did not play","On matchday squad, but did not play","On matchday squad, but did not play",Aston Villa,Lucas-Digne,1b84dbe1
2025-02-25,Tue,Matchweek 27,Away,L 1–4,Aston Villa,Crystal Palace,Y,LM,77,0,0,0,0,0,0,0,0,46,1,0,1,0.0,0.0,0.1,1,0,32,42,76.2,2,11,1,0,0,Match Report,32,42,76.2,482,178,18,23,78.3,14,16,87.5,0,2,0.0,0,0.1,0.5,1,2,0,0,2,42,33,9,0,0,0,3,8,1,1,0,0,32,0,1,1,0,1,0,0,0,0,0,0,0,0,0,0,0,46,1,11,18,17,4,46,0,0,,0,,11,41,18,1,0,1,2,0,28,8,1,0,1,0,0,1,1,100.0,0,1,0,1,0,1,0,0,Aston Villa,Lucas-Digne,1b84dbe1
2025-03-08,Sat,Matchweek 28,Away,W 1–0,Aston Villa,Brentford,Y,LB,90,0,0,0,0,0,0,0,0,40,4,0,0,0.0,0.0,0.1,3,0,26,33,78.8,2,13,1,0,0,Match Report,26,33,78.8,404,141,18,19,94.7,7,10,70.0,1,2,50.0,0,0.1,0.0,1,0,1,0,2,33,27,5,0,0,0,3,5,0,0,0,0,26,1,1,3,3,0,0,0,0,0,0,0,0,0,0,0,0,40,5,12,14,14,0,40,0,0,,0,,13,38,18,1,1,0,1,1,18,3,4,1,3,1,0,3,4,75.0,1,0,0,0,0,4,3,0,Aston Villa,Lucas-Digne,1b84dbe1
2025-04-02,Wed,Matchweek 30,Away,W 3–0,Aston Villa,Brighton,Y,LB,90,0,0,0,0,0,0,0,0,42,5,0,1,0.0,0.0,0.2,1,0,26,30,86.7,0,16,0,1,0,Match Report,26,30,86.7,442,106,14,15,93.3,10,11,90.9,2,4,50.0,0,0.2,0.1,1,0,1,1,0,30,25,5,3,0,0,3,2,0,0,0,0,26,0,0,1,1,0,0,0,0,0,0,0,0,0,0,0,0,42,1,21,9,12,0,42,1,0,0.0,1,100.0,16,45,11,0,0,0,0,0,20,3,5,3,4,0,1,2,2,100.0,0,1,0,1,0,5,3,0,Aston Villa,Lucas-Digne,1b84dbe1
2025-04-05,Sat,Matchweek 31,Home,W 2–1,Aston Villa,Nott'ham Forest,N,"On matchday squad, but did not play","On matchday squad, but did not play","On matchday squad, but did not play","On matchday squad, but did not play","On matchday squad, but did not play","On matchday squad, but did not play","On matchday squad, but did not play","On matchday squad, but did not play","On matchday squad, but did not play","On matchday squad, but did not play","On matchday squad, but did not play","On matchday squad, but did not play","On matchday squad, but did not play","On matchday squad, but did not play","On matchday squad, but did not play","On matchday squad, but did not play","On matchday squad, but did not play","On matchday squad, but did not play","On matchday squad, but did not play","On matchday squad, but did not play","On matchday squad, but did not play","On matchday squad, but did not play","On matchday squad, but did not play","On matchday squad, but did not play","On matchday squad, but did not play","On matchday squad, but did not play","On matchday squad, but did not play",Match Report,"On matchday squad, but did not play","On matchday squad, but did not play","On matchday squad, but did not play","On matchday squad, but did not play","On matchday squad, but did not play","On matchday squad, but did not play","On matchday squad, but did not play","On matchday squad, but did not play","On matchday squad, but did not play","On matchday squad, but did not play","On matchday squad, but did not play","On matchday squad, but did not play","On matchday squad, but did not play","On matchday squad, but did not play","On matchday squad, but did not play","On matchday squad, but did not play","On matchday squad, but did not play","On matchday squad, but did not play","On matchday squad, but did not play","On matchday squad, but did not play","On matchday squad, but did not play","On matchday squad, but did not play","On matchday squad, but did not play","On matchday squad, but did not play","On matchday squad, but did not play","On matchday squad, but did not play","On matchday squad, but did not play","On matchday squad, but did not play","On matchday squad, but did not play","On matchday squad, but did not play","On matchday squad, but did not play","On matchday squad, but did not play","On matchday squad, but did not play","On matchday squad, but did not play","On matchday squad, but did not play","On matchday squad, but did not play","On matchday squad, but did not play","On matchday squad, but did not play","On matchday squad, but did not play","On matchday squad, but did not play","On matchday squad, but did not play","On matchday squad, but did not play","On matchday squad, but did not play","On matchday squad, but did not play","On matchday squad, but did not play","On matchday squad, but did not play","On matchday squad, but did not play","On matchday squad, but did not play","On matchday squad, but did not play","On matchday squad, but did not play","On matchday squad, but did not play","On matchday squad, but did not play","On matchday squad, but did not play","On matchday squad, but did not play","On matchday squad, but did not play","On matchday squad, but did not play","On matchday squad, but did not play","On matchday squad, but did not play","On matchday squad, but did not play","On matchday squad, but did not play","On matchday squad, but did not play","On matchday squad, but did not play","On matchday squad, but did not play","On matchday squad, but did not play","On matchday squad, but did not play","On matchday squad, but did not play","On matchday squad, but did not play","On matchday squad, but did not play","On matchday squad, but did not play","On matchday squad, but did not play","On matchday squad, but did not play","On matchday squad, but did not play","On matchday squad, but did not play","On matchday squad, but did not play","On matchday squad, but did not play","On matchday squad, but did not play","On matchday squad, but did not play","On matchday squad, but did not play","On matchday squad, but did not play","On matchday squad, but did not play","On matchday squad, but did not play","On matchday squad, but did not play","On matchday squad, but did not play","On matchday squad, but did not play","On matchday squad, but did not play","On matchday squad, but did not play","On matchday squad, but did not play","On matchday squad, but did not play","On matchday squad, but did not play",Aston Villa,Lucas-Digne,1b84dbe1
2025-04-12,Sat,Matchweek 32,Away,W 3–0,Aston Villa,Southampton,N,"On matchday squad, but did not play","On matchday squad, but did not play","On matchday squad, but did not play","On matchday squad, but did not play","On matchday squad, but did not play","On matchday squad, but did not play","On matchday squad, but did not play","On matchday squad, but did not play","On matchday squad, but did not play","On matchday squad, but did not play","On matchday squad, but did not play","On matchday squad, but did not play","On matchday squad, but did not play","On matchday squad, but did not play","On matchday squad, but did not play","On matchday squad, but did not play","On matchday squad, but did not play","On matchday squad, but did not play","On matchday squad, but did not play","On matchday squad, but did not play","On matchday squad, but did not play","On matchday squad, but did not play","On matchday squad, but did not play","On matchday squad, but did not play","On matchday squad, but did not play","On matchday squad, but did not play","On matchday squad, but did not play",Match Report,"On matchday squad, but did not play","On matchday squad, but did not play","On matchday squad, but did not play","On matchday squad, but did not play","On matchday squad, but did not play","On matchday squad, but did not play","On matchday squad, but did not play","On matchday squad, but did not play","On matchday squad, but did not play","On matchday squad, but did not play","On matchday squad, but did not play","On matchday squad, but did not play","On matchday squad, but did not play","On matchday squad, but did not play","On matchday squad, but did not play","On matchday squad, but did not play","On matchday squad, but did not play","On matchday squad, but did not play","On matchday squad, but did not play","On matchday squad, but did not play","On matchday squad, but did not play","On matchday squad, but did not play","On matchday squad, but did not play","On matchday squad, but did not play","On matchday squad, but did not play","On matchday squad, but did not play","On matchday squad, but did not play","On matchday squad, but did not play","On matchday squad, but did not play","On matchday squad, but did not play","On matchday squad, but did not play","On matchday squad, but did not play","On matchday squad, but did not play","On matchday squad, but did not play","On matchday squad, but did not play","On matchday squad, but did not play","On matchday squad, but did not play","On matchday squad, but did not play","On matchday squad, but did not play","On matchday squad, but did not play","On matchday squad, but did not play","On matchday squad, but did not play","On matchday squad, but did not play","On matchday squad, but did not play","On matchday squad, but did not play","On matchday squad, but did not play","On matchday squad, but did not play","On matchday squad, but did not play","On matchday squad, but did not play","On matchday squad, but did not play","On matchday squad, but did not play","On matchday squad, but did not play","On matchday squad, but did not play","On matchday squad, but did not play","On matchday squad, but did not play","On matchday squad, but did not play","On matchday squad, but did not play","On matchday squad, but did not play","On matchday squad, but did not play","On matchday squad, but did not play","On matchday squad, but did not play","On matchday squad, but did not play","On matchday squad, but did not play","On matchday squad, but did not play","On matchday squad, but did not play","On matchday squad, but did not play","On matchday squad, but did not play","On matchday squad, but did not play","On matchday squad, but did not play","On matchday squad, but did not play","On matchday squad, but did not play","On matchday squad, but did not play","On matchday squad, but did not play","On matchday squad, but did not play","On matchday squad, but did not play","On matchday squad, but did not play","On matchday squad, but did not play","On matchday squad, but did not play","On matchday squad, but did not play","On matchday squad, but did not play","On matchday squad, but did not play","On matchday squad, but did not play","On matchday squad, but did not play","On matchday squad, but did not play","On matchday squad, but did not play","On matchday squad, but did not play","On matchday squad, but did not play","On matchday squad, but did not play","On matchday squad, but did not play",Aston Villa,Lucas-Digne,1b84dbe1
2025-04-19,Sat,Matchweek 33,Home,W 4–1,Aston Villa,Newcastle Utd,N,"On matchday squad, but did not play","On matchday squad, but did not play","On matchday squad, but did not play","On matchday squad, but did not play","On matchday squad, but did not play","On matchday squad, but did not play","On matchday squad, but did not play","On matchday squad, but did not play","On matchday squad, but did not play","On matchday squad, but did not play","On matchday squad, but did not play","On matchday squad, but did not play","On matchday squad, but did not play","On matchday squad, but did not play","On matchday squad, but did not play","On matchday squad, but did not play","On matchday squad, but did not play","On matchday squad, but did not play","On matchday squad, but did not play","On matchday squad, but did not play","On matchday squad, but did not play","On matchday squad, but did not play","On matchday squad, but did not play","On matchday squad, but did not play","On matchday squad, but did not play","On matchday squad, but did not play","On matchday squad, but did not play",Match Report,"On matchday squad, but did not play","On matchday squad, but did not play","On matchday squad, but did not play","On matchday squad, but did not play","On matchday squad, but did not play","On matchday squad, but did not play","On matchday squad, but did not play","On matchday squad, but did not play","On matchday squad, but did not play","On matchday squad, but did not play","On matchday squad, but did not play","On matchday squad, but did not play","On matchday squad, but did not play","On matchday squad, but did not play","On matchday squad, but did not play","On matchday squad, but did not play","On matchday squad, but did not play","On matchday squad, but did not play","On matchday squad, but did not play","On matchday squad, but did not play","On matchday squad, but did not play","On matchday squad, but did not play","On matchday squad, but did not play","On matchday squad, but did not play","On matchday squad, but did not play","On matchday squad, but did not play","On matchday squad, but did not play","On matchday squad, but did not play","On matchday squad, but did not play","On matchday squad, but did not play","On matchday squad, but did not play","On matchday squad, but did not play","On matchday squad, but did not play","On matchday squad, but did not play","On matchday squad, but did not play","On matchday squad, but did not play","On matchday squad, but did not play","On matchday squad, but did not play","On matchday squad, but did not play","On matchday squad, but did not play","On matchday squad, but did not play","On matchday squad, but did not play","On matchday squad, but did not play","On matchday squad, but did not play","On matchday squad, but did not play","On matchday squad, but did not play","On matchday squad, but did not play","On matchday squad, but did not play","On matchday squad, but did not play","On matchday squad, but did not play","On matchday squad, but did not play","On matchday squad, but did not play","On matchday squad, but did not play","On matchday squad, but did not play","On matchday squad, but did not play","On matchday squad, but did not play","On matchday squad, but did not play","On matchday squad, but did not play","On matchday squad, but did not play","On matchday squad, but did not play","On matchday squad, but did not play","On matchday squad, but did not play","On matchday squad, but did not play","On matchday squad, but did not play","On matchday squad, but did not play","On matchday squad, but did not play","On matchday squad, but did not play","On matchday squad, but did not play","On matchday squad, but did not play","On matchday squad, but did not play","On matchday squad, but did not play","On matchday squad, but did not play","On matchday squad, but did not play","On matchday squad, but did not play","On matchday squad, but did not play","On matchday squad, but did not play","On matchday squad, but did not play","On matchday squad, but did not play","On matchday squad, but did not play","On matchday squad, but did not play","On matchday squad, but did not play","On matchday squad, but did not play","On matchday squad, but did not play","On matchday squad, but did not play","On matchday squad, but did not play","On matchday squad, but did not play","On matchday squad, but did not play","On matchday squad, but did not play","On matchday squad, but did not play",Aston Villa,Lucas-Digne,1b84dbe1
2025-04-22,Tue,Matchweek 34,Away,L 1–2,Aston Villa,Manchester City,Y,LB,90,0,0,0,0,0,0,1,0,51,2,0,0,0.0,0.0,0.2,4,0,31,43,72.1,3,17,2,1,0,Match Report,31,43,72.1,660,254,12,14,85.7,12,16,75.0,6,8,75.0,0,0.2,0.2,1,2,2,1,3,43,32,11,1,1,1,2,10,0,0,0,0,31,0,4,4,3,1,0,0,0,0,0,0,0,0,0,0,0,51,4,25,15,11,0,51,1,0,0.0,1,100.0,17,119,66,2,0,0,0,0,26,5,2,2,1,1,0,2,4,50.0,2,0,0,0,0,2,5,0,Aston Villa,Lucas-Digne,1b84dbe1
2025-05-03,Sat,Matchweek 35,Home,W 1–0,Aston Villa,Fulham,N,LB,20,0,0,0,0,0,0,0,0,12,1,0,0,0.0,0.0,0.0,0,0,8,8,100.0,1,3,0,0,0,Match Report,8,8,100.0,155,82,2,2,100.0,4,4,100.0,1,1,100.0,0,0.0,0.0,0,0,0,0,1,8,7,1,1,0,0,0,0,0,0,0,0,8,0,0,0,0,0,0,0,0,0,0,0,0,0,0,0,0,12,3,10,0,2,0,12,0,0,,0,,3,11,9,0,0,0,0,1,4,0,1,1,1,0,0,1,2,50.0,1,0,0,0,0,1,3,0,Aston Villa,Lucas-Digne,1b84dbe1
2025-05-10,Sat,Matchweek 36,Away,W 1–0,Aston Villa,Bournemouth,Y,LB,90,0,0,0,0,0,0,0,0,42,2,0,0,0.0,0.0,0.3,3,0,24,37,64.9,2,11,0,0,0,Match Report,24,37,64.9,454,249,11,14,78.6,10,15,66.7,3,8,37.5,0,0.3,0.1,1,1,1,1,2,37,26,11,2,0,0,2,9,0,0,0,0,24,0,0,3,3,0,0,0,0,0,0,0,0,0,0,0,0,42,4,21,8,13,0,42,0,0,,0,,11,31,18,0,0,0,0,0,12,2,2,1,2,0,0,1,2,50.0,1,0,0,0,0,2,4,0,Aston Villa,Lucas-Digne,1b84dbe1
2025-05-16,Fri,Matchweek 37,Home,W 2–0,Aston Villa,Tottenham,N,"On matchday squad, but did not play","On matchday squad, but did not play","On matchday squad, but did not play","On matchday squad, but did not play","On matchday squad, but did not play","On matchday squad, but did not play","On matchday squad, but did not play","On matchday squad, but did not play","On matchday squad, but did not play","On matchday squad, but did not play","On matchday squad, but did not play","On matchday squad, but did not play","On matchday squad, but did not play","On matchday squad, but did not play","On matchday squad, but did not play","On matchday squad, but did not play","On matchday squad, but did not play","On matchday squad, but did not play","On matchday squad, but did not play","On matchday squad, but did not play","On matchday squad, but did not play","On matchday squad, but did not play","On matchday squad, but did not play","On matchday squad, but did not play","On matchday squad, but did not play","On matchday squad, but did not play","On matchday squad, but did not play",Match Report,"On matchday squad, but did not play","On matchday squad, but did not play","On matchday squad, but did not play","On matchday squad, but did not play","On matchday squad, but did not play","On matchday squad, but did not play","On matchday squad, but did not play","On matchday squad, but did not play","On matchday squad, but did not play","On matchday squad, but did not play","On matchday squad, but did not play","On matchday squad, but did not play","On matchday squad, but did not play","On matchday squad, but did not play","On matchday squad, but did not play","On matchday squad, but did not play","On matchday squad, but did not play","On matchday squad, but did not play","On matchday squad, but did not play","On matchday squad, but did not play","On matchday squad, but did not play","On matchday squad, but did not play","On matchday squad, but did not play","On matchday squad, but did not play","On matchday squad, but did not play","On matchday squad, but did not play","On matchday squad, but did not play","On matchday squad, but did not play","On matchday squad, but did not play","On matchday squad, but did not play","On matchday squad, but did not play","On matchday squad, but did not play","On matchday squad, but did not play","On matchday squad, but did not play","On matchday squad, but did not play","On matchday squad, but did not play","On matchday squad, but did not play","On matchday squad, but did not play","On matchday squad, but did not play","On matchday squad, but did not play","On matchday squad, but did not play","On matchday squad, but did not play","On matchday squad, but did not play","On matchday squad, but did not play","On matchday squad, but did not play","On matchday squad, but did not play","On matchday squad, but did not play","On matchday squad, but did not play","On matchday squad, but did not play","On matchday squad, but did not play","On matchday squad, but did not play","On matchday squad, but did not play","On matchday squad, but did not play","On matchday squad, but did not play","On matchday squad, but did not play","On matchday squad, but did not play","On matchday squad, but did not play","On matchday squad, but did not play","On matchday squad, but did not play","On matchday squad, but did not play","On matchday squad, but did not play","On matchday squad, but did not play","On matchday squad, but did not play","On matchday squad, but did not play","On matchday squad, but did not play","On matchday squad, but did not play","On matchday squad, but did not play","On matchday squad, but did not play","On matchday squad, but did not play","On matchday squad, but did not play","On matchday squad, but did not play","On matchday squad, but did not play","On matchday squad, but did not play","On matchday squad, but did not play","On matchday squad, but did not play","On matchday squad, but did not play","On matchday squad, but did not play","On matchday squad, but did not play","On matchday squad, but did not play","On matchday squad, but did not play","On matchday squad, but did not play","On matchday squad, but did not play","On matchday squad, but did not play","On matchday squad, but did not play","On matchday squad, but did not play","On matchday squad, but did not play","On matchday squad, but did not play","On matchday squad, but did not play","On matchday squad, but did not play",Aston Villa,Lucas-Digne,1b84dbe1
2025-05-25,Sun,Matchweek 38,Away,L 0–2,Aston Villa,Manchester Utd,N,"On matchday squad, but did not play","On matchday squad, but did not play","On matchday squad, but did not play","On matchday squad, but did not play","On matchday squad, but did not play","On matchday squad, but did not play","On matchday squad, but did not play","On matchday squad, but did not play","On matchday squad, but did not play","On matchday squad, but did not play","On matchday squad, but did not play","On matchday squad, but did not play","On matchday squad, but did not play","On matchday squad, but did not play","On matchday squad, but did not play","On matchday squad, but did not play","On matchday squad, but did not play","On matchday squad, but did not play","On matchday squad, but did not play","On matchday squad, but did not play","On matchday squad, but did not play","On matchday squad, but did not play","On matchday squad, but did not play","On matchday squad, but did not play","On matchday squad, but did not play","On matchday squad, but did not play","On matchday squad, but did not play",Match Report,"On matchday squad, but did not play","On matchday squad, but did not play","On matchday squad, but did not play","On matchday squad, but did not play","On matchday squad, but did not play","On matchday squad, but did not play","On matchday squad, but did not play","On matchday squad, but did not play","On matchday squad, but did not play","On matchday squad, but did not play","On matchday squad, but did not play","On matchday squad, but did not play","On matchday squad, but did not play","On matchday squad, but did not play","On matchday squad, but did not play","On matchday squad, but did not play","On matchday squad, but did not play","On matchday squad, but did not play","On matchday squad, but did not play","On matchday squad, but did not play","On matchday squad, but did not play","On matchday squad, but did not play","On matchday squad, but did not play","On matchday squad, but did not play","On matchday squad, but did not play","On matchday squad, but did not play","On matchday squad, but did not play","On matchday squad, but did not play","On matchday squad, but did not play","On matchday squad, but did not play","On matchday squad, but did not play","On matchday squad, but did not play","On matchday squad, but did not play","On matchday squad, but did not play","On matchday squad, but did not play","On matchday squad, but did not play","On matchday squad, but did not play","On matchday squad, but did not play","On matchday squad, but did not play","On matchday squad, but did not play","On matchday squad, but did not play","On matchday squad, but did not play","On matchday squad, but did not play","On matchday squad, but did not play","On matchday squad, but did not play","On matchday squad, but did not play","On matchday squad, but did not play","On matchday squad, but did not play","On matchday squad, but did not play","On matchday squad, but did not play","On matchday squad, but did not play","On matchday squad, but did not play","On matchday squad, but did not play","On matchday squad, but did not play","On matchday squad, but did not play","On matchday squad, but did not play","On matchday squad, but did not play","On matchday squad, but did not play","On matchday squad, but did not play","On matchday squad, but did not play","On matchday squad, but did not play","On matchday squad, but did not play","On matchday squad, but did not play","On matchday squad, but did not play","On matchday squad, but did not play","On matchday squad, but did not play","On matchday squad, but did not play","On matchday squad, but did not play","On matchday squad, but did not play","On matchday squad, but did not play","On matchday squad, but did not play","On matchday squad, but did not play","On matchday squad, but did not play","On matchday squad, but did not play","On matchday squad, but did not play","On matchday squad, but did not play","On matchday squad, but did not play","On matchday squad, but did not play","On matchday squad, but did not play","On matchday squad, but did not play","On matchday squad, but did not play","On matchday squad, but did not play","On matchday squad, but did not play","On matchday squad, but did not play","On matchday squad, but did not play","On matchday squad, but did not play","On matchday squad, but did not play","On matchday squad, but did not play","On matchday squad, but did not play",Aston Villa,Lucas-Digne,1b84dbe1
2024-08-17,Sat,Matchweek 1,Away,W 2–1,Aston Villa,West Ham,Y*,LW,61.0,0.0,0.0,0.0,0.0,2.0,0.0,0.0,0.0,24.0,2.0,0.0,0.0,0.3,0.3,0.0,2.0,0.0,12.0,14.0,85.7,1.0,7.0,2.0,0.0,0.0,Match Report,12.0,14.0,85.7,198.0,27.0,6.0,6.0,100.0,5.0,6.0,83.3,1.0,2.0,50.0,0.0,0.0,0.0,0.0,0.0,0.0,0.0,1.0,14.0,14.0,0.0,0.0,0.0,0.0,1.0,0.0,0.0,0.0,0.0,0.0,12.0,0.0,0.0,2.0,1.0,0.0,0.0,1.0,0.0,0.0,0.0,0.0,0.0,0.0,0.0,0.0,0.0,24.0,1.0,1.0,14.0,9.0,5.0,24.0,0.0,0.0,,0.0,,7.0,42.0,28.0,2.0,0.0,0.0,1.0,0.0,14.0,1.0,2.0,1.0,0.0,2.0,0.0,0.0,0.0,,0.0,0.0,0.0,0.0,0.0,2.0,1.0,0.0,Aston Villa,John-McGinn,90f91999
2024-08-24,Sat,Matchweek 2,Home,L 0–2,Aston Villa,Arsenal,Y*,LM,64.0,0.0,0.0,0.0,0.0,0.0,0.0,0.0,0.0,20.0,0.0,0.0,0.0,0.0,0.0,0.0,1.0,0.0,13.0,14.0,92.9,3.0,10.0,1.0,2.0,0.0,Match Report,13.0,14.0,92.9,195.0,115.0,7.0,7.0,100.0,3.0,3.0,100.0,2.0,3.0,66.7,0.0,0.0,0.0,0.0,3.0,0.0,0.0,3.0,14.0,13.0,1.0,1.0,0.0,0.0,0.0,0.0,0.0,0.0,0.0,0.0,13.0,0.0,0.0,1.0,1.0,0.0,0.0,0.0,0.0,0.0,0.0,0.0,0.0,0.0,0.0,0.0,0.0,20.0,0.0,9.0,8.0,4.0,0.0,20.0,2.0,0.0,0.0,1.0,50.0,10.0,52.0,34.0,1.0,0.0,0.0,2.0,0.0,13.0,0.0,0.0,0.0,0.0,0.0,0.0,0.0,0.0,,0.0,0.0,0.0,0.0,0.0,0.0,0.0,0.0,Aston Villa,John-McGinn,90f91999
2024-08-31,Sat,Matchweek 3,Away,W 2–1,Aston Villa,Leicester City,Y*,"RM,LM",90.0,0.0,0.0,0.0,0.0,1.0,0.0,1.0,0.0,42.0,1.0,1.0,0.0,0.1,0.1,0.0,1.0,0.0,21.0,33.0,63.6,1.0,16.0,4.0,2.0,2.0,Match Report,21.0,33.0,63.6,372.0,77.0,11.0,13.0,84.6,8.0,9.0,88.9,2.0,5.0,40.0,0.0,0.0,0.0,0.0,1.0,0.0,0.0,1.0,33.0,32.0,1.0,0.0,0.0,0.0,3.0,0.0,1.0,1.0,0.0,0.0,21.0,0.0,3.0,1.0,1.0,0.0,0.0,0.0,0.0,0.0,0.0,0.0,0.0,0.0,0.0,0.0,0.0,42.0,0.0,6.0,19.0,17.0,4.0,42.0,2.0,2.0,100.0,0.0,0.0,16.0,145.0,76.0,4.0,1.0,1.0,4.0,2.0,33.0,5.0,1.0,1.0,0.0,1.0,0.0,1.0,1.0,100.0,0.0,0.0,0.0,0.0,1.0,2.0,0.0,0.0,Aston Villa,John-McGinn,90f91999
2024-09-14,Sat,Matchweek 4,Home,W 3–2,Aston Villa,Everton,Y*,"RW,RM",89.0,0.0,0.0,0.0,0.0,1.0,0.0,0.0,0.0,49.0,1.0,0.0,2.0,0.1,0.1,0.1,4.0,0.0,35.0,43.0,81.4,4.0,33.0,2.0,3.0,2.0,Match Report,35.0,43.0,81.4,646.0,96.0,11.0,12.0,91.7,21.0,24.0,87.5,3.0,6.0,50.0,0.0,0.1,0.3,1.0,1.0,2.0,0.0,4.0,43.0,39.0,4.0,1.0,1.0,0.0,6.0,2.0,1.0,0.0,1.0,0.0,35.0,0.0,1.0,4.0,3.0,0.0,0.0,1.0,0.0,0.0,0.0,0.0,0.0,0.0,0.0,0.0,0.0,49.0,0.0,4.0,17.0,28.0,2.0,49.0,3.0,2.0,66.7,0.0,0.0,33.0,183.0,59.0,2.0,0.0,1.0,0.0,2.0,40.0,11.0,1.0,1.0,1.0,0.0,0.0,1.0,1.0,100.0,0.0,2.0,0.0,2.0,0.0,1.0,0.0,0.0,Aston Villa,John-McGinn,90f91999
2024-09-21,Sat,Matchweek 5,Home,W 3–1,Aston Villa,Wolves,Y*,RW,45.0,0.0,0.0,0.0,0.0,1.0,0.0,0.0,0.0,19.0,0.0,0.0,1.0,0.0,0.0,0.0,0.0,0.0,13.0,16.0,81.3,4.0,11.0,1.0,0.0,0.0,Match Report,13.0,16.0,81.3,236.0,66.0,4.0,5.0,80.0,9.0,10.0,90.0,0.0,0.0,,0.0,0.0,0.2,0.0,1.0,1.0,0.0,4.0,16.0,16.0,0.0,0.0,1.0,0.0,0.0,0.0,0.0,0.0,0.0,0.0,13.0,0.0,0.0,0.0,0.0,0.0,0.0,0.0,0.0,0.0,0.0,0.0,0.0,0.0,0.0,0.0,0.0,19.0,0.0,2.0,9.0,8.0,0.0,19.0,0.0,0.0,,0.0,,11.0,64.0,41.0,1.0,1.0,0.0,0.0,0.0,12.0,3.0,0.0,0.0,0.0,0.0,0.0,0.0,1.0,0.0,1.0,1.0,0.0,1.0,0.0,0.0,0.0,0.0,Aston Villa,John-McGinn,90f91999
2024-10-19,Sat,Matchweek 8,Away,W 3–1,Aston Villa,Fulham,N,LW,8.0,0.0,0.0,0.0,0.0,0.0,0.0,0.0,0.0,5.0,1.0,0.0,0.0,0.0,0.0,0.0,1.0,0.0,4.0,4.0,100.0,1.0,1.0,0.0,0.0,0.0,Match Report,4.0,4.0,100.0,50.0,15.0,3.0,3.0,100.0,1.0,1.0,100.0,0.0,0.0,,0.0,0.0,0.0,1.0,0.0,1.0,0.0,1.0,4.0,4.0,0.0,0.0,0.0,0.0,0.0,0.0,0.0,0.0,0.0,0.0,4.0,0.0,0.0,1.0,1.0,0.0,0.0,0.0,0.0,0.0,0.0,0.0,0.0,0.0,0.0,0.0,0.0,5.0,0.0,1.0,3.0,1.0,0.0,5.0,0.0,0.0,,0.0,,1.0,3.0,0.0,0.0,0.0,0.0,0.0,0.0,3.0,0.0,1.0,0.0,1.0,0.0,0.0,0.0,0.0,,0.0,0.0,0.0,0.0,0.0,1.0,0.0,0.0,Aston Villa,John-McGinn,90f91999
2024-10-26,Sat,Matchweek 9,Home,D 1–1,Aston Villa,Bournemouth,Y*,RM,70.0,0.0,0.0,0.0,0.0,0.0,0.0,1.0,0.0,22.0,0.0,0.0,1.0,0.0,0.0,0.1,3.0,0.0,14.0,18.0,77.8,3.0,15.0,0.0,1.0,1.0,Match Report,14.0,18.0,77.8,226.0,87.0,4.0,5.0,80.0,8.0,10.0,80.0,1.0,2.0,50.0,0.0,0.1,0.1,1.0,1.0,1.0,0.0,3.0,18.0,17.0,1.0,0.0,0.0,0.0,1.0,0.0,1.0,0.0,0.0,0.0,14.0,0.0,0.0,3.0,2.0,1.0,0.0,0.0,0.0,0.0,0.0,0.0,0.0,0.0,0.0,0.0,0.0,22.0,0.0,1.0,9.0,12.0,2.0,22.0,1.0,1.0,100.0,0.0,0.0,15.0,54.0,21.0,0.0,0.0,0.0,1.0,2.0,16.0,3.0,0.0,0.0,0.0,0.0,0.0,0.0,1.0,0.0,1.0,1.0,0.0,1.0,0.0,0.0,0.0,0.0,Aston Villa,John-McGinn,90f91999
2024-11-03,Sun,Matchweek 10,Away,L 1–4,Aston Villa,Tottenham,Y*,"RW,RM",79.0,0.0,0.0,0.0,0.0,2.0,0.0,0.0,0.0,38.0,2.0,1.0,1.0,0.1,0.1,0.0,2.0,0.0,23.0,25.0,92.0,4.0,19.0,0.0,4.0,1.0,Match Report,23.0,25.0,92.0,405.0,156.0,11.0,12.0,91.7,8.0,8.0,100.0,4.0,4.0,100.0,0.0,0.0,0.0,1.0,3.0,1.0,0.0,4.0,25.0,25.0,0.0,0.0,0.0,0.0,0.0,0.0,0.0,0.0,0.0,0.0,23.0,0.0,1.0,2.0,2.0,0.0,0.0,0.0,0.0,0.0,0.0,0.0,0.0,0.0,0.0,0.0,0.0,38.0,3.0,10.0,22.0,6.0,1.0,38.0,4.0,1.0,25.0,2.0,50.0,19.0,128.0,33.0,0.0,1.0,0.0,0.0,2.0,21.0,3.0,2.0,1.0,1.0,1.0,0.0,2.0,2.0,100.0,0.0,1.0,0.0,1.0,1.0,3.0,1.0,0.0,Aston Villa,John-McGinn,90f91999
2024-11-09,Sat,Matchweek 11,Away,L 0–2,Aston Villa,Liverpool,N,LW,46.0,0.0,0.0,0.0,0.0,1.0,0.0,0.0,0.0,21.0,2.0,0.0,2.0,0.0,0.0,0.2,1.0,0.0,9.0,16.0,56.3,1.0,10.0,2.0,0.0,0.0,Match Report,9.0,16.0,56.3,168.0,52.0,3.0,6.0,50.0,5.0,6.0,83.3,1.0,3.0,33.3,0.0,0.2,0.1,1.0,1.0,1.0,1.0,1.0,16.0,15.0,1.0,1.0,0.0,0.0,6.0,0.0,0.0,0.0,0.0,0.0,9.0,0.0,1.0,1.0,1.0,0.0,0.0,0.0,0.0,0.0,0.0,0.0,0.0,0.0,0.0,0.0,0.0,21.0,1.0,4.0,7.0,10.0,1.0,21.0,0.0,0.0,,0.0,,10.0,52.0,36.0,2.0,1.0,0.0,0.0,1.0,14.0,1.0,2.0,1.0,0.0,2.0,0.0,0.0,1.0,0.0,1.0,2.0,0.0,2.0,0.0,2.0,1.0,0.0,Aston Villa,John-McGinn,90f91999
2024-11-23,Sat,Matchweek 12,Home,D 2–2,Aston Villa,Crystal Palace,Y*,LW,68.0,0.0,1.0,0.0,0.0,3.0,0.0,0.0,0.0,37.0,1.0,0.0,0.0,0.4,0.4,1.1,4.0,1.0,25.0,30.0,83.3,7.0,23.0,0.0,2.0,0.0,Match Report,25.0,30.0,83.3,463.0,208.0,12.0,12.0,100.0,7.0,11.0,63.6,5.0,5.0,100.0,1.0,1.1,0.3,3.0,4.0,4.0,1.0,7.0,30.0,28.0,2.0,1.0,1.0,0.0,2.0,0.0,0.0,0.0,0.0,0.0,25.0,0.0,1.0,4.0,3.0,0.0,0.0,0.0,0.0,1.0,1.0,1.0,0.0,0.0,0.0,0.0,0.0,37.0,0.0,2.0,17.0,18.0,1.0,37.0,2.0,0.0,0.0,0.0,0.0,23.0,131.0,58.0,0.0,1.0,0.0,0.0,2.0,31.0,3.0,1.0,1.0,0.0,0.0,1.0,0.0,0.0,,0.0,0.0,0.0,0.0,0.0,1.0,0.0,0.0,Aston Villa,John-McGinn,90f91999
2024-12-01,Sun,Matchweek 13,Away,L 0–3,Aston Villa,Chelsea,Y*,"LW,LM,FW",90.0,0.0,0.0,0.0,0.0,3.0,0.0,0.0,0.0,31.0,0.0,1.0,1.0,0.2,0.2,0.4,4.0,0.0,17.0,20.0,85.0,3.0,16.0,0.0,0.0,0.0,Match Report,17.0,20.0,85.0,318.0,128.0,6.0,6.0,100.0,8.0,11.0,72.7,3.0,3.0,100.0,0.0,0.4,0.0,1.0,2.0,0.0,0.0,3.0,20.0,19.0,1.0,0.0,0.0,0.0,1.0,1.0,0.0,0.0,0.0,0.0,17.0,0.0,0.0,4.0,3.0,0.0,0.0,0.0,1.0,0.0,0.0,0.0,0.0,0.0,0.0,0.0,0.0,31.0,2.0,11.0,15.0,5.0,3.0,31.0,0.0,0.0,,0.0,,16.0,62.0,4.0,0.0,0.0,0.0,2.0,2.0,27.0,5.0,0.0,0.0,0.0,0.0,0.0,0.0,0.0,,0.0,1.0,0.0,1.0,1.0,1.0,0.0,0.0,Aston Villa,John-McGinn,90f91999
2024-12-04,Wed,Matchweek 14,Home,W 3–1,Aston Villa,Brentford,Y*,AM,87.0,0.0,0.0,0.0,0.0,1.0,0.0,0.0,0.0,25.0,0.0,0.0,0.0,0.1,0.1,0.0,3.0,1.0,13.0,15.0,86.7,2.0,13.0,0.0,1.0,0.0,Match Report,13.0,15.0,86.7,197.0,48.0,9.0,10.0,90.0,4.0,5.0,80.0,0.0,0.0,,0.0,0.0,0.1,1.0,0.0,0.0,0.0,2.0,15.0,12.0,3.0,1.0,0.0,0.0,0.0,0.0,0.0,0.0,0.0,0.0,13.0,0.0,0.0,3.0,3.0,0.0,0.0,0.0,0.0,0.0,1.0,1.0,0.0,0.0,0.0,0.0,0.0,25.0,0.0,2.0,15.0,8.0,4.0,25.0,1.0,0.0,0.0,1.0,100.0,13.0,39.0,16.0,0.0,0.0,0.0,5.0,0.0,14.0,1.0,0.0,0.0,0.0,0.0,0.0,0.0,0.0,,0.0,0.0,0.0,0.0,0.0,0.0,0.0,0.0,Aston Villa,John-McGinn,90f91999
2024-12-07,Sat,Matchweek 15,Home,W 1–0,Aston Villa,Southampton,Y*,AM,90.0,0.0,0.0,0.0,0.0,3.0,2.0,0.0,0.0,41.0,1.0,0.0,0.0,0.4,0.4,0.2,5.0,0.0,24.0,30.0,80.0,7.0,27.0,2.0,2.0,0.0,Match Report,24.0,30.0,80.0,473.0,139.0,12.0,14.0,85.7,7.0,10.0,70.0,5.0,5.0,100.0,0.0,0.2,0.1,2.0,4.0,2.0,2.0,7.0,30.0,29.0,1.0,0.0,0.0,0.0,4.0,0.0,0.0,0.0,0.0,0.0,24.0,0.0,0.0,5.0,4.0,0.0,0.0,1.0,0.0,0.0,0.0,0.0,0.0,0.0,0.0,0.0,0.0,41.0,0.0,3.0,20.0,18.0,5.0,41.0,2.0,0.0,0.0,0.0,0.0,27.0,122.0,57.0,2.0,2.0,0.0,1.0,1.0,32.0,3.0,1.0,1.0,0.0,1.0,0.0,0.0,1.0,0.0,1.0,0.0,0.0,0.0,0.0,1.0,0.0,0.0,Aston Villa,John-McGinn,90f91999
2024-12-14,Sat,Matchweek 16,Away,L 1–2,Aston Villa,Nott'ham Forest,Y*,LW,90.0,0.0,1.0,0.0,0.0,1.0,0.0,0.0,0.0,38.0,2.0,1.0,1.0,0.0,0.0,0.1,4.0,1.0,23.0,29.0,79.3,7.0,23.0,1.0,2.0,1.0,Match Report,23.0,29.0,79.3,453.0,166.0,10.0,11.0,90.9,10.0,14.0,71.4,3.0,3.0,100.0,1.0,0.1,0.4,4.0,2.0,4.0,1.0,7.0,29.0,27.0,2.0,1.0,0.0,0.0,5.0,0.0,1.0,1.0,0.0,0.0,23.0,0.0,1.0,4.0,2.0,2.0,0.0,0.0,0.0,0.0,1.0,1.0,0.0,0.0,0.0,0.0,0.0,38.0,0.0,1.0,15.0,23.0,5.0,38.0,2.0,1.0,50.0,1.0,50.0,23.0,102.0,49.0,1.0,1.0,0.0,3.0,0.0,25.0,7.0,2.0,2.0,1.0,0.0,1.0,0.0,0.0,,0.0,1.0,0.0,1.0,1.0,3.0,0.0,0.0,Aston Villa,John-McGinn,90f91999
2024-12-21,Sat,Matchweek 17,Home,W 2–1,Aston Villa,Manchester City,Y*,RW,90.0,0.0,1.0,0.0,0.0,0.0,0.0,1.0,0.0,26.0,2.0,0.0,0.0,0.0,0.0,0.3,4.0,1.0,18.0,22.0,81.8,3.0,15.0,4.0,1.0,0.0,Match Report,18.0,22.0,81.8,281.0,63.0,10.0,10.0,100.0,7.0,9.0,77.8,1.0,3.0,33.3,1.0,0.3,0.2,4.0,1.0,3.0,0.0,3.0,22.0,22.0,0.0,0.0,3.0,0.0,1.0,0.0,0.0,0.0,0.0,0.0,18.0,0.0,0.0,4.0,4.0,0.0,0.0,0.0,0.0,0.0,1.0,1.0,0.0,0.0,0.0,0.0,0.0,26.0,0.0,4.0,14.0,8.0,1.0,26.0,1.0,0.0,0.0,1.0,100.0,15.0,131.0,78.0,4.0,1.0,1.0,1.0,0.0,20.0,3.0,2.0,1.0,0.0,1.0,1.0,0.0,2.0,0.0,2.0,0.0,0.0,0.0,0.0,2.0,0.0,0.0,Aston Villa,John-McGinn,90f91999
2024-12-26,Thu,Matchweek 18,Away,L 0–3,Aston Villa,Newcastle Utd,Y*,"RM,RW,LM",79.0,0.0,0.0,0.0,0.0,0.0,0.0,0.0,0.0,22.0,0.0,0.0,0.0,0.0,0.0,0.0,1.0,0.0,11.0,17.0,64.7,2.0,13.0,0.0,2.0,0.0,Match Report,11.0,17.0,64.7,181.0,42.0,3.0,5.0,60.0,6.0,9.0,66.7,1.0,1.0,100.0,0.0,0.0,0.0,0.0,1.0,0.0,0.0,2.0,17.0,15.0,2.0,1.0,0.0,0.0,1.0,0.0,1.0,0.0,0.0,0.0,11.0,0.0,0.0,1.0,0.0,0.0,0.0,0.0,1.0,0.0,0.0,0.0,0.0,0.0,0.0,0.0,0.0,22.0,1.0,6.0,10.0,7.0,0.0,22.0,2.0,0.0,0.0,1.0,50.0,13.0,63.0,30.0,0.0,0.0,0.0,2.0,0.0,16.0,2.0,0.0,0.0,0.0,0.0,0.0,0.0,1.0,0.0,1.0,0.0,0.0,0.0,0.0,0.0,0.0,1.0,Aston Villa,John-McGinn,90f91999
2024-12-30,Mon,Matchweek 19,Home,D 2–2,Aston Villa,Brighton,Y*,AM,90.0,0.0,0.0,0.0,0.0,0.0,0.0,0.0,0.0,47.0,1.0,0.0,1.0,0.0,0.0,0.0,4.0,0.0,32.0,39.0,82.1,3.0,22.0,2.0,4.0,3.0,Match Report,32.0,39.0,82.1,443.0,108.0,19.0,21.0,90.5,10.0,12.0,83.3,2.0,5.0,40.0,0.0,0.0,0.1,1.0,4.0,1.0,0.0,3.0,39.0,33.0,6.0,1.0,0.0,0.0,5.0,0.0,3.0,1.0,2.0,0.0,32.0,0.0,0.0,4.0,3.0,1.0,0.0,0.0,0.0,0.0,0.0,0.0,0.0,0.0,0.0,0.0,0.0,47.0,0.0,7.0,31.0,11.0,1.0,47.0,4.0,3.0,75.0,1.0,25.0,22.0,111.0,53.0,2.0,3.0,1.0,2.0,0.0,23.0,6.0,1.0,1.0,0.0,1.0,0.0,1.0,1.0,100.0,0.0,1.0,0.0,1.0,0.0,1.0,0.0,0.0,Aston Villa,John-McGinn,90f91999
2025-01-04,Sat,Matchweek 20,Home,W 2–1,Aston Villa,Leicester City,Y*,LW,18.0,0.0,0.0,0.0,0.0,0.0,0.0,0.0,0.0,11.0,0.0,0.0,0.0,0.0,0.0,0.0,0.0,0.0,8.0,10.0,80.0,1.0,9.0,1.0,1.0,0.0,Match Report,8.0,10.0,80.0,168.0,58.0,4.0,4.0,100.0,1.0,1.0,100.0,3.0,4.0,75.0,0.0,0.0,0.0,0.0,1.0,2.0,2.0,1.0,10.0,10.0,0.0,0.0,0.0,0.0,4.0,0.0,0.0,0.0,0.0,0.0,8.0,0.0,1.0,0.0,0.0,0.0,0.0,0.0,0.0,0.0,0.0,0.0,0.0,0.0,0.0,0.0,0.0,11.0,0.0,0.0,5.0,6.0,0.0,11.0,1.0,0.0,0.0,1.0,100.0,9.0,56.0,21.0,1.0,0.0,0.0,0.0,0.0,11.0,2.0,0.0,0.0,0.0,0.0,0.0,0.0,0.0,,0.0,0.0,0.0,0.0,0.0,0.0,0.0,0.0,Aston Villa,John-McGinn,90f91999
2025-01-26,Sun,Matchweek 23,Home,D 1–1,Aston Villa,West Ham,N,AM,18.0,0.0,0.0,0.0,0.0,0.0,0.0,0.0,0.0,8.0,0.0,0.0,0.0,0.0,0.0,0.0,1.0,0.0,6.0,7.0,85.7,1.0,5.0,0.0,0.0,0.0,Match Report,6.0,7.0,85.7,111.0,28.0,0.0,1.0,0.0,6.0,6.0,100.0,0.0,0.0,,0.0,0.0,0.0,0.0,1.0,0.0,0.0,1.0,7.0,7.0,0.0,0.0,0.0,0.0,0.0,0.0,0.0,0.0,0.0,0.0,6.0,0.0,0.0,1.0,1.0,0.0,0.0,0.0,0.0,0.0,0.0,0.0,0.0,0.0,0.0,0.0,0.0,8.0,0.0,0.0,7.0,1.0,0.0,8.0,0.0,0.0,,0.0,,5.0,20.0,6.0,0.0,0.0,0.0,0.0,2.0,9.0,3.0,0.0,0.0,0.0,0.0,0.0,0.0,0.0,,0.0,0.0,0.0,0.0,0.0,0.0,0.0,0.0,Aston Villa,John-McGinn,90f91999
2025-02-01,Sat,Matchweek 24,Away,L 0–2,Aston Villa,Wolves,Y*,AM,90.0,0.0,0.0,0.0,0.0,1.0,0.0,1.0,0.0,57.0,0.0,1.0,0.0,0.0,0.0,0.0,2.0,0.0,44.0,49.0,89.8,4.0,27.0,0.0,3.0,1.0,Match Report,44.0,49.0,89.8,645.0,103.0,24.0,25.0,96.0,17.0,18.0,94.4,2.0,5.0,40.0,0.0,0.0,0.0,0.0,2.0,0.0,0.0,4.0,49.0,44.0,5.0,4.0,0.0,0.0,2.0,0.0,0.0,0.0,0.0,0.0,44.0,0.0,0.0,2.0,2.0,0.0,0.0,0.0,0.0,0.0,0.0,0.0,0.0,0.0,0.0,0.0,0.0,57.0,1.0,3.0,43.0,12.0,2.0,57.0,3.0,1.0,33.3,1.0,33.3,27.0,109.0,33.0,0.0,0.0,0.0,1.0,1.0,44.0,0.0,0.0,0.0,0.0,0.0,0.0,0.0,0.0,,0.0,0.0,0.0,0.0,1.0,1.0,1.0,0.0,Aston Villa,John-McGinn,90f91999
2025-02-15,Sat,Matchweek 25,Home,D 1–1,Aston Villa,Ipswich Town,Y*,DM,90.0,0.0,0.0,0.0,0.0,1.0,0.0,0.0,0.0,87.0,2.0,2.0,0.0,0.1,0.1,0.0,2.0,0.0,73.0,80.0,91.3,9.0,58.0,2.0,1.0,1.0,Match Report,73.0,80.0,91.3,1213.0,241.0,32.0,34.0,94.1,34.0,36.0,94.4,3.0,6.0,50.0,0.0,0.0,0.1,1.0,11.0,1.0,0.0,9.0,80.0,79.0,1.0,1.0,0.0,1.0,0.0,0.0,0.0,0.0,0.0,0.0,73.0,0.0,0.0,2.0,2.0,0.0,0.0,0.0,0.0,0.0,0.0,0.0,0.0,0.0,0.0,0.0,0.0,87.0,1.0,9.0,55.0,24.0,2.0,87.0,1.0,1.0,100.0,0.0,0.0,58.0,198.0,107.0,2.0,3.0,0.0,1.0,0.0,67.0,2.0,2.0,1.0,1.0,1.0,0.0,2.0,5.0,40.0,3.0,0.0,0.0,0.0,2.0,4.0,1.0,0.0,Aston Villa,John-McGinn,90f91999
2025-02-19,Wed,Matchweek 29,Home,D 2–2,Aston Villa,Liverpool,Y*,DM,85.0,0.0,0.0,0.0,0.0,0.0,0.0,0.0,0.0,49.0,3.0,1.0,0.0,0.0,0.0,0.1,2.0,0.0,37.0,43.0,86.0,2.0,29.0,1.0,1.0,0.0,Match Report,37.0,43.0,86.0,480.0,81.0,24.0,26.0,92.3,11.0,13.0,84.6,0.0,2.0,0.0,0.0,0.1,0.1,1.0,4.0,0.0,0.0,2.0,43.0,40.0,3.0,1.0,0.0,0.0,1.0,0.0,2.0,1.0,0.0,0.0,37.0,0.0,0.0,2.0,1.0,1.0,0.0,0.0,0.0,0.0,0.0,0.0,0.0,0.0,0.0,0.0,0.0,49.0,5.0,10.0,32.0,7.0,1.0,49.0,1.0,0.0,0.0,1.0,100.0,29.0,127.0,64.0,1.0,0.0,0.0,0.0,1.0,31.0,0.0,3.0,2.0,2.0,0.0,1.0,1.0,1.0,100.0,0.0,0.0,0.0,0.0,1.0,4.0,1.0,1.0,Aston Villa,John-McGinn,90f91999
2025-02-22,Sat,Matchweek 26,Home,W 2–1,Aston Villa,Chelsea,Y*,DM,90.0,0.0,0.0,0.0,0.0,1.0,0.0,1.0,0.0,58.0,4.0,0.0,0.0,0.0,0.0,0.0,3.0,1.0,46.0,51.0,90.2,3.0,40.0,0.0,2.0,2.0,Match Report,46.0,51.0,90.2,784.0,178.0,21.0,23.0,91.3,23.0,24.0,95.8,2.0,4.0,50.0,0.0,0.0,0.0,0.0,4.0,1.0,0.0,3.0,51.0,46.0,5.0,5.0,0.0,0.0,0.0,0.0,0.0,0.0,0.0,0.0,46.0,0.0,0.0,3.0,3.0,0.0,0.0,0.0,0.0,0.0,1.0,1.0,0.0,0.0,0.0,0.0,0.0,58.0,2.0,13.0,36.0,10.0,0.0,58.0,2.0,2.0,100.0,0.0,0.0,40.0,201.0,54.0,0.0,0.0,0.0,1.0,1.0,42.0,0.0,4.0,2.0,0.0,2.0,2.0,1.0,2.0,50.0,1.0,0.0,0.0,0.0,0.0,4.0,1.0,0.0,Aston Villa,John-McGinn,90f91999
2025-02-25,Tue,Matchweek 27,Away,L 1–4,Aston Villa,Crystal Palace,Y*,CM,90.0,0.0,0.0,0.0,0.0,0.0,0.0,0.0,0.0,64.0,2.0,3.0,1.0,0.0,0.0,0.0,2.0,0.0,43.0,52.0,82.7,4.0,27.0,1.0,5.0,2.0,Match Report,43.0,52.0,82.7,761.0,160.0,18.0,20.0,90.0,21.0,21.0,100.0,4.0,6.0,66.7,0.0,0.0,0.0,1.0,2.0,1.0,0.0,4.0,52.0,47.0,4.0,4.0,0.0,0.0,1.0,0.0,0.0,0.0,0.0,0.0,43.0,1.0,2.0,2.0,2.0,0.0,0.0,0.0,0.0,0.0,0.0,0.0,0.0,0.0,0.0,0.0,0.0,64.0,4.0,18.0,36.0,11.0,2.0,64.0,5.0,2.0,40.0,1.0,20.0,27.0,152.0,47.0,1.0,0.0,1.0,1.0,1.0,41.0,0.0,2.0,2.0,1.0,1.0,0.0,1.0,1.0,100.0,0.0,1.0,0.0,1.0,3.0,5.0,3.0,0.0,Aston Villa,John-McGinn,90f91999
2025-03-08,Sat,Matchweek 28,Away,W 1–0,Aston Villa,Brentford,Y*,DM,60.0,0.0,0.0,0.0,0.0,0.0,0.0,1.0,0.0,28.0,0.0,0.0,3.0,0.0,0.0,0.0,2.0,0.0,18.0,23.0,78.3,3.0,14.0,0.0,1.0,0.0,Match Report,18.0,23.0,78.3,290.0,86.0,10.0,11.0,90.9,6.0,6.0,100.0,2.0,6.0,33.3,0.0,0.0,0.0,0.0,2.0,0.0,0.0,3.0,23.0,21.0,2.0,0.0,0.0,0.0,2.0,0.0,2.0,2.0,0.0,0.0,18.0,0.0,0.0,2.0,1.0,0.0,0.0,0.0,1.0,0.0,0.0,0.0,0.0,0.0,0.0,0.0,0.0,28.0,1.0,4.0,17.0,7.0,0.0,28.0,1.0,0.0,0.0,0.0,0.0,14.0,51.0,16.0,0.0,0.0,0.0,1.0,1.0,18.0,0.0,0.0,0.0,0.0,0.0,0.0,0.0,0.0,,0.0,3.0,0.0,3.0,0.0,0.0,1.0,1.0,Aston Villa,John-McGinn,90f91999
2025-04-02,Wed,Matchweek 30,Away,W 3–0,Aston Villa,Brighton,Y*,"AM,LW",90.0,0.0,0.0,0.0,0.0,1.0,0.0,0.0,0.0,35.0,0.0,0.0,2.0,0.2,0.2,0.1,3.0,1.0,24.0,27.0,88.9,3.0,19.0,1.0,2.0,1.0,Match Report,24.0,27.0,88.9,480.0,138.0,12.0,12.0,100.0,8.0,9.0,88.9,4.0,4.0,100.0,0.0,0.1,0.1,1.0,3.0,0.0,0.0,3.0,27.0,26.0,1.0,0.0,0.0,0.0,0.0,0.0,0.0,0.0,0.0,0.0,24.0,0.0,1.0,3.0,2.0,0.0,0.0,0.0,1.0,0.0,1.0,1.0,0.0,0.0,0.0,0.0,0.0,35.0,0.0,12.0,15.0,9.0,2.0,35.0,2.0,1.0,50.0,0.0,0.0,19.0,91.0,47.0,1.0,1.0,0.0,2.0,2.0,24.0,2.0,0.0,0.0,0.0,0.0,0.0,0.0,0.0,,0.0,2.0,1.0,1.0,0.0,0.0,1.0,0.0,Aston Villa,John-McGinn,90f91999
2025-04-05,Sat,Matchweek 31,Home,W 2–1,Aston Villa,Nott'ham Forest,N,AM,18.0,0.0,0.0,0.0,0.0,0.0,0.0,0.0,0.0,12.0,0.0,0.0,0.0,0.0,0.0,0.5,1.0,0.0,7.0,10.0,70.0,1.0,7.0,0.0,1.0,0.0,Match Report,7.0,10.0,70.0,119.0,52.0,6.0,6.0,100.0,0.0,1.0,0.0,1.0,3.0,33.3,0.0,0.5,0.2,1.0,1.0,0.0,0.0,1.0,10.0,9.0,1.0,0.0,1.0,1.0,2.0,0.0,1.0,1.0,0.0,0.0,7.0,0.0,0.0,1.0,1.0,0.0,0.0,0.0,0.0,0.0,0.0,0.0,0.0,0.0,0.0,0.0,0.0,12.0,0.0,0.0,5.0,7.0,2.0,12.0,1.0,0.0,0.0,0.0,0.0,7.0,33.0,9.0,0.0,0.0,0.0,1.0,1.0,8.0,0.0,0.0,0.0,0.0,0.0,0.0,0.0,0.0,,0.0,0.0,0.0,0.0,0.0,0.0,0.0,0.0,Aston Villa,John-McGinn,90f91999
2025-04-12,Sat,Matchweek 32,Away,W 3–0,Aston Villa,Southampton,N,LW,6.0,1.0,0.0,0.0,0.0,1.0,1.0,1.0,0.0,3.0,0.0,0.0,0.0,0.3,0.0,0.0,1.0,0.0,2.0,2.0,100.0,0.0,1.0,0.0,0.0,0.0,Match Report,2.0,2.0,100.0,28.0,0.0,1.0,1.0,100.0,1.0,1.0,100.0,0.0,0.0,,0.0,0.0,0.0,0.0,0.0,0.0,0.0,0.0,2.0,2.0,0.0,0.0,0.0,0.0,0.0,0.0,0.0,0.0,0.0,0.0,2.0,0.0,0.0,1.0,0.0,0.0,0.0,0.0,1.0,0.0,0.0,0.0,0.0,0.0,0.0,0.0,0.0,3.0,0.0,0.0,2.0,1.0,1.0,3.0,0.0,0.0,,0.0,,1.0,0.0,0.0,0.0,0.0,0.0,0.0,0.0,2.0,0.0,0.0,0.0,0.0,0.0,0.0,0.0,1.0,0.0,1.0,0.0,0.0,0.0,0.0,0.0,0.0,0.0,Aston Villa,John-McGinn,90f91999
2025-04-19,Sat,Matchweek 33,Home,W 4–1,Aston Villa,Newcastle Utd,Y*,"RW,LW",71.0,0.0,0.0,0.0,0.0,2.0,2.0,0.0,0.0,35.0,3.0,2.0,4.0,0.4,0.4,0.0,3.0,0.0,16.0,22.0,72.7,2.0,16.0,3.0,0.0,0.0,Match Report,16.0,22.0,72.7,215.0,51.0,10.0,10.0,100.0,5.0,7.0,71.4,0.0,2.0,0.0,0.0,0.0,0.0,1.0,0.0,1.0,0.0,2.0,22.0,21.0,1.0,0.0,0.0,0.0,2.0,0.0,1.0,0.0,0.0,0.0,16.0,0.0,1.0,3.0,2.0,0.0,0.0,1.0,0.0,0.0,0.0,0.0,0.0,0.0,0.0,0.0,0.0,35.0,4.0,6.0,15.0,14.0,4.0,35.0,0.0,0.0,,0.0,,16.0,131.0,62.0,3.0,0.0,1.0,0.0,1.0,20.0,2.0,3.0,3.0,2.0,0.0,1.0,1.0,4.0,25.0,3.0,4.0,1.0,3.0,2.0,5.0,0.0,0.0,Aston Villa,John-McGinn,90f91999
2025-04-22,Tue,Matchweek 34,Away,L 1–2,Aston Villa,Manchester City,N,LW,30.0,0.0,0.0,0.0,0.0,0.0,0.0,0.0,0.0,11.0,1.0,1.0,0.0,0.0,0.0,0.0,0.0,0.0,4.0,6.0,66.7,1.0,4.0,0.0,0.0,0.0,Match Report,4.0,6.0,66.7,76.0,10.0,1.0,1.0,100.0,3.0,3.0,100.0,0.0,0.0,,0.0,0.0,0.0,0.0,0.0,0.0,0.0,1.0,6.0,6.0,0.0,0.0,0.0,0.0,0.0,0.0,0.0,0.0,0.0,0.0,4.0,0.0,1.0,0.0,0.0,0.0,0.0,0.0,0.0,0.0,0.0,0.0,0.0,0.0,0.0,0.0,0.0,11.0,1.0,5.0,1.0,5.0,1.0,11.0,0.0,0.0,,0.0,,4.0,18.0,3.0,0.0,0.0,0.0,1.0,0.0,6.0,2.0,1.0,1.0,0.0,0.0,1.0,0.0,0.0,,0.0,0.0,0.0,0.0,1.0,2.0,2.0,0.0,Aston Villa,John-McGinn,90f91999
2025-05-03,Sat,Matchweek 35,Home,W 1–0,Aston Villa,Fulham,Y*,"RW,LW",60.0,0.0,1.0,0.0,0.0,0.0,0.0,0.0,0.0,34.0,0.0,0.0,1.0,0.0,0.0,0.1,2.0,1.0,23.0,31.0,74.2,6.0,17.0,1.0,1.0,1.0,Match Report,23.0,31.0,74.2,475.0,181.0,9.0,10.0,90.0,10.0,12.0,83.3,4.0,8.0,50.0,1.0,0.1,0.1,2.0,6.0,0.0,0.0,6.0,31.0,27.0,4.0,1.0,2.0,0.0,4.0,0.0,3.0,2.0,0.0,0.0,23.0,0.0,1.0,2.0,1.0,1.0,0.0,0.0,0.0,0.0,1.0,0.0,1.0,0.0,0.0,0.0,0.0,34.0,1.0,4.0,18.0,12.0,0.0,34.0,1.0,1.0,100.0,0.0,0.0,17.0,115.0,52.0,1.0,0.0,0.0,0.0,0.0,23.0,2.0,0.0,0.0,0.0,0.0,0.0,0.0,1.0,0.0,1.0,1.0,0.0,1.0,0.0,0.0,2.0,0.0,Aston Villa,John-McGinn,90f91999
2025-05-10,Sat,Matchweek 36,Away,W 1–0,Aston Villa,Bournemouth,N,"AM,LW,RW",21.0,0.0,0.0,0.0,0.0,0.0,0.0,0.0,0.0,8.0,0.0,0.0,0.0,0.0,0.0,0.0,0.0,0.0,3.0,5.0,60.0,3.0,4.0,0.0,1.0,0.0,Match Report,3.0,5.0,60.0,91.0,69.0,0.0,0.0,,1.0,2.0,50.0,2.0,3.0,66.7,0.0,0.0,0.0,0.0,1.0,1.0,0.0,3.0,5.0,4.0,1.0,1.0,0.0,0.0,0.0,0.0,0.0,0.0,0.0,0.0,3.0,0.0,0.0,0.0,0.0,0.0,0.0,0.0,0.0,0.0,0.0,0.0,0.0,0.0,0.0,0.0,0.0,8.0,1.0,1.0,3.0,4.0,0.0,8.0,1.0,0.0,0.0,1.0,100.0,4.0,14.0,8.0,0.0,0.0,0.0,1.0,1.0,4.0,1.0,0.0,0.0,0.0,0.0,0.0,0.0,2.0,0.0,2.0,0.0,0.0,0.0,0.0,0.0,1.0,0.0,Aston Villa,John-McGinn,90f91999
2025-05-16,Fri,Matchweek 37,Home,W 2–0,Aston Villa,Tottenham,Y*,LW,89.0,0.0,0.0,0.0,0.0,3.0,0.0,0.0,0.0,41.0,2.0,0.0,1.0,0.1,0.1,0.1,8.0,1.0,28.0,34.0,82.4,4.0,21.0,1.0,2.0,2.0,Match Report,28.0,34.0,82.4,432.0,181.0,16.0,17.0,94.1,8.0,8.0,100.0,3.0,6.0,50.0,0.0,0.1,0.1,2.0,3.0,1.0,1.0,4.0,34.0,30.0,4.0,1.0,0.0,0.0,4.0,0.0,3.0,1.0,1.0,0.0,28.0,0.0,2.0,8.0,4.0,3.0,1.0,0.0,0.0,0.0,1.0,0.0,1.0,0.0,0.0,0.0,0.0,41.0,0.0,1.0,15.0,26.0,4.0,41.0,2.0,2.0,100.0,0.0,0.0,21.0,89.0,48.0,1.0,1.0,1.0,1.0,2.0,28.0,11.0,2.0,2.0,0.0,1.0,1.0,2.0,2.0,100.0,0.0,1.0,0.0,1.0,0.0,2.0,0.0,0.0,Aston Villa,John-McGinn,90f91999
2025-05-25,Sun,Matchweek 38,Away,L 0–2,Aston Villa,Manchester Utd,Y*,LW,61.0,0.0,0.0,0.0,0.0,2.0,0.0,0.0,0.0,24.0,0.0,0.0,0.0,0.1,0.1,0.0,0.0,0.0,10.0,17.0,58.8,0.0,9.0,0.0,0.0,0.0,Match Report,10.0,17.0,58.8,134.0,33.0,7.0,8.0,87.5,3.0,6.0,50.0,0.0,2.0,0.0,0.0,0.0,0.0,0.0,0.0,0.0,0.0,0.0,17.0,13.0,4.0,1.0,0.0,0.0,2.0,1.0,2.0,1.0,1.0,0.0,10.0,0.0,0.0,0.0,0.0,0.0,0.0,0.0,0.0,0.0,0.0,0.0,0.0,0.0,0.0,0.0,0.0,24.0,2.0,4.0,8.0,12.0,2.0,24.0,0.0,0.0,,0.0,,9.0,41.0,20.0,0.0,0.0,0.0,2.0,1.0,12.0,3.0,0.0,0.0,0.0,0.0,0.0,0.0,0.0,,0.0,0.0,0.0,0.0,0.0,0.0,1.0,0.0,Aston Villa,John-McGinn,90f91999
2024-08-17,Sat,Matchweek 1,Away,W 2–1,Aston Villa,West Ham,Y,RB,81,0,0,0,0,0,0,0,0,55,3,1,1,0.0,0.0,0.1,1,0,33,43,76.7,3,24,1,0,0,Match Report,33,43,76.7,539,234,16,18,88.9,15,19,78.9,1,4,25.0,0,0.1,0.0,1,7,0,0,3,43,31,12,4,0,0,1,8,0,0,0,0,33,0,0,1,1,0,0,0,0,0,0,0,0,0,0,0,0,55,5,18,23,14,1,55,0,0,,0,,24,100,49,1,3,0,0,0,28,0,3,1,0,3,0,0,2,0.0,2,1,0,1,1,4,5,0,Aston Villa,Matty-Cash,2389cdc2
2024-08-24,Sat,Matchweek 2,Home,L 0–2,Aston Villa,Arsenal,Y,RB,15,0,0,0,0,0,0,0,0,7,0,0,0,0.0,0.0,0.0,0,0,5,6,83.3,1,2,0,0,0,Match Report,5,6,83.3,82,24,2,2,100.0,3,3,100.0,0,0,,0,0.0,0.0,0,0,0,0,1,6,6,0,0,0,0,1,0,0,0,0,0,5,0,1,0,0,0,0,0,0,0,0,0,0,0,0,0,0,7,1,4,2,1,1,7,0,0,,0,,2,4,1,0,0,0,0,0,4,1,0,0,0,0,0,0,0,,0,0,0,0,0,0,1,0,Aston Villa,Matty-Cash,2389cdc2
2024-10-06,Sun,Matchweek 7,Home,D 0–0,Aston Villa,Manchester Utd,Y,RB,90,0,0,0,0,1,0,0,0,60,0,1,1,0.0,0.0,0.0,1,0,44,53,83.0,3,38,4,2,1,Match Report,44,53,83.0,689,130,19,19,100.0,22,27,81.5,1,3,33.3,0,0.0,0.0,0,2,0,0,3,53,46,7,0,0,0,1,7,0,0,0,0,44,0,1,1,1,0,0,0,0,0,0,0,0,0,0,0,0,60,3,20,25,15,2,60,2,1,50.0,1,50.0,38,279,136,4,5,0,0,0,36,3,0,0,0,0,0,0,1,0.0,1,1,1,0,1,1,1,0,Aston Villa,Matty-Cash,2389cdc2
2024-10-19,Sat,Matchweek 8,Away,W 3–1,Aston Villa,Fulham,Y,RB,90,0,0,0,0,0,0,0,0,62,1,1,1,0.0,0.0,0.0,0,0,41,50,82.0,4,27,2,2,2,Match Report,41,50,82.0,668,219,21,23,91.3,18,21,85.7,2,6,33.3,0,0.0,0.0,0,1,0,0,4,50,37,13,2,0,0,1,11,0,0,0,0,41,0,0,0,0,0,0,0,0,0,0,0,0,0,0,0,0,62,2,23,35,5,0,62,2,2,100.0,0,0.0,27,191,133,2,1,0,2,2,33,1,1,0,1,0,0,0,0,,0,1,0,1,1,2,7,0,Aston Villa,Matty-Cash,2389cdc2
2024-10-26,Sat,Matchweek 9,Home,D 1–1,Aston Villa,Bournemouth,Y,RB,90,0,0,0,0,0,0,1,0,52,1,2,1,0.0,0.0,0.1,2,0,39,45,86.7,1,27,1,1,1,Match Report,39,45,86.7,704,236,20,20,100.0,15,20,75.0,3,4,75.0,0,0.1,0.1,1,1,1,1,1,45,36,9,1,0,0,2,8,0,0,0,0,39,0,0,2,2,0,0,0,0,0,0,0,0,0,0,0,0,52,7,19,21,13,0,52,1,1,100.0,0,0.0,27,174,76,1,1,0,1,0,24,1,1,1,1,0,0,1,2,50.0,1,1,0,1,2,3,4,0,Aston Villa,Matty-Cash,2389cdc2
2024-11-03,Sun,Matchweek 10,Away,L 1–4,Aston Villa,Tottenham,Y,RB,59,0,0,0,0,0,0,0,0,33,5,1,0,0.0,0.0,0.0,0,0,23,29,79.3,2,15,0,0,0,Match Report,23,29,79.3,391,168,8,8,100.0,14,16,87.5,1,5,20.0,0,0.0,0.0,0,1,0,0,2,29,24,5,1,0,0,0,4,0,0,0,0,23,0,0,0,0,0,0,0,0,0,0,0,0,0,0,0,0,33,2,15,16,3,0,33,0,0,,0,,15,54,25,0,0,0,1,0,22,1,5,2,5,0,0,3,3,100.0,0,0,0,0,1,6,1,0,Aston Villa,Matty-Cash,2389cdc2
2024-11-23,Sat,Matchweek 12,Home,D 2–2,Aston Villa,Crystal Palace,N,RB,45,0,0,0,0,0,0,0,0,50,1,1,0,0.0,0.0,0.0,1,0,40,46,87.0,2,33,1,2,1,Match Report,40,46,87.0,635,153,20,21,95.2,19,21,90.5,1,3,33.3,0,0.0,0.0,0,6,0,0,2,46,41,5,0,0,0,0,5,0,0,0,0,40,0,0,1,1,0,0,0,0,0,0,0,0,0,0,0,0,50,1,6,32,12,2,50,2,1,50.0,1,50.0,33,151,51,1,5,0,0,0,39,8,1,0,0,0,1,0,0,,0,0,0,0,1,2,1,0,Aston Villa,Matty-Cash,2389cdc2
2024-12-01,Sun,Matchweek 13,Away,L 0–3,Aston Villa,Chelsea,Y,RB,90,0,0,0,0,0,0,1,0,35,3,2,1,0.0,0.0,0.0,0,0,19,25,76.0,0,12,0,0,0,Match Report,19,25,76.0,304,61,12,13,92.3,5,7,71.4,2,4,50.0,0,0.0,0.0,0,0,0,0,0,25,21,4,2,0,0,0,2,0,0,0,0,19,0,1,0,0,0,0,0,0,0,0,0,0,0,0,0,0,35,6,24,9,2,1,35,0,0,,0,,12,56,23,0,0,0,0,0,16,0,3,1,3,0,0,1,2,50.0,1,1,1,0,2,5,2,0,Aston Villa,Matty-Cash,2389cdc2
2024-12-04,Wed,Matchweek 14,Home,W 3–1,Aston Villa,Brentford,Y,RB,90,1,0,0,0,1,1,1,0,50,5,2,2,0.0,0.0,0.0,1,0,30,40,75.0,1,21,1,2,2,Match Report,30,40,75.0,499,169,15,17,88.2,11,16,68.8,3,4,75.0,0,0.0,0.0,0,0,0,0,1,40,33,7,0,0,0,1,7,0,0,0,0,30,0,1,1,1,0,0,0,0,0,0,0,0,0,0,0,0,50,4,24,19,8,1,50,2,2,100.0,0,0.0,21,130,44,1,1,0,0,0,26,0,5,4,2,3,0,3,3,100.0,0,2,2,0,2,7,0,0,Aston Villa,Matty-Cash,2389cdc2
2024-12-07,Sat,Matchweek 15,Home,W 1–0,Aston Villa,Southampton,N,"On matchday squad, but did not play","On matchday squad, but did not play","On matchday squad, but did not play","On matchday squad, but did not play","On matchday squad, but did not play","On matchday squad, but did not play","On matchday squad, but did not play","On matchday squad, but did not play","On matchday squad, but did not play","On matchday squad, but did not play","On matchday squad, but did not play","On matchday squad, but did not play","On matchday squad, but did not play","On matchday squad, but did not play","On matchday squad, but did not play","On matchday squad, but did not play","On matchday squad, but did not play","On matchday squad, but did not play","On matchday squad, but did not play","On matchday squad, but did not play","On matchday squad, but did not play","On matchday squad, but did not play","On matchday squad, but did not play","On matchday squad, but did not play","On matchday squad, but did not play","On matchday squad, but did not play","On matchday squad, but did not play",Match Report,"On matchday squad, but did not play","On matchday squad, but did not play","On matchday squad, but did not play","On matchday squad, but did not play","On matchday squad, but did not play","On matchday squad, but did not play","On matchday squad, but did not play","On matchday squad, but did not play","On matchday squad, but did not play","On matchday squad, but did not play","On matchday squad, but did not play","On matchday squad, but did not play","On matchday squad, but did not play","On matchday squad, but did not play","On matchday squad, but did not play","On matchday squad, but did not play","On matchday squad, but did not play","On matchday squad, but did not play","On matchday squad, but did not play","On matchday squad, but did not play","On matchday squad, but did not play","On matchday squad, but did not play","On matchday squad, but did not play","On matchday squad, but did not play","On matchday squad, but did not play","On matchday squad, but did not play","On matchday squad, but did not play","On matchday squad, but did not play","On matchday squad, but did not play","On matchday squad, but did not play","On matchday squad, but did not play","On matchday squad, but did not play","On matchday squad, but did not play","On matchday squad, but did not play","On matchday squad, but did not play","On matchday squad, but did not play","On matchday squad, but did not play","On matchday squad, but did not play","On matchday squad, but did not play","On matchday squad, but did not play","On matchday squad, but did not play","On matchday squad, but did not play","On matchday squad, but did not play","On matchday squad, but did not play","On matchday squad, but did not play","On matchday squad, but did not play","On matchday squad, but did not play","On matchday squad, but did not play","On matchday squad, but did not play","On matchday squad, but did not play","On matchday squad, but did not play","On matchday squad, but did not play","On matchday squad, but did not play","On matchday squad, but did not play","On matchday squad, but did not play","On matchday squad, but did not play","On matchday squad, but did not play","On matchday squad, but did not play","On matchday squad, but did not play","On matchday squad, but did not play","On matchday squad, but did not play","On matchday squad, but did not play","On matchday squad, but did not play","On matchday squad, but did not play","On matchday squad, but did not play","On matchday squad, but did not play","On matchday squad, but did not play","On matchday squad, but did not play","On matchday squad, but did not play","On matchday squad, but did not play","On matchday squad, but did not play","On matchday squad, but did not play","On matchday squad, but did not play","On matchday squad, but did not play","On matchday squad, but did not play","On matchday squad, but did not play","On matchday squad, but did not play","On matchday squad, but did not play","On matchday squad, but did not play","On matchday squad, but did not play","On matchday squad, but did not play","On matchday squad, but did not play","On matchday squad, but did not play","On matchday squad, but did not play","On matchday squad, but did not play","On matchday squad, but did not play","On matchday squad, but did not play","On matchday squad, but did not play","On matchday squad, but did not play",Aston Villa,Matty-Cash,2389cdc2
2024-12-14,Sat,Matchweek 16,Away,L 1–2,Aston Villa,Nott'ham Forest,Y,RW,90,0,0,0,0,1,1,0,0,41,3,2,0,0.0,0.0,0.0,1,0,19,29,65.5,1,22,5,3,1,Match Report,19,29,65.5,261,74,15,22,68.2,4,5,80.0,0,1,0.0,0,0.0,0.4,1,0,1,0,1,29,29,0,0,0,0,2,0,0,0,0,0,19,0,1,1,1,0,0,0,0,0,0,0,0,0,0,0,0,41,2,11,6,25,9,41,3,1,33.3,2,66.7,22,161,94,5,3,1,1,1,27,9,3,1,2,1,0,1,2,50.0,1,0,0,0,2,5,1,1,Aston Villa,Matty-Cash,2389cdc2
2024-12-21,Sat,Matchweek 17,Home,W 2–1,Aston Villa,Manchester City,Y,RB,90,0,0,0,0,1,0,1,0,36,2,0,2,0.1,0.1,0.0,0,0,26,30,86.7,0,13,1,0,0,Match Report,26,30,86.7,438,104,11,12,91.7,12,12,100.0,2,3,66.7,0,0.0,0.0,0,0,0,0,0,30,25,5,0,0,0,0,5,0,0,0,0,26,0,2,0,0,0,0,0,0,0,0,0,0,0,0,0,0,36,4,19,11,7,1,36,0,0,,0,,13,94,70,1,1,0,0,1,18,1,2,1,2,0,0,1,2,50.0,1,2,0,2,0,2,1,0,Aston Villa,Matty-Cash,2389cdc2
2024-12-26,Thu,Matchweek 18,Away,L 0–3,Aston Villa,Newcastle Utd,Y,RB,68,0,0,0,0,1,0,1,0,29,2,0,1,0.1,0.1,0.0,0,0,13,20,65.0,1,12,2,1,1,Match Report,13,20,65.0,217,75,6,8,75.0,5,7,71.4,2,2,100.0,0,0.0,0.0,0,0,0,0,1,20,16,4,1,0,0,3,3,0,0,0,0,13,0,3,0,0,0,0,0,0,0,0,0,0,0,0,0,0,29,4,11,7,11,2,29,1,1,100.0,0,0.0,12,70,43,2,0,0,0,0,16,3,2,0,1,1,0,1,2,50.0,1,1,1,0,0,2,3,0,Aston Villa,Matty-Cash,2389cdc2
2025-01-04,Sat,Matchweek 20,Home,W 2–1,Aston Villa,Leicester City,Y,RB,90,0,0,0,0,1,1,0,0,84,7,0,0,0.0,0.0,0.2,2,0,62,71,87.3,4,44,3,4,1,Match Report,62,71,87.3,955,200,33,34,97.1,26,31,83.9,2,5,40.0,0,0.2,0.1,2,2,1,1,4,71,61,10,2,0,0,2,8,0,0,0,0,62,0,0,2,2,0,0,0,0,0,0,0,0,0,0,0,0,84,3,14,51,21,3,84,4,1,25.0,3,75.0,44,294,98,3,3,0,2,0,58,7,7,6,2,4,1,5,5,100.0,0,0,0,0,0,7,1,0,Aston Villa,Matty-Cash,2389cdc2
2025-01-15,Wed,Matchweek 21,Away,W 1–0,Aston Villa,Everton,Y,RB,90,0,0,0,0,0,0,0,0,39,3,3,2,0.0,0.0,0.0,0,0,18,27,66.7,2,19,2,1,0,Match Report,18,27,66.7,257,59,11,12,91.7,6,12,50.0,1,2,50.0,0,0.0,0.0,0,3,0,0,2,27,19,8,0,0,0,1,8,0,0,0,0,18,0,0,0,0,0,0,0,0,0,0,0,0,0,0,0,0,39,0,13,15,12,2,39,1,0,0.0,1,100.0,19,145,66,2,2,2,1,0,16,5,3,2,1,2,0,0,0,,0,2,0,2,3,6,1,0,Aston Villa,Matty-Cash,2389cdc2
2025-01-18,Sat,Matchweek 22,Away,D 2–2,Aston Villa,Arsenal,Y,RB,90,0,1,0,0,0,0,0,0,31,0,0,1,0.0,0.0,0.6,1,1,15,23,65.2,0,10,1,2,1,Match Report,15,23,65.2,272,103,8,12,66.7,6,9,66.7,1,2,50.0,1,0.6,0.2,1,0,1,1,0,23,17,6,0,0,0,1,6,0,0,0,0,15,0,0,1,1,0,0,0,0,0,1,1,0,0,0,0,0,31,4,23,3,5,1,31,2,1,50.0,0,0.0,10,82,23,1,1,1,2,0,13,2,0,0,0,0,0,0,1,0.0,1,1,0,1,0,0,4,0,Aston Villa,Matty-Cash,2389cdc2
2025-01-26,Sun,Matchweek 23,Home,D 1–1,Aston Villa,West Ham,Y,RB,90,0,0,0,0,0,0,0,0,48,2,1,1,0.0,0.0,0.1,4,0,28,39,71.8,3,31,8,6,2,Match Report,28,39,71.8,456,181,16,18,88.9,11,15,73.3,1,5,20.0,0,0.1,0.0,2,2,0,0,3,39,32,7,1,0,0,4,6,0,0,0,0,28,0,1,4,3,0,1,0,0,0,0,0,0,0,0,0,0,48,0,15,20,14,2,48,6,2,33.3,3,50.0,31,323,211,8,4,0,0,0,31,4,2,2,1,1,0,1,2,50.0,1,1,0,1,1,3,1,0,Aston Villa,Matty-Cash,2389cdc2
2025-02-19,Wed,Matchweek 29,Home,D 2–2,Aston Villa,Liverpool,N,RB,24,0,0,0,0,1,1,0,0,29,1,1,0,0.0,0.0,0.0,1,0,20,25,80.0,1,21,2,0,0,Match Report,20,25,80.0,282,122,11,13,84.6,6,8,75.0,1,1,100.0,0,0.0,0.0,1,3,0,0,1,25,23,2,0,0,0,0,2,0,0,0,0,20,0,1,1,1,0,0,0,0,0,0,0,0,0,0,0,0,29,1,10,13,6,2,29,0,0,,0,,21,116,85,2,0,0,1,0,20,1,1,1,1,0,0,1,1,100.0,0,0,0,0,1,2,0,0,Aston Villa,Matty-Cash,2389cdc2
2025-02-22,Sat,Matchweek 26,Home,W 2–1,Aston Villa,Chelsea,Y,RB,69,0,0,0,0,0,0,0,0,36,1,0,1,0.0,0.0,0.0,0,0,20,29,69.0,2,23,4,2,0,Match Report,20,29,69.0,345,73,9,9,100.0,10,15,66.7,1,2,50.0,0,0.0,0.0,0,2,0,0,2,29,25,4,0,0,1,1,4,0,0,0,0,20,0,2,0,0,0,0,0,0,0,0,0,0,0,0,0,0,36,2,7,15,14,1,36,2,0,0.0,2,100.0,23,190,123,4,1,0,0,1,23,3,1,1,0,1,0,0,0,,0,1,0,1,0,1,1,1,Aston Villa,Matty-Cash,2389cdc2
2025-03-08,Sat,Matchweek 28,Away,W 1–0,Aston Villa,Brentford,N,RW,45,0,0,0,0,0,0,1,0,15,0,0,1,0.0,0.0,0.0,1,0,5,11,45.5,0,4,0,1,1,Match Report,5,11,45.5,91,50,0,1,0.0,2,4,50.0,1,2,50.0,0,0.0,0.0,0,0,0,0,0,11,9,2,0,0,0,0,2,0,0,0,0,5,0,1,1,0,1,0,0,0,0,0,0,0,0,0,0,0,15,3,5,6,4,0,15,1,1,100.0,0,0.0,4,21,1,0,0,0,0,0,7,0,0,0,0,0,0,0,0,,0,1,0,1,0,0,3,0,Aston Villa,Matty-Cash,2389cdc2
2025-04-02,Wed,Matchweek 30,Away,W 3–0,Aston Villa,Brighton,Y,RB,80,0,0,0,0,1,0,0,0,45,1,2,0,0.0,0.0,0.1,2,1,23,29,79.3,1,15,1,3,1,Match Report,23,29,79.3,517,177,5,6,83.3,13,15,86.7,5,7,71.4,0,0.1,0.1,1,2,1,1,1,29,18,11,1,0,0,2,10,0,0,0,0,23,0,0,2,2,0,0,0,0,0,1,1,0,0,0,0,0,45,5,23,11,11,2,45,3,1,33.3,1,33.3,15,76,29,1,0,0,3,1,15,3,1,0,1,0,0,1,1,100.0,0,0,0,0,2,3,6,0,Aston Villa,Matty-Cash,2389cdc2
2025-04-05,Sat,Matchweek 31,Home,W 2–1,Aston Villa,Nott'ham Forest,N,"On matchday squad, but did not play","On matchday squad, but did not play","On matchday squad, but did not play","On matchday squad, but did not play","On matchday squad, but did not play","On matchday squad, but did not play","On matchday squad, but did not play","On matchday squad, but did not play","On matchday squad, but did not play","On matchday squad, but did not play","On matchday squad, but did not play","On matchday squad, but did not play","On matchday squad, but did not play","On matchday squad, but did not play","On matchday squad, but did not play","On matchday squad, but did not play","On matchday squad, but did not play","On matchday squad, but did not play","On matchday squad, but did not play","On matchday squad, but did not play","On matchday squad, but did not play","On matchday squad, but did not play","On matchday squad, but did not play","On matchday squad, but did not play","On matchday squad, but did not play","On matchday squad, but did not play","On matchday squad, but did not play",Match Report,"On matchday squad, but did not play","On matchday squad, but did not play","On matchday squad, but did not play","On matchday squad, but did not play","On matchday squad, but did not play","On matchday squad, but did not play","On matchday squad, but did not play","On matchday squad, but did not play","On matchday squad, but did not play","On matchday squad, but did not play","On matchday squad, but did not play","On matchday squad, but did not play","On matchday squad, but did not play","On matchday squad, but did not play","On matchday squad, but did not play","On matchday squad, but did not play","On matchday squad, but did not play","On matchday squad, but did not play","On matchday squad, but did not play","On matchday squad, but did not play","On matchday squad, but did not play","On matchday squad, but did not play","On matchday squad, but did not play","On matchday squad, but did not play","On matchday squad, but did not play","On matchday squad, but did not play","On matchday squad, but did not play","On matchday squad, but did not play","On matchday squad, but did not play","On matchday squad, but did not play","On matchday squad, but did not play","On matchday squad, but did not play","On matchday squad, but did not play","On matchday squad, but did not play","On matchday squad, but did not play","On matchday squad, but did not play","On matchday squad, but did not play","On matchday squad, but did not play","On matchday squad, but did not play","On matchday squad, but did not play","On matchday squad, but did not play","On matchday squad, but did not play","On matchday squad, but did not play","On matchday squad, but did not play","On matchday squad, but did not play","On matchday squad, but did not play","On matchday squad, but did not play","On matchday squad, but did not play","On matchday squad, but did not play","On matchday squad, but did not play","On matchday squad, but did not play","On matchday squad, but did not play","On matchday squad, but did not play","On matchday squad, but did not play","On matchday squad, but did not play","On matchday squad, but did not play","On matchday squad, but did not play","On matchday squad, but did not play","On matchday squad, but did not play","On matchday squad, but did not play","On matchday squad, but did not play","On matchday squad, but did not play","On matchday squad, but did not play","On matchday squad, but did not play","On matchday squad, but did not play","On matchday squad, but did not play","On matchday squad, but did not play","On matchday squad, but did not play","On matchday squad, but did not play","On matchday squad, but did not play","On matchday squad, but did not play","On matchday squad, but did not play","On matchday squad, but did not play","On matchday squad, but did not play","On matchday squad, but did not play","On matchday squad, but did not play","On matchday squad, but did not play","On matchday squad, but did not play","On matchday squad, but did not play","On matchday squad, but did not play","On matchday squad, but did not play","On matchday squad, but did not play","On matchday squad, but did not play","On matchday squad, but did not play","On matchday squad, but did not play","On matchday squad, but did not play","On matchday squad, but did not play","On matchday squad, but did not play","On matchday squad, but did not play",Aston Villa,Matty-Cash,2389cdc2
2025-04-12,Sat,Matchweek 32,Away,W 3–0,Aston Villa,Southampton,Y,RB,84,0,0,0,0,2,0,0,0,66,4,0,1,0.1,0.1,0.0,2,0,49,56,87.5,6,39,4,0,0,Match Report,49,56,87.5,816,142,25,27,92.6,20,20,100.0,3,7,42.9,0,0.0,0.1,0,4,3,0,6,56,51,5,0,0,0,2,5,0,0,0,0,49,0,0,2,2,0,0,0,0,0,0,0,0,0,0,0,0,66,3,13,24,29,1,66,0,0,,0,,39,183,96,4,2,0,0,0,43,12,4,2,0,3,1,3,3,100.0,0,1,1,0,0,4,4,0,Aston Villa,Matty-Cash,2389cdc2
2025-04-19,Sat,Matchweek 33,Home,W 4–1,Aston Villa,Newcastle Utd,Y,RB,90,0,0,0,0,0,0,0,0,27,1,0,0,0.0,0.0,0.0,2,0,14,18,77.8,0,14,0,0,0,Match Report,14,18,77.8,286,9,3,4,75.0,8,10,80.0,3,4,75.0,0,0.0,0.0,0,0,0,0,0,18,16,2,1,0,0,3,1,0,0,0,0,14,0,0,2,2,0,0,0,0,0,0,0,0,0,0,0,0,27,4,16,7,5,2,27,0,0,,0,,14,62,27,0,0,0,3,0,13,2,1,1,1,0,0,1,1,100.0,0,0,0,0,0,1,3,0,Aston Villa,Matty-Cash,2389cdc2
2025-04-22,Tue,Matchweek 34,Away,L 1–2,Aston Villa,Manchester City,Y,RB,60,0,0,0,0,0,0,0,0,33,0,1,0,0.0,0.0,0.0,0,0,21,28,75.0,0,13,1,0,0,Match Report,21,28,75.0,395,98,9,10,90.0,9,13,69.2,3,5,60.0,0,0.0,0.0,0,0,0,0,0,28,24,4,0,0,0,2,4,0,0,0,0,21,0,0,0,0,0,0,0,0,0,0,0,0,0,0,0,0,33,4,17,11,5,1,33,0,0,,0,,13,102,72,1,0,0,0,0,19,3,0,0,0,0,0,0,0,,0,0,0,0,1,1,4,0,Aston Villa,Matty-Cash,2389cdc2
2025-05-03,Sat,Matchweek 35,Home,W 1–0,Aston Villa,Fulham,Y,RB,90,0,0,0,0,0,0,0,0,49,1,0,1,0.0,0.0,0.0,0,0,35,39,89.7,1,28,2,4,0,Match Report,35,39,89.7,646,123,17,17,100.0,12,14,85.7,6,7,85.7,0,0.0,0.0,0,1,1,1,1,39,33,6,2,0,0,3,4,0,0,0,0,35,0,1,0,0,0,0,0,0,0,0,0,0,0,0,0,0,49,3,15,19,15,0,49,4,0,0.0,2,50.0,28,98,42,2,1,0,0,3,28,5,1,1,1,0,0,1,1,100.0,0,1,1,0,0,1,2,0,Aston Villa,Matty-Cash,2389cdc2
2025-05-10,Sat,Matchweek 36,Away,W 1–0,Aston Villa,Bournemouth,Y,RB,90,0,0,0,0,1,1,0,0,39,3,0,2,0.0,0.0,0.0,1,1,10,24,41.7,0,10,0,0,0,Match Report,10,24,41.7,202,73,5,10,50.0,4,11,36.4,1,3,33.3,0,0.0,0.0,0,0,0,0,0,24,14,10,2,0,0,1,8,0,0,0,0,10,0,2,1,0,0,0,0,0,1,1,0,0,0,0,0,1,39,5,23,8,8,1,39,0,0,,0,,10,36,11,0,0,0,1,0,10,1,3,2,1,1,1,1,2,50.0,1,2,1,1,0,3,6,0,Aston Villa,Matty-Cash,2389cdc2
2025-05-16,Fri,Matchweek 37,Home,W 2–0,Aston Villa,Tottenham,Y,RB,90,0,0,0,0,1,0,1,0,75,2,1,1,0.1,0.1,0.0,1,1,53,65,81.5,2,44,0,2,2,Match Report,53,65,81.5,799,90,31,34,91.2,20,22,90.9,2,4,50.0,0,0.0,0.0,0,1,1,0,2,65,53,11,3,0,0,4,8,0,0,0,0,53,1,3,1,1,0,0,0,0,0,1,1,0,0,0,0,0,75,2,14,33,28,2,75,2,2,100.0,0,0.0,44,239,106,0,3,0,1,0,44,14,2,1,1,1,0,2,3,66.7,1,1,0,1,1,3,2,0,Aston Villa,Matty-Cash,2389cdc2
2025-05-25,Sun,Matchweek 38,Away,L 0–2,Aston Villa,Manchester Utd,Y,RB,90,0,0,0,0,1,1,0,0,60,4,1,1,0.1,0.1,0.0,1,0,27,45,60.0,1,34,2,2,2,Match Report,27,45,60.0,425,112,14,16,87.5,10,16,62.5,3,11,27.3,0,0.0,0.0,0,1,0,0,1,45,41,3,0,0,0,2,3,0,0,0,0,27,1,0,1,1,0,0,0,0,0,0,0,0,0,0,0,0,60,10,30,21,11,2,60,2,2,100.0,0,0.0,34,269,129,2,1,0,1,1,25,0,4,2,2,0,2,4,4,100.0,0,1,0,1,1,5,5,0,Aston Villa,Matty-Cash,2389cdc2
2024-08-17,Sat,Matchweek 1,Away,W 2–1,Aston Villa,West Ham,Y,CB,90,0,0,0,0,0,0,0,0,68,4,0,2,0.0,0.0,0.0,1,0,48,58,82.8,3,43,3,1,1,Match Report,48,58,82.8,753,248,26,29,89.7,20,21,95.2,2,8,25.0,0,0.0,0.0,0,5,0,0,3,58,49,9,5,0,0,1,1,0,0,0,0,48,0,1,1,1,0,0,0,0,0,0,0,0,0,0,0,0,68,8,38,25,6,0,68,1,1,100.0,0,0.0,43,311,220,3,1,0,1,0,44,0,4,4,2,2,0,1,1,100.0,0,2,2,0,0,4,3,0,Aston Villa,Pau-Torres,532e1e4f
2024-08-24,Sat,Matchweek 2,Home,L 0–2,Aston Villa,Arsenal,Y,CB,90,0,0,0,0,0,0,0,0,49,1,0,0,0.0,0.0,0.0,0,0,36,45,80.0,2,30,0,0,0,Match Report,36,45,80.0,533,260,20,20,100.0,15,17,88.2,1,6,16.7,0,0.0,0.0,0,2,0,0,2,45,37,7,5,0,0,0,0,0,0,0,0,36,1,0,0,0,0,0,0,0,0,0,0,0,0,0,0,0,49,16,25,23,1,0,49,0,0,,0,,30,143,76,0,0,0,0,0,32,0,1,0,1,0,0,1,1,100.0,0,0,0,0,0,1,2,0,Aston Villa,Pau-Torres,532e1e4f
2024-08-31,Sat,Matchweek 3,Away,W 2–1,Aston Villa,Leicester City,Y,CB,90,0,0,0,0,0,0,0,0,54,0,1,0,0.0,0.0,0.0,0,0,41,49,83.7,2,28,0,2,2,Match Report,41,49,83.7,606,176,20,21,95.2,20,22,90.9,0,3,0.0,0,0.0,0.0,0,3,0,0,2,49,43,5,3,0,0,0,0,0,0,0,0,41,1,0,0,0,0,0,0,0,0,0,0,0,0,0,0,0,54,11,31,23,0,0,54,2,2,100.0,0,0.0,28,213,96,0,0,0,0,1,39,0,0,0,0,0,0,0,0,,0,0,0,0,1,1,3,0,Aston Villa,Pau-Torres,532e1e4f
2024-09-14,Sat,Matchweek 4,Home,W 3–2,Aston Villa,Everton,Y,CB,90,0,0,0,0,0,0,0,0,129,0,2,2,0.0,0.0,0.0,2,1,107,122,87.7,5,100,5,0,0,Match Report,107,122,87.7,1710,531,53,55,96.4,49,54,90.7,4,11,36.4,0,0.0,0.0,0,14,1,0,5,122,119,3,2,2,0,0,1,0,0,0,0,107,0,0,2,2,0,0,0,0,0,1,1,0,0,0,0,0,129,4,31,83,15,0,129,0,0,,0,,100,587,409,5,5,0,0,0,103,2,0,0,0,0,0,0,0,,0,2,0,2,2,2,3,0,Aston Villa,Pau-Torres,532e1e4f
2024-09-21,Sat,Matchweek 5,Home,W 3–1,Aston Villa,Wolves,Y,CB,90,0,0,0,0,0,0,1,0,61,0,0,0,0.0,0.0,0.0,0,0,50,56,89.3,5,46,4,1,1,Match Report,50,56,89.3,829,274,27,29,93.1,21,23,91.3,2,3,66.7,0,0.0,0.0,0,8,0,0,5,56,54,2,2,0,1,0,0,0,0,0,0,50,0,0,0,0,0,0,0,0,0,0,0,0,0,0,0,0,61,2,15,41,5,0,61,1,1,100.0,0,0.0,46,323,230,4,3,0,0,0,50,1,0,0,0,0,0,0,0,,0,0,0,0,0,0,2,0,Aston Villa,Pau-Torres,532e1e4f
2024-09-29,Sun,Matchweek 6,Away,D 2–2,Aston Villa,Ipswich Town,Y,CB,90,0,0,0,0,0,0,0,0,79,1,0,1,0.0,0.0,0.0,1,0,68,77,88.3,0,66,3,1,1,Match Report,68,77,88.3,1113,365,31,33,93.9,33,35,94.3,4,9,44.4,0,0.0,0.0,1,8,0,0,0,77,75,2,2,1,0,0,0,0,0,0,0,68,0,0,1,1,0,0,0,0,0,0,0,0,0,0,0,0,79,3,28,46,6,1,79,1,1,100.0,0,0.0,66,343,147,3,1,0,0,1,67,0,1,1,0,1,0,0,0,,0,1,1,0,0,1,1,0,Aston Villa,Pau-Torres,532e1e4f
2024-10-06,Sun,Matchweek 7,Home,D 0–0,Aston Villa,Manchester Utd,Y,CB,90,0,0,0,0,0,0,0,0,65,0,0,0,0.0,0.0,0.0,3,0,53,62,85.5,6,51,3,0,0,Match Report,53,62,85.5,951,371,16,16,100.0,32,35,91.4,4,9,44.4,0,0.0,0.0,0,7,0,0,6,62,58,4,1,0,1,0,0,0,0,0,0,53,0,0,3,3,0,0,0,0,0,0,0,0,0,0,0,0,65,4,25,38,2,0,65,0,0,,0,,51,326,253,3,1,0,1,0,50,1,0,0,0,0,0,0,1,0.0,1,0,0,0,0,0,0,0,Aston Villa,Pau-Torres,532e1e4f
2024-10-19,Sat,Matchweek 8,Away,W 3–1,Aston Villa,Fulham,Y,CB,90,0,0,0,0,1,0,0,0,55,1,1,0,0.1,0.1,0.0,1,1,43,49,87.8,5,31,2,1,1,Match Report,43,49,87.8,672,243,21,21,100.0,20,23,87.0,1,3,33.3,0,0.0,0.0,0,5,1,0,5,49,45,4,2,0,0,0,0,0,0,0,0,43,0,0,1,0,0,0,1,0,0,1,0,0,0,1,0,0,55,5,22,31,2,1,55,1,1,100.0,0,0.0,31,326,255,2,1,0,1,0,40,0,1,1,1,0,0,0,0,,0,0,0,0,1,2,2,0,Aston Villa,Pau-Torres,532e1e4f
2024-10-26,Sat,Matchweek 9,Home,D 1–1,Aston Villa,Bournemouth,Y,CB,90,0,0,0,0,2,1,0,0,44,0,0,0,0.1,0.1,0.0,0,0,34,37,91.9,5,26,0,0,0,Match Report,34,37,91.9,722,309,12,13,92.3,16,16,100.0,6,8,75.0,0,0.0,0.0,0,6,2,0,5,37,34,3,1,0,0,0,0,0,0,0,0,34,0,0,0,0,0,0,0,0,0,0,0,0,0,0,0,0,44,6,22,17,5,2,44,0,0,,0,,26,70,40,0,0,0,0,0,25,0,0,0,0,0,0,0,0,,0,0,0,0,0,0,4,0,Aston Villa,Pau-Torres,532e1e4f
2024-11-03,Sun,Matchweek 10,Away,L 1–4,Aston Villa,Tottenham,Y,CB,90,0,0,0,0,0,0,0,0,55,1,0,2,0.0,0.0,0.0,0,0,41,50,82.0,3,32,1,4,4,Match Report,41,50,82.0,731,383,16,20,80.0,20,21,95.2,3,6,50.0,0,0.0,0.0,0,2,2,0,3,50,42,8,4,0,0,0,0,0,0,0,0,41,0,1,0,0,0,0,0,0,0,0,0,0,0,0,0,0,55,16,33,21,1,0,55,4,4,100.0,0,0.0,32,235,138,1,0,0,0,1,38,0,1,1,1,0,0,1,1,100.0,0,2,0,2,0,1,4,2,Aston Villa,Pau-Torres,532e1e4f
2024-11-09,Sat,Matchweek 11,Away,L 0–2,Aston Villa,Liverpool,Y,CB,90,0,0,0,0,0,0,0,0,53,2,0,1,0.0,0.0,0.0,0,0,41,45,91.1,4,24,0,2,1,Match Report,41,45,91.1,677,299,20,22,90.9,16,16,100.0,4,6,66.7,0,0.0,0.1,0,2,0,0,4,45,35,10,3,0,0,0,1,0,0,0,0,41,0,0,0,0,0,0,0,0,0,0,0,0,0,0,0,0,53,18,28,21,4,3,53,2,1,50.0,1,50.0,24,106,76,0,0,0,0,0,31,0,2,1,1,1,0,1,1,100.0,0,1,1,0,0,2,3,0,Aston Villa,Pau-Torres,532e1e4f
2024-11-23,Sat,Matchweek 12,Home,D 2–2,Aston Villa,Crystal Palace,Y,CB,90,0,0,0,0,0,0,0,0,96,2,0,0,0.0,0.0,0.0,0,0,85,93,91.4,10,61,2,1,1,Match Report,85,93,91.4,1501,564,37,39,94.9,40,44,90.9,7,9,77.8,0,0.0,0.0,0,8,0,0,10,93,86,7,4,0,0,0,0,0,0,0,0,85,0,0,0,0,0,0,0,0,0,0,0,0,0,0,0,0,96,8,30,58,9,1,96,1,1,100.0,0,0.0,61,484,327,2,1,0,0,0,67,0,2,2,0,1,1,2,4,50.0,2,0,0,0,0,2,2,0,Aston Villa,Pau-Torres,532e1e4f
2024-12-01,Sun,Matchweek 13,Away,L 0–3,Aston Villa,Chelsea,Y,CB,90,0,0,0,0,1,0,0,0,77,1,2,1,0.1,0.1,0.0,1,0,66,73,90.4,4,41,2,0,0,Match Report,66,73,90.4,1017,510,31,33,93.9,30,31,96.8,2,6,33.3,0,0.0,0.0,0,3,0,0,4,73,61,12,8,0,0,0,0,0,0,0,0,66,0,0,1,0,0,0,1,0,0,0,0,0,0,0,0,0,77,24,52,23,4,1,77,0,0,,0,,41,306,205,2,1,0,0,0,47,0,1,1,1,0,0,1,1,100.0,0,1,1,0,2,3,3,0,Aston Villa,Pau-Torres,532e1e4f
2024-12-04,Wed,Matchweek 14,Home,W 3–1,Aston Villa,Brentford,N,"On matchday squad, but did not play","On matchday squad, but did not play","On matchday squad, but did not play","On matchday squad, but did not play","On matchday squad, but did not play","On matchday squad, but did not play","On matchday squad, but did not play","On matchday squad, but did not play","On matchday squad, but did not play","On matchday squad, but did not play","On matchday squad, but did not play","On matchday squad, but did not play","On matchday squad, but did not play","On matchday squad, but did not play","On matchday squad, but did not play","On matchday squad, but did not play","On matchday squad, but did not play","On matchday squad, but did not play","On matchday squad, but did not play","On matchday squad, but did not play","On matchday squad, but did not play","On matchday squad, but did not play","On matchday squad, but did not play","On matchday squad, but did not play","On matchday squad, but did not play","On matchday squad, but did not play","On matchday squad, but did not play",Match Report,"On matchday squad, but did not play","On matchday squad, but did not play","On matchday squad, but did not play","On matchday squad, but did not play","On matchday squad, but did not play","On matchday squad, but did not play","On matchday squad, but did not play","On matchday squad, but did not play","On matchday squad, but did not play","On matchday squad, but did not play","On matchday squad, but did not play","On matchday squad, but did not play","On matchday squad, but did not play","On matchday squad, but did not play","On matchday squad, but did not play","On matchday squad, but did not play","On matchday squad, but did not play","On matchday squad, but did not play","On matchday squad, but did not play","On matchday squad, but did not play","On matchday squad, but did not play","On matchday squad, but did not play","On matchday squad, but did not play","On matchday squad, but did not play","On matchday squad, but did not play","On matchday squad, but did not play","On matchday squad, but did not play","On matchday squad, but did not play","On matchday squad, but did not play","On matchday squad, but did not play","On matchday squad, but did not play","On matchday squad, but did not play","On matchday squad, but did not play","On matchday squad, but did not play","On matchday squad, but did not play","On matchday squad, but did not play","On matchday squad, but did not play","On matchday squad, but did not play","On matchday squad, but did not play","On matchday squad, but did not play","On matchday squad, but did not play","On matchday squad, but did not play","On matchday squad, but did not play","On matchday squad, but did not play","On matchday squad, but did not play","On matchday squad, but did not play","On matchday squad, but did not play","On matchday squad, but did not play","On matchday squad, but did not play","On matchday squad, but did not play","On matchday squad, but did not play","On matchday squad, but did not play","On matchday squad, but did not play","On matchday squad, but did not play","On matchday squad, but did not play","On matchday squad, but did not play","On matchday squad, but did not play","On matchday squad, but did not play","On matchday squad, but did not play","On matchday squad, but did not play","On matchday squad, but did not play","On matchday squad, but did not play","On matchday squad, but did not play","On matchday squad, but did not play","On matchday squad, but did not play","On matchday squad, but did not play","On matchday squad, but did not play","On matchday squad, but did not play","On matchday squad, but did not play","On matchday squad, but did not play","On matchday squad, but did not play","On matchday squad, but did not play","On matchday squad, but did not play","On matchday squad, but did not play","On matchday squad, but did not play","On matchday squad, but did not play","On matchday squad, but did not play","On matchday squad, but did not play","On matchday squad, but did not play","On matchday squad, but did not play","On matchday squad, but did not play","On matchday squad, but did not play","On matchday squad, but did not play","On matchday squad, but did not play","On matchday squad, but did not play","On matchday squad, but did not play","On matchday squad, but did not play","On matchday squad, but did not play","On matchday squad, but did not play",Aston Villa,Pau-Torres,532e1e4f
2024-12-07,Sat,Matchweek 15,Home,W 1–0,Aston Villa,Southampton,Y,CB,90,0,0,0,0,1,0,0,0,54,2,0,0,0.0,0.0,0.0,0,0,46,49,93.9,2,30,0,1,1,Match Report,46,49,93.9,1044,394,13,14,92.9,29,30,96.7,4,4,100.0,0,0.0,0.0,0,3,0,0,2,49,44,5,3,0,2,0,0,0,0,0,0,46,0,1,0,0,0,0,0,0,0,0,0,0,0,0,0,0,54,7,32,20,2,2,54,1,1,100.0,0,0.0,30,207,131,0,0,0,0,0,38,0,2,0,1,1,0,1,1,100.0,0,0,0,0,0,2,1,0,Aston Villa,Pau-Torres,532e1e4f
2024-12-14,Sat,Matchweek 16,Away,L 1–2,Aston Villa,Nott'ham Forest,Y,CB,90,0,0,0,0,0,0,0,0,78,0,0,1,0.0,0.0,0.0,1,0,65,72,90.3,12,54,5,0,0,Match Report,65,72,90.3,1308,362,18,20,90.0,42,46,91.3,5,6,83.3,0,0.0,0.0,0,10,0,0,12,72,71,1,1,0,2,0,0,0,0,0,0,65,0,0,1,1,0,0,0,0,0,0,0,0,0,0,0,0,78,5,23,48,7,0,78,0,0,,0,,54,535,442,5,4,0,0,0,63,0,0,0,0,0,0,0,0,,0,1,1,0,0,0,4,0,Aston Villa,Pau-Torres,532e1e4f
2024-12-21,Sat,Matchweek 17,Home,W 2–1,Aston Villa,Manchester City,Y,CB,90,0,0,0,0,1,1,0,0,74,2,0,1,0.0,0.0,0.0,1,0,57,64,89.1,1,37,0,0,0,Match Report,57,64,89.1,1129,470,18,19,94.7,34,36,94.4,5,8,62.5,0,0.0,0.0,0,2,0,0,1,64,60,3,2,1,2,0,0,0,0,0,0,57,1,0,1,0,0,0,1,0,0,0,0,0,0,0,0,0,74,20,53,21,1,1,74,0,0,,0,,37,220,116,0,0,0,0,0,58,0,2,1,2,0,0,1,1,100.0,0,1,1,0,0,2,5,0,Aston Villa,Pau-Torres,532e1e4f
2024-12-26,Thu,Matchweek 18,Away,L 0–3,Aston Villa,Newcastle Utd,Y,CB,90,0,0,0,0,1,0,0,0,56,0,0,2,0.2,0.2,0.0,0,0,42,47,89.4,1,26,1,0,0,Match Report,42,47,89.4,683,337,21,21,100.0,21,23,91.3,0,3,0.0,0,0.0,0.0,0,2,1,0,1,47,39,8,6,0,0,0,0,0,0,0,0,42,0,0,0,0,0,0,0,0,0,0,0,0,0,0,0,0,56,16,38,15,3,1,56,0,0,,0,,26,163,109,1,1,0,0,0,33,0,0,0,0,0,0,0,1,0.0,1,2,2,0,0,0,5,0,Aston Villa,Pau-Torres,532e1e4f
2024-12-30,Mon,Matchweek 19,Home,D 2–2,Aston Villa,Brighton,Y,CB,19,0,0,0,0,1,0,0,0,18,1,0,0,0.0,0.0,0.0,0,0,13,14,92.9,0,8,0,0,0,Match Report,13,14,92.9,211,89,6,6,100.0,6,6,100.0,1,2,50.0,0,0.0,0.0,0,0,0,0,0,14,13,1,1,0,0,0,0,0,0,0,0,13,0,0,0,0,0,0,0,0,0,0,0,0,0,0,0,0,18,3,16,1,1,0,18,0,0,,0,,8,36,23,0,0,0,0,0,11,0,1,1,1,0,0,0,1,0.0,1,0,0,0,0,1,2,0,Aston Villa,Pau-Torres,532e1e4f
2025-03-08,Sat,Matchweek 28,Away,W 1–0,Aston Villa,Brentford,N,"On matchday squad, but did not play","On matchday squad, but did not play","On matchday squad, but did not play","On matchday squad, but did not play","On matchday squad, but did not play","On matchday squad, but did not play","On matchday squad, but did not play","On matchday squad, but did not play","On matchday squad, but did not play","On matchday squad, but did not play","On matchday squad, but did not play","On matchday squad, but did not play","On matchday squad, but did not play","On matchday squad, but did not play","On matchday squad, but did not play","On matchday squad, but did not play","On matchday squad, but did not play","On matchday squad, but did not play","On matchday squad, but did not play","On matchday squad, but did not play","On matchday squad, but did not play","On matchday squad, but did not play","On matchday squad, but did not play","On matchday squad, but did not play","On matchday squad, but did not play","On matchday squad, but did not play","On matchday squad, but did not play",Match Report,"On matchday squad, but did not play","On matchday squad, but did not play","On matchday squad, but did not play","On matchday squad, but did not play","On matchday squad, but did not play","On matchday squad, but did not play","On matchday squad, but did not play","On matchday squad, but did not play","On matchday squad, but did not play","On matchday squad, but did not play","On matchday squad, but did not play","On matchday squad, but did not play","On matchday squad, but did not play","On matchday squad, but did not play","On matchday squad, but did not play","On matchday squad, but did not play","On matchday squad, but did not play","On matchday squad, but did not play","On matchday squad, but did not play","On matchday squad, but did not play","On matchday squad, but did not play","On matchday squad, but did not play","On matchday squad, but did not play","On matchday squad, but did not play","On matchday squad, but did not play","On matchday squad, but did not play","On matchday squad, but did not play","On matchday squad, but did not play","On matchday squad, but did not play","On matchday squad, but did not play","On matchday squad, but did not play","On matchday squad, but did not play","On matchday squad, but did not play","On matchday squad, but did not play","On matchday squad, but did not play","On matchday squad, but did not play","On matchday squad, but did not play","On matchday squad, but did not play","On matchday squad, but did not play","On matchday squad, but did not play","On matchday squad, but did not play","On matchday squad, but did not play","On matchday squad, but did not play","On matchday squad, but did not play","On matchday squad, but did not play","On matchday squad, but did not play","On matchday squad, but did not play","On matchday squad, but did not play","On matchday squad, but did not play","On matchday squad, but did not play","On matchday squad, but did not play","On matchday squad, but did not play","On matchday squad, but did not play","On matchday squad, but did not play","On matchday squad, but did not play","On matchday squad, but did not play","On matchday squad, but did not play","On matchday squad, but did not play","On matchday squad, but did not play","On matchday squad, but did not play","On matchday squad, but did not play","On matchday squad, but did not play","On matchday squad, but did not play","On matchday squad, but did not play","On matchday squad, but did not play","On matchday squad, but did not play","On matchday squad, but did not play","On matchday squad, but did not play","On matchday squad, but did not play","On matchday squad, but did not play","On matchday squad, but did not play","On matchday squad, but did not play","On matchday squad, but did not play","On matchday squad, but did not play","On matchday squad, but did not play","On matchday squad, but did not play","On matchday squad, but did not play","On matchday squad, but did not play","On matchday squad, but did not play","On matchday squad, but did not play","On matchday squad, but did not play","On matchday squad, but did not play","On matchday squad, but did not play","On matchday squad, but did not play","On matchday squad, but did not play","On matchday squad, but did not play","On matchday squad, but did not play","On matchday squad, but did not play","On matchday squad, but did not play",Aston Villa,Pau-Torres,532e1e4f
2025-04-02,Wed,Matchweek 30,Away,W 3–0,Aston Villa,Brighton,Y,CB,90,0,0,0,0,0,0,0,0,76,2,3,1,0.0,0.0,0.0,1,0,54,60,90.0,2,38,0,2,1,Match Report,54,60,90.0,953,283,19,19,100.0,32,33,97.0,2,7,28.6,0,0.0,0.0,0,2,0,0,2,60,54,6,3,0,0,0,0,0,0,0,0,54,0,0,1,1,0,0,0,0,0,0,0,0,0,0,0,0,76,14,49,26,1,0,76,2,1,50.0,1,50.0,38,164,50,0,0,0,0,0,46,0,2,1,0,1,1,0,1,0.0,1,1,1,0,3,5,9,0,Aston Villa,Pau-Torres,532e1e4f
2025-04-05,Sat,Matchweek 31,Home,W 2–1,Aston Villa,Nott'ham Forest,N,"On matchday squad, but did not play","On matchday squad, but did not play","On matchday squad, but did not play","On matchday squad, but did not play","On matchday squad, but did not play","On matchday squad, but did not play","On matchday squad, but did not play","On matchday squad, but did not play","On matchday squad, but did not play","On matchday squad, but did not play","On matchday squad, but did not play","On matchday squad, but did not play","On matchday squad, but did not play","On matchday squad, but did not play","On matchday squad, but did not play","On matchday squad, but did not play","On matchday squad, but did not play","On matchday squad, but did not play","On matchday squad, but did not play","On matchday squad, but did not play","On matchday squad, but did not play","On matchday squad, but did not play","On matchday squad, but did not play","On matchday squad, but did not play","On matchday squad, but did not play","On matchday squad, but did not play","On matchday squad, but did not play",Match Report,"On matchday squad, but did not play","On matchday squad, but did not play","On matchday squad, but did not play","On matchday squad, but did not play","On matchday squad, but did not play","On matchday squad, but did not play","On matchday squad, but did not play","On matchday squad, but did not play","On matchday squad, but did not play","On matchday squad, but did not play","On matchday squad, but did not play","On matchday squad, but did not play","On matchday squad, but did not play","On matchday squad, but did not play","On matchday squad, but did not play","On matchday squad, but did not play","On matchday squad, but did not play","On matchday squad, but did not play","On matchday squad, but did not play","On matchday squad, but did not play","On matchday squad, but did not play","On matchday squad, but did not play","On matchday squad, but did not play","On matchday squad, but did not play","On matchday squad, but did not play","On matchday squad, but did not play","On matchday squad, but did not play","On matchday squad, but did not play","On matchday squad, but did not play","On matchday squad, but did not play","On matchday squad, but did not play","On matchday squad, but did not play","On matchday squad, but did not play","On matchday squad, but did not play","On matchday squad, but did not play","On matchday squad, but did not play","On matchday squad, but did not play","On matchday squad, but did not play","On matchday squad, but did not play","On matchday squad, but did not play","On matchday squad, but did not play","On matchday squad, but did not play","On matchday squad, but did not play","On matchday squad, but did not play","On matchday squad, but did not play","On matchday squad, but did not play","On matchday squad, but did not play","On matchday squad, but did not play","On matchday squad, but did not play","On matchday squad, but did not play","On matchday squad, but did not play","On matchday squad, but did not play","On matchday squad, but did not play","On matchday squad, but did not play","On matchday squad, but did not play","On matchday squad, but did not play","On matchday squad, but did not play","On matchday squad, but did not play","On matchday squad, but did not play","On matchday squad, but did not play","On matchday squad, but did not play","On matchday squad, but did not play","On matchday squad, but did not play","On matchday squad, but did not play","On matchday squad, but did not play","On matchday squad, but did not play","On matchday squad, but did not play","On matchday squad, but did not play","On matchday squad, but did not play","On matchday squad, but did not play","On matchday squad, but did not play","On matchday squad, but did not play","On matchday squad, but did not play","On matchday squad, but did not play","On matchday squad, but did not play","On matchday squad, but did not play","On matchday squad, but did not play","On matchday squad, but did not play","On matchday squad, but did not play","On matchday squad, but did not play","On matchday squad, but did not play","On matchday squad, but did not play","On matchday squad, but did not play","On matchday squad, but did not play","On matchday squad, but did not play","On matchday squad, but did not play","On matchday squad, but did not play","On matchday squad, but did not play","On matchday squad, but did not play",Aston Villa,Pau-Torres,532e1e4f
2025-04-12,Sat,Matchweek 32,Away,W 3–0,Aston Villa,Southampton,N,"On matchday squad, but did not play","On matchday squad, but did not play","On matchday squad, but did not play","On matchday squad, but did not play","On matchday squad, but did not play","On matchday squad, but did not play","On matchday squad, but did not play","On matchday squad, but did not play","On matchday squad, but did not play","On matchday squad, but did not play","On matchday squad, but did not play","On matchday squad, but did not play","On matchday squad, but did not play","On matchday squad, but did not play","On matchday squad, but did not play","On matchday squad, but did not play","On matchday squad, but did not play","On matchday squad, but did not play","On matchday squad, but did not play","On matchday squad, but did not play","On matchday squad, but did not play","On matchday squad, but did not play","On matchday squad, but did not play","On matchday squad, but did not play","On matchday squad, but did not play","On matchday squad, but did not play","On matchday squad, but did not play",Match Report,"On matchday squad, but did not play","On matchday squad, but did not play","On matchday squad, but did not play","On matchday squad, but did not play","On matchday squad, but did not play","On matchday squad, but did not play","On matchday squad, but did not play","On matchday squad, but did not play","On matchday squad, but did not play","On matchday squad, but did not play","On matchday squad, but did not play","On matchday squad, but did not play","On matchday squad, but did not play","On matchday squad, but did not play","On matchday squad, but did not play","On matchday squad, but did not play","On matchday squad, but did not play","On matchday squad, but did not play","On matchday squad, but did not play","On matchday squad, but did not play","On matchday squad, but did not play","On matchday squad, but did not play","On matchday squad, but did not play","On matchday squad, but did not play","On matchday squad, but did not play","On matchday squad, but did not play","On matchday squad, but did not play","On matchday squad, but did not play","On matchday squad, but did not play","On matchday squad, but did not play","On matchday squad, but did not play","On matchday squad, but did not play","On matchday squad, but did not play","On matchday squad, but did not play","On matchday squad, but did not play","On matchday squad, but did not play","On matchday squad, but did not play","On matchday squad, but did not play","On matchday squad, but did not play","On matchday squad, but did not play","On matchday squad, but did not play","On matchday squad, but did not play","On matchday squad, but did not play","On matchday squad, but did not play","On matchday squad, but did not play","On matchday squad, but did not play","On matchday squad, but did not play","On matchday squad, but did not play","On matchday squad, but did not play","On matchday squad, but did not play","On matchday squad, but did not play","On matchday squad, but did not play","On matchday squad, but did not play","On matchday squad, but did not play","On matchday squad, but did not play","On matchday squad, but did not play","On matchday squad, but did not play","On matchday squad, but did not play","On matchday squad, but did not play","On matchday squad, but did not play","On matchday squad, but did not play","On matchday squad, but did not play","On matchday squad, but did not play","On matchday squad, but did not play","On matchday squad, but did not play","On matchday squad, but did not play","On matchday squad, but did not play","On matchday squad, but did not play","On matchday squad, but did not play","On matchday squad, but did not play","On matchday squad, but did not play","On matchday squad, but did not play","On matchday squad, but did not play","On matchday squad, but did not play","On matchday squad, but did not play","On matchday squad, but did not play","On matchday squad, but did not play","On matchday squad, but did not play","On matchday squad, but did not play","On matchday squad, but did not play","On matchday squad, but did not play","On matchday squad, but did not play","On matchday squad, but did not play","On matchday squad, but did not play","On matchday squad, but did not play","On matchday squad, but did not play","On matchday squad, but did not play","On matchday squad, but did not play","On matchday squad, but did not play",Aston Villa,Pau-Torres,532e1e4f
2025-04-22,Tue,Matchweek 34,Away,L 1–2,Aston Villa,Manchester City,Y,CB,90,0,0,0,0,0,0,0,0,52,0,0,0,0.0,0.0,0.1,0,0,42,47,89.4,2,31,2,1,1,Match Report,42,47,89.4,773,326,22,22,100.0,13,15,86.7,7,8,87.5,0,0.1,0.0,1,1,0,0,2,47,41,5,2,0,0,0,0,0,0,0,0,42,1,1,0,0,0,0,0,0,0,0,0,0,0,0,0,0,52,19,35,14,3,2,52,1,1,100.0,0,0.0,31,255,160,2,1,0,0,0,41,0,0,0,0,0,0,0,0,,0,0,0,0,0,0,2,0,Aston Villa,Pau-Torres,532e1e4f
2025-05-03,Sat,Matchweek 35,Home,W 1–0,Aston Villa,Fulham,Y,CB,90,0,0,0,0,0,0,0,0,56,0,0,0,0.0,0.0,0.0,0,0,47,48,97.9,3,36,0,0,0,Match Report,47,48,97.9,933,381,14,14,100.0,26,26,100.0,5,5,100.0,0,0.0,0.0,0,3,0,0,3,48,43,5,2,0,1,0,0,0,0,0,0,47,0,0,0,0,0,0,0,0,0,0,0,0,0,0,0,0,56,9,28,27,1,1,56,0,0,,0,,36,171,93,0,0,0,1,1,40,0,0,0,0,0,0,0,0,,0,0,0,0,0,0,5,0,Aston Villa,Pau-Torres,532e1e4f
2025-05-10,Sat,Matchweek 36,Away,W 1–0,Aston Villa,Bournemouth,N,CB,21,0,0,0,0,0,0,0,0,4,0,0,0,0.0,0.0,0.0,0,0,1,2,50.0,0,2,0,0,0,Match Report,1,2,50.0,23,0,0,0,,1,1,100.0,0,1,0.0,0,0.0,0.0,0,0,0,0,0,2,2,0,0,0,0,0,0,0,0,0,0,1,0,0,0,0,0,0,0,0,0,0,0,0,0,0,0,0,4,1,3,1,0,0,4,0,0,,0,,2,18,18,0,0,0,0,0,2,0,0,0,0,0,0,0,0,,0,0,0,0,0,0,1,0,Aston Villa,Pau-Torres,532e1e4f
2025-05-16,Fri,Matchweek 37,Home,W 2–0,Aston Villa,Tottenham,Y,CB,90,0,0,0,0,0,0,0,0,127,1,0,0,0.0,0.0,0.0,1,0,114,122,93.4,19,105,7,0,0,Match Report,114,122,93.4,1946,492,52,53,98.1,56,58,96.6,5,9,55.6,0,0.0,0.1,1,14,1,0,19,122,118,4,2,0,2,2,0,0,0,0,0,114,0,0,1,1,0,0,0,0,0,0,0,0,0,0,0,0,127,5,21,88,18,1,127,0,0,,0,,105,720,533,7,7,0,1,0,105,4,1,1,0,1,0,1,2,50.0,1,0,0,0,0,1,3,0,Aston Villa,Pau-Torres,532e1e4f
2025-05-25,Sun,Matchweek 38,Away,L 0–2,Aston Villa,Manchester Utd,Y,CB,90,0,0,0,0,0,0,1,0,38,0,1,2,0.0,0.0,0.0,1,0,23,28,82.1,1,19,0,0,0,Match Report,23,28,82.1,501,240,8,8,100.0,10,12,83.3,5,8,62.5,0,0.0,0.0,0,0,0,0,1,28,25,3,3,0,1,0,0,0,0,0,0,23,0,0,1,1,0,0,0,0,0,0,0,0,0,0,0,0,38,13,23,15,0,0,38,0,0,,0,,19,97,29,0,0,0,1,1,20,0,0,0,0,0,0,0,0,,0,2,1,1,1,1,6,0,Aston Villa,Pau-Torres,532e1e4f
2024-10-19,Sat,Matchweek 8,Away,W 3–1,Aston Villa,Fulham,N,"On matchday squad, but did not play","On matchday squad, but did not play","On matchday squad, but did not play","On matchday squad, but did not play","On matchday squad, but did not play","On matchday squad, but did not play","On matchday squad, but did not play","On matchday squad, but did not play","On matchday squad, but did not play","On matchday squad, but did not play","On matchday squad, but did not play","On matchday squad, but did not play","On matchday squad, but did not play","On matchday squad, but did not play","On matchday squad, but did not play","On matchday squad, but did not play","On matchday squad, but did not play","On matchday squad, but did not play","On matchday squad, but did not play","On matchday squad, but did not play","On matchday squad, but did not play","On matchday squad, but did not play","On matchday squad, but did not play","On matchday squad, but did not play","On matchday squad, but did not play","On matchday squad, but did not play","On matchday squad, but did not play",Match Report,"On matchday squad, but did not play","On matchday squad, but did not play","On matchday squad, but did not play","On matchday squad, but did not play","On matchday squad, but did not play","On matchday squad, but did not play","On matchday squad, but did not play","On matchday squad, but did not play","On matchday squad, but did not play","On matchday squad, but did not play","On matchday squad, but did not play","On matchday squad, but did not play","On matchday squad, but did not play","On matchday squad, but did not play","On matchday squad, but did not play","On matchday squad, but did not play","On matchday squad, but did not play","On matchday squad, but did not play","On matchday squad, but did not play","On matchday squad, but did not play","On matchday squad, but did not play","On matchday squad, but did not play","On matchday squad, but did not play","On matchday squad, but did not play","On matchday squad, but did not play","On matchday squad, but did not play","On matchday squad, but did not play","On matchday squad, but did not play","On matchday squad, but did not play","On matchday squad, but did not play","On matchday squad, but did not play","On matchday squad, but did not play","On matchday squad, but did not play","On matchday squad, but did not play","On matchday squad, but did not play","On matchday squad, but did not play","On matchday squad, but did not play","On matchday squad, but did not play","On matchday squad, but did not play","On matchday squad, but did not play","On matchday squad, but did not play","On matchday squad, but did not play","On matchday squad, but did not play","On matchday squad, but did not play","On matchday squad, but did not play","On matchday squad, but did not play","On matchday squad, but did not play","On matchday squad, but did not play","On matchday squad, but did not play","On matchday squad, but did not play","On matchday squad, but did not play","On matchday squad, but did not play","On matchday squad, but did not play","On matchday squad, but did not play","On matchday squad, but did not play","On matchday squad, but did not play","On matchday squad, but did not play","On matchday squad, but did not play","On matchday squad, but did not play","On matchday squad, but did not play","On matchday squad, but did not play","On matchday squad, but did not play","On matchday squad, but did not play","On matchday squad, but did not play","On matchday squad, but did not play","On matchday squad, but did not play","On matchday squad, but did not play","On matchday squad, but did not play","On matchday squad, but did not play","On matchday squad, but did not play","On matchday squad, but did not play","On matchday squad, but did not play","On matchday squad, but did not play","On matchday squad, but did not play","On matchday squad, but did not play","On matchday squad, but did not play","On matchday squad, but did not play","On matchday squad, but did not play","On matchday squad, but did not play","On matchday squad, but did not play","On matchday squad, but did not play","On matchday squad, but did not play","On matchday squad, but did not play","On matchday squad, but did not play","On matchday squad, but did not play","On matchday squad, but did not play","On matchday squad, but did not play","On matchday squad, but did not play","On matchday squad, but did not play",Aston Villa,Boubacar-Kamara,cc77354e
2024-10-26,Sat,Matchweek 9,Home,D 1–1,Aston Villa,Bournemouth,N,CM,9,0,0,0,0,0,0,0,0,6,0,1,0,0.0,0.0,0.0,0,0,4,5,80.0,1,4,0,1,0,Match Report,4,5,80.0,44,27,3,3,100.0,1,2,50.0,0,0,,0,0.0,0.0,0,0,0,0,1,5,5,0,0,0,0,0,0,0,0,0,0,4,0,0,0,0,0,0,0,0,0,0,0,0,0,0,0,0,6,0,2,3,1,0,6,1,0,0.0,0,0.0,4,8,8,0,0,0,0,0,2,0,0,0,0,0,0,0,0,,0,0,0,0,1,1,0,0,Aston Villa,Boubacar-Kamara,cc77354e
2024-11-03,Sun,Matchweek 10,Away,L 1–4,Aston Villa,Tottenham,N,CM,10,0,0,0,0,0,0,0,0,14,1,0,0,0.0,0.0,0.0,0,0,11,12,91.7,1,9,0,0,0,Match Report,11,12,91.7,184,44,5,5,100.0,5,5,100.0,1,2,50.0,0,0.0,0.0,0,3,0,0,1,12,12,0,0,0,0,0,0,0,0,0,0,11,0,0,0,0,0,0,0,0,0,0,0,0,0,0,0,0,14,0,1,10,3,0,14,0,0,,0,,9,30,8,0,0,0,1,0,11,0,1,1,0,1,0,0,0,,0,0,0,0,0,1,0,0,Aston Villa,Boubacar-Kamara,cc77354e
2024-11-09,Sat,Matchweek 11,Away,L 0–2,Aston Villa,Liverpool,N,DM,17,0,0,0,0,0,0,1,0,10,0,0,0,0.0,0.0,0.0,0,0,7,9,77.8,0,5,0,0,0,Match Report,7,9,77.8,74,20,4,5,80.0,2,2,100.0,0,1,0.0,0,0.0,0.0,0,0,0,0,0,9,9,0,0,0,0,0,0,0,0,0,0,7,0,0,0,0,0,0,0,0,0,0,0,0,0,0,0,0,10,1,5,5,0,0,10,0,0,,0,,5,14,11,0,0,0,0,0,7,0,0,0,0,0,0,0,2,0.0,2,0,0,0,0,0,1,0,Aston Villa,Boubacar-Kamara,cc77354e
2024-12-01,Sun,Matchweek 13,Away,L 0–3,Aston Villa,Chelsea,Y,DM,61,0,0,0,0,0,0,0,0,27,1,0,2,0.0,0.0,0.0,0,0,19,21,90.5,1,9,1,4,1,Match Report,19,21,90.5,262,68,12,13,92.3,6,7,85.7,0,0,,0,0.0,0.0,0,0,1,0,1,21,20,1,1,0,0,0,0,0,0,0,0,19,0,0,0,0,0,0,0,0,0,0,0,0,0,0,0,0,27,4,18,10,1,0,27,4,1,25.0,2,50.0,9,52,27,1,0,0,0,1,15,0,1,0,1,0,0,0,2,0.0,2,2,1,1,0,1,1,0,Aston Villa,Boubacar-Kamara,cc77354e
2024-12-04,Wed,Matchweek 14,Home,W 3–1,Aston Villa,Brentford,Y,DM,70,0,0,0,0,0,0,0,0,39,2,0,1,0.0,0.0,0.0,1,1,32,32,100.0,1,16,1,0,0,Match Report,32,32,100.0,534,126,14,14,100.0,15,15,100.0,2,2,100.0,0,0.0,0.0,0,5,0,0,1,32,31,1,1,0,0,0,0,0,0,0,0,32,0,0,1,1,0,0,0,0,0,1,1,0,0,0,0,0,39,4,12,21,7,0,39,0,0,,0,,16,82,28,1,1,0,1,0,25,0,2,1,0,1,1,1,3,33.3,2,1,0,1,0,2,3,1,Aston Villa,Boubacar-Kamara,cc77354e
2024-12-07,Sat,Matchweek 15,Home,W 1–0,Aston Villa,Southampton,Y,DM,90,0,0,0,0,0,0,0,0,52,2,4,1,0.0,0.0,0.1,2,0,41,45,91.1,4,19,2,2,0,Match Report,41,45,91.1,585,189,30,30,100.0,9,12,75.0,2,2,100.0,0,0.1,0.0,1,3,1,0,4,45,42,3,3,0,0,0,0,0,0,0,0,41,0,0,2,1,0,0,0,0,1,0,0,0,0,0,0,0,52,2,12,33,7,1,52,2,0,0.0,1,50.0,19,106,60,2,0,0,0,1,33,0,2,1,1,1,0,2,2,100.0,0,1,1,0,4,6,1,0,Aston Villa,Boubacar-Kamara,cc77354e
2024-12-14,Sat,Matchweek 16,Away,L 1–2,Aston Villa,Nott'ham Forest,Y,DM,89,0,0,0,0,0,0,0,0,66,0,1,1,0.0,0.0,0.0,0,0,57,59,96.6,8,38,0,0,0,Match Report,57,59,96.6,991,226,20,20,100.0,36,38,94.7,1,1,100.0,0,0.0,0.0,0,6,0,0,8,59,57,2,2,0,0,0,0,0,0,0,0,57,0,0,0,0,0,0,0,0,0,0,0,0,0,0,0,0,66,5,11,46,10,0,66,0,0,,0,,38,201,91,0,1,0,1,1,48,1,0,0,0,0,0,0,2,0.0,2,1,1,0,1,1,4,0,Aston Villa,Boubacar-Kamara,cc77354e
2024-12-21,Sat,Matchweek 17,Home,W 2–1,Aston Villa,Manchester City,Y,DM,90,0,0,0,0,0,0,0,0,66,6,0,1,0.0,0.0,0.0,1,0,53,58,91.4,5,30,0,1,1,Match Report,53,58,91.4,833,280,29,29,100.0,21,23,91.3,3,5,60.0,0,0.0,0.0,0,6,0,0,5,58,57,1,1,0,0,0,0,0,0,0,0,53,0,0,1,1,0,0,0,0,0,0,0,0,0,0,0,0,66,2,15,46,5,0,66,1,1,100.0,0,0.0,30,122,46,0,1,0,0,0,51,1,6,3,4,1,1,4,5,80.0,1,1,0,1,0,6,0,0,Aston Villa,Boubacar-Kamara,cc77354e
2024-12-26,Thu,Matchweek 18,Away,L 0–3,Aston Villa,Newcastle Utd,Y,"CM,DM",68,0,0,0,0,1,0,0,0,34,3,0,2,0.1,0.1,0.0,0,0,21,25,84.0,2,16,0,1,1,Match Report,21,25,84.0,313,54,11,13,84.6,10,11,90.9,0,1,0.0,0,0.0,0.0,0,1,0,0,2,25,24,1,1,0,0,0,0,0,0,0,0,21,0,0,0,0,0,0,0,0,0,0,0,0,0,0,0,0,34,5,12,20,2,0,34,1,1,100.0,0,0.0,16,73,21,0,0,0,1,0,20,0,3,2,2,1,0,1,2,50.0,1,2,1,1,0,3,1,0,Aston Villa,Boubacar-Kamara,cc77354e
2024-12-30,Mon,Matchweek 19,Home,D 2–2,Aston Villa,Brighton,Y,DM,82,0,0,0,0,1,0,0,0,62,4,1,0,0.0,0.0,0.1,3,0,44,51,86.3,8,31,0,1,0,Match Report,44,51,86.3,724,198,20,22,90.9,21,23,91.3,2,4,50.0,0,0.1,0.0,2,5,2,0,8,51,50,1,1,1,0,0,0,0,0,0,0,44,0,1,3,3,0,0,0,0,0,0,0,0,0,0,0,0,62,3,16,35,11,0,62,1,0,0.0,1,100.0,31,110,50,0,0,0,0,1,39,0,4,1,4,0,0,3,5,60.0,2,0,0,0,1,5,3,1,Aston Villa,Boubacar-Kamara,cc77354e
2025-01-04,Sat,Matchweek 20,Home,W 2–1,Aston Villa,Leicester City,Y,DM,90,0,0,0,0,0,0,0,0,71,2,0,1,0.0,0.0,0.1,4,1,58,63,92.1,10,39,3,1,1,Match Report,58,63,92.1,937,246,28,30,93.3,22,23,95.7,4,6,66.7,0,0.1,0.1,2,5,2,0,10,63,63,0,0,0,0,1,0,0,0,0,0,58,0,0,4,3,0,1,0,0,0,1,1,0,0,0,0,0,71,2,9,46,16,2,71,1,1,100.0,0,0.0,39,258,134,3,2,0,0,1,56,0,2,0,0,2,0,2,3,66.7,1,1,0,1,0,2,2,0,Aston Villa,Boubacar-Kamara,cc77354e
2025-01-15,Wed,Matchweek 21,Away,W 1–0,Aston Villa,Everton,Y,DM,90,0,0,0,0,1,1,0,0,63,1,3,1,0.0,0.0,0.0,4,0,46,53,86.8,3,44,2,2,1,Match Report,46,53,86.8,754,242,20,21,95.2,25,27,92.6,1,4,25.0,0,0.0,0.0,1,5,0,0,3,53,50,3,3,0,0,0,0,0,0,0,0,46,0,1,4,3,0,0,0,0,1,0,0,0,0,0,0,0,63,7,27,29,7,2,63,2,1,50.0,1,50.0,44,200,106,2,1,1,0,2,44,0,1,1,1,0,0,0,1,0.0,1,1,1,0,3,4,3,0,Aston Villa,Boubacar-Kamara,cc77354e
2025-01-18,Sat,Matchweek 22,Away,D 2–2,Aston Villa,Arsenal,Y,DM,90,0,0,0,0,0,0,1,0,40,6,1,0,0.0,0.0,0.0,0,0,21,27,77.8,3,15,1,0,0,Match Report,21,27,77.8,300,106,14,17,82.4,6,8,75.0,1,1,100.0,0,0.0,0.0,0,1,0,0,3,27,27,0,0,0,0,0,0,0,0,0,0,21,0,0,0,0,0,0,0,0,0,0,0,0,0,0,0,0,40,8,18,20,2,0,40,0,0,,0,,15,72,28,1,0,0,1,0,15,0,6,2,6,0,0,3,5,60.0,2,0,0,0,1,7,7,0,Aston Villa,Boubacar-Kamara,cc77354e
2025-01-26,Sun,Matchweek 23,Home,D 1–1,Aston Villa,West Ham,Y,DM,90,0,0,0,0,1,0,0,0,69,9,2,2,0.1,0.1,0.0,1,0,38,47,80.9,5,33,0,6,2,Match Report,38,47,80.9,613,172,21,25,84.0,15,18,83.3,2,3,66.7,0,0.0,0.0,0,7,1,0,5,47,45,2,2,0,0,0,0,0,0,0,0,38,0,2,1,0,1,0,0,0,0,0,0,0,0,0,0,0,69,6,24,34,12,1,69,6,2,33.3,2,33.3,33,158,69,0,1,0,0,0,32,1,9,2,2,5,2,6,8,75.0,2,2,0,2,2,11,4,0,Aston Villa,Boubacar-Kamara,cc77354e
2025-02-01,Sat,Matchweek 24,Away,L 0–2,Aston Villa,Wolves,Y,CB,90,0,0,0,0,1,0,0,0,86,3,0,0,0.0,0.0,0.0,0,0,78,80,97.5,5,49,1,0,0,Match Report,78,80,97.5,1178,454,36,38,94.7,38,38,100.0,2,2,100.0,0,0.0,0.0,0,9,0,0,5,80,75,5,4,0,0,0,0,0,0,0,0,78,0,0,0,0,0,0,0,0,0,0,0,0,0,0,0,0,86,12,32,50,4,0,86,0,0,,0,,49,261,139,1,1,0,0,0,68,0,3,1,2,1,0,3,3,100.0,0,0,0,0,0,3,2,1,Aston Villa,Boubacar-Kamara,cc77354e
2025-02-15,Sat,Matchweek 25,Home,D 1–1,Aston Villa,Ipswich Town,Y,CB,15,0,0,0,0,0,0,0,0,28,0,0,0,0.0,0.0,0.0,0,0,24,28,85.7,0,26,0,1,1,Match Report,24,28,85.7,376,177,11,11,100.0,13,13,100.0,0,3,0.0,0,0.0,0.0,0,1,0,0,0,28,27,1,0,0,0,0,0,0,0,0,0,24,0,1,0,0,0,0,0,0,0,0,0,0,0,0,0,0,28,9,17,11,0,0,28,1,1,100.0,0,0.0,26,103,29,0,0,0,0,1,25,0,0,0,0,0,0,0,0,,0,0,0,0,0,0,0,0,Aston Villa,Boubacar-Kamara,cc77354e
2025-03-08,Sat,Matchweek 28,Away,W 1–0,Aston Villa,Brentford,N,DM,30,0,0,0,0,0,0,0,0,12,0,0,0,0.0,0.0,0.0,0,0,5,7,71.4,0,3,0,1,0,Match Report,5,7,71.4,68,10,2,2,100.0,2,3,66.7,0,1,0.0,0,0.0,0.0,0,1,0,0,0,7,7,0,0,1,0,0,0,0,0,0,0,5,0,0,0,0,0,0,0,0,0,0,0,0,0,0,0,0,12,5,5,7,0,0,12,1,0,0.0,0,0.0,3,7,2,0,0,0,0,0,5,0,0,0,0,0,0,0,1,0.0,1,0,0,0,0,0,4,0,Aston Villa,Boubacar-Kamara,cc77354e
2025-04-02,Wed,Matchweek 30,Away,W 3–0,Aston Villa,Brighton,Y,DM,90,0,0,0,0,0,0,0,0,67,3,0,3,0.0,0.0,0.1,2,0,44,52,84.6,7,34,4,1,0,Match Report,44,52,84.6,667,276,25,27,92.6,17,20,85.0,1,4,25.0,0,0.1,0.0,1,8,0,0,7,52,52,0,0,0,0,0,0,0,0,0,0,44,0,0,2,1,0,0,0,1,0,0,0,0,0,0,0,0,67,6,20,41,6,0,67,1,0,0.0,0,0.0,34,191,118,4,2,0,1,1,46,0,3,3,2,1,0,1,3,33.3,2,3,0,3,0,3,4,0,Aston Villa,Boubacar-Kamara,cc77354e
2025-04-05,Sat,Matchweek 31,Home,W 2–1,Aston Villa,Nott'ham Forest,N,DM,29,0,0,0,0,1,0,0,0,15,1,1,0,0.1,0.1,0.1,1,0,5,9,55.6,1,8,1,0,0,Match Report,5,9,55.6,71,14,2,3,66.7,2,4,50.0,0,0,,0,0.1,0.0,1,0,0,0,1,9,8,1,1,0,0,0,0,0,0,0,0,5,0,1,1,1,0,0,0,0,0,0,0,0,0,0,0,0,15,1,1,10,4,2,15,0,0,,0,,8,78,44,1,0,0,1,0,9,2,1,0,0,1,0,0,1,0.0,1,0,0,0,1,2,1,0,Aston Villa,Boubacar-Kamara,cc77354e
2025-04-12,Sat,Matchweek 32,Away,W 3–0,Aston Villa,Southampton,N,DM,2,0,0,0,0,0,0,0,0,6,0,0,0,0.0,0.0,0.0,0,0,6,6,100.0,0,4,0,0,0,Match Report,6,6,100.0,82,37,4,4,100.0,2,2,100.0,0,0,,0,0.0,0.0,0,2,0,0,0,6,6,0,0,0,0,0,0,0,0,0,0,6,0,0,0,0,0,0,0,0,0,0,0,0,0,0,0,0,6,0,2,3,1,0,6,0,0,,0,,4,12,1,0,0,0,0,0,5,0,0,0,0,0,0,0,0,,0,0,0,0,0,0,0,0,Aston Villa,Boubacar-Kamara,cc77354e
2025-04-19,Sat,Matchweek 33,Home,W 4–1,Aston Villa,Newcastle Utd,Y,DM,81,0,0,0,0,1,0,0,0,43,2,1,1,0.0,0.0,0.4,4,0,33,36,91.7,3,19,0,0,0,Match Report,33,36,91.7,465,180,25,27,92.6,6,7,85.7,2,2,100.0,0,0.4,0.3,2,6,1,0,3,36,34,2,2,1,0,0,0,0,0,0,0,33,0,0,4,3,0,0,1,0,0,0,0,0,0,0,0,0,43,3,10,27,7,0,43,0,0,,0,,19,83,18,0,0,0,0,0,27,0,2,1,0,2,0,0,1,0.0,1,1,1,0,1,3,4,0,Aston Villa,Boubacar-Kamara,cc77354e
2025-04-22,Tue,Matchweek 34,Away,L 1–2,Aston Villa,Manchester City,Y,DM,90,0,0,0,0,0,0,0,0,35,0,1,1,0.0,0.0,0.0,1,0,27,31,87.1,4,16,0,0,0,Match Report,27,31,87.1,489,227,12,13,92.3,13,13,100.0,2,5,40.0,0,0.0,0.0,0,3,0,0,4,31,31,0,0,1,0,0,0,0,0,0,0,27,0,1,1,1,0,0,0,0,0,0,0,0,0,0,0,0,35,3,19,13,3,0,35,0,0,,0,,16,107,44,0,1,0,2,2,27,0,0,0,0,0,0,0,2,0.0,2,1,1,0,1,1,0,0,Aston Villa,Boubacar-Kamara,cc77354e
2025-05-03,Sat,Matchweek 35,Home,W 1–0,Aston Villa,Fulham,Y,"DM,CM",90,0,0,0,0,0,0,0,0,80,3,1,0,0.0,0.0,0.0,0,0,64,71,90.1,2,50,0,2,0,Match Report,64,71,90.1,1094,278,33,36,91.7,26,27,96.3,5,8,62.5,0,0.0,0.0,0,5,0,0,2,71,70,1,1,1,0,0,0,0,0,0,0,64,0,0,0,0,0,0,0,0,0,0,0,0,0,0,0,0,80,4,20,52,9,0,80,2,0,0.0,1,50.0,50,176,39,0,0,0,1,4,63,2,3,1,3,0,0,2,3,66.7,1,0,0,0,1,4,3,0,Aston Villa,Boubacar-Kamara,cc77354e
2025-05-10,Sat,Matchweek 36,Away,W 1–0,Aston Villa,Bournemouth,Y,DM,90,0,0,0,0,2,1,0,0,29,0,2,0,0.4,0.4,0.0,1,0,15,21,71.4,4,13,1,1,0,Match Report,15,21,71.4,280,80,5,6,83.3,9,11,81.8,1,3,33.3,0,0.0,0.0,0,4,0,0,4,21,20,1,1,0,0,0,0,0,0,0,0,15,0,0,1,0,0,0,1,0,0,0,0,0,0,0,0,0,29,1,8,16,5,1,29,1,0,0.0,1,100.0,13,107,66,1,0,0,0,0,16,0,0,0,0,0,0,0,1,0.0,1,0,0,0,2,2,2,0,Aston Villa,Boubacar-Kamara,cc77354e
2025-05-16,Fri,Matchweek 37,Home,W 2–0,Aston Villa,Tottenham,Y,DM,90,1,0,0,0,1,1,0,0,59,1,0,1,0.0,0.0,0.0,2,0,45,52,86.5,6,42,1,1,0,Match Report,45,52,86.5,678,166,23,26,88.5,22,24,91.7,0,0,,0,0.0,0.1,1,3,2,0,6,52,52,0,0,0,0,0,0,0,0,0,0,45,0,1,2,2,0,0,0,0,0,0,0,0,0,0,0,0,59,1,11,34,16,3,59,1,0,0.0,0,0.0,42,249,140,1,1,1,2,2,46,0,1,1,0,1,0,1,1,100.0,0,1,0,1,0,1,0,0,Aston Villa,Boubacar-Kamara,cc77354e
2025-05-25,Sun,Matchweek 38,Away,L 0–2,Aston Villa,Manchester Utd,Y,DM,83,0,0,0,0,0,0,0,0,34,0,0,1,0.0,0.0,0.0,0,0,27,31,87.1,1,19,1,1,1,Match Report,27,31,87.1,458,140,12,14,85.7,13,14,92.9,2,2,100.0,0,0.0,0.0,0,2,0,0,1,31,30,1,1,0,0,0,0,0,0,0,0,27,0,0,0,0,0,0,0,0,0,0,0,0,0,0,0,0,34,1,17,15,2,0,34,1,1,100.0,0,0.0,19,116,43,1,1,0,0,0,19,0,0,0,0,0,0,0,0,,0,1,0,1,0,0,1,0,Aston Villa,Boubacar-Kamara,cc77354e
2024-08-17,Sat,Matchweek 1,Away,W 2–1,Aston Villa,West Ham,Y,DM,90,1,0,0,0,1,1,0,0,48,3,2,1,0.6,0.6,0.0,0,0,30,31,96.8,2,25,2,1,1,Match Report,30,31,96.8,513,57,10,10,100.0,15,15,100.0,3,3,100.0,0,0.0,0.0,0,1,0,0,2,31,31,0,0,0,0,0,0,0,0,0,0,30,0,0,0,0,0,0,0,0,0,0,0,0,0,0,0,0,48,4,13,28,8,1,48,1,1,100.0,0,0.0,25,147,87,2,0,0,1,1,23,0,3,1,1,1,1,0,0,,0,1,0,1,2,5,3,0,Aston Villa,Amadou-Onana,828657ff
2024-08-24,Sat,Matchweek 2,Home,L 0–2,Aston Villa,Arsenal,Y,CM,75,0,0,0,0,2,0,1,0,26,1,1,0,0.1,0.1,0.0,2,0,18,20,90.0,1,16,3,1,0,Match Report,18,20,90.0,346,111,7,8,87.5,10,11,90.9,1,1,100.0,0,0.0,0.0,0,1,0,0,1,20,20,0,0,0,0,0,0,0,0,0,0,18,0,0,2,1,0,0,1,0,0,0,0,0,0,0,0,0,26,3,13,9,5,1,26,1,0,0.0,0,0.0,16,122,100,3,1,0,0,1,17,0,1,0,1,0,0,0,1,0.0,1,0,0,0,1,2,1,0,Aston Villa,Amadou-Onana,828657ff
2024-08-31,Sat,Matchweek 3,Away,W 2–1,Aston Villa,Leicester City,Y,CM,60,1,0,0,0,3,1,1,0,36,0,2,0,0.4,0.4,0.1,2,0,23,25,92.0,1,13,1,1,1,Match Report,23,25,92.0,292,67,14,14,100.0,4,4,100.0,2,2,100.0,0,0.1,0.0,1,0,2,1,1,25,25,0,0,0,0,1,0,0,0,0,0,23,0,1,2,2,0,0,0,0,0,0,0,0,0,0,0,0,36,1,11,22,5,3,36,1,1,100.0,0,0.0,13,103,65,1,1,0,3,0,23,0,0,0,0,0,0,0,1,0.0,1,0,0,0,2,2,1,0,Aston Villa,Amadou-Onana,828657ff
2024-09-14,Sat,Matchweek 4,Home,W 3–2,Aston Villa,Everton,Y,DM,45,0,0,0,0,0,0,0,0,36,2,1,0,0.0,0.0,0.0,1,1,27,33,81.8,2,22,0,1,1,Match Report,27,33,81.8,369,66,18,19,94.7,7,9,77.8,1,1,100.0,0,0.0,0.0,0,5,1,0,2,33,33,0,0,0,0,0,0,0,0,0,0,27,0,1,1,1,0,0,0,0,0,1,1,0,0,0,0,0,36,0,4,25,8,0,36,1,1,100.0,0,0.0,22,67,10,0,2,0,0,1,23,0,2,2,1,1,0,1,1,100.0,0,0,0,0,1,3,0,1,Aston Villa,Amadou-Onana,828657ff
2024-09-21,Sat,Matchweek 5,Home,W 3–1,Aston Villa,Wolves,Y,DM,61,0,0,0,0,0,0,0,0,37,4,0,4,0.0,0.0,0.0,1,0,22,26,84.6,6,21,0,0,0,Match Report,22,26,84.6,347,103,11,11,100.0,10,10,100.0,1,2,50.0,0,0.0,0.0,0,1,1,0,6,26,25,1,1,0,0,0,0,0,0,0,0,22,0,1,1,0,1,0,0,0,0,0,0,0,0,0,0,0,37,5,6,22,9,1,37,0,0,,0,,21,92,46,0,1,0,0,2,21,2,4,3,0,4,0,2,3,66.7,1,4,3,1,0,4,1,0,Aston Villa,Amadou-Onana,828657ff
2024-09-29,Sun,Matchweek 6,Away,D 2–2,Aston Villa,Ipswich Town,Y,"DM,CM",90,0,0,0,0,0,0,0,0,71,6,2,1,0.0,0.0,0.0,1,0,50,55,90.9,2,43,0,1,0,Match Report,50,55,90.9,773,131,29,32,90.6,19,21,90.5,2,2,100.0,0,0.0,0.0,0,5,0,0,2,55,55,0,0,0,0,0,0,0,0,0,0,50,0,0,1,1,0,0,0,0,0,0,0,0,0,0,0,0,71,4,20,37,14,0,71,1,0,0.0,1,100.0,43,114,33,0,0,0,0,0,44,1,6,4,3,2,1,2,4,50.0,2,1,1,0,2,8,3,0,Aston Villa,Amadou-Onana,828657ff
2024-10-19,Sat,Matchweek 8,Away,W 3–1,Aston Villa,Fulham,Y,DM,74,0,0,0,0,0,0,0,0,38,2,3,1,0.0,0.0,0.0,2,0,31,33,93.9,3,19,1,1,1,Match Report,31,33,93.9,388,80,19,20,95.0,10,10,100.0,0,0,,0,0.0,0.0,1,2,0,0,3,33,33,0,0,0,0,0,0,0,0,0,0,31,0,1,2,2,0,0,0,0,0,0,0,0,0,0,0,0,38,0,10,22,7,1,38,1,1,100.0,0,0.0,19,116,71,1,3,0,0,0,28,1,2,1,2,0,0,1,2,50.0,1,1,0,1,3,5,0,0,Aston Villa,Amadou-Onana,828657ff
2024-10-26,Sat,Matchweek 9,Home,D 1–1,Aston Villa,Bournemouth,Y,CM,45,0,0,0,0,2,1,1,0,39,1,0,1,0.2,0.2,0.0,1,0,28,32,87.5,1,27,0,1,1,Match Report,28,32,87.5,490,184,12,13,92.3,15,16,93.8,1,1,100.0,0,0.0,0.0,0,6,0,0,1,32,32,0,0,0,0,0,0,0,0,0,0,28,0,2,1,0,0,0,1,0,0,0,0,0,0,0,0,0,39,2,10,22,8,2,39,1,1,100.0,0,0.0,27,90,15,0,0,0,0,1,27,0,1,0,0,1,0,0,0,,0,1,0,1,0,1,0,0,Aston Villa,Amadou-Onana,828657ff
2024-11-03,Sun,Matchweek 10,Away,L 1–4,Aston Villa,Tottenham,Y,"DM,CM",90,0,0,0,0,2,0,0,0,51,3,2,0,0.1,0.1,0.0,1,1,35,36,97.2,2,25,1,2,1,Match Report,35,36,97.2,582,143,15,15,100.0,18,19,94.7,2,2,100.0,0,0.0,0.0,1,0,0,0,2,36,36,0,0,0,0,0,0,0,0,0,0,35,0,0,1,0,0,0,1,0,0,1,0,0,0,1,0,0,51,10,22,22,9,3,51,2,1,50.0,1,50.0,25,161,83,1,2,0,1,0,30,1,3,2,3,0,0,2,4,50.0,2,0,0,0,2,5,6,1,Aston Villa,Amadou-Onana,828657ff
2024-11-09,Sat,Matchweek 11,Away,L 0–2,Aston Villa,Liverpool,Y,DM,73,0,0,0,0,1,1,0,0,32,3,3,1,0.2,0.2,0.0,2,0,19,26,73.1,3,14,0,0,0,Match Report,19,26,73.1,284,105,9,10,90.0,9,12,75.0,0,1,0.0,0,0.0,0.0,0,0,0,0,3,26,24,1,1,0,0,0,0,0,0,0,0,19,1,1,2,1,0,0,1,0,0,0,0,0,0,0,0,0,32,4,15,14,4,1,32,0,0,,0,,14,43,7,0,0,0,0,0,21,1,3,2,2,1,0,0,0,,0,1,1,0,3,6,1,0,Aston Villa,Amadou-Onana,828657ff
2024-12-07,Sat,Matchweek 15,Home,W 1–0,Aston Villa,Southampton,N,"On matchday squad, but did not play","On matchday squad, but did not play","On matchday squad, but did not play","On matchday squad, but did not play","On matchday squad, but did not play","On matchday squad, but did not play","On matchday squad, but did not play","On matchday squad, but did not play","On matchday squad, but did not play","On matchday squad, but did not play","On matchday squad, but did not play","On matchday squad, but did not play","On matchday squad, but did not play","On matchday squad, but did not play","On matchday squad, but did not play","On matchday squad, but did not play","On matchday squad, but did not play","On matchday squad, but did not play","On matchday squad, but did not play","On matchday squad, but did not play","On matchday squad, but did not play","On matchday squad, but did not play","On matchday squad, but did not play","On matchday squad, but did not play","On matchday squad, but did not play","On matchday squad, but did not play","On matchday squad, but did not play",Match Report,"On matchday squad, but did not play","On matchday squad, but did not play","On matchday squad, but did not play","On matchday squad, but did not play","On matchday squad, but did not play","On matchday squad, but did not play","On matchday squad, but did not play","On matchday squad, but did not play","On matchday squad, but did not play","On matchday squad, but did not play","On matchday squad, but did not play","On matchday squad, but did not play","On matchday squad, but did not play","On matchday squad, but did not play","On matchday squad, but did not play","On matchday squad, but did not play","On matchday squad, but did not play","On matchday squad, but did not play","On matchday squad, but did not play","On matchday squad, but did not play","On matchday squad, but did not play","On matchday squad, but did not play","On matchday squad, but did not play","On matchday squad, but did not play","On matchday squad, but did not play","On matchday squad, but did not play","On matchday squad, but did not play","On matchday squad, but did not play","On matchday squad, but did not play","On matchday squad, but did not play","On matchday squad, but did not play","On matchday squad, but did not play","On matchday squad, but did not play","On matchday squad, but did not play","On matchday squad, but did not play","On matchday squad, but did not play","On matchday squad, but did not play","On matchday squad, but did not play","On matchday squad, but did not play","On matchday squad, but did not play","On matchday squad, but did not play","On matchday squad, but did not play","On matchday squad, but did not play","On matchday squad, but did not play","On matchday squad, but did not play","On matchday squad, but did not play","On matchday squad, but did not play","On matchday squad, but did not play","On matchday squad, but did not play","On matchday squad, but did not play","On matchday squad, but did not play","On matchday squad, but did not play","On matchday squad, but did not play","On matchday squad, but did not play","On matchday squad, but did not play","On matchday squad, but did not play","On matchday squad, but did not play","On matchday squad, but did not play","On matchday squad, but did not play","On matchday squad, but did not play","On matchday squad, but did not play","On matchday squad, but did not play","On matchday squad, but did not play","On matchday squad, but did not play","On matchday squad, but did not play","On matchday squad, but did not play","On matchday squad, but did not play","On matchday squad, but did not play","On matchday squad, but did not play","On matchday squad, but did not play","On matchday squad, but did not play","On matchday squad, but did not play","On matchday squad, but did not play","On matchday squad, but did not play","On matchday squad, but did not play","On matchday squad, but did not play","On matchday squad, but did not play","On matchday squad, but did not play","On matchday squad, but did not play","On matchday squad, but did not play","On matchday squad, but did not play","On matchday squad, but did not play","On matchday squad, but did not play","On matchday squad, but did not play","On matchday squad, but did not play","On matchday squad, but did not play","On matchday squad, but did not play","On matchday squad, but did not play","On matchday squad, but did not play",Aston Villa,Amadou-Onana,828657ff
2024-12-14,Sat,Matchweek 16,Away,L 1–2,Aston Villa,Nott'ham Forest,N,DM,17,0,0,0,0,0,0,0,0,17,0,0,0,0.0,0.0,0.0,0,0,14,15,93.3,0,12,1,2,1,Match Report,14,15,93.3,265,39,3,4,75.0,10,10,100.0,1,1,100.0,0,0.0,0.0,0,1,0,0,0,15,15,0,0,0,0,0,0,0,0,0,0,14,0,0,0,0,0,0,0,0,0,0,0,0,0,0,0,0,17,1,2,13,2,0,17,2,1,50.0,1,50.0,12,73,33,1,1,0,0,0,12,1,0,0,0,0,0,0,0,,0,0,0,0,0,0,1,0,Aston Villa,Amadou-Onana,828657ff
2024-12-21,Sat,Matchweek 17,Home,W 2–1,Aston Villa,Manchester City,Y,DM,90,0,0,0,0,1,0,0,0,57,3,1,0,0.2,0.2,0.0,1,0,44,49,89.8,1,24,0,0,0,Match Report,44,49,89.8,625,160,22,22,100.0,19,21,90.5,0,2,0.0,0,0.0,0.0,0,1,0,0,1,49,49,0,0,0,0,0,0,0,0,0,0,44,0,1,1,1,0,0,0,0,0,0,0,0,0,0,0,0,57,4,15,37,5,1,57,0,0,,0,,24,112,41,0,0,0,1,1,45,2,3,1,3,0,0,1,1,100.0,0,0,0,0,1,4,1,0,Aston Villa,Amadou-Onana,828657ff
2024-12-26,Thu,Matchweek 18,Away,L 0–3,Aston Villa,Newcastle Utd,Y,"CM,DM",90,0,0,0,0,0,0,0,0,52,5,1,2,0.0,0.0,0.0,0,0,35,41,85.4,5,25,0,2,1,Match Report,35,41,85.4,521,126,21,22,95.5,14,18,77.8,0,1,0.0,0,0.0,0.0,0,4,0,0,5,41,41,0,0,0,0,0,0,0,0,0,0,35,0,0,0,0,0,0,0,0,0,0,0,0,0,0,0,0,52,4,17,34,3,1,52,2,1,50.0,0,0.0,25,95,51,0,0,0,0,0,32,1,5,2,1,4,0,0,0,,0,2,1,1,1,6,2,1,Aston Villa,Amadou-Onana,828657ff
2024-12-30,Mon,Matchweek 19,Home,D 2–2,Aston Villa,Brighton,N,DM,8,0,0,0,0,0,0,0,0,6,0,0,0,0.0,0.0,0.0,0,0,4,4,100.0,0,4,1,0,0,Match Report,4,4,100.0,65,0,2,2,100.0,2,2,100.0,0,0,,0,0.0,0.0,0,0,0,0,0,4,4,0,0,0,0,0,0,0,0,0,0,4,0,0,0,0,0,0,0,0,0,0,0,0,0,0,0,0,6,0,1,4,1,0,6,0,0,,0,,4,36,19,1,0,0,1,0,5,0,0,0,0,0,0,0,0,,0,0,0,0,0,0,0,0,Aston Villa,Amadou-Onana,828657ff
2025-01-04,Sat,Matchweek 20,Home,W 2–1,Aston Villa,Leicester City,N,"On matchday squad, but did not play","On matchday squad, but did not play","On matchday squad, but did not play","On matchday squad, but did not play","On matchday squad, but did not play","On matchday squad, but did not play","On matchday squad, but did not play","On matchday squad, but did not play","On matchday squad, but did not play","On matchday squad, but did not play","On matchday squad, but did not play","On matchday squad, but did not play","On matchday squad, but did not play","On matchday squad, but did not play","On matchday squad, but did not play","On matchday squad, but did not play","On matchday squad, but did not play","On matchday squad, but did not play","On matchday squad, but did not play","On matchday squad, but did not play","On matchday squad, but did not play","On matchday squad, but did not play","On matchday squad, but did not play","On matchday squad, but did not play","On matchday squad, but did not play","On matchday squad, but did not play","On matchday squad, but did not play",Match Report,"On matchday squad, but did not play","On matchday squad, but did not play","On matchday squad, but did not play","On matchday squad, but did not play","On matchday squad, but did not play","On matchday squad, but did not play","On matchday squad, but did not play","On matchday squad, but did not play","On matchday squad, but did not play","On matchday squad, but did not play","On matchday squad, but did not play","On matchday squad, but did not play","On matchday squad, but did not play","On matchday squad, but did not play","On matchday squad, but did not play","On matchday squad, but did not play","On matchday squad, but did not play","On matchday squad, but did not play","On matchday squad, but did not play","On matchday squad, but did not play","On matchday squad, but did not play","On matchday squad, but did not play","On matchday squad, but did not play","On matchday squad, but did not play","On matchday squad, but did not play","On matchday squad, but did not play","On matchday squad, but did not play","On matchday squad, but did not play","On matchday squad, but did not play","On matchday squad, but did not play","On matchday squad, but did not play","On matchday squad, but did not play","On matchday squad, but did not play","On matchday squad, but did not play","On matchday squad, but did not play","On matchday squad, but did not play","On matchday squad, but did not play","On matchday squad, but did not play","On matchday squad, but did not play","On matchday squad, but did not play","On matchday squad, but did not play","On matchday squad, but did not play","On matchday squad, but did not play","On matchday squad, but did not play","On matchday squad, but did not play","On matchday squad, but did not play","On matchday squad, but did not play","On matchday squad, but did not play","On matchday squad, but did not play","On matchday squad, but did not play","On matchday squad, but did not play","On matchday squad, but did not play","On matchday squad, but did not play","On matchday squad, but did not play","On matchday squad, but did not play","On matchday squad, but did not play","On matchday squad, but did not play","On matchday squad, but did not play","On matchday squad, but did not play","On matchday squad, but did not play","On matchday squad, but did not play","On matchday squad, but did not play","On matchday squad, but did not play","On matchday squad, but did not play","On matchday squad, but did not play","On matchday squad, but did not play","On matchday squad, but did not play","On matchday squad, but did not play","On matchday squad, but did not play","On matchday squad, but did not play","On matchday squad, but did not play","On matchday squad, but did not play","On matchday squad, but did not play","On matchday squad, but did not play","On matchday squad, but did not play","On matchday squad, but did not play","On matchday squad, but did not play","On matchday squad, but did not play","On matchday squad, but did not play","On matchday squad, but did not play","On matchday squad, but did not play","On matchday squad, but did not play","On matchday squad, but did not play","On matchday squad, but did not play","On matchday squad, but did not play","On matchday squad, but did not play","On matchday squad, but did not play","On matchday squad, but did not play","On matchday squad, but did not play",Aston Villa,Amadou-Onana,828657ff
2025-01-15,Wed,Matchweek 21,Away,W 1–0,Aston Villa,Everton,Y,DM,90,0,0,0,0,2,0,1,0,59,2,1,2,0.0,0.0,0.0,0,0,40,50,80.0,3,44,2,0,0,Match Report,40,50,80.0,663,138,17,20,85.0,22,25,88.0,1,2,50.0,0,0.0,0.0,0,2,1,0,3,50,50,0,0,1,0,0,0,0,0,0,0,40,0,1,0,0,0,0,0,0,0,0,0,0,0,0,0,0,59,4,18,32,9,0,59,0,0,,0,,44,168,80,2,4,0,0,0,41,0,2,2,0,2,0,1,1,100.0,0,2,0,2,1,3,2,0,Aston Villa,Amadou-Onana,828657ff
2025-01-18,Sat,Matchweek 22,Away,D 2–2,Aston Villa,Arsenal,Y,DM,36,0,0,0,0,0,0,0,0,10,0,0,0,0.0,0.0,0.0,1,0,6,6,100.0,1,3,0,1,1,Match Report,6,6,100.0,92,31,2,2,100.0,4,4,100.0,0,0,,0,0.0,0.0,0,0,0,0,1,6,6,0,0,0,0,0,0,0,0,0,0,6,0,0,1,1,0,0,0,0,0,0,0,0,0,0,0,0,10,3,5,6,0,0,10,1,1,100.0,0,0.0,3,24,15,0,0,0,0,0,5,0,0,0,0,0,0,0,0,,0,0,0,0,0,0,4,0,Aston Villa,Amadou-Onana,828657ff
2025-02-01,Sat,Matchweek 24,Away,L 0–2,Aston Villa,Wolves,N,DM,45,0,0,0,0,0,0,0,0,47,3,0,0,0.0,0.0,0.0,2,0,38,44,86.4,3,22,1,0,0,Match Report,38,44,86.4,575,84,22,23,95.7,12,15,80.0,3,4,75.0,0,0.0,0.0,2,3,0,0,3,44,44,0,0,0,0,0,0,0,0,0,0,38,0,0,2,2,0,0,0,0,0,0,0,0,0,0,0,0,47,0,3,38,6,0,47,0,0,,0,,22,134,46,1,0,0,0,0,38,0,3,2,1,1,1,1,3,33.3,2,0,0,0,0,3,0,0,Aston Villa,Amadou-Onana,828657ff
2025-04-02,Wed,Matchweek 30,Away,W 3–0,Aston Villa,Brighton,N,DM,26,0,0,0,0,0,0,0,0,18,0,0,0,0.0,0.0,0.0,0,0,13,15,86.7,1,10,0,1,1,Match Report,13,15,86.7,236,70,7,7,100.0,4,6,66.7,2,2,100.0,0,0.0,0.0,0,2,0,0,1,15,15,0,0,0,0,0,0,0,0,0,0,13,0,0,0,0,0,0,0,0,0,0,0,0,0,0,0,0,18,0,4,14,0,0,18,1,1,100.0,0,0.0,10,52,36,0,0,0,1,0,14,0,0,0,0,0,0,0,0,,0,0,0,0,0,0,0,0,Aston Villa,Amadou-Onana,828657ff
2025-04-05,Sat,Matchweek 31,Home,W 2–1,Aston Villa,Nott'ham Forest,Y,DM,61,0,0,0,0,0,0,0,0,38,1,1,0,0.0,0.0,0.0,1,1,31,33,93.9,7,29,3,1,0,Match Report,31,33,93.9,567,166,15,15,100.0,13,14,92.9,3,4,75.0,0,0.0,0.0,0,5,0,0,7,33,31,2,2,0,0,0,0,0,0,0,0,31,0,0,1,0,1,0,0,0,0,1,0,1,0,0,0,0,38,2,9,28,1,0,38,1,0,0.0,0,0.0,29,268,167,3,0,0,1,0,29,1,1,0,0,1,0,1,1,100.0,0,0,0,0,1,2,1,0,Aston Villa,Amadou-Onana,828657ff
2025-04-12,Sat,Matchweek 32,Away,W 3–0,Aston Villa,Southampton,Y,DM,88,0,0,0,0,1,1,0,0,73,6,3,0,0.0,0.0,0.1,5,1,52,58,89.7,13,47,4,0,0,Match Report,52,58,89.7,836,345,29,31,93.5,21,22,95.5,2,4,50.0,0,0.1,0.2,2,9,3,0,13,58,58,0,0,0,0,0,0,0,0,0,0,52,0,0,5,5,0,0,0,0,0,1,1,0,0,0,0,0,73,3,8,44,21,2,73,0,0,,0,,47,268,207,4,4,1,1,1,56,2,6,2,2,3,1,2,2,100.0,0,0,0,0,3,9,3,0,Aston Villa,Amadou-Onana,828657ff
2025-04-19,Sat,Matchweek 33,Home,W 4–1,Aston Villa,Newcastle Utd,N,DM,19,1,0,0,0,1,1,0,0,17,0,0,0,0.1,0.1,0.0,0,0,15,16,93.8,1,7,0,0,0,Match Report,15,16,93.8,205,44,10,10,100.0,5,6,83.3,0,0,,0,0.0,0.0,0,4,0,0,1,16,16,0,0,0,0,0,0,0,0,0,0,15,0,0,0,0,0,0,0,0,0,0,0,0,0,0,0,0,17,0,2,12,3,0,17,0,0,,0,,7,25,3,0,0,0,0,0,13,0,0,0,0,0,0,0,0,,0,0,0,0,0,0,0,0,Aston Villa,Amadou-Onana,828657ff
2025-04-22,Tue,Matchweek 34,Away,L 1–2,Aston Villa,Manchester City,Y,DM,75,0,0,0,0,1,0,0,0,28,1,1,1,0.2,0.2,0.0,2,0,14,18,77.8,0,7,0,1,1,Match Report,14,18,77.8,217,66,7,9,77.8,7,8,87.5,0,0,,0,0.0,0.1,0,0,0,0,0,18,18,0,0,0,0,0,0,0,0,0,0,14,0,1,2,2,0,0,0,0,0,0,0,0,0,0,0,0,28,6,19,5,4,3,28,1,1,100.0,0,0.0,7,41,22,0,1,0,0,1,16,0,1,0,1,0,0,0,0,,0,1,0,1,1,2,6,0,Aston Villa,Amadou-Onana,828657ff
2025-05-03,Sat,Matchweek 35,Home,W 1–0,Aston Villa,Fulham,N,"DM,CM",30,0,0,0,0,0,0,0,0,22,1,0,0,0.0,0.0,0.0,2,0,18,20,90.0,2,9,1,0,0,Match Report,18,20,90.0,301,114,11,12,91.7,5,6,83.3,2,2,100.0,0,0.0,0.1,1,4,1,0,2,20,20,0,0,1,0,0,0,0,0,0,0,18,0,0,2,2,0,0,0,0,0,0,0,0,0,0,0,0,22,2,6,16,1,1,22,0,0,,0,,9,73,56,1,0,0,0,0,16,1,1,0,0,1,0,0,2,0.0,2,0,0,0,0,1,1,0,Aston Villa,Amadou-Onana,828657ff
2025-05-10,Sat,Matchweek 36,Away,W 1–0,Aston Villa,Bournemouth,Y,DM,90,0,0,0,0,0,0,0,0,55,2,1,1,0.0,0.0,0.0,2,0,31,42,73.8,3,29,3,1,1,Match Report,31,42,73.8,472,136,17,23,73.9,13,16,81.3,1,3,33.3,0,0.0,0.0,0,2,0,0,3,42,42,0,0,1,0,0,0,0,0,0,0,31,0,0,2,1,0,1,0,0,0,0,0,0,0,0,0,0,55,8,19,31,7,1,55,1,1,100.0,0,0.0,29,179,107,3,2,0,1,0,33,1,2,0,1,1,0,0,1,0.0,1,1,1,0,1,3,4,0,Aston Villa,Amadou-Onana,828657ff
2025-05-16,Fri,Matchweek 37,Home,W 2–0,Aston Villa,Tottenham,Y,DM,87,0,0,0,0,0,0,0,0,53,4,1,0,0.0,0.0,0.3,2,0,42,46,91.3,9,37,2,1,1,Match Report,42,46,91.3,644,194,24,25,96.0,14,15,93.3,3,4,75.0,0,0.3,0.2,1,8,3,1,9,46,46,0,0,0,0,1,0,0,0,0,0,42,0,1,2,2,0,0,0,0,0,0,0,0,0,0,0,0,53,0,6,34,13,0,53,1,1,100.0,0,0.0,37,172,60,2,2,0,0,0,38,1,4,4,1,3,0,1,1,100.0,0,0,0,0,1,5,0,0,Aston Villa,Amadou-Onana,828657ff
2025-05-25,Sun,Matchweek 38,Away,L 0–2,Aston Villa,Manchester Utd,Y,DM,62,0,0,0,0,0,0,0,0,32,2,0,1,0.0,0.0,0.0,1,0,23,28,82.1,3,19,3,1,1,Match Report,23,28,82.1,390,137,12,14,85.7,8,10,80.0,3,4,75.0,0,0.0,0.0,1,3,0,0,3,28,27,1,0,0,0,0,0,0,0,0,0,23,0,0,1,1,0,0,0,0,0,0,0,0,0,0,0,0,32,1,11,15,6,1,32,1,1,100.0,0,0.0,19,156,117,3,1,0,0,0,21,0,2,2,0,0,2,1,1,100.0,0,1,0,1,0,2,0,0,Aston Villa,Amadou-Onana,828657ff
2024-08-17,Sat,Matchweek 1,Away,W 2–1,Aston Villa,West Ham,N,LW,29.0,0.0,1.0,0.0,0.0,1.0,0.0,0.0,0.0,16.0,0.0,0.0,0.0,0.1,0.1,0.1,3.0,1.0,12.0,13.0,92.3,1.0,11.0,2.0,1.0,1.0,Match Report,12.0,13.0,92.3,154.0,25.0,8.0,8.0,100.0,3.0,3.0,100.0,1.0,1.0,100.0,1.0,0.1,0.1,1.0,0.0,0.0,0.0,1.0,13.0,12.0,0.0,0.0,0.0,0.0,0.0,0.0,0.0,0.0,0.0,0.0,12.0,1.0,0.0,3.0,2.0,0.0,1.0,0.0,0.0,0.0,1.0,1.0,0.0,0.0,0.0,0.0,0.0,16.0,0.0,0.0,11.0,5.0,2.0,16.0,1.0,1.0,100.0,0.0,0.0,11.0,92.0,64.0,2.0,1.0,1.0,1.0,0.0,10.0,1.0,0.0,0.0,0.0,0.0,0.0,0.0,1.0,0.0,1.0,0.0,0.0,0.0,0.0,0.0,0.0,0.0,Aston Villa,Jacob-Ramsey,1544f145
2024-08-24,Sat,Matchweek 2,Home,L 0–2,Aston Villa,Arsenal,N,LM,26.0,0.0,0.0,0.0,0.0,1.0,1.0,0.0,0.0,16.0,0.0,0.0,0.0,0.0,0.0,0.0,2.0,0.0,12.0,13.0,92.3,0.0,9.0,2.0,2.0,2.0,Match Report,12.0,13.0,92.3,139.0,16.0,9.0,10.0,90.0,2.0,2.0,100.0,0.0,0.0,,0.0,0.0,0.0,1.0,1.0,0.0,0.0,0.0,13.0,13.0,0.0,0.0,0.0,0.0,0.0,0.0,0.0,0.0,0.0,0.0,12.0,0.0,0.0,2.0,2.0,0.0,0.0,0.0,0.0,0.0,0.0,0.0,0.0,0.0,0.0,0.0,0.0,16.0,1.0,3.0,6.0,7.0,3.0,16.0,2.0,2.0,100.0,0.0,0.0,9.0,81.0,29.0,2.0,1.0,2.0,0.0,2.0,12.0,2.0,0.0,0.0,0.0,0.0,0.0,0.0,0.0,,0.0,0.0,0.0,0.0,0.0,0.0,0.0,0.0,Aston Villa,Jacob-Ramsey,1544f145
2024-08-31,Sat,Matchweek 3,Away,W 2–1,Aston Villa,Leicester City,N,LM,63.0,0.0,0.0,0.0,0.0,1.0,1.0,0.0,0.0,33.0,2.0,0.0,0.0,0.1,0.1,0.4,3.0,1.0,24.0,28.0,85.7,2.0,22.0,6.0,3.0,3.0,Match Report,24.0,28.0,85.7,325.0,60.0,13.0,14.0,92.9,9.0,10.0,90.0,0.0,0.0,,0.0,0.4,0.6,1.0,0.0,0.0,0.0,2.0,28.0,28.0,0.0,0.0,0.0,0.0,0.0,0.0,0.0,0.0,0.0,0.0,24.0,0.0,0.0,3.0,2.0,0.0,1.0,0.0,0.0,0.0,1.0,1.0,0.0,0.0,0.0,0.0,0.0,33.0,1.0,9.0,13.0,13.0,4.0,33.0,3.0,3.0,100.0,0.0,0.0,22.0,307.0,90.0,6.0,3.0,1.0,1.0,2.0,24.0,3.0,2.0,1.0,1.0,1.0,0.0,0.0,0.0,,0.0,0.0,0.0,0.0,0.0,2.0,0.0,0.0,Aston Villa,Jacob-Ramsey,1544f145
2024-09-14,Sat,Matchweek 4,Home,W 3–2,Aston Villa,Everton,Y,LW,68.0,0.0,0.0,0.0,0.0,2.0,0.0,0.0,0.0,49.0,2.0,0.0,0.0,0.3,0.3,0.0,1.0,0.0,37.0,39.0,94.9,6.0,35.0,0.0,3.0,0.0,Match Report,37.0,39.0,94.9,432.0,81.0,30.0,31.0,96.8,6.0,6.0,100.0,0.0,0.0,,0.0,0.0,0.1,0.0,1.0,3.0,0.0,6.0,39.0,39.0,0.0,0.0,0.0,0.0,0.0,0.0,0.0,0.0,0.0,0.0,37.0,0.0,1.0,1.0,1.0,0.0,0.0,0.0,0.0,0.0,0.0,0.0,0.0,0.0,0.0,0.0,0.0,49.0,0.0,1.0,14.0,34.0,3.0,49.0,3.0,0.0,0.0,3.0,100.0,35.0,148.0,44.0,0.0,0.0,1.0,2.0,2.0,42.0,7.0,2.0,1.0,0.0,2.0,0.0,1.0,1.0,100.0,0.0,0.0,0.0,0.0,0.0,2.0,0.0,0.0,Aston Villa,Jacob-Ramsey,1544f145
2024-09-21,Sat,Matchweek 5,Home,W 3–1,Aston Villa,Wolves,Y,LW,61.0,0.0,0.0,0.0,0.0,0.0,0.0,0.0,0.0,26.0,1.0,0.0,0.0,0.0,0.0,0.0,1.0,0.0,17.0,22.0,77.3,1.0,23.0,1.0,1.0,1.0,Match Report,17.0,22.0,77.3,207.0,39.0,14.0,16.0,87.5,3.0,3.0,100.0,0.0,1.0,0.0,0.0,0.0,0.0,0.0,1.0,0.0,0.0,1.0,22.0,21.0,1.0,0.0,1.0,0.0,1.0,1.0,0.0,0.0,0.0,0.0,17.0,0.0,1.0,1.0,1.0,0.0,0.0,0.0,0.0,0.0,0.0,0.0,0.0,0.0,0.0,0.0,0.0,26.0,2.0,2.0,7.0,17.0,1.0,26.0,1.0,1.0,100.0,0.0,0.0,23.0,84.0,31.0,1.0,1.0,0.0,3.0,0.0,24.0,8.0,1.0,0.0,1.0,0.0,0.0,0.0,0.0,,0.0,0.0,0.0,0.0,0.0,1.0,0.0,0.0,Aston Villa,Jacob-Ramsey,1544f145
2024-09-29,Sun,Matchweek 6,Away,D 2–2,Aston Villa,Ipswich Town,Y,"LW,LM",90.0,0.0,0.0,0.0,0.0,1.0,0.0,0.0,0.0,48.0,1.0,0.0,1.0,0.0,0.0,0.0,2.0,0.0,39.0,43.0,90.7,3.0,36.0,3.0,2.0,2.0,Match Report,39.0,43.0,90.7,500.0,129.0,33.0,34.0,97.1,5.0,7.0,71.4,1.0,1.0,100.0,0.0,0.0,0.0,1.0,4.0,0.0,0.0,3.0,43.0,43.0,0.0,0.0,0.0,0.0,0.0,0.0,0.0,0.0,0.0,0.0,39.0,0.0,0.0,2.0,2.0,0.0,0.0,0.0,0.0,0.0,0.0,0.0,0.0,0.0,0.0,0.0,0.0,48.0,1.0,6.0,14.0,31.0,2.0,48.0,2.0,2.0,100.0,0.0,0.0,36.0,193.0,109.0,3.0,2.0,2.0,1.0,0.0,44.0,8.0,1.0,0.0,0.0,0.0,1.0,1.0,2.0,50.0,1.0,1.0,0.0,1.0,0.0,1.0,1.0,0.0,Aston Villa,Jacob-Ramsey,1544f145
2024-10-19,Sat,Matchweek 8,Away,W 3–1,Aston Villa,Fulham,Y,LW,82.0,0.0,1.0,0.0,0.0,1.0,1.0,0.0,0.0,32.0,0.0,0.0,2.0,0.1,0.1,0.6,5.0,1.0,21.0,27.0,77.8,5.0,20.0,3.0,2.0,1.0,Match Report,21.0,27.0,77.8,259.0,57.0,16.0,17.0,94.1,4.0,6.0,66.7,0.0,1.0,0.0,1.0,0.6,0.2,2.0,2.0,2.0,0.0,5.0,27.0,27.0,0.0,0.0,1.0,0.0,1.0,0.0,0.0,0.0,0.0,0.0,21.0,0.0,1.0,5.0,3.0,0.0,1.0,1.0,0.0,0.0,1.0,1.0,0.0,0.0,0.0,0.0,0.0,32.0,0.0,2.0,10.0,20.0,4.0,32.0,2.0,1.0,50.0,1.0,50.0,20.0,94.0,55.0,3.0,1.0,1.0,1.0,0.0,27.0,8.0,0.0,0.0,0.0,0.0,0.0,0.0,0.0,,0.0,2.0,0.0,2.0,0.0,0.0,0.0,0.0,Aston Villa,Jacob-Ramsey,1544f145
2024-10-26,Sat,Matchweek 9,Home,D 1–1,Aston Villa,Bournemouth,Y,LM,90.0,0.0,0.0,0.0,0.0,0.0,0.0,1.0,0.0,47.0,0.0,2.0,1.0,0.0,0.0,0.1,6.0,0.0,30.0,41.0,73.2,5.0,37.0,7.0,1.0,1.0,Match Report,30.0,41.0,73.2,439.0,158.0,17.0,22.0,77.3,11.0,14.0,78.6,1.0,2.0,50.0,0.0,0.1,0.2,2.0,2.0,1.0,0.0,5.0,41.0,41.0,0.0,0.0,0.0,0.0,3.0,0.0,0.0,0.0,0.0,0.0,30.0,0.0,2.0,6.0,5.0,0.0,0.0,0.0,1.0,0.0,0.0,0.0,0.0,0.0,0.0,0.0,0.0,47.0,0.0,8.0,16.0,23.0,5.0,47.0,1.0,1.0,100.0,0.0,0.0,37.0,259.0,183.0,7.0,5.0,1.0,0.0,0.0,39.0,11.0,0.0,0.0,0.0,0.0,0.0,0.0,0.0,,0.0,1.0,1.0,0.0,2.0,2.0,0.0,0.0,Aston Villa,Jacob-Ramsey,1544f145
2024-11-03,Sun,Matchweek 10,Away,L 1–4,Aston Villa,Tottenham,Y,"LW,LM",80.0,0.0,0.0,0.0,0.0,1.0,0.0,0.0,0.0,36.0,1.0,3.0,2.0,0.0,0.0,0.0,2.0,0.0,21.0,24.0,87.5,1.0,24.0,1.0,5.0,3.0,Match Report,21.0,24.0,87.5,265.0,69.0,13.0,14.0,92.9,7.0,7.0,100.0,0.0,1.0,0.0,0.0,0.0,0.0,0.0,0.0,0.0,0.0,1.0,24.0,24.0,0.0,0.0,0.0,1.0,0.0,0.0,0.0,0.0,0.0,0.0,21.0,0.0,1.0,2.0,0.0,0.0,1.0,0.0,1.0,0.0,0.0,0.0,0.0,0.0,0.0,0.0,0.0,36.0,0.0,17.0,13.0,7.0,1.0,36.0,5.0,3.0,60.0,2.0,40.0,24.0,164.0,65.0,1.0,2.0,0.0,0.0,0.0,22.0,5.0,1.0,1.0,1.0,0.0,0.0,1.0,1.0,100.0,0.0,2.0,1.0,1.0,3.0,4.0,1.0,0.0,Aston Villa,Jacob-Ramsey,1544f145
2024-11-09,Sat,Matchweek 11,Away,L 0–2,Aston Villa,Liverpool,Y,LW,44.0,0.0,0.0,0.0,0.0,2.0,0.0,0.0,0.0,20.0,0.0,0.0,2.0,0.1,0.1,0.0,2.0,0.0,10.0,12.0,83.3,4.0,14.0,3.0,2.0,2.0,Match Report,10.0,12.0,83.3,143.0,51.0,6.0,7.0,85.7,2.0,3.0,66.7,1.0,1.0,100.0,0.0,0.0,0.0,0.0,1.0,1.0,0.0,4.0,12.0,12.0,0.0,0.0,0.0,0.0,0.0,0.0,0.0,0.0,0.0,0.0,10.0,0.0,0.0,2.0,2.0,0.0,0.0,0.0,0.0,0.0,0.0,0.0,0.0,0.0,0.0,0.0,0.0,20.0,1.0,7.0,7.0,6.0,3.0,20.0,2.0,2.0,100.0,0.0,0.0,14.0,153.0,91.0,3.0,1.0,2.0,2.0,1.0,14.0,1.0,0.0,0.0,0.0,0.0,0.0,0.0,0.0,,0.0,2.0,0.0,2.0,0.0,0.0,0.0,0.0,Aston Villa,Jacob-Ramsey,1544f145
2024-12-30,Mon,Matchweek 19,Home,D 2–2,Aston Villa,Brighton,N,RW,14.0,0.0,0.0,0.0,0.0,0.0,0.0,0.0,0.0,6.0,0.0,0.0,0.0,0.0,0.0,0.0,0.0,0.0,5.0,5.0,100.0,2.0,2.0,0.0,0.0,0.0,Match Report,5.0,5.0,100.0,82.0,44.0,1.0,1.0,100.0,4.0,4.0,100.0,0.0,0.0,,0.0,0.0,0.0,0.0,0.0,0.0,0.0,2.0,5.0,5.0,0.0,0.0,0.0,0.0,0.0,0.0,0.0,0.0,0.0,0.0,5.0,0.0,0.0,0.0,0.0,0.0,0.0,0.0,0.0,0.0,0.0,0.0,0.0,0.0,0.0,0.0,0.0,6.0,1.0,1.0,3.0,2.0,0.0,6.0,0.0,0.0,,0.0,,2.0,15.0,12.0,0.0,0.0,0.0,0.0,0.0,2.0,0.0,0.0,0.0,0.0,0.0,0.0,0.0,0.0,,0.0,0.0,0.0,0.0,0.0,0.0,1.0,0.0,Aston Villa,Jacob-Ramsey,1544f145
2025-01-04,Sat,Matchweek 20,Home,W 2–1,Aston Villa,Leicester City,N,LW,72.0,0.0,0.0,0.0,0.0,0.0,0.0,0.0,0.0,46.0,0.0,1.0,1.0,0.0,0.0,0.3,3.0,1.0,33.0,38.0,86.8,3.0,29.0,0.0,0.0,0.0,Match Report,33.0,38.0,86.8,436.0,52.0,26.0,29.0,89.7,4.0,4.0,100.0,3.0,3.0,100.0,0.0,0.3,0.3,1.0,1.0,1.0,0.0,3.0,38.0,38.0,0.0,0.0,0.0,0.0,0.0,0.0,0.0,0.0,0.0,0.0,33.0,0.0,1.0,3.0,3.0,0.0,0.0,0.0,0.0,0.0,1.0,1.0,0.0,0.0,0.0,0.0,0.0,46.0,1.0,4.0,22.0,20.0,3.0,46.0,0.0,0.0,,0.0,,29.0,145.0,26.0,0.0,0.0,0.0,3.0,2.0,35.0,5.0,0.0,0.0,0.0,0.0,0.0,0.0,0.0,,0.0,1.0,0.0,1.0,1.0,1.0,0.0,0.0,Aston Villa,Jacob-Ramsey,1544f145
2025-01-15,Wed,Matchweek 21,Away,W 1–0,Aston Villa,Everton,Y,LW,80.0,0.0,0.0,0.0,0.0,2.0,0.0,0.0,0.0,30.0,6.0,0.0,0.0,0.3,0.3,0.0,2.0,0.0,15.0,20.0,75.0,0.0,20.0,2.0,1.0,1.0,Match Report,15.0,20.0,75.0,187.0,7.0,11.0,12.0,91.7,4.0,7.0,57.1,0.0,0.0,,0.0,0.0,0.0,0.0,0.0,0.0,0.0,0.0,20.0,20.0,0.0,0.0,0.0,0.0,0.0,0.0,0.0,0.0,0.0,0.0,15.0,0.0,1.0,2.0,0.0,0.0,0.0,0.0,2.0,0.0,0.0,0.0,0.0,0.0,0.0,0.0,0.0,30.0,0.0,9.0,10.0,11.0,5.0,30.0,1.0,1.0,100.0,0.0,0.0,20.0,114.0,49.0,2.0,2.0,0.0,4.0,1.0,21.0,2.0,6.0,4.0,5.0,0.0,1.0,3.0,3.0,100.0,0.0,0.0,0.0,0.0,0.0,6.0,0.0,0.0,Aston Villa,Jacob-Ramsey,1544f145
2025-01-18,Sat,Matchweek 22,Away,D 2–2,Aston Villa,Arsenal,Y,LW,84.0,0.0,0.0,0.0,0.0,0.0,0.0,0.0,0.0,23.0,0.0,1.0,1.0,0.0,0.0,0.0,0.0,0.0,15.0,18.0,83.3,2.0,12.0,2.0,0.0,0.0,Match Report,15.0,18.0,83.3,274.0,37.0,7.0,8.0,87.5,6.0,7.0,85.7,2.0,2.0,100.0,0.0,0.0,0.0,0.0,1.0,0.0,0.0,2.0,18.0,18.0,0.0,0.0,0.0,1.0,0.0,0.0,0.0,0.0,0.0,0.0,15.0,0.0,1.0,0.0,0.0,0.0,0.0,0.0,0.0,0.0,0.0,0.0,0.0,0.0,0.0,0.0,0.0,23.0,0.0,8.0,11.0,4.0,2.0,23.0,0.0,0.0,,0.0,,12.0,118.0,63.0,2.0,0.0,0.0,2.0,3.0,16.0,1.0,0.0,0.0,0.0,0.0,0.0,0.0,1.0,0.0,1.0,1.0,1.0,0.0,1.0,1.0,0.0,0.0,Aston Villa,Jacob-Ramsey,1544f145
2025-01-26,Sun,Matchweek 23,Home,D 1–1,Aston Villa,West Ham,Y,LW,72.0,1.0,0.0,0.0,0.0,1.0,1.0,0.0,0.0,30.0,3.0,0.0,1.0,0.2,0.2,0.1,4.0,1.0,17.0,18.0,94.4,5.0,15.0,3.0,3.0,0.0,Match Report,17.0,18.0,94.4,228.0,84.0,12.0,12.0,100.0,3.0,4.0,75.0,1.0,1.0,100.0,0.0,0.1,0.0,2.0,1.0,2.0,0.0,5.0,18.0,18.0,0.0,0.0,0.0,0.0,1.0,0.0,0.0,0.0,0.0,0.0,17.0,0.0,0.0,4.0,3.0,0.0,0.0,0.0,1.0,0.0,1.0,1.0,0.0,0.0,0.0,0.0,0.0,30.0,1.0,10.0,9.0,12.0,3.0,30.0,3.0,0.0,0.0,1.0,33.3,15.0,129.0,69.0,3.0,0.0,1.0,1.0,0.0,16.0,2.0,3.0,1.0,1.0,2.0,0.0,1.0,2.0,50.0,1.0,1.0,0.0,1.0,0.0,3.0,2.0,0.0,Aston Villa,Jacob-Ramsey,1544f145
2025-02-01,Sat,Matchweek 24,Away,L 0–2,Aston Villa,Wolves,Y,LW,45.0,0.0,0.0,0.0,0.0,0.0,0.0,0.0,0.0,18.0,1.0,0.0,0.0,0.0,0.0,0.0,0.0,0.0,8.0,10.0,80.0,0.0,7.0,0.0,4.0,1.0,Match Report,8.0,10.0,80.0,97.0,2.0,6.0,7.0,85.7,2.0,2.0,100.0,0.0,1.0,0.0,0.0,0.0,0.0,0.0,0.0,0.0,0.0,0.0,10.0,10.0,0.0,0.0,0.0,0.0,0.0,0.0,0.0,0.0,0.0,0.0,8.0,0.0,0.0,0.0,0.0,0.0,0.0,0.0,0.0,0.0,0.0,0.0,0.0,0.0,0.0,0.0,0.0,18.0,0.0,1.0,11.0,6.0,0.0,18.0,4.0,1.0,25.0,2.0,50.0,7.0,30.0,10.0,0.0,0.0,0.0,2.0,1.0,15.0,3.0,1.0,1.0,0.0,1.0,0.0,0.0,0.0,,0.0,0.0,0.0,0.0,0.0,1.0,0.0,0.0,Aston Villa,Jacob-Ramsey,1544f145
2025-02-15,Sat,Matchweek 25,Home,D 1–1,Aston Villa,Ipswich Town,Y,LW,45.0,0.0,0.0,0.0,0.0,0.0,0.0,0.0,0.0,33.0,1.0,0.0,1.0,0.0,0.0,0.0,1.0,0.0,26.0,29.0,89.7,2.0,26.0,2.0,2.0,1.0,Match Report,26.0,29.0,89.7,286.0,61.0,22.0,22.0,100.0,2.0,5.0,40.0,0.0,0.0,,0.0,0.0,0.1,0.0,1.0,1.0,0.0,2.0,29.0,29.0,0.0,0.0,0.0,0.0,0.0,0.0,0.0,0.0,0.0,0.0,26.0,0.0,0.0,1.0,1.0,0.0,0.0,0.0,0.0,0.0,0.0,0.0,0.0,0.0,0.0,0.0,0.0,33.0,0.0,4.0,14.0,15.0,1.0,33.0,2.0,1.0,50.0,0.0,0.0,26.0,128.0,71.0,2.0,1.0,0.0,0.0,0.0,29.0,2.0,1.0,0.0,0.0,1.0,0.0,0.0,0.0,,0.0,1.0,0.0,1.0,0.0,1.0,0.0,0.0,Aston Villa,Jacob-Ramsey,1544f145
2025-02-19,Wed,Matchweek 29,Home,D 2–2,Aston Villa,Liverpool,N,LW,24.0,0.0,0.0,0.0,0.0,0.0,0.0,0.0,0.0,11.0,1.0,0.0,1.0,0.0,0.0,0.0,2.0,0.0,8.0,9.0,88.9,4.0,8.0,1.0,0.0,0.0,Match Report,8.0,9.0,88.9,97.0,51.0,6.0,7.0,85.7,2.0,2.0,100.0,0.0,0.0,,0.0,0.0,0.0,1.0,0.0,2.0,0.0,4.0,9.0,9.0,0.0,0.0,0.0,0.0,0.0,0.0,0.0,0.0,0.0,0.0,8.0,0.0,0.0,2.0,2.0,0.0,0.0,0.0,0.0,0.0,0.0,0.0,0.0,0.0,0.0,0.0,0.0,11.0,0.0,3.0,1.0,8.0,2.0,11.0,0.0,0.0,,0.0,,8.0,60.0,35.0,1.0,1.0,0.0,0.0,0.0,9.0,1.0,1.0,1.0,1.0,0.0,0.0,0.0,0.0,,0.0,1.0,0.0,1.0,0.0,1.0,0.0,0.0,Aston Villa,Jacob-Ramsey,1544f145
2025-02-22,Sat,Matchweek 26,Home,W 2–1,Aston Villa,Chelsea,Y,LW,45.0,0.0,0.0,0.0,0.0,0.0,0.0,0.0,0.0,18.0,1.0,0.0,1.0,0.0,0.0,0.0,0.0,0.0,9.0,13.0,69.2,2.0,11.0,1.0,1.0,0.0,Match Report,9.0,13.0,69.2,107.0,33.0,6.0,8.0,75.0,3.0,4.0,75.0,0.0,0.0,,0.0,0.0,0.1,0.0,0.0,2.0,0.0,2.0,13.0,13.0,0.0,0.0,0.0,0.0,1.0,0.0,0.0,0.0,0.0,0.0,9.0,0.0,2.0,0.0,0.0,0.0,0.0,0.0,0.0,0.0,0.0,0.0,0.0,0.0,0.0,0.0,0.0,18.0,0.0,1.0,5.0,12.0,3.0,18.0,1.0,0.0,0.0,0.0,0.0,11.0,41.0,22.0,1.0,1.0,1.0,2.0,0.0,13.0,6.0,1.0,1.0,0.0,1.0,0.0,0.0,1.0,0.0,1.0,1.0,0.0,1.0,0.0,1.0,0.0,0.0,Aston Villa,Jacob-Ramsey,1544f145
2025-02-25,Tue,Matchweek 27,Away,L 1–4,Aston Villa,Crystal Palace,Y,LW,67.0,0.0,0.0,0.0,0.0,0.0,0.0,0.0,0.0,29.0,0.0,0.0,0.0,0.0,0.0,0.0,1.0,0.0,20.0,23.0,87.0,7.0,18.0,6.0,2.0,1.0,Match Report,20.0,23.0,87.0,266.0,106.0,13.0,14.0,92.9,6.0,6.0,100.0,0.0,0.0,,0.0,0.0,0.1,0.0,6.0,2.0,0.0,7.0,23.0,23.0,0.0,0.0,0.0,0.0,0.0,0.0,0.0,0.0,0.0,0.0,20.0,0.0,1.0,1.0,1.0,0.0,0.0,0.0,0.0,0.0,0.0,0.0,0.0,0.0,0.0,0.0,0.0,29.0,0.0,3.0,15.0,12.0,1.0,29.0,2.0,1.0,50.0,0.0,0.0,18.0,167.0,138.0,6.0,2.0,0.0,5.0,3.0,29.0,5.0,0.0,0.0,0.0,0.0,0.0,0.0,1.0,0.0,1.0,0.0,0.0,0.0,0.0,0.0,0.0,1.0,Aston Villa,Jacob-Ramsey,1544f145
2025-03-08,Sat,Matchweek 28,Away,W 1–0,Aston Villa,Brentford,Y,LW,67.0,0.0,1.0,0.0,0.0,2.0,0.0,0.0,0.0,27.0,0.0,0.0,4.0,0.1,0.1,0.1,2.0,1.0,14.0,19.0,73.7,3.0,13.0,4.0,0.0,0.0,Match Report,14.0,19.0,73.7,201.0,75.0,8.0,8.0,100.0,4.0,6.0,66.7,1.0,1.0,100.0,1.0,0.1,0.1,1.0,2.0,1.0,1.0,3.0,19.0,17.0,0.0,0.0,0.0,0.0,2.0,0.0,0.0,0.0,0.0,0.0,14.0,2.0,1.0,2.0,2.0,0.0,0.0,0.0,0.0,0.0,1.0,1.0,0.0,0.0,0.0,0.0,0.0,27.0,1.0,8.0,7.0,12.0,4.0,27.0,0.0,0.0,,0.0,,13.0,124.0,87.0,4.0,2.0,1.0,2.0,0.0,15.0,3.0,0.0,0.0,0.0,0.0,0.0,0.0,2.0,0.0,2.0,4.0,0.0,4.0,0.0,0.0,1.0,0.0,Aston Villa,Jacob-Ramsey,1544f145
2025-04-02,Wed,Matchweek 30,Away,W 3–0,Aston Villa,Brighton,Y,LW,64.0,0.0,0.0,0.0,0.0,0.0,0.0,0.0,0.0,26.0,4.0,0.0,1.0,0.0,0.0,0.0,0.0,0.0,14.0,14.0,100.0,0.0,13.0,2.0,1.0,0.0,Match Report,14.0,14.0,100.0,240.0,16.0,7.0,7.0,100.0,6.0,6.0,100.0,1.0,1.0,100.0,0.0,0.0,0.0,0.0,1.0,0.0,0.0,0.0,14.0,14.0,0.0,0.0,0.0,1.0,0.0,0.0,0.0,0.0,0.0,0.0,14.0,0.0,0.0,0.0,0.0,0.0,0.0,0.0,0.0,0.0,0.0,0.0,0.0,0.0,0.0,0.0,0.0,26.0,2.0,12.0,11.0,4.0,2.0,26.0,1.0,0.0,0.0,0.0,0.0,13.0,71.0,41.0,2.0,0.0,1.0,3.0,1.0,15.0,3.0,4.0,2.0,2.0,1.0,1.0,1.0,1.0,100.0,0.0,1.0,0.0,1.0,0.0,4.0,1.0,0.0,Aston Villa,Jacob-Ramsey,1544f145
2025-04-05,Sat,Matchweek 31,Home,W 2–1,Aston Villa,Nott'ham Forest,N,LW,29.0,0.0,0.0,0.0,0.0,0.0,0.0,0.0,0.0,18.0,0.0,0.0,0.0,0.0,0.0,0.2,2.0,0.0,13.0,15.0,86.7,2.0,12.0,1.0,0.0,0.0,Match Report,13.0,15.0,86.7,141.0,59.0,8.0,9.0,88.9,3.0,4.0,75.0,0.0,0.0,,0.0,0.2,0.2,3.0,2.0,1.0,0.0,2.0,15.0,15.0,0.0,0.0,0.0,0.0,0.0,0.0,0.0,0.0,0.0,0.0,13.0,0.0,0.0,2.0,2.0,0.0,0.0,0.0,0.0,0.0,0.0,0.0,0.0,0.0,0.0,0.0,0.0,18.0,0.0,2.0,3.0,13.0,3.0,18.0,0.0,0.0,,0.0,,12.0,73.0,40.0,1.0,0.0,2.0,1.0,1.0,14.0,5.0,0.0,0.0,0.0,0.0,0.0,0.0,0.0,,0.0,0.0,0.0,0.0,0.0,0.0,0.0,0.0,Aston Villa,Jacob-Ramsey,1544f145
2025-04-12,Sat,Matchweek 32,Away,W 3–0,Aston Villa,Southampton,Y,LW,65.0,0.0,0.0,0.0,0.0,1.0,0.0,0.0,0.0,41.0,4.0,0.0,0.0,0.1,0.1,0.0,2.0,0.0,28.0,32.0,87.5,2.0,29.0,1.0,1.0,1.0,Match Report,28.0,32.0,87.5,372.0,64.0,20.0,22.0,90.9,8.0,9.0,88.9,0.0,0.0,,0.0,0.0,0.0,2.0,2.0,0.0,0.0,2.0,32.0,32.0,0.0,0.0,0.0,0.0,1.0,0.0,0.0,0.0,0.0,0.0,28.0,0.0,1.0,2.0,2.0,0.0,0.0,0.0,0.0,0.0,0.0,0.0,0.0,0.0,0.0,0.0,0.0,41.0,0.0,5.0,7.0,30.0,4.0,41.0,1.0,1.0,100.0,0.0,0.0,29.0,145.0,79.0,1.0,4.0,1.0,2.0,1.0,29.0,6.0,4.0,2.0,2.0,0.0,2.0,1.0,1.0,100.0,0.0,0.0,0.0,0.0,0.0,4.0,0.0,0.0,Aston Villa,Jacob-Ramsey,1544f145
2025-04-19,Sat,Matchweek 33,Home,W 4–1,Aston Villa,Newcastle Utd,N,LW,19.0,0.0,0.0,0.0,0.0,1.0,0.0,1.0,0.0,12.0,0.0,0.0,1.0,0.1,0.1,0.0,2.0,1.0,8.0,10.0,80.0,0.0,9.0,2.0,1.0,1.0,Match Report,8.0,10.0,80.0,118.0,29.0,3.0,4.0,75.0,5.0,5.0,100.0,0.0,0.0,,0.0,0.0,0.0,0.0,0.0,0.0,0.0,0.0,10.0,10.0,0.0,0.0,1.0,0.0,0.0,0.0,0.0,0.0,0.0,0.0,8.0,0.0,0.0,2.0,2.0,0.0,0.0,0.0,0.0,0.0,1.0,1.0,0.0,0.0,0.0,0.0,0.0,12.0,0.0,3.0,3.0,6.0,3.0,12.0,1.0,1.0,100.0,0.0,0.0,9.0,100.0,49.0,2.0,0.0,1.0,0.0,0.0,11.0,3.0,0.0,0.0,0.0,0.0,0.0,0.0,2.0,0.0,2.0,1.0,0.0,1.0,0.0,0.0,0.0,0.0,Aston Villa,Jacob-Ramsey,1544f145
2025-04-22,Tue,Matchweek 34,Away,L 1–2,Aston Villa,Manchester City,Y,LW,60.0,0.0,0.0,0.0,0.0,0.0,0.0,0.0,0.0,21.0,1.0,0.0,1.0,0.0,0.0,0.0,1.0,1.0,14.0,15.0,93.3,2.0,11.0,2.0,4.0,2.0,Match Report,14.0,15.0,93.3,230.0,41.0,9.0,9.0,100.0,3.0,3.0,100.0,2.0,2.0,100.0,0.0,0.0,0.0,0.0,1.0,1.0,0.0,2.0,15.0,15.0,0.0,0.0,0.0,0.0,0.0,0.0,0.0,0.0,0.0,0.0,14.0,0.0,1.0,1.0,0.0,0.0,0.0,0.0,1.0,0.0,1.0,0.0,0.0,0.0,0.0,1.0,0.0,21.0,0.0,5.0,9.0,8.0,2.0,21.0,4.0,2.0,50.0,1.0,25.0,11.0,96.0,46.0,2.0,1.0,0.0,1.0,1.0,15.0,2.0,1.0,0.0,0.0,0.0,1.0,1.0,1.0,100.0,0.0,1.0,0.0,1.0,0.0,1.0,1.0,0.0,Aston Villa,Jacob-Ramsey,1544f145
2025-05-03,Sat,Matchweek 35,Home,W 1–0,Aston Villa,Fulham,N,"LW,LM",31.0,0.0,0.0,0.0,0.0,1.0,0.0,0.0,0.0,14.0,1.0,0.0,0.0,0.0,0.0,0.2,2.0,0.0,9.0,11.0,81.8,3.0,8.0,0.0,0.0,0.0,Match Report,9.0,11.0,81.8,170.0,73.0,1.0,3.0,33.3,7.0,7.0,100.0,1.0,1.0,100.0,0.0,0.2,0.0,2.0,1.0,1.0,0.0,3.0,11.0,10.0,1.0,0.0,0.0,0.0,0.0,1.0,0.0,0.0,0.0,0.0,9.0,0.0,0.0,2.0,2.0,0.0,0.0,0.0,0.0,0.0,0.0,0.0,0.0,0.0,0.0,0.0,0.0,14.0,0.0,2.0,7.0,6.0,1.0,14.0,0.0,0.0,,0.0,,8.0,48.0,33.0,0.0,0.0,0.0,0.0,0.0,10.0,2.0,1.0,0.0,0.0,1.0,0.0,0.0,0.0,,0.0,0.0,0.0,0.0,0.0,1.0,0.0,0.0,Aston Villa,Jacob-Ramsey,1544f145
2025-05-10,Sat,Matchweek 36,Away,W 1–0,Aston Villa,Bournemouth,Y,LW,79.0,0.0,0.0,0.0,0.0,1.0,0.0,2.0,1.0,29.0,0.0,1.0,2.0,0.1,0.1,0.1,0.0,0.0,13.0,19.0,68.4,1.0,17.0,3.0,3.0,1.0,Match Report,13.0,19.0,68.4,183.0,54.0,6.0,8.0,75.0,7.0,10.0,70.0,0.0,0.0,,0.0,0.1,0.0,1.0,0.0,0.0,0.0,1.0,19.0,19.0,0.0,0.0,0.0,0.0,2.0,0.0,0.0,0.0,0.0,0.0,13.0,0.0,0.0,0.0,0.0,0.0,0.0,0.0,0.0,0.0,0.0,0.0,0.0,0.0,0.0,0.0,0.0,29.0,0.0,9.0,11.0,11.0,5.0,29.0,3.0,1.0,33.3,2.0,66.7,17.0,210.0,108.0,3.0,0.0,1.0,3.0,1.0,18.0,5.0,0.0,0.0,0.0,0.0,0.0,0.0,0.0,,0.0,2.0,1.0,1.0,1.0,1.0,0.0,0.0,Aston Villa,Jacob-Ramsey,1544f145
2025-05-25,Sun,Matchweek 38,Away,L 0–2,Aston Villa,Manchester Utd,N,LW,28.0,0.0,0.0,0.0,0.0,0.0,0.0,0.0,0.0,7.0,0.0,0.0,0.0,0.0,0.0,0.0,0.0,0.0,5.0,6.0,83.3,0.0,5.0,1.0,1.0,0.0,Match Report,5.0,6.0,83.3,67.0,5.0,3.0,3.0,100.0,2.0,3.0,66.7,0.0,0.0,,0.0,0.0,0.1,0.0,0.0,0.0,0.0,0.0,6.0,6.0,0.0,0.0,0.0,0.0,0.0,0.0,0.0,0.0,0.0,0.0,5.0,0.0,0.0,0.0,0.0,0.0,0.0,0.0,0.0,0.0,0.0,0.0,0.0,0.0,0.0,0.0,0.0,7.0,0.0,1.0,2.0,4.0,2.0,7.0,1.0,0.0,0.0,1.0,100.0,5.0,52.0,27.0,1.0,0.0,1.0,0.0,1.0,7.0,4.0,0.0,0.0,0.0,0.0,0.0,0.0,0.0,,0.0,0.0,0.0,0.0,0.0,0.0,0.0,0.0,Aston Villa,Jacob-Ramsey,1544f145
2024-08-17,Sat,Matchweek 1,Away,W 2–1,Aston Villa,West Ham,Y,RW,73,0,0,0,0,3,0,1,0,35,0,0,1,0.2,0.2,0.1,4,0,15,28,53.6,2,24,5,2,2,Match Report,15,28,53.6,238,87,8,11,72.7,4,8,50.0,2,5,40.0,0,0.1,0.2,2,1,1,0,2,28,26,2,0,1,0,4,0,2,2,0,0,15,0,2,4,2,1,1,0,0,0,0,0,0,0,0,0,0,35,0,2,7,27,3,35,2,2,100.0,0,0.0,24,237,146,5,1,2,2,2,28,3,0,0,0,0,0,0,0,,0,1,0,1,0,0,0,0,Aston Villa,Leon-Bailey,3a233281
2024-08-24,Sat,Matchweek 2,Home,L 0–2,Aston Villa,Arsenal,Y,RM,90,0,0,0,0,1,1,0,0,31,2,0,0,0.0,0.0,0.0,1,0,10,21,47.6,3,16,1,2,1,Match Report,10,21,47.6,139,40,8,13,61.5,2,4,50.0,0,3,0.0,0,0.0,0.0,1,0,3,0,3,21,20,1,0,1,0,1,0,1,1,0,0,10,0,0,1,1,0,0,0,0,0,0,0,0,0,0,0,0,31,3,8,10,13,1,31,2,1,50.0,1,50.0,16,75,37,1,0,0,1,1,18,5,2,0,0,1,1,0,0,,0,0,0,0,0,2,3,0,Aston Villa,Leon-Bailey,3a233281
2024-08-31,Sat,Matchweek 3,Away,W 2–1,Aston Villa,Leicester City,Y,RM,15,0,0,0,0,0,0,0,0,6,0,0,0,0.0,0.0,0.0,0,0,4,4,100.0,0,3,1,1,0,Match Report,4,4,100.0,48,15,2,2,100.0,2,2,100.0,0,0,,0,0.0,0.0,0,0,0,0,0,4,4,0,0,0,0,0,0,0,0,0,0,4,0,0,0,0,0,0,0,0,0,0,0,0,0,0,0,0,6,0,1,5,1,0,6,1,0,0.0,1,100.0,3,26,17,1,0,0,1,0,3,1,0,0,0,0,0,0,0,,0,0,0,0,0,0,0,0,Aston Villa,Leon-Bailey,3a233281
2024-09-21,Sat,Matchweek 5,Home,W 3–1,Aston Villa,Wolves,N,RW,45,0,0,0,0,1,0,0,0,28,0,0,0,0.1,0.1,0.2,1,0,16,18,88.9,3,20,7,5,1,Match Report,16,18,88.9,256,76,8,8,100.0,7,7,100.0,1,1,100.0,0,0.2,0.3,1,1,3,1,3,18,18,0,0,0,0,1,0,0,0,0,0,16,0,2,1,1,0,0,0,0,0,0,0,0,0,0,0,0,28,0,2,3,23,7,28,5,1,20.0,0,0.0,20,157,85,7,1,5,3,2,21,7,0,0,0,0,0,0,0,,0,0,0,0,0,0,0,0,Aston Villa,Leon-Bailey,3a233281
2024-09-29,Sun,Matchweek 6,Away,D 2–2,Aston Villa,Ipswich Town,Y,RW,63,0,1,0,0,0,0,0,0,37,0,0,0,0.0,0.0,0.4,1,1,26,32,81.3,3,27,2,1,0,Match Report,26,32,81.3,397,90,13,15,86.7,10,10,100.0,1,2,50.0,1,0.4,0.4,1,1,3,1,3,32,31,0,0,0,0,1,0,0,0,0,0,26,1,1,1,1,0,0,0,0,0,1,1,0,0,0,0,0,37,1,2,12,24,2,37,1,0,0.0,1,100.0,27,96,52,2,2,1,3,1,29,8,0,0,0,0,0,0,0,,0,0,0,0,0,0,1,0,Aston Villa,Leon-Bailey,3a233281
2024-10-06,Sun,Matchweek 7,Home,D 0–0,Aston Villa,Manchester Utd,Y,RW,62,0,0,0,0,1,0,0,0,27,0,0,0,0.0,0.0,0.0,2,0,17,21,81.0,2,24,2,4,1,Match Report,17,21,81.0,252,22,10,11,90.9,7,10,70.0,0,0,,0,0.0,0.1,1,0,1,0,2,21,21,0,0,0,0,2,0,0,0,0,0,17,0,0,2,1,0,0,0,1,0,0,0,0,0,0,0,0,27,0,9,7,12,2,27,4,1,25.0,2,50.0,24,119,56,2,0,1,2,2,24,4,0,0,0,0,0,0,0,,0,0,0,0,0,0,0,0,Aston Villa,Leon-Bailey,3a233281
2024-10-19,Sat,Matchweek 8,Away,W 3–1,Aston Villa,Fulham,Y,RW,60,0,0,0,0,1,0,1,0,34,0,1,1,0.0,0.0,0.1,2,0,13,17,76.5,3,17,2,3,1,Match Report,13,17,76.5,218,71,7,9,77.8,5,5,100.0,1,3,33.3,0,0.1,0.1,1,2,1,0,3,17,15,2,0,1,0,3,0,2,2,0,0,13,0,0,2,1,0,1,0,0,0,0,0,0,0,0,0,0,34,4,7,10,18,2,34,3,1,33.3,2,66.7,17,112,36,2,1,1,6,4,20,9,0,0,0,0,0,0,1,0.0,1,1,0,1,1,1,2,0,Aston Villa,Leon-Bailey,3a233281
2024-10-26,Sat,Matchweek 9,Home,D 1–1,Aston Villa,Bournemouth,N,RM,20,0,1,0,0,0,0,0,0,4,0,0,0,0.0,0.0,0.2,1,1,1,2,50.0,0,2,0,0,0,Match Report,1,2,50.0,6,5,1,1,100.0,0,0,,0,0,,1,0.2,0.2,1,0,0,0,0,2,2,0,0,0,0,0,0,0,0,0,0,1,0,1,1,1,0,0,0,0,0,1,1,0,0,0,0,0,4,1,1,0,3,1,4,0,0,,0,,2,15,1,0,0,0,0,0,2,0,0,0,0,0,0,0,0,,0,0,0,0,0,0,0,0,Aston Villa,Leon-Bailey,3a233281
2024-11-03,Sun,Matchweek 10,Away,L 1–4,Aston Villa,Tottenham,N,RM,11,0,0,0,0,1,0,0,0,8,0,0,0,0.0,0.0,0.0,0,0,4,7,57.1,1,6,2,0,0,Match Report,4,7,57.1,86,9,2,3,66.7,1,1,100.0,1,1,100.0,0,0.0,0.0,0,0,0,0,1,7,7,0,0,0,0,1,0,0,0,0,0,4,0,2,0,0,0,0,0,0,0,0,0,0,0,0,0,0,8,0,1,1,6,2,8,0,0,,0,,6,76,45,2,1,1,0,0,8,2,0,0,0,0,0,0,0,,0,0,0,0,0,0,0,0,Aston Villa,Leon-Bailey,3a233281
2024-11-09,Sat,Matchweek 11,Away,L 0–2,Aston Villa,Liverpool,Y,RW,64,0,0,0,0,1,0,0,0,21,0,0,1,0.1,0.1,0.0,1,0,11,16,68.8,1,9,0,1,1,Match Report,11,16,68.8,109,37,9,11,81.8,1,1,100.0,0,0,,0,0.0,0.0,0,0,1,0,1,16,16,0,0,0,0,1,0,0,0,0,0,11,0,3,1,1,0,0,0,0,0,0,0,0,0,0,0,0,21,1,7,4,10,3,21,1,1,100.0,0,0.0,9,39,14,0,0,0,0,2,12,3,0,0,0,0,0,0,1,0.0,1,1,0,1,0,0,0,0,Aston Villa,Leon-Bailey,3a233281
2024-11-23,Sat,Matchweek 12,Home,D 2–2,Aston Villa,Crystal Palace,Y,RW,81,0,0,0,0,1,0,0,0,45,0,0,3,0.1,0.1,0.2,3,0,22,32,68.8,1,30,5,3,0,Match Report,22,32,68.8,367,102,11,15,73.3,10,11,90.9,1,4,25.0,0,0.2,0.5,2,2,0,0,1,32,29,3,0,0,0,4,0,3,2,0,0,22,0,2,3,2,0,0,0,1,0,0,0,0,0,0,0,0,45,0,3,13,30,6,45,3,0,0.0,3,100.0,30,235,77,5,2,4,2,3,32,11,0,0,0,0,0,0,0,,0,3,0,3,0,0,0,0,Aston Villa,Leon-Bailey,3a233281
2024-12-01,Sun,Matchweek 13,Away,L 0–3,Aston Villa,Chelsea,N,RM,25,0,0,0,0,0,0,0,0,5,0,0,0,0.0,0.0,0.0,0,0,2,4,50.0,0,3,1,1,0,Match Report,2,4,50.0,34,7,1,1,100.0,1,1,100.0,0,1,0.0,0,0.0,0.0,0,0,0,0,0,4,4,0,0,0,0,0,0,0,0,0,0,2,0,1,0,0,0,0,0,0,0,0,0,0,0,0,0,0,5,0,1,1,3,2,5,1,0,0.0,1,100.0,3,36,7,1,1,2,0,0,4,2,0,0,0,0,0,0,1,0.0,1,0,0,0,0,0,0,0,Aston Villa,Leon-Bailey,3a233281
2024-12-04,Wed,Matchweek 14,Home,W 3–1,Aston Villa,Brentford,Y,RW,64,0,0,0,0,1,1,0,0,28,1,1,0,0.1,0.1,0.0,2,1,10,18,55.6,1,19,5,3,0,Match Report,10,18,55.6,204,70,5,9,55.6,2,4,50.0,3,3,100.0,0,0.0,0.3,0,1,0,0,1,18,18,0,0,1,0,2,0,0,0,0,0,10,0,2,2,1,0,0,1,0,0,1,1,0,0,0,0,0,28,2,6,10,13,5,28,3,0,0.0,3,100.0,19,213,127,5,2,3,4,1,19,7,1,1,0,0,1,0,0,,0,0,0,0,1,2,1,0,Aston Villa,Leon-Bailey,3a233281
2024-12-07,Sat,Matchweek 15,Home,W 1–0,Aston Villa,Southampton,Y,RW,58,0,0,0,0,0,0,0,0,28,0,0,0,0.0,0.0,0.0,1,0,17,21,81.0,1,18,2,4,0,Match Report,17,21,81.0,247,39,10,10,100.0,7,8,87.5,0,2,0.0,0,0.0,0.2,0,0,1,0,1,21,17,4,0,0,0,4,0,4,0,0,0,17,0,0,1,1,0,0,0,0,0,0,0,0,0,0,0,0,28,0,1,8,19,3,28,4,0,0.0,1,25.0,18,124,52,2,2,1,1,0,22,5,0,0,0,0,0,0,0,,0,0,0,0,0,0,0,0,Aston Villa,Leon-Bailey,3a233281
2024-12-21,Sat,Matchweek 17,Home,W 2–1,Aston Villa,Manchester City,N,"On matchday squad, but did not play","On matchday squad, but did not play","On matchday squad, but did not play","On matchday squad, but did not play","On matchday squad, but did not play","On matchday squad, but did not play","On matchday squad, but did not play","On matchday squad, but did not play","On matchday squad, but did not play","On matchday squad, but did not play","On matchday squad, but did not play","On matchday squad, but did not play","On matchday squad, but did not play","On matchday squad, but did not play","On matchday squad, but did not play","On matchday squad, but did not play","On matchday squad, but did not play","On matchday squad, but did not play","On matchday squad, but did not play","On matchday squad, but did not play","On matchday squad, but did not play","On matchday squad, but did not play","On matchday squad, but did not play","On matchday squad, but did not play","On matchday squad, but did not play","On matchday squad, but did not play","On matchday squad, but did not play",Match Report,"On matchday squad, but did not play","On matchday squad, but did not play","On matchday squad, but did not play","On matchday squad, but did not play","On matchday squad, but did not play","On matchday squad, but did not play","On matchday squad, but did not play","On matchday squad, but did not play","On matchday squad, but did not play","On matchday squad, but did not play","On matchday squad, but did not play","On matchday squad, but did not play","On matchday squad, but did not play","On matchday squad, but did not play","On matchday squad, but did not play","On matchday squad, but did not play","On matchday squad, but did not play","On matchday squad, but did not play","On matchday squad, but did not play","On matchday squad, but did not play","On matchday squad, but did not play","On matchday squad, but did not play","On matchday squad, but did not play","On matchday squad, but did not play","On matchday squad, but did not play","On matchday squad, but did not play","On matchday squad, but did not play","On matchday squad, but did not play","On matchday squad, but did not play","On matchday squad, but did not play","On matchday squad, but did not play","On matchday squad, but did not play","On matchday squad, but did not play","On matchday squad, but did not play","On matchday squad, but did not play","On matchday squad, but did not play","On matchday squad, but did not play","On matchday squad, but did not play","On matchday squad, but did not play","On matchday squad, but did not play","On matchday squad, but did not play","On matchday squad, but did not play","On matchday squad, but did not play","On matchday squad, but did not play","On matchday squad, but did not play","On matchday squad, but did not play","On matchday squad, but did not play","On matchday squad, but did not play","On matchday squad, but did not play","On matchday squad, but did not play","On matchday squad, but did not play","On matchday squad, but did not play","On matchday squad, but did not play","On matchday squad, but did not play","On matchday squad, but did not play","On matchday squad, but did not play","On matchday squad, but did not play","On matchday squad, but did not play","On matchday squad, but did not play","On matchday squad, but did not play","On matchday squad, but did not play","On matchday squad, but did not play","On matchday squad, but did not play","On matchday squad, but did not play","On matchday squad, but did not play","On matchday squad, but did not play","On matchday squad, but did not play","On matchday squad, but did not play","On matchday squad, but did not play","On matchday squad, but did not play","On matchday squad, but did not play","On matchday squad, but did not play","On matchday squad, but did not play","On matchday squad, but did not play","On matchday squad, but did not play","On matchday squad, but did not play","On matchday squad, but did not play","On matchday squad, but did not play","On matchday squad, but did not play","On matchday squad, but did not play","On matchday squad, but did not play","On matchday squad, but did not play","On matchday squad, but did not play","On matchday squad, but did not play","On matchday squad, but did not play","On matchday squad, but did not play","On matchday squad, but did not play","On matchday squad, but did not play","On matchday squad, but did not play",Aston Villa,Leon-Bailey,3a233281
2024-12-26,Thu,Matchweek 18,Away,L 0–3,Aston Villa,Newcastle Utd,N,RM,22,0,0,0,0,0,0,0,0,9,0,0,0,0.0,0.0,0.0,0,0,6,8,75.0,0,6,2,0,0,Match Report,6,8,75.0,111,7,2,2,100.0,3,3,100.0,1,2,50.0,0,0.0,0.0,0,1,0,0,0,8,8,0,0,0,0,2,0,0,0,0,0,6,0,1,0,0,0,0,0,0,0,0,0,0,0,0,0,0,9,0,2,2,5,0,9,0,0,,0,,6,68,33,2,1,0,1,0,6,1,0,0,0,0,0,0,0,,0,0,0,0,0,0,0,0,Aston Villa,Leon-Bailey,3a233281
2024-12-30,Mon,Matchweek 19,Home,D 2–2,Aston Villa,Brighton,Y,RW,76,0,0,0,0,7,0,0,0,43,2,0,0,0.4,0.4,0.2,10,1,22,26,84.6,6,32,4,10,9,Match Report,22,26,84.6,390,147,7,7,100.0,11,11,100.0,2,4,50.0,0,0.2,0.4,3,1,4,0,6,26,24,2,0,0,1,1,0,2,1,0,0,22,0,0,10,7,0,3,0,0,0,1,1,0,0,0,0,0,43,1,7,8,29,11,43,10,9,90.0,1,10.0,32,229,147,4,3,2,2,1,30,11,2,2,1,1,0,1,1,100.0,0,0,0,0,0,2,2,0,Aston Villa,Leon-Bailey,3a233281
2025-01-04,Sat,Matchweek 20,Home,W 2–1,Aston Villa,Leicester City,Y,RW,90,1,0,0,0,2,2,0,0,46,0,1,0,0.3,0.3,0.0,1,0,27,36,75.0,2,30,4,4,1,Match Report,27,36,75.0,402,71,19,22,86.4,7,11,63.6,1,1,100.0,0,0.0,0.0,0,1,0,0,2,36,35,1,0,1,0,3,1,0,0,0,0,27,0,1,1,0,0,0,1,0,0,0,0,0,0,0,0,0,46,0,2,23,22,4,46,4,1,25.0,3,75.0,30,180,77,4,2,2,0,3,37,10,0,0,0,0,0,0,1,0.0,1,0,0,0,1,1,0,0,Aston Villa,Leon-Bailey,3a233281
2025-01-15,Wed,Matchweek 21,Away,W 1–0,Aston Villa,Everton,N,"On matchday squad, but did not play","On matchday squad, but did not play","On matchday squad, but did not play","On matchday squad, but did not play","On matchday squad, but did not play","On matchday squad, but did not play","On matchday squad, but did not play","On matchday squad, but did not play","On matchday squad, but did not play","On matchday squad, but did not play","On matchday squad, but did not play","On matchday squad, but did not play","On matchday squad, but did not play","On matchday squad, but did not play","On matchday squad, but did not play","On matchday squad, but did not play","On matchday squad, but did not play","On matchday squad, but did not play","On matchday squad, but did not play","On matchday squad, but did not play","On matchday squad, but did not play","On matchday squad, but did not play","On matchday squad, but did not play","On matchday squad, but did not play","On matchday squad, but did not play","On matchday squad, but did not play","On matchday squad, but did not play",Match Report,"On matchday squad, but did not play","On matchday squad, but did not play","On matchday squad, but did not play","On matchday squad, but did not play","On matchday squad, but did not play","On matchday squad, but did not play","On matchday squad, but did not play","On matchday squad, but did not play","On matchday squad, but did not play","On matchday squad, but did not play","On matchday squad, but did not play","On matchday squad, but did not play","On matchday squad, but did not play","On matchday squad, but did not play","On matchday squad, but did not play","On matchday squad, but did not play","On matchday squad, but did not play","On matchday squad, but did not play","On matchday squad, but did not play","On matchday squad, but did not play","On matchday squad, but did not play","On matchday squad, but did not play","On matchday squad, but did not play","On matchday squad, but did not play","On matchday squad, but did not play","On matchday squad, but did not play","On matchday squad, but did not play","On matchday squad, but did not play","On matchday squad, but did not play","On matchday squad, but did not play","On matchday squad, but did not play","On matchday squad, but did not play","On matchday squad, but did not play","On matchday squad, but did not play","On matchday squad, but did not play","On matchday squad, but did not play","On matchday squad, but did not play","On matchday squad, but did not play","On matchday squad, but did not play","On matchday squad, but did not play","On matchday squad, but did not play","On matchday squad, but did not play","On matchday squad, but did not play","On matchday squad, but did not play","On matchday squad, but did not play","On matchday squad, but did not play","On matchday squad, but did not play","On matchday squad, but did not play","On matchday squad, but did not play","On matchday squad, but did not play","On matchday squad, but did not play","On matchday squad, but did not play","On matchday squad, but did not play","On matchday squad, but did not play","On matchday squad, but did not play","On matchday squad, but did not play","On matchday squad, but did not play","On matchday squad, but did not play","On matchday squad, but did not play","On matchday squad, but did not play","On matchday squad, but did not play","On matchday squad, but did not play","On matchday squad, but did not play","On matchday squad, but did not play","On matchday squad, but did not play","On matchday squad, but did not play","On matchday squad, but did not play","On matchday squad, but did not play","On matchday squad, but did not play","On matchday squad, but did not play","On matchday squad, but did not play","On matchday squad, but did not play","On matchday squad, but did not play","On matchday squad, but did not play","On matchday squad, but did not play","On matchday squad, but did not play","On matchday squad, but did not play","On matchday squad, but did not play","On matchday squad, but did not play","On matchday squad, but did not play","On matchday squad, but did not play","On matchday squad, but did not play","On matchday squad, but did not play","On matchday squad, but did not play","On matchday squad, but did not play","On matchday squad, but did not play","On matchday squad, but did not play","On matchday squad, but did not play","On matchday squad, but did not play",Aston Villa,Leon-Bailey,3a233281
2025-01-18,Sat,Matchweek 22,Away,D 2–2,Aston Villa,Arsenal,N,RW,6,0,0,0,0,0,0,0,0,2,0,0,0,0.0,0.0,0.0,1,0,1,2,50.0,0,1,0,0,0,Match Report,1,2,50.0,8,0,1,2,50.0,0,0,,0,0,,0,0.0,0.0,1,0,0,0,0,2,2,0,0,0,0,0,0,0,0,0,0,1,0,0,1,1,0,0,0,0,0,0,0,0,0,0,0,0,2,0,0,0,2,1,2,0,0,,0,,1,4,4,0,0,0,0,0,2,1,0,0,0,0,0,0,0,,0,0,0,0,0,0,0,0,Aston Villa,Leon-Bailey,3a233281
2025-01-26,Sun,Matchweek 23,Home,D 1–1,Aston Villa,West Ham,Y,RW,65,0,0,0,0,2,1,0,0,23,0,0,0,0.1,0.1,0.1,4,0,11,17,64.7,1,10,3,2,1,Match Report,11,17,64.7,134,37,8,9,88.9,3,4,75.0,0,1,0.0,0,0.1,0.1,2,2,0,0,1,17,15,1,0,0,0,0,0,1,0,0,0,11,1,2,4,2,0,1,0,1,0,0,0,0,0,0,0,0,23,1,3,8,12,3,23,2,1,50.0,0,0.0,10,120,105,3,2,2,1,0,14,6,0,0,0,0,0,0,1,0.0,1,0,0,0,0,0,1,0,Aston Villa,Leon-Bailey,3a233281
2025-02-01,Sat,Matchweek 24,Away,L 0–2,Aston Villa,Wolves,N,RW,45,0,0,0,0,2,0,0,0,32,1,0,0,0.1,0.1,0.0,1,0,14,22,63.6,2,20,3,7,1,Match Report,14,22,63.6,252,39,6,6,100.0,4,5,80.0,3,4,75.0,0,0.0,0.0,0,1,1,0,2,22,20,1,0,0,0,3,0,1,1,0,0,14,1,3,1,0,0,0,1,0,0,0,0,0,0,0,0,0,32,0,3,10,20,4,32,7,1,14.3,4,57.1,20,179,81,3,1,1,1,2,23,11,1,1,0,1,0,1,2,50.0,1,0,0,0,0,1,0,0,Aston Villa,Leon-Bailey,3a233281
2025-02-22,Sat,Matchweek 26,Home,W 2–1,Aston Villa,Chelsea,N,RW,13,0,0,0,0,1,1,0,0,10,0,0,0,0.1,0.1,0.0,1,0,5,8,62.5,1,8,2,1,1,Match Report,5,8,62.5,74,11,2,3,66.7,3,5,60.0,0,0,,0,0.0,0.0,0,1,0,0,1,8,8,0,0,0,0,0,0,0,0,0,0,5,0,0,1,0,0,1,0,0,0,0,0,0,0,0,0,0,10,0,0,4,6,3,10,1,1,100.0,0,0.0,8,72,51,2,0,2,1,0,8,5,0,0,0,0,0,0,0,,0,0,0,0,0,0,0,0,Aston Villa,Leon-Bailey,3a233281
2025-02-25,Tue,Matchweek 27,Away,L 1–4,Aston Villa,Crystal Palace,N,RM,45,0,0,0,0,1,0,1,0,21,0,0,0,0.0,0.0,0.0,1,0,10,14,71.4,1,10,3,3,2,Match Report,10,14,71.4,186,31,3,6,50.0,6,7,85.7,1,1,100.0,0,0.0,0.0,0,1,0,0,1,14,14,0,0,0,0,1,0,0,0,0,0,10,0,0,1,0,0,1,0,0,0,0,0,0,0,0,0,0,21,3,6,7,8,3,21,3,2,66.7,1,33.3,10,83,56,3,0,3,2,1,13,3,0,0,0,0,0,0,1,0.0,1,0,0,0,0,0,2,0,Aston Villa,Leon-Bailey,3a233281
2025-03-08,Sat,Matchweek 28,Away,W 1–0,Aston Villa,Brentford,Y,RW,45,0,0,0,0,2,0,0,0,16,0,0,0,0.1,0.1,0.0,0,0,9,12,75.0,1,9,1,0,0,Match Report,9,12,75.0,117,35,6,7,85.7,3,4,75.0,0,0,,0,0.0,0.0,0,0,1,0,1,12,12,0,0,0,0,0,0,0,0,0,0,9,0,1,0,0,0,0,0,0,0,0,0,0,0,0,0,0,16,1,2,2,12,1,16,0,0,,0,,9,45,28,1,0,0,2,0,11,6,0,0,0,0,0,0,1,0.0,1,0,0,0,0,0,0,0,Aston Villa,Leon-Bailey,3a233281
2025-05-03,Sat,Matchweek 35,Home,W 1–0,Aston Villa,Fulham,N,"On matchday squad, but did not play","On matchday squad, but did not play","On matchday squad, but did not play","On matchday squad, but did not play","On matchday squad, but did not play","On matchday squad, but did not play","On matchday squad, but did not play","On matchday squad, but did not play","On matchday squad, but did not play","On matchday squad, but did not play","On matchday squad, but did not play","On matchday squad, but did not play","On matchday squad, but did not play","On matchday squad, but did not play","On matchday squad, but did not play","On matchday squad, but did not play","On matchday squad, but did not play","On matchday squad, but did not play","On matchday squad, but did not play","On matchday squad, but did not play","On matchday squad, but did not play","On matchday squad, but did not play","On matchday squad, but did not play","On matchday squad, but did not play","On matchday squad, but did not play","On matchday squad, but did not play","On matchday squad, but did not play",Match Report,"On matchday squad, but did not play","On matchday squad, but did not play","On matchday squad, but did not play","On matchday squad, but did not play","On matchday squad, but did not play","On matchday squad, but did not play","On matchday squad, but did not play","On matchday squad, but did not play","On matchday squad, but did not play","On matchday squad, but did not play","On matchday squad, but did not play","On matchday squad, but did not play","On matchday squad, but did not play","On matchday squad, but did not play","On matchday squad, but did not play","On matchday squad, but did not play","On matchday squad, but did not play","On matchday squad, but did not play","On matchday squad, but did not play","On matchday squad, but did not play","On matchday squad, but did not play","On matchday squad, but did not play","On matchday squad, but did not play","On matchday squad, but did not play","On matchday squad, but did not play","On matchday squad, but did not play","On matchday squad, but did not play","On matchday squad, but did not play","On matchday squad, but did not play","On matchday squad, but did not play","On matchday squad, but did not play","On matchday squad, but did not play","On matchday squad, but did not play","On matchday squad, but did not play","On matchday squad, but did not play","On matchday squad, but did not play","On matchday squad, but did not play","On matchday squad, but did not play","On matchday squad, but did not play","On matchday squad, but did not play","On matchday squad, but did not play","On matchday squad, but did not play","On matchday squad, but did not play","On matchday squad, but did not play","On matchday squad, but did not play","On matchday squad, but did not play","On matchday squad, but did not play","On matchday squad, but did not play","On matchday squad, but did not play","On matchday squad, but did not play","On matchday squad, but did not play","On matchday squad, but did not play","On matchday squad, but did not play","On matchday squad, but did not play","On matchday squad, but did not play","On matchday squad, but did not play","On matchday squad, but did not play","On matchday squad, but did not play","On matchday squad, but did not play","On matchday squad, but did not play","On matchday squad, but did not play","On matchday squad, but did not play","On matchday squad, but did not play","On matchday squad, but did not play","On matchday squad, but did not play","On matchday squad, but did not play","On matchday squad, but did not play","On matchday squad, but did not play","On matchday squad, but did not play","On matchday squad, but did not play","On matchday squad, but did not play","On matchday squad, but did not play","On matchday squad, but did not play","On matchday squad, but did not play","On matchday squad, but did not play","On matchday squad, but did not play","On matchday squad, but did not play","On matchday squad, but did not play","On matchday squad, but did not play","On matchday squad, but did not play","On matchday squad, but did not play","On matchday squad, but did not play","On matchday squad, but did not play","On matchday squad, but did not play","On matchday squad, but did not play","On matchday squad, but did not play","On matchday squad, but did not play","On matchday squad, but did not play","On matchday squad, but did not play",Aston Villa,Leon-Bailey,3a233281
2025-05-10,Sat,Matchweek 36,Away,W 1–0,Aston Villa,Bournemouth,N,"On matchday squad, but did not play","On matchday squad, but did not play","On matchday squad, but did not play","On matchday squad, but did not play","On matchday squad, but did not play","On matchday squad, but did not play","On matchday squad, but did not play","On matchday squad, but did not play","On matchday squad, but did not play","On matchday squad, but did not play","On matchday squad, but did not play","On matchday squad, but did not play","On matchday squad, but did not play","On matchday squad, but did not play","On matchday squad, but did not play","On matchday squad, but did not play","On matchday squad, but did not play","On matchday squad, but did not play","On matchday squad, but did not play","On matchday squad, but did not play","On matchday squad, but did not play","On matchday squad, but did not play","On matchday squad, but did not play","On matchday squad, but did not play","On matchday squad, but did not play","On matchday squad, but did not play","On matchday squad, but did not play",Match Report,"On matchday squad, but did not play","On matchday squad, but did not play","On matchday squad, but did not play","On matchday squad, but did not play","On matchday squad, but did not play","On matchday squad, but did not play","On matchday squad, but did not play","On matchday squad, but did not play","On matchday squad, but did not play","On matchday squad, but did not play","On matchday squad, but did not play","On matchday squad, but did not play","On matchday squad, but did not play","On matchday squad, but did not play","On matchday squad, but did not play","On matchday squad, but did not play","On matchday squad, but did not play","On matchday squad, but did not play","On matchday squad, but did not play","On matchday squad, but did not play","On matchday squad, but did not play","On matchday squad, but did not play","On matchday squad, but did not play","On matchday squad, but did not play","On matchday squad, but did not play","On matchday squad, but did not play","On matchday squad, but did not play","On matchday squad, but did not play","On matchday squad, but did not play","On matchday squad, but did not play","On matchday squad, but did not play","On matchday squad, but did not play","On matchday squad, but did not play","On matchday squad, but did not play","On matchday squad, but did not play","On matchday squad, but did not play","On matchday squad, but did not play","On matchday squad, but did not play","On matchday squad, but did not play","On matchday squad, but did not play","On matchday squad, but did not play","On matchday squad, but did not play","On matchday squad, but did not play","On matchday squad, but did not play","On matchday squad, but did not play","On matchday squad, but did not play","On matchday squad, but did not play","On matchday squad, but did not play","On matchday squad, but did not play","On matchday squad, but did not play","On matchday squad, but did not play","On matchday squad, but did not play","On matchday squad, but did not play","On matchday squad, but did not play","On matchday squad, but did not play","On matchday squad, but did not play","On matchday squad, but did not play","On matchday squad, but did not play","On matchday squad, but did not play","On matchday squad, but did not play","On matchday squad, but did not play","On matchday squad, but did not play","On matchday squad, but did not play","On matchday squad, but did not play","On matchday squad, but did not play","On matchday squad, but did not play","On matchday squad, but did not play","On matchday squad, but did not play","On matchday squad, but did not play","On matchday squad, but did not play","On matchday squad, but did not play","On matchday squad, but did not play","On matchday squad, but did not play","On matchday squad, but did not play","On matchday squad, but did not play","On matchday squad, but did not play","On matchday squad, but did not play","On matchday squad, but did not play","On matchday squad, but did not play","On matchday squad, but did not play","On matchday squad, but did not play","On matchday squad, but did not play","On matchday squad, but did not play","On matchday squad, but did not play","On matchday squad, but did not play","On matchday squad, but did not play","On matchday squad, but did not play","On matchday squad, but did not play","On matchday squad, but did not play",Aston Villa,Leon-Bailey,3a233281
2025-05-16,Fri,Matchweek 37,Home,W 2–0,Aston Villa,Tottenham,N,RW,1,0,0,0,0,0,0,0,0,6,1,0,0,0.0,0.0,0.0,0,0,4,4,100.0,0,4,1,0,0,Match Report,4,4,100.0,38,7,3,3,100.0,1,1,100.0,0,0,,0,0.0,0.0,0,0,0,0,0,4,3,1,0,0,0,0,0,1,0,0,0,4,0,0,0,0,0,0,0,0,0,0,0,0,0,0,0,0,6,0,1,0,5,1,6,0,0,,0,,4,42,37,1,1,1,0,0,4,0,1,1,1,0,0,1,1,100.0,0,0,0,0,0,1,0,0,Aston Villa,Leon-Bailey,3a233281
2025-05-25,Sun,Matchweek 38,Away,L 0–2,Aston Villa,Manchester Utd,N,"On matchday squad, but did not play","On matchday squad, but did not play","On matchday squad, but did not play","On matchday squad, but did not play","On matchday squad, but did not play","On matchday squad, but did not play","On matchday squad, but did not play","On matchday squad, but did not play","On matchday squad, but did not play","On matchday squad, but did not play","On matchday squad, but did not play","On matchday squad, but did not play","On matchday squad, but did not play","On matchday squad, but did not play","On matchday squad, but did not play","On matchday squad, but did not play","On matchday squad, but did not play","On matchday squad, but did not play","On matchday squad, but did not play","On matchday squad, but did not play","On matchday squad, but did not play","On matchday squad, but did not play","On matchday squad, but did not play","On matchday squad, but did not play","On matchday squad, but did not play","On matchday squad, but did not play","On matchday squad, but did not play",Match Report,"On matchday squad, but did not play","On matchday squad, but did not play","On matchday squad, but did not play","On matchday squad, but did not play","On matchday squad, but did not play","On matchday squad, but did not play","On matchday squad, but did not play","On matchday squad, but did not play","On matchday squad, but did not play","On matchday squad, but did not play","On matchday squad, but did not play","On matchday squad, but did not play","On matchday squad, but did not play","On matchday squad, but did not play","On matchday squad, but did not play","On matchday squad, but did not play","On matchday squad, but did not play","On matchday squad, but did not play","On matchday squad, but did not play","On matchday squad, but did not play","On matchday squad, but did not play","On matchday squad, but did not play","On matchday squad, but did not play","On matchday squad, but did not play","On matchday squad, but did not play","On matchday squad, but did not play","On matchday squad, but did not play","On matchday squad, but did not play","On matchday squad, but did not play","On matchday squad, but did not play","On matchday squad, but did not play","On matchday squad, but did not play","On matchday squad, but did not play","On matchday squad, but did not play","On matchday squad, but did not play","On matchday squad, but did not play","On matchday squad, but did not play","On matchday squad, but did not play","On matchday squad, but did not play","On matchday squad, but did not play","On matchday squad, but did not play","On matchday squad, but did not play","On matchday squad, but did not play","On matchday squad, but did not play","On matchday squad, but did not play","On matchday squad, but did not play","On matchday squad, but did not play","On matchday squad, but did not play","On matchday squad, but did not play","On matchday squad, but did not play","On matchday squad, but did not play","On matchday squad, but did not play","On matchday squad, but did not play","On matchday squad, but did not play","On matchday squad, but did not play","On matchday squad, but did not play","On matchday squad, but did not play","On matchday squad, but did not play","On matchday squad, but did not play","On matchday squad, but did not play","On matchday squad, but did not play","On matchday squad, but did not play","On matchday squad, but did not play","On matchday squad, but did not play","On matchday squad, but did not play","On matchday squad, but did not play","On matchday squad, but did not play","On matchday squad, but did not play","On matchday squad, but did not play","On matchday squad, but did not play","On matchday squad, but did not play","On matchday squad, but did not play","On matchday squad, but did not play","On matchday squad, but did not play","On matchday squad, but did not play","On matchday squad, but did not play","On matchday squad, but did not play","On matchday squad, but did not play","On matchday squad, but did not play","On matchday squad, but did not play","On matchday squad, but did not play","On matchday squad, but did not play","On matchday squad, but did not play","On matchday squad, but did not play","On matchday squad, but did not play","On matchday squad, but did not play","On matchday squad, but did not play","On matchday squad, but did not play","On matchday squad, but did not play",Aston Villa,Leon-Bailey,3a233281
2024-10-26,Sat,Matchweek 9,Home,D 1–1,Aston Villa,Bournemouth,N,"On matchday squad, but did not play","On matchday squad, but did not play","On matchday squad, but did not play","On matchday squad, but did not play","On matchday squad, but did not play","On matchday squad, but did not play","On matchday squad, but did not play","On matchday squad, but did not play","On matchday squad, but did not play","On matchday squad, but did not play","On matchday squad, but did not play","On matchday squad, but did not play","On matchday squad, but did not play","On matchday squad, but did not play","On matchday squad, but did not play","On matchday squad, but did not play","On matchday squad, but did not play","On matchday squad, but did not play","On matchday squad, but did not play","On matchday squad, but did not play","On matchday squad, but did not play","On matchday squad, but did not play","On matchday squad, but did not play","On matchday squad, but did not play","On matchday squad, but did not play","On matchday squad, but did not play","On matchday squad, but did not play",Match Report,"On matchday squad, but did not play","On matchday squad, but did not play","On matchday squad, but did not play","On matchday squad, but did not play","On matchday squad, but did not play","On matchday squad, but did not play","On matchday squad, but did not play","On matchday squad, but did not play","On matchday squad, but did not play","On matchday squad, but did not play","On matchday squad, but did not play","On matchday squad, but did not play","On matchday squad, but did not play","On matchday squad, but did not play","On matchday squad, but did not play","On matchday squad, but did not play","On matchday squad, but did not play","On matchday squad, but did not play","On matchday squad, but did not play","On matchday squad, but did not play","On matchday squad, but did not play","On matchday squad, but did not play","On matchday squad, but did not play","On matchday squad, but did not play","On matchday squad, but did not play","On matchday squad, but did not play","On matchday squad, but did not play","On matchday squad, but did not play","On matchday squad, but did not play","On matchday squad, but did not play","On matchday squad, but did not play","On matchday squad, but did not play","On matchday squad, but did not play","On matchday squad, but did not play","On matchday squad, but did not play","On matchday squad, but did not play","On matchday squad, but did not play","On matchday squad, but did not play","On matchday squad, but did not play","On matchday squad, but did not play","On matchday squad, but did not play","On matchday squad, but did not play","On matchday squad, but did not play","On matchday squad, but did not play","On matchday squad, but did not play","On matchday squad, but did not play","On matchday squad, but did not play","On matchday squad, but did not play","On matchday squad, but did not play","On matchday squad, but did not play","On matchday squad, but did not play","On matchday squad, but did not play","On matchday squad, but did not play","On matchday squad, but did not play","On matchday squad, but did not play","On matchday squad, but did not play","On matchday squad, but did not play","On matchday squad, but did not play","On matchday squad, but did not play","On matchday squad, but did not play","On matchday squad, but did not play","On matchday squad, but did not play","On matchday squad, but did not play","On matchday squad, but did not play","On matchday squad, but did not play","On matchday squad, but did not play","On matchday squad, but did not play","On matchday squad, but did not play","On matchday squad, but did not play","On matchday squad, but did not play","On matchday squad, but did not play","On matchday squad, but did not play","On matchday squad, but did not play","On matchday squad, but did not play","On matchday squad, but did not play","On matchday squad, but did not play","On matchday squad, but did not play","On matchday squad, but did not play","On matchday squad, but did not play","On matchday squad, but did not play","On matchday squad, but did not play","On matchday squad, but did not play","On matchday squad, but did not play","On matchday squad, but did not play","On matchday squad, but did not play","On matchday squad, but did not play","On matchday squad, but did not play","On matchday squad, but did not play","On matchday squad, but did not play",Aston Villa,Tyrone-Mings,8397a50c
2024-11-03,Sun,Matchweek 10,Away,L 1–4,Aston Villa,Tottenham,N,"On matchday squad, but did not play","On matchday squad, but did not play","On matchday squad, but did not play","On matchday squad, but did not play","On matchday squad, but did not play","On matchday squad, but did not play","On matchday squad, but did not play","On matchday squad, but did not play","On matchday squad, but did not play","On matchday squad, but did not play","On matchday squad, but did not play","On matchday squad, but did not play","On matchday squad, but did not play","On matchday squad, but did not play","On matchday squad, but did not play","On matchday squad, but did not play","On matchday squad, but did not play","On matchday squad, but did not play","On matchday squad, but did not play","On matchday squad, but did not play","On matchday squad, but did not play","On matchday squad, but did not play","On matchday squad, but did not play","On matchday squad, but did not play","On matchday squad, but did not play","On matchday squad, but did not play","On matchday squad, but did not play",Match Report,"On matchday squad, but did not play","On matchday squad, but did not play","On matchday squad, but did not play","On matchday squad, but did not play","On matchday squad, but did not play","On matchday squad, but did not play","On matchday squad, but did not play","On matchday squad, but did not play","On matchday squad, but did not play","On matchday squad, but did not play","On matchday squad, but did not play","On matchday squad, but did not play","On matchday squad, but did not play","On matchday squad, but did not play","On matchday squad, but did not play","On matchday squad, but did not play","On matchday squad, but did not play","On matchday squad, but did not play","On matchday squad, but did not play","On matchday squad, but did not play","On matchday squad, but did not play","On matchday squad, but did not play","On matchday squad, but did not play","On matchday squad, but did not play","On matchday squad, but did not play","On matchday squad, but did not play","On matchday squad, but did not play","On matchday squad, but did not play","On matchday squad, but did not play","On matchday squad, but did not play","On matchday squad, but did not play","On matchday squad, but did not play","On matchday squad, but did not play","On matchday squad, but did not play","On matchday squad, but did not play","On matchday squad, but did not play","On matchday squad, but did not play","On matchday squad, but did not play","On matchday squad, but did not play","On matchday squad, but did not play","On matchday squad, but did not play","On matchday squad, but did not play","On matchday squad, but did not play","On matchday squad, but did not play","On matchday squad, but did not play","On matchday squad, but did not play","On matchday squad, but did not play","On matchday squad, but did not play","On matchday squad, but did not play","On matchday squad, but did not play","On matchday squad, but did not play","On matchday squad, but did not play","On matchday squad, but did not play","On matchday squad, but did not play","On matchday squad, but did not play","On matchday squad, but did not play","On matchday squad, but did not play","On matchday squad, but did not play","On matchday squad, but did not play","On matchday squad, but did not play","On matchday squad, but did not play","On matchday squad, but did not play","On matchday squad, but did not play","On matchday squad, but did not play","On matchday squad, but did not play","On matchday squad, but did not play","On matchday squad, but did not play","On matchday squad, but did not play","On matchday squad, but did not play","On matchday squad, but did not play","On matchday squad, but did not play","On matchday squad, but did not play","On matchday squad, but did not play","On matchday squad, but did not play","On matchday squad, but did not play","On matchday squad, but did not play","On matchday squad, but did not play","On matchday squad, but did not play","On matchday squad, but did not play","On matchday squad, but did not play","On matchday squad, but did not play","On matchday squad, but did not play","On matchday squad, but did not play","On matchday squad, but did not play","On matchday squad, but did not play","On matchday squad, but did not play","On matchday squad, but did not play","On matchday squad, but did not play","On matchday squad, but did not play",Aston Villa,Tyrone-Mings,8397a50c
2024-11-09,Sat,Matchweek 11,Away,L 0–2,Aston Villa,Liverpool,N,"On matchday squad, but did not play","On matchday squad, but did not play","On matchday squad, but did not play","On matchday squad, but did not play","On matchday squad, but did not play","On matchday squad, but did not play","On matchday squad, but did not play","On matchday squad, but did not play","On matchday squad, but did not play","On matchday squad, but did not play","On matchday squad, but did not play","On matchday squad, but did not play","On matchday squad, but did not play","On matchday squad, but did not play","On matchday squad, but did not play","On matchday squad, but did not play","On matchday squad, but did not play","On matchday squad, but did not play","On matchday squad, but did not play","On matchday squad, but did not play","On matchday squad, but did not play","On matchday squad, but did not play","On matchday squad, but did not play","On matchday squad, but did not play","On matchday squad, but did not play","On matchday squad, but did not play","On matchday squad, but did not play",Match Report,"On matchday squad, but did not play","On matchday squad, but did not play","On matchday squad, but did not play","On matchday squad, but did not play","On matchday squad, but did not play","On matchday squad, but did not play","On matchday squad, but did not play","On matchday squad, but did not play","On matchday squad, but did not play","On matchday squad, but did not play","On matchday squad, but did not play","On matchday squad, but did not play","On matchday squad, but did not play","On matchday squad, but did not play","On matchday squad, but did not play","On matchday squad, but did not play","On matchday squad, but did not play","On matchday squad, but did not play","On matchday squad, but did not play","On matchday squad, but did not play","On matchday squad, but did not play","On matchday squad, but did not play","On matchday squad, but did not play","On matchday squad, but did not play","On matchday squad, but did not play","On matchday squad, but did not play","On matchday squad, but did not play","On matchday squad, but did not play","On matchday squad, but did not play","On matchday squad, but did not play","On matchday squad, but did not play","On matchday squad, but did not play","On matchday squad, but did not play","On matchday squad, but did not play","On matchday squad, but did not play","On matchday squad, but did not play","On matchday squad, but did not play","On matchday squad, but did not play","On matchday squad, but did not play","On matchday squad, but did not play","On matchday squad, but did not play","On matchday squad, but did not play","On matchday squad, but did not play","On matchday squad, but did not play","On matchday squad, but did not play","On matchday squad, but did not play","On matchday squad, but did not play","On matchday squad, but did not play","On matchday squad, but did not play","On matchday squad, but did not play","On matchday squad, but did not play","On matchday squad, but did not play","On matchday squad, but did not play","On matchday squad, but did not play","On matchday squad, but did not play","On matchday squad, but did not play","On matchday squad, but did not play","On matchday squad, but did not play","On matchday squad, but did not play","On matchday squad, but did not play","On matchday squad, but did not play","On matchday squad, but did not play","On matchday squad, but did not play","On matchday squad, but did not play","On matchday squad, but did not play","On matchday squad, but did not play","On matchday squad, but did not play","On matchday squad, but did not play","On matchday squad, but did not play","On matchday squad, but did not play","On matchday squad, but did not play","On matchday squad, but did not play","On matchday squad, but did not play","On matchday squad, but did not play","On matchday squad, but did not play","On matchday squad, but did not play","On matchday squad, but did not play","On matchday squad, but did not play","On matchday squad, but did not play","On matchday squad, but did not play","On matchday squad, but did not play","On matchday squad, but did not play","On matchday squad, but did not play","On matchday squad, but did not play","On matchday squad, but did not play","On matchday squad, but did not play","On matchday squad, but did not play","On matchday squad, but did not play","On matchday squad, but did not play",Aston Villa,Tyrone-Mings,8397a50c
2024-11-23,Sat,Matchweek 12,Home,D 2–2,Aston Villa,Crystal Palace,N,"On matchday squad, but did not play","On matchday squad, but did not play","On matchday squad, but did not play","On matchday squad, but did not play","On matchday squad, but did not play","On matchday squad, but did not play","On matchday squad, but did not play","On matchday squad, but did not play","On matchday squad, but did not play","On matchday squad, but did not play","On matchday squad, but did not play","On matchday squad, but did not play","On matchday squad, but did not play","On matchday squad, but did not play","On matchday squad, but did not play","On matchday squad, but did not play","On matchday squad, but did not play","On matchday squad, but did not play","On matchday squad, but did not play","On matchday squad, but did not play","On matchday squad, but did not play","On matchday squad, but did not play","On matchday squad, but did not play","On matchday squad, but did not play","On matchday squad, but did not play","On matchday squad, but did not play","On matchday squad, but did not play",Match Report,"On matchday squad, but did not play","On matchday squad, but did not play","On matchday squad, but did not play","On matchday squad, but did not play","On matchday squad, but did not play","On matchday squad, but did not play","On matchday squad, but did not play","On matchday squad, but did not play","On matchday squad, but did not play","On matchday squad, but did not play","On matchday squad, but did not play","On matchday squad, but did not play","On matchday squad, but did not play","On matchday squad, but did not play","On matchday squad, but did not play","On matchday squad, but did not play","On matchday squad, but did not play","On matchday squad, but did not play","On matchday squad, but did not play","On matchday squad, but did not play","On matchday squad, but did not play","On matchday squad, but did not play","On matchday squad, but did not play","On matchday squad, but did not play","On matchday squad, but did not play","On matchday squad, but did not play","On matchday squad, but did not play","On matchday squad, but did not play","On matchday squad, but did not play","On matchday squad, but did not play","On matchday squad, but did not play","On matchday squad, but did not play","On matchday squad, but did not play","On matchday squad, but did not play","On matchday squad, but did not play","On matchday squad, but did not play","On matchday squad, but did not play","On matchday squad, but did not play","On matchday squad, but did not play","On matchday squad, but did not play","On matchday squad, but did not play","On matchday squad, but did not play","On matchday squad, but did not play","On matchday squad, but did not play","On matchday squad, but did not play","On matchday squad, but did not play","On matchday squad, but did not play","On matchday squad, but did not play","On matchday squad, but did not play","On matchday squad, but did not play","On matchday squad, but did not play","On matchday squad, but did not play","On matchday squad, but did not play","On matchday squad, but did not play","On matchday squad, but did not play","On matchday squad, but did not play","On matchday squad, but did not play","On matchday squad, but did not play","On matchday squad, but did not play","On matchday squad, but did not play","On matchday squad, but did not play","On matchday squad, but did not play","On matchday squad, but did not play","On matchday squad, but did not play","On matchday squad, but did not play","On matchday squad, but did not play","On matchday squad, but did not play","On matchday squad, but did not play","On matchday squad, but did not play","On matchday squad, but did not play","On matchday squad, but did not play","On matchday squad, but did not play","On matchday squad, but did not play","On matchday squad, but did not play","On matchday squad, but did not play","On matchday squad, but did not play","On matchday squad, but did not play","On matchday squad, but did not play","On matchday squad, but did not play","On matchday squad, but did not play","On matchday squad, but did not play","On matchday squad, but did not play","On matchday squad, but did not play","On matchday squad, but did not play","On matchday squad, but did not play","On matchday squad, but did not play","On matchday squad, but did not play","On matchday squad, but did not play","On matchday squad, but did not play",Aston Villa,Tyrone-Mings,8397a50c
2024-12-01,Sun,Matchweek 13,Away,L 0–3,Aston Villa,Chelsea,N,"On matchday squad, but did not play","On matchday squad, but did not play","On matchday squad, but did not play","On matchday squad, but did not play","On matchday squad, but did not play","On matchday squad, but did not play","On matchday squad, but did not play","On matchday squad, but did not play","On matchday squad, but did not play","On matchday squad, but did not play","On matchday squad, but did not play","On matchday squad, but did not play","On matchday squad, but did not play","On matchday squad, but did not play","On matchday squad, but did not play","On matchday squad, but did not play","On matchday squad, but did not play","On matchday squad, but did not play","On matchday squad, but did not play","On matchday squad, but did not play","On matchday squad, but did not play","On matchday squad, but did not play","On matchday squad, but did not play","On matchday squad, but did not play","On matchday squad, but did not play","On matchday squad, but did not play","On matchday squad, but did not play",Match Report,"On matchday squad, but did not play","On matchday squad, but did not play","On matchday squad, but did not play","On matchday squad, but did not play","On matchday squad, but did not play","On matchday squad, but did not play","On matchday squad, but did not play","On matchday squad, but did not play","On matchday squad, but did not play","On matchday squad, but did not play","On matchday squad, but did not play","On matchday squad, but did not play","On matchday squad, but did not play","On matchday squad, but did not play","On matchday squad, but did not play","On matchday squad, but did not play","On matchday squad, but did not play","On matchday squad, but did not play","On matchday squad, but did not play","On matchday squad, but did not play","On matchday squad, but did not play","On matchday squad, but did not play","On matchday squad, but did not play","On matchday squad, but did not play","On matchday squad, but did not play","On matchday squad, but did not play","On matchday squad, but did not play","On matchday squad, but did not play","On matchday squad, but did not play","On matchday squad, but did not play","On matchday squad, but did not play","On matchday squad, but did not play","On matchday squad, but did not play","On matchday squad, but did not play","On matchday squad, but did not play","On matchday squad, but did not play","On matchday squad, but did not play","On matchday squad, but did not play","On matchday squad, but did not play","On matchday squad, but did not play","On matchday squad, but did not play","On matchday squad, but did not play","On matchday squad, but did not play","On matchday squad, but did not play","On matchday squad, but did not play","On matchday squad, but did not play","On matchday squad, but did not play","On matchday squad, but did not play","On matchday squad, but did not play","On matchday squad, but did not play","On matchday squad, but did not play","On matchday squad, but did not play","On matchday squad, but did not play","On matchday squad, but did not play","On matchday squad, but did not play","On matchday squad, but did not play","On matchday squad, but did not play","On matchday squad, but did not play","On matchday squad, but did not play","On matchday squad, but did not play","On matchday squad, but did not play","On matchday squad, but did not play","On matchday squad, but did not play","On matchday squad, but did not play","On matchday squad, but did not play","On matchday squad, but did not play","On matchday squad, but did not play","On matchday squad, but did not play","On matchday squad, but did not play","On matchday squad, but did not play","On matchday squad, but did not play","On matchday squad, but did not play","On matchday squad, but did not play","On matchday squad, but did not play","On matchday squad, but did not play","On matchday squad, but did not play","On matchday squad, but did not play","On matchday squad, but did not play","On matchday squad, but did not play","On matchday squad, but did not play","On matchday squad, but did not play","On matchday squad, but did not play","On matchday squad, but did not play","On matchday squad, but did not play","On matchday squad, but did not play","On matchday squad, but did not play","On matchday squad, but did not play","On matchday squad, but did not play","On matchday squad, but did not play",Aston Villa,Tyrone-Mings,8397a50c
2024-12-04,Wed,Matchweek 14,Home,W 3–1,Aston Villa,Brentford,Y,CB,90,0,0,0,0,2,0,0,0,50,1,0,1,0.2,0.2,0.0,1,0,36,40,90.0,2,20,0,0,0,Match Report,36,40,90.0,645,333,18,21,85.7,15,16,93.8,3,3,100.0,0,0.0,0.0,0,4,1,0,2,40,39,1,1,0,0,0,0,0,0,0,0,36,0,1,1,1,0,0,0,0,0,0,0,0,0,0,0,0,50,13,34,15,2,2,50,0,0,,0,,20,123,44,0,0,0,0,0,35,0,1,1,1,0,0,0,0,,0,1,1,0,0,1,6,0,Aston Villa,Tyrone-Mings,8397a50c
2024-12-07,Sat,Matchweek 15,Home,W 1–0,Aston Villa,Southampton,N,"On matchday squad, but did not play","On matchday squad, but did not play","On matchday squad, but did not play","On matchday squad, but did not play","On matchday squad, but did not play","On matchday squad, but did not play","On matchday squad, but did not play","On matchday squad, but did not play","On matchday squad, but did not play","On matchday squad, but did not play","On matchday squad, but did not play","On matchday squad, but did not play","On matchday squad, but did not play","On matchday squad, but did not play","On matchday squad, but did not play","On matchday squad, but did not play","On matchday squad, but did not play","On matchday squad, but did not play","On matchday squad, but did not play","On matchday squad, but did not play","On matchday squad, but did not play","On matchday squad, but did not play","On matchday squad, but did not play","On matchday squad, but did not play","On matchday squad, but did not play","On matchday squad, but did not play","On matchday squad, but did not play",Match Report,"On matchday squad, but did not play","On matchday squad, but did not play","On matchday squad, but did not play","On matchday squad, but did not play","On matchday squad, but did not play","On matchday squad, but did not play","On matchday squad, but did not play","On matchday squad, but did not play","On matchday squad, but did not play","On matchday squad, but did not play","On matchday squad, but did not play","On matchday squad, but did not play","On matchday squad, but did not play","On matchday squad, but did not play","On matchday squad, but did not play","On matchday squad, but did not play","On matchday squad, but did not play","On matchday squad, but did not play","On matchday squad, but did not play","On matchday squad, but did not play","On matchday squad, but did not play","On matchday squad, but did not play","On matchday squad, but did not play","On matchday squad, but did not play","On matchday squad, but did not play","On matchday squad, but did not play","On matchday squad, but did not play","On matchday squad, but did not play","On matchday squad, but did not play","On matchday squad, but did not play","On matchday squad, but did not play","On matchday squad, but did not play","On matchday squad, but did not play","On matchday squad, but did not play","On matchday squad, but did not play","On matchday squad, but did not play","On matchday squad, but did not play","On matchday squad, but did not play","On matchday squad, but did not play","On matchday squad, but did not play","On matchday squad, but did not play","On matchday squad, but did not play","On matchday squad, but did not play","On matchday squad, but did not play","On matchday squad, but did not play","On matchday squad, but did not play","On matchday squad, but did not play","On matchday squad, but did not play","On matchday squad, but did not play","On matchday squad, but did not play","On matchday squad, but did not play","On matchday squad, but did not play","On matchday squad, but did not play","On matchday squad, but did not play","On matchday squad, but did not play","On matchday squad, but did not play","On matchday squad, but did not play","On matchday squad, but did not play","On matchday squad, but did not play","On matchday squad, but did not play","On matchday squad, but did not play","On matchday squad, but did not play","On matchday squad, but did not play","On matchday squad, but did not play","On matchday squad, but did not play","On matchday squad, but did not play","On matchday squad, but did not play","On matchday squad, but did not play","On matchday squad, but did not play","On matchday squad, but did not play","On matchday squad, but did not play","On matchday squad, but did not play","On matchday squad, but did not play","On matchday squad, but did not play","On matchday squad, but did not play","On matchday squad, but did not play","On matchday squad, but did not play","On matchday squad, but did not play","On matchday squad, but did not play","On matchday squad, but did not play","On matchday squad, but did not play","On matchday squad, but did not play","On matchday squad, but did not play","On matchday squad, but did not play","On matchday squad, but did not play","On matchday squad, but did not play","On matchday squad, but did not play","On matchday squad, but did not play","On matchday squad, but did not play",Aston Villa,Tyrone-Mings,8397a50c
2024-12-21,Sat,Matchweek 17,Home,W 2–1,Aston Villa,Manchester City,N,"On matchday squad, but did not play","On matchday squad, but did not play","On matchday squad, but did not play","On matchday squad, but did not play","On matchday squad, but did not play","On matchday squad, but did not play","On matchday squad, but did not play","On matchday squad, but did not play","On matchday squad, but did not play","On matchday squad, but did not play","On matchday squad, but did not play","On matchday squad, but did not play","On matchday squad, but did not play","On matchday squad, but did not play","On matchday squad, but did not play","On matchday squad, but did not play","On matchday squad, but did not play","On matchday squad, but did not play","On matchday squad, but did not play","On matchday squad, but did not play","On matchday squad, but did not play","On matchday squad, but did not play","On matchday squad, but did not play","On matchday squad, but did not play","On matchday squad, but did not play","On matchday squad, but did not play","On matchday squad, but did not play",Match Report,"On matchday squad, but did not play","On matchday squad, but did not play","On matchday squad, but did not play","On matchday squad, but did not play","On matchday squad, but did not play","On matchday squad, but did not play","On matchday squad, but did not play","On matchday squad, but did not play","On matchday squad, but did not play","On matchday squad, but did not play","On matchday squad, but did not play","On matchday squad, but did not play","On matchday squad, but did not play","On matchday squad, but did not play","On matchday squad, but did not play","On matchday squad, but did not play","On matchday squad, but did not play","On matchday squad, but did not play","On matchday squad, but did not play","On matchday squad, but did not play","On matchday squad, but did not play","On matchday squad, but did not play","On matchday squad, but did not play","On matchday squad, but did not play","On matchday squad, but did not play","On matchday squad, but did not play","On matchday squad, but did not play","On matchday squad, but did not play","On matchday squad, but did not play","On matchday squad, but did not play","On matchday squad, but did not play","On matchday squad, but did not play","On matchday squad, but did not play","On matchday squad, but did not play","On matchday squad, but did not play","On matchday squad, but did not play","On matchday squad, but did not play","On matchday squad, but did not play","On matchday squad, but did not play","On matchday squad, but did not play","On matchday squad, but did not play","On matchday squad, but did not play","On matchday squad, but did not play","On matchday squad, but did not play","On matchday squad, but did not play","On matchday squad, but did not play","On matchday squad, but did not play","On matchday squad, but did not play","On matchday squad, but did not play","On matchday squad, but did not play","On matchday squad, but did not play","On matchday squad, but did not play","On matchday squad, but did not play","On matchday squad, but did not play","On matchday squad, but did not play","On matchday squad, but did not play","On matchday squad, but did not play","On matchday squad, but did not play","On matchday squad, but did not play","On matchday squad, but did not play","On matchday squad, but did not play","On matchday squad, but did not play","On matchday squad, but did not play","On matchday squad, but did not play","On matchday squad, but did not play","On matchday squad, but did not play","On matchday squad, but did not play","On matchday squad, but did not play","On matchday squad, but did not play","On matchday squad, but did not play","On matchday squad, but did not play","On matchday squad, but did not play","On matchday squad, but did not play","On matchday squad, but did not play","On matchday squad, but did not play","On matchday squad, but did not play","On matchday squad, but did not play","On matchday squad, but did not play","On matchday squad, but did not play","On matchday squad, but did not play","On matchday squad, but did not play","On matchday squad, but did not play","On matchday squad, but did not play","On matchday squad, but did not play","On matchday squad, but did not play","On matchday squad, but did not play","On matchday squad, but did not play","On matchday squad, but did not play","On matchday squad, but did not play",Aston Villa,Tyrone-Mings,8397a50c
2024-12-26,Thu,Matchweek 18,Away,L 0–3,Aston Villa,Newcastle Utd,N,"On matchday squad, but did not play","On matchday squad, but did not play","On matchday squad, but did not play","On matchday squad, but did not play","On matchday squad, but did not play","On matchday squad, but did not play","On matchday squad, but did not play","On matchday squad, but did not play","On matchday squad, but did not play","On matchday squad, but did not play","On matchday squad, but did not play","On matchday squad, but did not play","On matchday squad, but did not play","On matchday squad, but did not play","On matchday squad, but did not play","On matchday squad, but did not play","On matchday squad, but did not play","On matchday squad, but did not play","On matchday squad, but did not play","On matchday squad, but did not play","On matchday squad, but did not play","On matchday squad, but did not play","On matchday squad, but did not play","On matchday squad, but did not play","On matchday squad, but did not play","On matchday squad, but did not play","On matchday squad, but did not play",Match Report,"On matchday squad, but did not play","On matchday squad, but did not play","On matchday squad, but did not play","On matchday squad, but did not play","On matchday squad, but did not play","On matchday squad, but did not play","On matchday squad, but did not play","On matchday squad, but did not play","On matchday squad, but did not play","On matchday squad, but did not play","On matchday squad, but did not play","On matchday squad, but did not play","On matchday squad, but did not play","On matchday squad, but did not play","On matchday squad, but did not play","On matchday squad, but did not play","On matchday squad, but did not play","On matchday squad, but did not play","On matchday squad, but did not play","On matchday squad, but did not play","On matchday squad, but did not play","On matchday squad, but did not play","On matchday squad, but did not play","On matchday squad, but did not play","On matchday squad, but did not play","On matchday squad, but did not play","On matchday squad, but did not play","On matchday squad, but did not play","On matchday squad, but did not play","On matchday squad, but did not play","On matchday squad, but did not play","On matchday squad, but did not play","On matchday squad, but did not play","On matchday squad, but did not play","On matchday squad, but did not play","On matchday squad, but did not play","On matchday squad, but did not play","On matchday squad, but did not play","On matchday squad, but did not play","On matchday squad, but did not play","On matchday squad, but did not play","On matchday squad, but did not play","On matchday squad, but did not play","On matchday squad, but did not play","On matchday squad, but did not play","On matchday squad, but did not play","On matchday squad, but did not play","On matchday squad, but did not play","On matchday squad, but did not play","On matchday squad, but did not play","On matchday squad, but did not play","On matchday squad, but did not play","On matchday squad, but did not play","On matchday squad, but did not play","On matchday squad, but did not play","On matchday squad, but did not play","On matchday squad, but did not play","On matchday squad, but did not play","On matchday squad, but did not play","On matchday squad, but did not play","On matchday squad, but did not play","On matchday squad, but did not play","On matchday squad, but did not play","On matchday squad, but did not play","On matchday squad, but did not play","On matchday squad, but did not play","On matchday squad, but did not play","On matchday squad, but did not play","On matchday squad, but did not play","On matchday squad, but did not play","On matchday squad, but did not play","On matchday squad, but did not play","On matchday squad, but did not play","On matchday squad, but did not play","On matchday squad, but did not play","On matchday squad, but did not play","On matchday squad, but did not play","On matchday squad, but did not play","On matchday squad, but did not play","On matchday squad, but did not play","On matchday squad, but did not play","On matchday squad, but did not play","On matchday squad, but did not play","On matchday squad, but did not play","On matchday squad, but did not play","On matchday squad, but did not play","On matchday squad, but did not play","On matchday squad, but did not play","On matchday squad, but did not play",Aston Villa,Tyrone-Mings,8397a50c
2024-12-30,Mon,Matchweek 19,Home,D 2–2,Aston Villa,Brighton,N,CB,71,0,0,0,0,1,0,1,0,48,0,1,1,0.0,0.0,0.0,1,0,37,43,86.0,5,23,1,0,0,Match Report,37,43,86.0,715,313,14,15,93.3,17,19,89.5,5,7,71.4,0,0.0,0.0,1,6,1,0,5,43,42,1,0,0,0,0,0,0,0,0,0,37,0,0,1,1,0,0,0,0,0,0,0,0,0,0,0,0,48,5,26,18,4,1,48,0,0,,0,,23,148,74,1,1,0,0,0,38,0,0,0,0,0,0,0,0,,0,1,1,0,1,1,2,0,Aston Villa,Tyrone-Mings,8397a50c
2025-01-04,Sat,Matchweek 20,Home,W 2–1,Aston Villa,Leicester City,Y,CB,90,0,0,0,0,0,0,0,0,119,1,0,1,0.0,0.0,0.0,4,0,99,112,88.4,8,91,0,0,0,Match Report,99,112,88.4,1856,545,31,35,88.6,63,63,100.0,5,12,41.7,0,0.0,0.0,0,7,2,0,8,112,108,4,2,0,2,0,0,0,0,0,0,99,0,1,4,3,0,0,0,0,1,0,0,0,0,0,0,0,119,11,45,74,1,0,119,0,0,,0,,91,492,276,0,1,0,0,0,100,0,1,1,1,0,0,1,1,100.0,0,1,0,1,0,1,4,0,Aston Villa,Tyrone-Mings,8397a50c
2025-01-15,Wed,Matchweek 21,Away,W 1–0,Aston Villa,Everton,Y,CB,90,0,0,0,0,0,0,0,0,78,0,0,0,0.0,0.0,0.2,1,0,53,62,85.5,2,47,0,0,0,Match Report,53,62,85.5,1021,341,15,15,100.0,34,37,91.9,4,10,40.0,0,0.2,0.0,1,3,0,0,2,62,57,5,4,0,1,0,0,0,0,0,0,53,0,0,1,1,0,0,0,0,0,0,0,0,0,0,0,0,78,12,50,26,3,1,78,0,0,,0,,47,307,159,0,0,0,0,0,51,0,0,0,0,0,0,0,0,,0,0,0,0,0,0,11,0,Aston Villa,Tyrone-Mings,8397a50c
2025-01-18,Sat,Matchweek 22,Away,D 2–2,Aston Villa,Arsenal,Y,CB,90,0,0,0,0,0,0,0,0,47,0,0,0,0.0,0.0,0.0,1,0,28,36,77.8,0,23,0,0,0,Match Report,28,36,77.8,489,214,10,11,90.9,16,19,84.2,2,6,33.3,0,0.0,0.0,0,0,0,0,0,36,33,3,2,0,0,0,0,0,0,0,0,28,0,0,1,1,0,0,0,0,0,0,0,0,0,0,0,0,47,16,35,10,2,1,47,0,0,,0,,23,137,33,0,0,0,1,0,27,0,0,0,0,0,0,0,0,,0,0,0,0,0,0,9,0,Aston Villa,Tyrone-Mings,8397a50c
2025-01-26,Sun,Matchweek 23,Home,D 1–1,Aston Villa,West Ham,Y,CB,37,0,0,0,0,0,0,0,0,18,2,1,2,0.0,0.0,0.0,1,0,12,14,85.7,0,10,0,0,0,Match Report,12,14,85.7,194,37,4,5,80.0,8,8,100.0,0,1,0.0,0,0.0,0.0,0,1,0,0,0,14,14,0,0,0,0,0,0,0,0,0,0,12,0,1,1,1,0,0,0,0,0,0,0,0,0,0,0,0,18,3,12,4,2,0,18,0,0,,0,,10,35,14,0,1,0,0,0,12,0,2,2,1,1,0,0,0,,0,2,2,0,1,3,0,0,Aston Villa,Tyrone-Mings,8397a50c
2025-02-15,Sat,Matchweek 25,Home,D 1–1,Aston Villa,Ipswich Town,N,CB,75,0,0,0,0,0,0,0,0,77,0,0,1,0.0,0.0,0.0,1,0,67,73,91.8,6,54,0,0,0,Match Report,67,73,91.8,1109,365,30,32,93.8,33,35,94.3,2,2,100.0,0,0.0,0.0,0,4,1,0,6,73,70,3,3,0,0,0,0,0,0,0,0,67,0,0,1,1,0,0,0,0,0,0,0,0,0,0,0,0,77,2,26,45,6,2,77,0,0,,0,,54,243,155,0,3,0,1,1,55,0,0,0,0,0,0,0,0,,0,1,1,0,0,0,1,0,Aston Villa,Tyrone-Mings,8397a50c
2025-02-19,Wed,Matchweek 29,Home,D 2–2,Aston Villa,Liverpool,Y,CB,90,0,0,0,0,1,0,0,0,52,0,0,3,0.1,0.1,0.0,3,1,39,42,92.9,1,31,0,1,1,Match Report,39,42,92.9,601,163,20,21,95.2,17,18,94.4,1,1,100.0,0,0.0,0.1,0,1,0,0,1,42,38,4,0,0,0,0,0,0,0,0,0,39,0,1,3,2,0,0,1,0,0,1,0,0,0,1,0,0,52,17,24,24,4,2,52,1,1,100.0,0,0.0,31,78,32,0,1,0,0,0,28,0,0,0,0,0,0,0,0,,0,3,2,1,0,0,5,0,Aston Villa,Tyrone-Mings,8397a50c
2025-02-22,Sat,Matchweek 26,Home,W 2–1,Aston Villa,Chelsea,Y,CB,58,0,0,0,0,0,0,0,0,53,1,0,2,0.0,0.0,0.0,0,0,43,47,91.5,5,39,2,0,0,Match Report,43,47,91.5,793,198,17,19,89.5,23,24,95.8,3,3,100.0,0,0.0,0.0,0,7,0,0,5,47,44,3,2,0,0,0,0,0,0,0,0,43,0,1,0,0,0,0,0,0,0,0,0,0,0,0,0,0,53,10,22,27,4,1,53,0,0,,0,,39,226,114,2,2,0,1,0,42,0,1,1,1,0,0,0,0,,0,2,2,0,0,1,0,1,Aston Villa,Tyrone-Mings,8397a50c
2025-02-25,Tue,Matchweek 27,Away,L 1–4,Aston Villa,Crystal Palace,N,"On matchday squad, but did not play","On matchday squad, but did not play","On matchday squad, but did not play","On matchday squad, but did not play","On matchday squad, but did not play","On matchday squad, but did not play","On matchday squad, but did not play","On matchday squad, but did not play","On matchday squad, but did not play","On matchday squad, but did not play","On matchday squad, but did not play","On matchday squad, but did not play","On matchday squad, but did not play","On matchday squad, but did not play","On matchday squad, but did not play","On matchday squad, but did not play","On matchday squad, but did not play","On matchday squad, but did not play","On matchday squad, but did not play","On matchday squad, but did not play","On matchday squad, but did not play","On matchday squad, but did not play","On matchday squad, but did not play","On matchday squad, but did not play","On matchday squad, but did not play","On matchday squad, but did not play","On matchday squad, but did not play",Match Report,"On matchday squad, but did not play","On matchday squad, but did not play","On matchday squad, but did not play","On matchday squad, but did not play","On matchday squad, but did not play","On matchday squad, but did not play","On matchday squad, but did not play","On matchday squad, but did not play","On matchday squad, but did not play","On matchday squad, but did not play","On matchday squad, but did not play","On matchday squad, but did not play","On matchday squad, but did not play","On matchday squad, but did not play","On matchday squad, but did not play","On matchday squad, but did not play","On matchday squad, but did not play","On matchday squad, but did not play","On matchday squad, but did not play","On matchday squad, but did not play","On matchday squad, but did not play","On matchday squad, but did not play","On matchday squad, but did not play","On matchday squad, but did not play","On matchday squad, but did not play","On matchday squad, but did not play","On matchday squad, but did not play","On matchday squad, but did not play","On matchday squad, but did not play","On matchday squad, but did not play","On matchday squad, but did not play","On matchday squad, but did not play","On matchday squad, but did not play","On matchday squad, but did not play","On matchday squad, but did not play","On matchday squad, but did not play","On matchday squad, but did not play","On matchday squad, but did not play","On matchday squad, but did not play","On matchday squad, but did not play","On matchday squad, but did not play","On matchday squad, but did not play","On matchday squad, but did not play","On matchday squad, but did not play","On matchday squad, but did not play","On matchday squad, but did not play","On matchday squad, but did not play","On matchday squad, but did not play","On matchday squad, but did not play","On matchday squad, but did not play","On matchday squad, but did not play","On matchday squad, but did not play","On matchday squad, but did not play","On matchday squad, but did not play","On matchday squad, but did not play","On matchday squad, but did not play","On matchday squad, but did not play","On matchday squad, but did not play","On matchday squad, but did not play","On matchday squad, but did not play","On matchday squad, but did not play","On matchday squad, but did not play","On matchday squad, but did not play","On matchday squad, but did not play","On matchday squad, but did not play","On matchday squad, but did not play","On matchday squad, but did not play","On matchday squad, but did not play","On matchday squad, but did not play","On matchday squad, but did not play","On matchday squad, but did not play","On matchday squad, but did not play","On matchday squad, but did not play","On matchday squad, but did not play","On matchday squad, but did not play","On matchday squad, but did not play","On matchday squad, but did not play","On matchday squad, but did not play","On matchday squad, but did not play","On matchday squad, but did not play","On matchday squad, but did not play","On matchday squad, but did not play","On matchday squad, but did not play","On matchday squad, but did not play","On matchday squad, but did not play","On matchday squad, but did not play","On matchday squad, but did not play","On matchday squad, but did not play","On matchday squad, but did not play",Aston Villa,Tyrone-Mings,8397a50c
2025-03-08,Sat,Matchweek 28,Away,W 1–0,Aston Villa,Brentford,Y,CB,90,0,0,0,0,1,1,0,0,57,1,3,1,0.3,0.3,0.0,1,0,34,43,79.1,0,34,0,1,1,Match Report,34,43,79.1,628,137,16,17,94.1,16,19,84.2,2,7,28.6,0,0.0,0.0,0,3,0,0,0,43,41,2,1,0,0,1,0,0,0,0,0,34,0,0,1,0,0,0,0,1,0,0,0,0,0,0,0,0,57,14,38,12,8,1,57,1,1,100.0,0,0.0,34,182,87,0,2,0,0,0,30,0,1,0,1,0,0,1,1,100.0,0,1,1,0,3,4,6,0,Aston Villa,Tyrone-Mings,8397a50c
2025-04-02,Wed,Matchweek 30,Away,W 3–0,Aston Villa,Brighton,N,"On matchday squad, but did not play","On matchday squad, but did not play","On matchday squad, but did not play","On matchday squad, but did not play","On matchday squad, but did not play","On matchday squad, but did not play","On matchday squad, but did not play","On matchday squad, but did not play","On matchday squad, but did not play","On matchday squad, but did not play","On matchday squad, but did not play","On matchday squad, but did not play","On matchday squad, but did not play","On matchday squad, but did not play","On matchday squad, but did not play","On matchday squad, but did not play","On matchday squad, but did not play","On matchday squad, but did not play","On matchday squad, but did not play","On matchday squad, but did not play","On matchday squad, but did not play","On matchday squad, but did not play","On matchday squad, but did not play","On matchday squad, but did not play","On matchday squad, but did not play","On matchday squad, but did not play","On matchday squad, but did not play",Match Report,"On matchday squad, but did not play","On matchday squad, but did not play","On matchday squad, but did not play","On matchday squad, but did not play","On matchday squad, but did not play","On matchday squad, but did not play","On matchday squad, but did not play","On matchday squad, but did not play","On matchday squad, but did not play","On matchday squad, but did not play","On matchday squad, but did not play","On matchday squad, but did not play","On matchday squad, but did not play","On matchday squad, but did not play","On matchday squad, but did not play","On matchday squad, but did not play","On matchday squad, but did not play","On matchday squad, but did not play","On matchday squad, but did not play","On matchday squad, but did not play","On matchday squad, but did not play","On matchday squad, but did not play","On matchday squad, but did not play","On matchday squad, but did not play","On matchday squad, but did not play","On matchday squad, but did not play","On matchday squad, but did not play","On matchday squad, but did not play","On matchday squad, but did not play","On matchday squad, but did not play","On matchday squad, but did not play","On matchday squad, but did not play","On matchday squad, but did not play","On matchday squad, but did not play","On matchday squad, but did not play","On matchday squad, but did not play","On matchday squad, but did not play","On matchday squad, but did not play","On matchday squad, but did not play","On matchday squad, but did not play","On matchday squad, but did not play","On matchday squad, but did not play","On matchday squad, but did not play","On matchday squad, but did not play","On matchday squad, but did not play","On matchday squad, but did not play","On matchday squad, but did not play","On matchday squad, but did not play","On matchday squad, but did not play","On matchday squad, but did not play","On matchday squad, but did not play","On matchday squad, but did not play","On matchday squad, but did not play","On matchday squad, but did not play","On matchday squad, but did not play","On matchday squad, but did not play","On matchday squad, but did not play","On matchday squad, but did not play","On matchday squad, but did not play","On matchday squad, but did not play","On matchday squad, but did not play","On matchday squad, but did not play","On matchday squad, but did not play","On matchday squad, but did not play","On matchday squad, but did not play","On matchday squad, but did not play","On matchday squad, but did not play","On matchday squad, but did not play","On matchday squad, but did not play","On matchday squad, but did not play","On matchday squad, but did not play","On matchday squad, but did not play","On matchday squad, but did not play","On matchday squad, but did not play","On matchday squad, but did not play","On matchday squad, but did not play","On matchday squad, but did not play","On matchday squad, but did not play","On matchday squad, but did not play","On matchday squad, but did not play","On matchday squad, but did not play","On matchday squad, but did not play","On matchday squad, but did not play","On matchday squad, but did not play","On matchday squad, but did not play","On matchday squad, but did not play","On matchday squad, but did not play","On matchday squad, but did not play","On matchday squad, but did not play",Aston Villa,Tyrone-Mings,8397a50c
2025-04-05,Sat,Matchweek 31,Home,W 2–1,Aston Villa,Nott'ham Forest,Y,CB,90,0,0,0,0,1,0,0,0,65,0,0,1,0.1,0.1,0.0,1,0,53,58,91.4,6,35,2,0,0,Match Report,53,58,91.4,897,217,24,26,92.3,25,26,96.2,3,4,75.0,0,0.0,0.0,0,4,0,0,6,58,49,9,0,0,0,0,0,0,0,0,0,53,0,1,1,1,0,0,0,0,0,0,0,0,0,0,0,0,65,17,29,33,3,2,65,0,0,,0,,35,220,108,2,1,0,0,0,35,0,0,0,0,0,0,0,0,,0,1,1,0,0,0,4,0,Aston Villa,Tyrone-Mings,8397a50c
2025-04-12,Sat,Matchweek 32,Away,W 3–0,Aston Villa,Southampton,Y,CB,90,0,0,0,0,2,0,0,0,61,0,1,0,0.0,0.0,0.0,2,1,53,53,100.0,4,44,0,0,0,Match Report,53,53,100.0,959,291,18,18,100.0,33,33,100.0,2,2,100.0,0,0.0,0.0,1,6,0,0,4,53,50,3,1,0,0,0,0,0,0,0,0,53,0,0,2,2,0,0,0,0,0,1,1,0,0,0,0,0,61,9,20,38,3,1,61,0,0,,0,,44,272,194,0,0,0,0,0,44,0,0,0,0,0,0,0,0,,0,0,0,0,1,1,3,0,Aston Villa,Tyrone-Mings,8397a50c
2025-04-19,Sat,Matchweek 33,Home,W 4–1,Aston Villa,Newcastle Utd,Y,CB,90,0,0,0,0,1,0,0,0,42,0,1,0,0.0,0.0,0.0,0,0,27,33,81.8,0,21,1,0,0,Match Report,27,33,81.8,498,165,10,10,100.0,15,17,88.2,2,5,40.0,0,0.0,0.0,0,1,0,0,0,33,30,3,2,0,0,0,0,0,0,0,0,27,0,0,0,0,0,0,0,0,0,0,0,0,0,0,0,0,42,10,27,14,1,1,42,0,0,,0,,21,134,43,1,0,0,0,0,26,0,0,0,0,0,0,0,0,,0,0,0,0,1,1,7,0,Aston Villa,Tyrone-Mings,8397a50c
2025-05-03,Sat,Matchweek 35,Home,W 1–0,Aston Villa,Fulham,N,"On matchday squad, but did not play","On matchday squad, but did not play","On matchday squad, but did not play","On matchday squad, but did not play","On matchday squad, but did not play","On matchday squad, but did not play","On matchday squad, but did not play","On matchday squad, but did not play","On matchday squad, but did not play","On matchday squad, but did not play","On matchday squad, but did not play","On matchday squad, but did not play","On matchday squad, but did not play","On matchday squad, but did not play","On matchday squad, but did not play","On matchday squad, but did not play","On matchday squad, but did not play","On matchday squad, but did not play","On matchday squad, but did not play","On matchday squad, but did not play","On matchday squad, but did not play","On matchday squad, but did not play","On matchday squad, but did not play","On matchday squad, but did not play","On matchday squad, but did not play","On matchday squad, but did not play","On matchday squad, but did not play",Match Report,"On matchday squad, but did not play","On matchday squad, but did not play","On matchday squad, but did not play","On matchday squad, but did not play","On matchday squad, but did not play","On matchday squad, but did not play","On matchday squad, but did not play","On matchday squad, but did not play","On matchday squad, but did not play","On matchday squad, but did not play","On matchday squad, but did not play","On matchday squad, but did not play","On matchday squad, but did not play","On matchday squad, but did not play","On matchday squad, but did not play","On matchday squad, but did not play","On matchday squad, but did not play","On matchday squad, but did not play","On matchday squad, but did not play","On matchday squad, but did not play","On matchday squad, but did not play","On matchday squad, but did not play","On matchday squad, but did not play","On matchday squad, but did not play","On matchday squad, but did not play","On matchday squad, but did not play","On matchday squad, but did not play","On matchday squad, but did not play","On matchday squad, but did not play","On matchday squad, but did not play","On matchday squad, but did not play","On matchday squad, but did not play","On matchday squad, but did not play","On matchday squad, but did not play","On matchday squad, but did not play","On matchday squad, but did not play","On matchday squad, but did not play","On matchday squad, but did not play","On matchday squad, but did not play","On matchday squad, but did not play","On matchday squad, but did not play","On matchday squad, but did not play","On matchday squad, but did not play","On matchday squad, but did not play","On matchday squad, but did not play","On matchday squad, but did not play","On matchday squad, but did not play","On matchday squad, but did not play","On matchday squad, but did not play","On matchday squad, but did not play","On matchday squad, but did not play","On matchday squad, but did not play","On matchday squad, but did not play","On matchday squad, but did not play","On matchday squad, but did not play","On matchday squad, but did not play","On matchday squad, but did not play","On matchday squad, but did not play","On matchday squad, but did not play","On matchday squad, but did not play","On matchday squad, but did not play","On matchday squad, but did not play","On matchday squad, but did not play","On matchday squad, but did not play","On matchday squad, but did not play","On matchday squad, but did not play","On matchday squad, but did not play","On matchday squad, but did not play","On matchday squad, but did not play","On matchday squad, but did not play","On matchday squad, but did not play","On matchday squad, but did not play","On matchday squad, but did not play","On matchday squad, but did not play","On matchday squad, but did not play","On matchday squad, but did not play","On matchday squad, but did not play","On matchday squad, but did not play","On matchday squad, but did not play","On matchday squad, but did not play","On matchday squad, but did not play","On matchday squad, but did not play","On matchday squad, but did not play","On matchday squad, but did not play","On matchday squad, but did not play","On matchday squad, but did not play","On matchday squad, but did not play","On matchday squad, but did not play","On matchday squad, but did not play",Aston Villa,Tyrone-Mings,8397a50c
2025-05-10,Sat,Matchweek 36,Away,W 1–0,Aston Villa,Bournemouth,Y,CB,69,0,0,0,0,0,0,0,0,27,1,0,0,0.0,0.0,0.0,1,0,15,20,75.0,1,12,1,1,0,Match Report,15,20,75.0,237,45,7,11,63.6,8,8,100.0,0,1,0.0,0,0.0,0.0,0,1,0,0,1,20,15,5,2,0,0,0,0,0,0,0,0,15,0,1,1,1,0,0,0,0,0,0,0,0,0,0,0,0,27,7,17,6,4,2,27,1,0,0.0,1,100.0,12,65,32,1,1,1,0,0,9,1,1,1,1,0,0,0,0,,0,0,0,0,0,1,3,0,Aston Villa,Tyrone-Mings,8397a50c
2025-05-16,Fri,Matchweek 37,Home,W 2–0,Aston Villa,Tottenham,N,"On matchday squad, but did not play","On matchday squad, but did not play","On matchday squad, but did not play","On matchday squad, but did not play","On matchday squad, but did not play","On matchday squad, but did not play","On matchday squad, but did not play","On matchday squad, but did not play","On matchday squad, but did not play","On matchday squad, but did not play","On matchday squad, but did not play","On matchday squad, but did not play","On matchday squad, but did not play","On matchday squad, but did not play","On matchday squad, but did not play","On matchday squad, but did not play","On matchday squad, but did not play","On matchday squad, but did not play","On matchday squad, but did not play","On matchday squad, but did not play","On matchday squad, but did not play","On matchday squad, but did not play","On matchday squad, but did not play","On matchday squad, but did not play","On matchday squad, but did not play","On matchday squad, but did not play","On matchday squad, but did not play",Match Report,"On matchday squad, but did not play","On matchday squad, but did not play","On matchday squad, but did not play","On matchday squad, but did not play","On matchday squad, but did not play","On matchday squad, but did not play","On matchday squad, but did not play","On matchday squad, but did not play","On matchday squad, but did not play","On matchday squad, but did not play","On matchday squad, but did not play","On matchday squad, but did not play","On matchday squad, but did not play","On matchday squad, but did not play","On matchday squad, but did not play","On matchday squad, but did not play","On matchday squad, but did not play","On matchday squad, but did not play","On matchday squad, but did not play","On matchday squad, but did not play","On matchday squad, but did not play","On matchday squad, but did not play","On matchday squad, but did not play","On matchday squad, but did not play","On matchday squad, but did not play","On matchday squad, but did not play","On matchday squad, but did not play","On matchday squad, but did not play","On matchday squad, but did not play","On matchday squad, but did not play","On matchday squad, but did not play","On matchday squad, but did not play","On matchday squad, but did not play","On matchday squad, but did not play","On matchday squad, but did not play","On matchday squad, but did not play","On matchday squad, but did not play","On matchday squad, but did not play","On matchday squad, but did not play","On matchday squad, but did not play","On matchday squad, but did not play","On matchday squad, but did not play","On matchday squad, but did not play","On matchday squad, but did not play","On matchday squad, but did not play","On matchday squad, but did not play","On matchday squad, but did not play","On matchday squad, but did not play","On matchday squad, but did not play","On matchday squad, but did not play","On matchday squad, but did not play","On matchday squad, but did not play","On matchday squad, but did not play","On matchday squad, but did not play","On matchday squad, but did not play","On matchday squad, but did not play","On matchday squad, but did not play","On matchday squad, but did not play","On matchday squad, but did not play","On matchday squad, but did not play","On matchday squad, but did not play","On matchday squad, but did not play","On matchday squad, but did not play","On matchday squad, but did not play","On matchday squad, but did not play","On matchday squad, but did not play","On matchday squad, but did not play","On matchday squad, but did not play","On matchday squad, but did not play","On matchday squad, but did not play","On matchday squad, but did not play","On matchday squad, but did not play","On matchday squad, but did not play","On matchday squad, but did not play","On matchday squad, but did not play","On matchday squad, but did not play","On matchday squad, but did not play","On matchday squad, but did not play","On matchday squad, but did not play","On matchday squad, but did not play","On matchday squad, but did not play","On matchday squad, but did not play","On matchday squad, but did not play","On matchday squad, but did not play","On matchday squad, but did not play","On matchday squad, but did not play","On matchday squad, but did not play","On matchday squad, but did not play","On matchday squad, but did not play",Aston Villa,Tyrone-Mings,8397a50c
2025-05-25,Sun,Matchweek 38,Away,L 0–2,Aston Villa,Manchester Utd,N,"On matchday squad, but did not play","On matchday squad, but did not play","On matchday squad, but did not play","On matchday squad, but did not play","On matchday squad, but did not play","On matchday squad, but did not play","On matchday squad, but did not play","On matchday squad, but did not play","On matchday squad, but did not play","On matchday squad, but did not play","On matchday squad, but did not play","On matchday squad, but did not play","On matchday squad, but did not play","On matchday squad, but did not play","On matchday squad, but did not play","On matchday squad, but did not play","On matchday squad, but did not play","On matchday squad, but did not play","On matchday squad, but did not play","On matchday squad, but did not play","On matchday squad, but did not play","On matchday squad, but did not play","On matchday squad, but did not play","On matchday squad, but did not play","On matchday squad, but did not play","On matchday squad, but did not play","On matchday squad, but did not play",Match Report,"On matchday squad, but did not play","On matchday squad, but did not play","On matchday squad, but did not play","On matchday squad, but did not play","On matchday squad, but did not play","On matchday squad, but did not play","On matchday squad, but did not play","On matchday squad, but did not play","On matchday squad, but did not play","On matchday squad, but did not play","On matchday squad, but did not play","On matchday squad, but did not play","On matchday squad, but did not play","On matchday squad, but did not play","On matchday squad, but did not play","On matchday squad, but did not play","On matchday squad, but did not play","On matchday squad, but did not play","On matchday squad, but did not play","On matchday squad, but did not play","On matchday squad, but did not play","On matchday squad, but did not play","On matchday squad, but did not play","On matchday squad, but did not play","On matchday squad, but did not play","On matchday squad, but did not play","On matchday squad, but did not play","On matchday squad, but did not play","On matchday squad, but did not play","On matchday squad, but did not play","On matchday squad, but did not play","On matchday squad, but did not play","On matchday squad, but did not play","On matchday squad, but did not play","On matchday squad, but did not play","On matchday squad, but did not play","On matchday squad, but did not play","On matchday squad, but did not play","On matchday squad, but did not play","On matchday squad, but did not play","On matchday squad, but did not play","On matchday squad, but did not play","On matchday squad, but did not play","On matchday squad, but did not play","On matchday squad, but did not play","On matchday squad, but did not play","On matchday squad, but did not play","On matchday squad, but did not play","On matchday squad, but did not play","On matchday squad, but did not play","On matchday squad, but did not play","On matchday squad, but did not play","On matchday squad, but did not play","On matchday squad, but did not play","On matchday squad, but did not play","On matchday squad, but did not play","On matchday squad, but did not play","On matchday squad, but did not play","On matchday squad, but did not play","On matchday squad, but did not play","On matchday squad, but did not play","On matchday squad, but did not play","On matchday squad, but did not play","On matchday squad, but did not play","On matchday squad, but did not play","On matchday squad, but did not play","On matchday squad, but did not play","On matchday squad, but did not play","On matchday squad, but did not play","On matchday squad, but did not play","On matchday squad, but did not play","On matchday squad, but did not play","On matchday squad, but did not play","On matchday squad, but did not play","On matchday squad, but did not play","On matchday squad, but did not play","On matchday squad, but did not play","On matchday squad, but did not play","On matchday squad, but did not play","On matchday squad, but did not play","On matchday squad, but did not play","On matchday squad, but did not play","On matchday squad, but did not play","On matchday squad, but did not play","On matchday squad, but did not play","On matchday squad, but did not play","On matchday squad, but did not play","On matchday squad, but did not play","On matchday squad, but did not play",Aston Villa,Tyrone-Mings,8397a50c
2024-08-17,Sat,Matchweek 1,Away,W 2–1,Aston Villa,West Ham,N,LB,17,0,0,0,0,0,0,0,0,13,3,0,0,0.0,0.0,0.1,2,1,7,9,77.8,2,5,1,0,0,Match Report,7,9,77.8,150,55,1,2,50.0,5,5,100.0,1,1,100.0,0,0.1,0.0,1,0,2,0,2,9,7,2,0,0,0,0,2,0,0,0,0,7,0,2,2,2,0,0,0,0,0,1,1,0,0,0,0,0,13,0,5,6,2,0,13,0,0,,0,,5,46,35,1,1,0,0,0,5,1,3,2,1,2,0,1,1,100.0,0,0,0,0,0,3,0,0,Aston Villa,Ian-Maatsen,cab9634e
2024-08-24,Sat,Matchweek 2,Home,L 0–2,Aston Villa,Arsenal,N,LB,15,0,0,0,0,0,0,0,0,13,0,0,0,0.0,0.0,0.1,2,0,10,11,90.9,1,9,1,1,1,Match Report,10,11,90.9,121,50,5,6,83.3,4,4,100.0,0,0,,0,0.1,0.1,1,0,2,1,1,11,10,1,0,0,0,1,1,0,0,0,0,10,0,0,2,2,0,0,0,0,0,0,0,0,0,0,0,0,13,0,3,4,6,0,13,1,1,100.0,0,0.0,9,36,14,1,1,0,1,1,9,1,0,0,0,0,0,0,0,,0,0,0,0,0,0,0,0,Aston Villa,Ian-Maatsen,cab9634e
2024-08-31,Sat,Matchweek 3,Away,W 2–1,Aston Villa,Leicester City,N,LM,12,0,0,0,0,1,0,0,0,2,2,0,0,0.0,0.0,0.0,1,0,0,1,0.0,0,1,0,0,0,Match Report,0,1,0.0,0,0,0,0,,0,1,0.0,0,0,,0,0.0,0.0,0,0,0,0,0,1,0,1,0,0,0,0,1,0,0,0,0,0,0,0,1,0,0,0,0,0,1,0,0,0,0,0,0,0,2,0,0,1,1,0,2,0,0,,0,,1,4,4,0,0,0,0,0,0,0,2,1,0,2,0,0,0,,0,0,0,0,0,2,0,0,Aston Villa,Ian-Maatsen,cab9634e
2024-09-14,Sat,Matchweek 4,Home,W 3–2,Aston Villa,Everton,N,LB,22,0,0,0,0,0,0,0,0,28,0,0,1,0.0,0.0,0.6,3,0,20,24,83.3,1,13,0,1,0,Match Report,20,24,83.3,288,91,9,11,81.8,8,8,100.0,1,2,50.0,0,0.6,0.4,3,0,0,0,1,24,17,7,2,0,0,1,5,0,0,0,0,20,0,1,3,2,1,0,0,0,0,0,0,0,0,0,0,0,28,1,8,11,10,2,28,1,0,0.0,1,100.0,13,46,20,0,0,0,2,0,13,3,0,0,0,0,0,0,1,0.0,1,1,0,1,0,0,0,1,Aston Villa,Ian-Maatsen,cab9634e
2024-09-21,Sat,Matchweek 5,Home,W 3–1,Aston Villa,Wolves,N,LB,45,0,0,0,0,0,0,0,0,27,0,0,0,0.0,0.0,0.0,2,2,18,23,78.3,3,11,0,1,0,Match Report,18,23,78.3,340,83,7,8,87.5,9,10,90.0,2,3,66.7,0,0.0,0.0,0,2,2,0,3,23,17,6,1,0,0,3,5,0,0,0,0,18,0,2,2,2,0,0,0,0,0,2,2,0,0,0,0,0,27,1,6,9,12,2,27,1,0,0.0,1,100.0,11,35,5,0,0,1,0,2,13,3,0,0,0,0,0,0,0,,0,0,0,0,0,0,2,0,Aston Villa,Ian-Maatsen,cab9634e
2024-09-29,Sun,Matchweek 6,Away,D 2–2,Aston Villa,Ipswich Town,N,LB,7,0,0,0,0,0,0,0,0,10,0,0,0,0.0,0.0,0.0,1,0,7,9,77.8,1,7,0,0,0,Match Report,7,9,77.8,77,30,5,7,71.4,2,2,100.0,0,0,,0,0.0,0.0,0,0,0,0,1,9,8,1,0,0,0,0,1,0,0,0,0,7,0,0,1,1,0,0,0,0,0,0,0,0,0,0,0,0,10,0,1,3,6,0,10,0,0,,0,,7,22,13,0,1,0,0,0,7,1,0,0,0,0,0,0,0,,0,0,0,0,0,0,1,0,Aston Villa,Ian-Maatsen,cab9634e
2024-10-06,Sun,Matchweek 7,Home,D 0–0,Aston Villa,Manchester Utd,N,LB,6,0,0,0,0,0,0,0,0,8,0,0,0,0.0,0.0,0.1,1,0,7,7,100.0,0,2,1,0,0,Match Report,7,7,100.0,128,73,4,4,100.0,1,1,100.0,2,2,100.0,0,0.1,0.1,1,1,0,0,0,7,4,3,1,0,0,1,1,1,1,0,0,7,0,0,1,1,0,0,0,0,0,0,0,0,0,0,0,0,8,0,1,2,5,1,8,0,0,,0,,2,13,8,1,0,0,0,0,3,1,0,0,0,0,0,0,0,,0,0,0,0,0,0,0,0,Aston Villa,Ian-Maatsen,cab9634e
2024-10-19,Sat,Matchweek 8,Away,W 3–1,Aston Villa,Fulham,N,"On matchday squad, but did not play","On matchday squad, but did not play","On matchday squad, but did not play","On matchday squad, but did not play","On matchday squad, but did not play","On matchday squad, but did not play","On matchday squad, but did not play","On matchday squad, but did not play","On matchday squad, but did not play","On matchday squad, but did not play","On matchday squad, but did not play","On matchday squad, but did not play","On matchday squad, but did not play","On matchday squad, but did not play","On matchday squad, but did not play","On matchday squad, but did not play","On matchday squad, but did not play","On matchday squad, but did not play","On matchday squad, but did not play","On matchday squad, but did not play","On matchday squad, but did not play","On matchday squad, but did not play","On matchday squad, but did not play","On matchday squad, but did not play","On matchday squad, but did not play","On matchday squad, but did not play","On matchday squad, but did not play",Match Report,"On matchday squad, but did not play","On matchday squad, but did not play","On matchday squad, but did not play","On matchday squad, but did not play","On matchday squad, but did not play","On matchday squad, but did not play","On matchday squad, but did not play","On matchday squad, but did not play","On matchday squad, but did not play","On matchday squad, but did not play","On matchday squad, but did not play","On matchday squad, but did not play","On matchday squad, but did not play","On matchday squad, but did not play","On matchday squad, but did not play","On matchday squad, but did not play","On matchday squad, but did not play","On matchday squad, but did not play","On matchday squad, but did not play","On matchday squad, but did not play","On matchday squad, but did not play","On matchday squad, but did not play","On matchday squad, but did not play","On matchday squad, but did not play","On matchday squad, but did not play","On matchday squad, but did not play","On matchday squad, but did not play","On matchday squad, but did not play","On matchday squad, but did not play","On matchday squad, but did not play","On matchday squad, but did not play","On matchday squad, but did not play","On matchday squad, but did not play","On matchday squad, but did not play","On matchday squad, but did not play","On matchday squad, but did not play","On matchday squad, but did not play","On matchday squad, but did not play","On matchday squad, but did not play","On matchday squad, but did not play","On matchday squad, but did not play","On matchday squad, but did not play","On matchday squad, but did not play","On matchday squad, but did not play","On matchday squad, but did not play","On matchday squad, but did not play","On matchday squad, but did not play","On matchday squad, but did not play","On matchday squad, but did not play","On matchday squad, but did not play","On matchday squad, but did not play","On matchday squad, but did not play","On matchday squad, but did not play","On matchday squad, but did not play","On matchday squad, but did not play","On matchday squad, but did not play","On matchday squad, but did not play","On matchday squad, but did not play","On matchday squad, but did not play","On matchday squad, but did not play","On matchday squad, but did not play","On matchday squad, but did not play","On matchday squad, but did not play","On matchday squad, but did not play","On matchday squad, but did not play","On matchday squad, but did not play","On matchday squad, but did not play","On matchday squad, but did not play","On matchday squad, but did not play","On matchday squad, but did not play","On matchday squad, but did not play","On matchday squad, but did not play","On matchday squad, but did not play","On matchday squad, but did not play","On matchday squad, but did not play","On matchday squad, but did not play","On matchday squad, but did not play","On matchday squad, but did not play","On matchday squad, but did not play","On matchday squad, but did not play","On matchday squad, but did not play","On matchday squad, but did not play","On matchday squad, but did not play","On matchday squad, but did not play","On matchday squad, but did not play","On matchday squad, but did not play","On matchday squad, but did not play","On matchday squad, but did not play","On matchday squad, but did not play",Aston Villa,Ian-Maatsen,cab9634e
2024-10-26,Sat,Matchweek 9,Home,D 1–1,Aston Villa,Bournemouth,N,LB,20,0,0,0,0,0,0,0,0,11,0,0,0,0.0,0.0,0.0,1,1,6,7,85.7,0,5,0,2,0,Match Report,6,7,85.7,126,63,2,2,100.0,3,3,100.0,1,1,100.0,0,0.0,0.0,0,0,0,0,0,7,6,1,0,0,0,1,1,0,0,0,0,6,0,0,1,1,0,0,0,0,0,1,1,0,0,0,0,0,11,2,3,7,1,1,11,2,0,0.0,2,100.0,5,7,1,0,0,0,0,0,6,2,0,0,0,0,0,0,0,,0,0,0,0,0,0,2,0,Aston Villa,Ian-Maatsen,cab9634e
2024-11-03,Sun,Matchweek 10,Away,L 1–4,Aston Villa,Tottenham,N,"On matchday squad, but did not play","On matchday squad, but did not play","On matchday squad, but did not play","On matchday squad, but did not play","On matchday squad, but did not play","On matchday squad, but did not play","On matchday squad, but did not play","On matchday squad, but did not play","On matchday squad, but did not play","On matchday squad, but did not play","On matchday squad, but did not play","On matchday squad, but did not play","On matchday squad, but did not play","On matchday squad, but did not play","On matchday squad, but did not play","On matchday squad, but did not play","On matchday squad, but did not play","On matchday squad, but did not play","On matchday squad, but did not play","On matchday squad, but did not play","On matchday squad, but did not play","On matchday squad, but did not play","On matchday squad, but did not play","On matchday squad, but did not play","On matchday squad, but did not play","On matchday squad, but did not play","On matchday squad, but did not play",Match Report,"On matchday squad, but did not play","On matchday squad, but did not play","On matchday squad, but did not play","On matchday squad, but did not play","On matchday squad, but did not play","On matchday squad, but did not play","On matchday squad, but did not play","On matchday squad, but did not play","On matchday squad, but did not play","On matchday squad, but did not play","On matchday squad, but did not play","On matchday squad, but did not play","On matchday squad, but did not play","On matchday squad, but did not play","On matchday squad, but did not play","On matchday squad, but did not play","On matchday squad, but did not play","On matchday squad, but did not play","On matchday squad, but did not play","On matchday squad, but did not play","On matchday squad, but did not play","On matchday squad, but did not play","On matchday squad, but did not play","On matchday squad, but did not play","On matchday squad, but did not play","On matchday squad, but did not play","On matchday squad, but did not play","On matchday squad, but did not play","On matchday squad, but did not play","On matchday squad, but did not play","On matchday squad, but did not play","On matchday squad, but did not play","On matchday squad, but did not play","On matchday squad, but did not play","On matchday squad, but did not play","On matchday squad, but did not play","On matchday squad, but did not play","On matchday squad, but did not play","On matchday squad, but did not play","On matchday squad, but did not play","On matchday squad, but did not play","On matchday squad, but did not play","On matchday squad, but did not play","On matchday squad, but did not play","On matchday squad, but did not play","On matchday squad, but did not play","On matchday squad, but did not play","On matchday squad, but did not play","On matchday squad, but did not play","On matchday squad, but did not play","On matchday squad, but did not play","On matchday squad, but did not play","On matchday squad, but did not play","On matchday squad, but did not play","On matchday squad, but did not play","On matchday squad, but did not play","On matchday squad, but did not play","On matchday squad, but did not play","On matchday squad, but did not play","On matchday squad, but did not play","On matchday squad, but did not play","On matchday squad, but did not play","On matchday squad, but did not play","On matchday squad, but did not play","On matchday squad, but did not play","On matchday squad, but did not play","On matchday squad, but did not play","On matchday squad, but did not play","On matchday squad, but did not play","On matchday squad, but did not play","On matchday squad, but did not play","On matchday squad, but did not play","On matchday squad, but did not play","On matchday squad, but did not play","On matchday squad, but did not play","On matchday squad, but did not play","On matchday squad, but did not play","On matchday squad, but did not play","On matchday squad, but did not play","On matchday squad, but did not play","On matchday squad, but did not play","On matchday squad, but did not play","On matchday squad, but did not play","On matchday squad, but did not play","On matchday squad, but did not play","On matchday squad, but did not play","On matchday squad, but did not play","On matchday squad, but did not play","On matchday squad, but did not play",Aston Villa,Ian-Maatsen,cab9634e
2024-11-09,Sat,Matchweek 11,Away,L 0–2,Aston Villa,Liverpool,N,LB,17,0,0,0,0,0,0,0,0,23,1,0,0,0.0,0.0,0.0,3,0,16,21,76.2,1,10,2,1,1,Match Report,16,21,76.2,250,95,9,10,90.0,6,7,85.7,1,2,50.0,0,0.0,0.0,1,1,0,0,1,21,15,6,0,0,0,3,3,3,1,0,0,16,0,1,3,1,1,1,0,0,0,0,0,0,0,0,0,0,23,1,4,12,8,1,23,1,1,100.0,0,0.0,10,118,84,2,1,1,1,0,12,3,1,1,1,0,0,1,2,50.0,1,0,0,0,0,1,0,0,Aston Villa,Ian-Maatsen,cab9634e
2024-11-23,Sat,Matchweek 12,Home,D 2–2,Aston Villa,Crystal Palace,Y,LB,68,0,0,0,0,2,1,1,0,57,0,1,1,0.1,0.1,0.1,4,0,44,51,86.3,3,30,1,1,1,Match Report,44,51,86.3,750,131,24,27,88.9,17,20,85.0,2,2,100.0,0,0.1,0.0,1,0,1,0,3,51,47,4,1,0,0,4,3,0,0,0,0,44,0,0,4,2,0,0,2,0,0,0,0,0,0,0,0,0,57,2,9,22,26,5,57,1,1,100.0,0,0.0,30,169,70,1,0,1,3,1,40,7,0,0,0,0,0,0,0,,0,1,0,1,1,1,0,0,Aston Villa,Ian-Maatsen,cab9634e
2024-12-01,Sun,Matchweek 13,Away,L 0–3,Aston Villa,Chelsea,N,"On matchday squad, but did not play","On matchday squad, but did not play","On matchday squad, but did not play","On matchday squad, but did not play","On matchday squad, but did not play","On matchday squad, but did not play","On matchday squad, but did not play","On matchday squad, but did not play","On matchday squad, but did not play","On matchday squad, but did not play","On matchday squad, but did not play","On matchday squad, but did not play","On matchday squad, but did not play","On matchday squad, but did not play","On matchday squad, but did not play","On matchday squad, but did not play","On matchday squad, but did not play","On matchday squad, but did not play","On matchday squad, but did not play","On matchday squad, but did not play","On matchday squad, but did not play","On matchday squad, but did not play","On matchday squad, but did not play","On matchday squad, but did not play","On matchday squad, but did not play","On matchday squad, but did not play","On matchday squad, but did not play",Match Report,"On matchday squad, but did not play","On matchday squad, but did not play","On matchday squad, but did not play","On matchday squad, but did not play","On matchday squad, but did not play","On matchday squad, but did not play","On matchday squad, but did not play","On matchday squad, but did not play","On matchday squad, but did not play","On matchday squad, but did not play","On matchday squad, but did not play","On matchday squad, but did not play","On matchday squad, but did not play","On matchday squad, but did not play","On matchday squad, but did not play","On matchday squad, but did not play","On matchday squad, but did not play","On matchday squad, but did not play","On matchday squad, but did not play","On matchday squad, but did not play","On matchday squad, but did not play","On matchday squad, but did not play","On matchday squad, but did not play","On matchday squad, but did not play","On matchday squad, but did not play","On matchday squad, but did not play","On matchday squad, but did not play","On matchday squad, but did not play","On matchday squad, but did not play","On matchday squad, but did not play","On matchday squad, but did not play","On matchday squad, but did not play","On matchday squad, but did not play","On matchday squad, but did not play","On matchday squad, but did not play","On matchday squad, but did not play","On matchday squad, but did not play","On matchday squad, but did not play","On matchday squad, but did not play","On matchday squad, but did not play","On matchday squad, but did not play","On matchday squad, but did not play","On matchday squad, but did not play","On matchday squad, but did not play","On matchday squad, but did not play","On matchday squad, but did not play","On matchday squad, but did not play","On matchday squad, but did not play","On matchday squad, but did not play","On matchday squad, but did not play","On matchday squad, but did not play","On matchday squad, but did not play","On matchday squad, but did not play","On matchday squad, but did not play","On matchday squad, but did not play","On matchday squad, but did not play","On matchday squad, but did not play","On matchday squad, but did not play","On matchday squad, but did not play","On matchday squad, but did not play","On matchday squad, but did not play","On matchday squad, but did not play","On matchday squad, but did not play","On matchday squad, but did not play","On matchday squad, but did not play","On matchday squad, but did not play","On matchday squad, but did not play","On matchday squad, but did not play","On matchday squad, but did not play","On matchday squad, but did not play","On matchday squad, but did not play","On matchday squad, but did not play","On matchday squad, but did not play","On matchday squad, but did not play","On matchday squad, but did not play","On matchday squad, but did not play","On matchday squad, but did not play","On matchday squad, but did not play","On matchday squad, but did not play","On matchday squad, but did not play","On matchday squad, but did not play","On matchday squad, but did not play","On matchday squad, but did not play","On matchday squad, but did not play","On matchday squad, but did not play","On matchday squad, but did not play","On matchday squad, but did not play","On matchday squad, but did not play","On matchday squad, but did not play",Aston Villa,Ian-Maatsen,cab9634e
2024-12-04,Wed,Matchweek 14,Home,W 3–1,Aston Villa,Brentford,N,LW,3,0,0,0,0,0,0,0,0,4,0,0,0,0.0,0.0,0.0,1,0,3,3,100.0,0,2,0,0,0,Match Report,3,3,100.0,31,1,3,3,100.0,0,0,,0,0,,0,0.0,0.0,0,0,0,0,0,3,3,0,0,0,0,0,0,0,0,0,0,3,0,0,1,1,0,0,0,0,0,0,0,0,0,0,0,0,4,1,2,1,1,1,4,0,0,,0,,2,19,0,0,0,0,0,0,3,0,0,0,0,0,0,0,0,,0,0,0,0,0,0,1,0,Aston Villa,Ian-Maatsen,cab9634e
2024-12-07,Sat,Matchweek 15,Home,W 1–0,Aston Villa,Southampton,Y,LB,57,0,0,0,0,1,0,0,0,40,5,2,0,0.0,0.0,0.1,1,0,25,32,78.1,3,25,2,1,0,Match Report,25,32,78.1,370,78,13,16,81.3,12,14,85.7,0,1,0.0,0,0.1,0.1,1,3,0,0,3,32,29,3,1,0,0,2,2,0,0,0,0,25,0,3,1,1,0,0,0,0,0,0,0,0,0,0,0,0,40,4,18,15,8,2,40,1,0,0.0,1,100.0,25,161,97,2,0,1,1,2,24,2,5,3,3,1,1,2,2,100.0,0,0,0,0,2,7,1,0,Aston Villa,Ian-Maatsen,cab9634e
2024-12-14,Sat,Matchweek 16,Away,L 1–2,Aston Villa,Nott'ham Forest,N,LB,1,0,0,0,0,0,0,0,0,8,0,0,0,0.0,0.0,0.0,0,0,3,7,42.9,1,6,0,0,0,Match Report,3,7,42.9,47,16,1,1,100.0,2,5,40.0,0,1,0.0,0,0.0,0.0,0,0,0,0,1,7,5,2,0,0,0,1,2,0,0,0,0,3,0,0,0,0,0,0,0,0,0,0,0,0,0,0,0,0,8,0,0,3,5,0,8,0,0,,0,,6,11,4,0,0,0,1,0,6,2,0,0,0,0,0,0,0,,0,0,0,0,0,0,0,0,Aston Villa,Ian-Maatsen,cab9634e
2024-12-21,Sat,Matchweek 17,Home,W 2–1,Aston Villa,Manchester City,N,"On matchday squad, but did not play","On matchday squad, but did not play","On matchday squad, but did not play","On matchday squad, but did not play","On matchday squad, but did not play","On matchday squad, but did not play","On matchday squad, but did not play","On matchday squad, but did not play","On matchday squad, but did not play","On matchday squad, but did not play","On matchday squad, but did not play","On matchday squad, but did not play","On matchday squad, but did not play","On matchday squad, but did not play","On matchday squad, but did not play","On matchday squad, but did not play","On matchday squad, but did not play","On matchday squad, but did not play","On matchday squad, but did not play","On matchday squad, but did not play","On matchday squad, but did not play","On matchday squad, but did not play","On matchday squad, but did not play","On matchday squad, but did not play","On matchday squad, but did not play","On matchday squad, but did not play","On matchday squad, but did not play",Match Report,"On matchday squad, but did not play","On matchday squad, but did not play","On matchday squad, but did not play","On matchday squad, but did not play","On matchday squad, but did not play","On matchday squad, but did not play","On matchday squad, but did not play","On matchday squad, but did not play","On matchday squad, but did not play","On matchday squad, but did not play","On matchday squad, but did not play","On matchday squad, but did not play","On matchday squad, but did not play","On matchday squad, but did not play","On matchday squad, but did not play","On matchday squad, but did not play","On matchday squad, but did not play","On matchday squad, but did not play","On matchday squad, but did not play","On matchday squad, but did not play","On matchday squad, but did not play","On matchday squad, but did not play","On matchday squad, but did not play","On matchday squad, but did not play","On matchday squad, but did not play","On matchday squad, but did not play","On matchday squad, but did not play","On matchday squad, but did not play","On matchday squad, but did not play","On matchday squad, but did not play","On matchday squad, but did not play","On matchday squad, but did not play","On matchday squad, but did not play","On matchday squad, but did not play","On matchday squad, but did not play","On matchday squad, but did not play","On matchday squad, but did not play","On matchday squad, but did not play","On matchday squad, but did not play","On matchday squad, but did not play","On matchday squad, but did not play","On matchday squad, but did not play","On matchday squad, but did not play","On matchday squad, but did not play","On matchday squad, but did not play","On matchday squad, but did not play","On matchday squad, but did not play","On matchday squad, but did not play","On matchday squad, but did not play","On matchday squad, but did not play","On matchday squad, but did not play","On matchday squad, but did not play","On matchday squad, but did not play","On matchday squad, but did not play","On matchday squad, but did not play","On matchday squad, but did not play","On matchday squad, but did not play","On matchday squad, but did not play","On matchday squad, but did not play","On matchday squad, but did not play","On matchday squad, but did not play","On matchday squad, but did not play","On matchday squad, but did not play","On matchday squad, but did not play","On matchday squad, but did not play","On matchday squad, but did not play","On matchday squad, but did not play","On matchday squad, but did not play","On matchday squad, but did not play","On matchday squad, but did not play","On matchday squad, but did not play","On matchday squad, but did not play","On matchday squad, but did not play","On matchday squad, but did not play","On matchday squad, but did not play","On matchday squad, but did not play","On matchday squad, but did not play","On matchday squad, but did not play","On matchday squad, but did not play","On matchday squad, but did not play","On matchday squad, but did not play","On matchday squad, but did not play","On matchday squad, but did not play","On matchday squad, but did not play","On matchday squad, but did not play","On matchday squad, but did not play","On matchday squad, but did not play","On matchday squad, but did not play","On matchday squad, but did not play",Aston Villa,Ian-Maatsen,cab9634e
2024-12-30,Mon,Matchweek 19,Home,D 2–2,Aston Villa,Brighton,N,LB,8,0,0,0,0,0,0,0,0,7,0,0,0,0.0,0.0,0.0,0,0,3,7,42.9,0,4,0,1,1,Match Report,3,7,42.9,69,5,1,2,50.0,1,4,25.0,1,1,100.0,0,0.0,0.0,0,0,0,0,0,7,6,1,0,0,0,1,1,0,0,0,0,3,0,0,0,0,0,0,0,0,0,0,0,0,0,0,0,0,7,0,1,3,3,1,7,1,1,100.0,0,0.0,4,34,16,0,0,0,0,0,4,1,0,0,0,0,0,0,0,,0,0,0,0,0,0,0,0,Aston Villa,Ian-Maatsen,cab9634e
2025-01-04,Sat,Matchweek 20,Home,W 2–1,Aston Villa,Leicester City,N,LB,15,0,1,0,0,0,0,0,0,23,0,1,0,0.0,0.0,0.2,1,1,18,21,85.7,0,12,0,0,0,Match Report,18,21,85.7,300,128,11,12,91.7,6,7,85.7,1,1,100.0,1,0.2,0.4,1,1,0,0,0,21,19,2,0,0,0,0,2,0,0,0,0,18,0,1,1,1,0,0,0,0,0,1,1,0,0,0,0,0,23,1,5,13,5,1,23,0,0,,0,,12,55,11,0,0,0,0,1,17,1,0,0,0,0,0,0,0,,0,0,0,0,1,1,1,0,Aston Villa,Ian-Maatsen,cab9634e
2025-01-15,Wed,Matchweek 21,Away,W 1–0,Aston Villa,Everton,N,"On matchday squad, but did not play","On matchday squad, but did not play","On matchday squad, but did not play","On matchday squad, but did not play","On matchday squad, but did not play","On matchday squad, but did not play","On matchday squad, but did not play","On matchday squad, but did not play","On matchday squad, but did not play","On matchday squad, but did not play","On matchday squad, but did not play","On matchday squad, but did not play","On matchday squad, but did not play","On matchday squad, but did not play","On matchday squad, but did not play","On matchday squad, but did not play","On matchday squad, but did not play","On matchday squad, but did not play","On matchday squad, but did not play","On matchday squad, but did not play","On matchday squad, but did not play","On matchday squad, but did not play","On matchday squad, but did not play","On matchday squad, but did not play","On matchday squad, but did not play","On matchday squad, but did not play","On matchday squad, but did not play",Match Report,"On matchday squad, but did not play","On matchday squad, but did not play","On matchday squad, but did not play","On matchday squad, but did not play","On matchday squad, but did not play","On matchday squad, but did not play","On matchday squad, but did not play","On matchday squad, but did not play","On matchday squad, but did not play","On matchday squad, but did not play","On matchday squad, but did not play","On matchday squad, but did not play","On matchday squad, but did not play","On matchday squad, but did not play","On matchday squad, but did not play","On matchday squad, but did not play","On matchday squad, but did not play","On matchday squad, but did not play","On matchday squad, but did not play","On matchday squad, but did not play","On matchday squad, but did not play","On matchday squad, but did not play","On matchday squad, but did not play","On matchday squad, but did not play","On matchday squad, but did not play","On matchday squad, but did not play","On matchday squad, but did not play","On matchday squad, but did not play","On matchday squad, but did not play","On matchday squad, but did not play","On matchday squad, but did not play","On matchday squad, but did not play","On matchday squad, but did not play","On matchday squad, but did not play","On matchday squad, but did not play","On matchday squad, but did not play","On matchday squad, but did not play","On matchday squad, but did not play","On matchday squad, but did not play","On matchday squad, but did not play","On matchday squad, but did not play","On matchday squad, but did not play","On matchday squad, but did not play","On matchday squad, but did not play","On matchday squad, but did not play","On matchday squad, but did not play","On matchday squad, but did not play","On matchday squad, but did not play","On matchday squad, but did not play","On matchday squad, but did not play","On matchday squad, but did not play","On matchday squad, but did not play","On matchday squad, but did not play","On matchday squad, but did not play","On matchday squad, but did not play","On matchday squad, but did not play","On matchday squad, but did not play","On matchday squad, but did not play","On matchday squad, but did not play","On matchday squad, but did not play","On matchday squad, but did not play","On matchday squad, but did not play","On matchday squad, but did not play","On matchday squad, but did not play","On matchday squad, but did not play","On matchday squad, but did not play","On matchday squad, but did not play","On matchday squad, but did not play","On matchday squad, but did not play","On matchday squad, but did not play","On matchday squad, but did not play","On matchday squad, but did not play","On matchday squad, but did not play","On matchday squad, but did not play","On matchday squad, but did not play","On matchday squad, but did not play","On matchday squad, but did not play","On matchday squad, but did not play","On matchday squad, but did not play","On matchday squad, but did not play","On matchday squad, but did not play","On matchday squad, but did not play","On matchday squad, but did not play","On matchday squad, but did not play","On matchday squad, but did not play","On matchday squad, but did not play","On matchday squad, but did not play","On matchday squad, but did not play","On matchday squad, but did not play",Aston Villa,Ian-Maatsen,cab9634e
2025-01-18,Sat,Matchweek 22,Away,D 2–2,Aston Villa,Arsenal,Y,LB,45,0,0,0,0,1,1,1,0,29,1,1,0,0.1,0.1,0.0,1,0,18,22,81.8,0,14,1,1,1,Match Report,18,22,81.8,295,80,8,9,88.9,10,12,83.3,0,0,,0,0.0,0.0,0,0,0,0,0,22,19,3,0,0,0,1,3,0,0,0,0,18,0,1,1,0,0,1,0,0,0,0,0,0,0,0,0,0,29,5,15,9,5,2,29,1,1,100.0,0,0.0,14,103,65,1,1,1,1,0,16,2,1,0,1,0,0,1,1,100.0,0,0,0,0,1,2,2,0,Aston Villa,Ian-Maatsen,cab9634e
2025-01-26,Sun,Matchweek 23,Home,D 1–1,Aston Villa,West Ham,N,LB,53,0,0,0,0,1,0,0,0,54,0,1,1,0.0,0.0,0.1,2,0,29,38,76.3,1,24,1,2,0,Match Report,29,38,76.3,454,118,13,17,76.5,16,16,100.0,0,4,0.0,0,0.1,0.0,1,0,1,0,1,38,32,6,1,0,0,3,5,0,0,0,0,29,0,2,2,1,0,0,1,0,0,0,0,0,0,0,0,0,54,5,21,20,13,1,54,2,0,0.0,2,100.0,24,207,62,1,2,1,0,4,29,7,0,0,0,0,0,0,3,0.0,3,1,0,1,1,1,4,0,Aston Villa,Ian-Maatsen,cab9634e
2025-02-01,Sat,Matchweek 24,Away,L 0–2,Aston Villa,Wolves,N,LB,45,0,0,0,0,0,0,0,0,39,0,0,1,0.0,0.0,0.1,4,0,29,37,78.4,0,20,3,1,1,Match Report,29,37,78.4,460,148,13,14,92.9,15,20,75.0,1,1,100.0,0,0.1,0.1,3,1,0,0,0,37,35,2,0,1,0,4,2,0,0,0,0,29,0,2,4,4,0,0,0,0,0,0,0,0,0,0,0,0,39,1,8,11,20,3,39,1,1,100.0,0,0.0,20,89,48,3,1,1,0,0,31,8,0,0,0,0,0,0,0,,0,1,0,1,0,0,0,0,Aston Villa,Ian-Maatsen,cab9634e
2025-02-15,Sat,Matchweek 25,Home,D 1–1,Aston Villa,Ipswich Town,N,LB,45,0,0,0,0,2,1,0,0,55,0,1,1,0.1,0.1,0.0,4,0,42,47,89.4,9,37,1,2,1,Match Report,42,47,89.4,611,134,26,27,96.3,12,14,85.7,1,1,100.0,0,0.0,0.1,2,5,4,1,9,47,44,3,0,0,0,3,3,0,0,0,0,42,0,2,4,4,0,0,0,0,0,0,0,0,0,0,0,0,55,0,9,15,31,2,55,2,1,50.0,1,50.0,37,128,67,1,2,0,2,1,37,6,0,0,0,0,0,0,1,0.0,1,1,0,1,1,1,1,0,Aston Villa,Ian-Maatsen,cab9634e
2025-02-19,Wed,Matchweek 29,Home,D 2–2,Aston Villa,Liverpool,N,LB,13,0,0,0,0,0,0,0,0,8,0,0,0,0.0,0.0,0.0,1,0,4,6,66.7,2,3,1,0,0,Match Report,4,6,66.7,58,25,2,2,100.0,2,2,100.0,0,1,0.0,0,0.0,0.1,0,0,1,0,2,6,6,0,0,0,0,2,0,0,0,0,0,4,0,0,1,1,0,0,0,0,0,0,0,0,0,0,0,0,8,1,2,1,5,0,8,0,0,,0,,3,50,42,1,1,0,0,0,3,1,0,0,0,0,0,0,0,,0,0,0,0,0,0,2,0,Aston Villa,Ian-Maatsen,cab9634e
2025-02-22,Sat,Matchweek 26,Home,W 2–1,Aston Villa,Chelsea,Y,LB,90,0,0,0,0,0,0,0,0,63,2,2,0,0.0,0.0,0.0,2,0,42,49,85.7,5,37,4,0,0,Match Report,42,49,85.7,681,162,20,22,90.9,19,22,86.4,2,4,50.0,0,0.0,0.0,0,2,1,1,5,49,40,9,1,0,0,4,8,0,0,0,0,42,0,0,2,2,0,0,0,0,0,0,0,0,0,0,0,0,63,6,14,24,25,3,63,0,0,,0,,37,222,85,4,1,0,2,2,38,6,2,1,0,1,1,2,2,100.0,0,0,0,0,2,4,6,1,Aston Villa,Ian-Maatsen,cab9634e
2025-02-25,Tue,Matchweek 27,Away,L 1–4,Aston Villa,Crystal Palace,N,LM,13,0,0,0,0,0,0,0,0,10,1,0,0,0.0,0.0,0.0,1,0,7,8,87.5,0,6,0,0,0,Match Report,7,8,87.5,112,15,3,3,100.0,4,5,80.0,0,0,,0,0.0,0.0,0,0,0,0,0,8,5,3,2,0,0,0,1,0,0,0,0,7,0,0,1,1,0,0,0,0,0,0,0,0,0,0,0,0,10,0,3,5,2,0,10,0,0,,0,,6,16,4,0,0,0,1,0,6,3,1,0,1,0,0,1,1,100.0,0,0,0,0,0,1,0,0,Aston Villa,Ian-Maatsen,cab9634e
2025-03-08,Sat,Matchweek 28,Away,W 1–0,Aston Villa,Brentford,N,"On matchday squad, but did not play","On matchday squad, but did not play","On matchday squad, but did not play","On matchday squad, but did not play","On matchday squad, but did not play","On matchday squad, but did not play","On matchday squad, but did not play","On matchday squad, but did not play","On matchday squad, but did not play","On matchday squad, but did not play","On matchday squad, but did not play","On matchday squad, but did not play","On matchday squad, but did not play","On matchday squad, but did not play","On matchday squad, but did not play","On matchday squad, but did not play","On matchday squad, but did not play","On matchday squad, but did not play","On matchday squad, but did not play","On matchday squad, but did not play","On matchday squad, but did not play","On matchday squad, but did not play","On matchday squad, but did not play","On matchday squad, but did not play","On matchday squad, but did not play","On matchday squad, but did not play","On matchday squad, but did not play",Match Report,"On matchday squad, but did not play","On matchday squad, but did not play","On matchday squad, but did not play","On matchday squad, but did not play","On matchday squad, but did not play","On matchday squad, but did not play","On matchday squad, but did not play","On matchday squad, but did not play","On matchday squad, but did not play","On matchday squad, but did not play","On matchday squad, but did not play","On matchday squad, but did not play","On matchday squad, but did not play","On matchday squad, but did not play","On matchday squad, but did not play","On matchday squad, but did not play","On matchday squad, but did not play","On matchday squad, but did not play","On matchday squad, but did not play","On matchday squad, but did not play","On matchday squad, but did not play","On matchday squad, but did not play","On matchday squad, but did not play","On matchday squad, but did not play","On matchday squad, but did not play","On matchday squad, but did not play","On matchday squad, but did not play","On matchday squad, but did not play","On matchday squad, but did not play","On matchday squad, but did not play","On matchday squad, but did not play","On matchday squad, but did not play","On matchday squad, but did not play","On matchday squad, but did not play","On matchday squad, but did not play","On matchday squad, but did not play","On matchday squad, but did not play","On matchday squad, but did not play","On matchday squad, but did not play","On matchday squad, but did not play","On matchday squad, but did not play","On matchday squad, but did not play","On matchday squad, but did not play","On matchday squad, but did not play","On matchday squad, but did not play","On matchday squad, but did not play","On matchday squad, but did not play","On matchday squad, but did not play","On matchday squad, but did not play","On matchday squad, but did not play","On matchday squad, but did not play","On matchday squad, but did not play","On matchday squad, but did not play","On matchday squad, but did not play","On matchday squad, but did not play","On matchday squad, but did not play","On matchday squad, but did not play","On matchday squad, but did not play","On matchday squad, but did not play","On matchday squad, but did not play","On matchday squad, but did not play","On matchday squad, but did not play","On matchday squad, but did not play","On matchday squad, but did not play","On matchday squad, but did not play","On matchday squad, but did not play","On matchday squad, but did not play","On matchday squad, but did not play","On matchday squad, but did not play","On matchday squad, but did not play","On matchday squad, but did not play","On matchday squad, but did not play","On matchday squad, but did not play","On matchday squad, but did not play","On matchday squad, but did not play","On matchday squad, but did not play","On matchday squad, but did not play","On matchday squad, but did not play","On matchday squad, but did not play","On matchday squad, but did not play","On matchday squad, but did not play","On matchday squad, but did not play","On matchday squad, but did not play","On matchday squad, but did not play","On matchday squad, but did not play","On matchday squad, but did not play","On matchday squad, but did not play","On matchday squad, but did not play","On matchday squad, but did not play",Aston Villa,Ian-Maatsen,cab9634e
2025-04-02,Wed,Matchweek 30,Away,W 3–0,Aston Villa,Brighton,N,"On matchday squad, but did not play","On matchday squad, but did not play","On matchday squad, but did not play","On matchday squad, but did not play","On matchday squad, but did not play","On matchday squad, but did not play","On matchday squad, but did not play","On matchday squad, but did not play","On matchday squad, but did not play","On matchday squad, but did not play","On matchday squad, but did not play","On matchday squad, but did not play","On matchday squad, but did not play","On matchday squad, but did not play","On matchday squad, but did not play","On matchday squad, but did not play","On matchday squad, but did not play","On matchday squad, but did not play","On matchday squad, but did not play","On matchday squad, but did not play","On matchday squad, but did not play","On matchday squad, but did not play","On matchday squad, but did not play","On matchday squad, but did not play","On matchday squad, but did not play","On matchday squad, but did not play","On matchday squad, but did not play",Match Report,"On matchday squad, but did not play","On matchday squad, but did not play","On matchday squad, but did not play","On matchday squad, but did not play","On matchday squad, but did not play","On matchday squad, but did not play","On matchday squad, but did not play","On matchday squad, but did not play","On matchday squad, but did not play","On matchday squad, but did not play","On matchday squad, but did not play","On matchday squad, but did not play","On matchday squad, but did not play","On matchday squad, but did not play","On matchday squad, but did not play","On matchday squad, but did not play","On matchday squad, but did not play","On matchday squad, but did not play","On matchday squad, but did not play","On matchday squad, but did not play","On matchday squad, but did not play","On matchday squad, but did not play","On matchday squad, but did not play","On matchday squad, but did not play","On matchday squad, but did not play","On matchday squad, but did not play","On matchday squad, but did not play","On matchday squad, but did not play","On matchday squad, but did not play","On matchday squad, but did not play","On matchday squad, but did not play","On matchday squad, but did not play","On matchday squad, but did not play","On matchday squad, but did not play","On matchday squad, but did not play","On matchday squad, but did not play","On matchday squad, but did not play","On matchday squad, but did not play","On matchday squad, but did not play","On matchday squad, but did not play","On matchday squad, but did not play","On matchday squad, but did not play","On matchday squad, but did not play","On matchday squad, but did not play","On matchday squad, but did not play","On matchday squad, but did not play","On matchday squad, but did not play","On matchday squad, but did not play","On matchday squad, but did not play","On matchday squad, but did not play","On matchday squad, but did not play","On matchday squad, but did not play","On matchday squad, but did not play","On matchday squad, but did not play","On matchday squad, but did not play","On matchday squad, but did not play","On matchday squad, but did not play","On matchday squad, but did not play","On matchday squad, but did not play","On matchday squad, but did not play","On matchday squad, but did not play","On matchday squad, but did not play","On matchday squad, but did not play","On matchday squad, but did not play","On matchday squad, but did not play","On matchday squad, but did not play","On matchday squad, but did not play","On matchday squad, but did not play","On matchday squad, but did not play","On matchday squad, but did not play","On matchday squad, but did not play","On matchday squad, but did not play","On matchday squad, but did not play","On matchday squad, but did not play","On matchday squad, but did not play","On matchday squad, but did not play","On matchday squad, but did not play","On matchday squad, but did not play","On matchday squad, but did not play","On matchday squad, but did not play","On matchday squad, but did not play","On matchday squad, but did not play","On matchday squad, but did not play","On matchday squad, but did not play","On matchday squad, but did not play","On matchday squad, but did not play","On matchday squad, but did not play","On matchday squad, but did not play","On matchday squad, but did not play",Aston Villa,Ian-Maatsen,cab9634e
2025-04-05,Sat,Matchweek 31,Home,W 2–1,Aston Villa,Nott'ham Forest,Y,LB,90,0,1,0,0,2,1,0,0,64,3,1,1,0.1,0.1,0.7,6,2,42,51,82.4,2,34,2,2,2,Match Report,42,51,82.4,823,197,15,17,88.2,21,24,87.5,6,8,75.0,1,0.7,0.4,1,2,1,0,2,51,39,12,2,0,1,3,10,0,0,0,0,42,0,2,6,3,1,2,0,0,0,2,1,0,1,0,0,0,64,4,21,22,24,2,64,2,2,100.0,0,0.0,34,141,69,2,1,1,2,4,34,9,3,1,3,0,0,2,2,100.0,0,1,0,1,1,4,3,0,Aston Villa,Ian-Maatsen,cab9634e
2025-04-12,Sat,Matchweek 32,Away,W 3–0,Aston Villa,Southampton,Y,LB,90,0,0,0,0,3,0,0,0,80,1,4,1,0.1,0.1,0.0,4,0,57,67,85.1,3,40,4,0,0,Match Report,57,67,85.1,867,182,30,31,96.8,26,28,92.9,1,6,16.7,0,0.0,0.0,0,0,0,0,3,67,62,5,0,0,0,7,5,0,0,0,0,57,0,2,4,2,0,0,2,0,0,0,0,0,0,0,0,0,80,2,12,30,39,7,80,0,0,,0,,40,182,102,4,2,2,1,1,53,8,1,1,0,0,1,1,1,100.0,0,1,0,1,4,5,1,0,Aston Villa,Ian-Maatsen,cab9634e
2025-04-19,Sat,Matchweek 33,Home,W 4–1,Aston Villa,Newcastle Utd,Y,LB,90,1,0,0,0,3,1,0,0,80,6,1,3,0.3,0.3,0.4,1,0,50,62,80.6,1,47,1,3,1,Match Report,50,62,80.6,687,157,29,34,85.3,19,22,86.4,0,1,0.0,0,0.4,0.2,1,2,0,0,1,62,59,3,0,0,0,2,3,0,0,0,0,50,0,1,1,1,0,0,0,0,0,0,0,0,0,0,0,0,80,5,29,29,23,3,80,3,1,33.3,2,66.7,47,157,48,1,0,1,0,1,54,6,6,3,4,2,0,3,3,100.0,0,3,0,3,1,7,3,0,Aston Villa,Ian-Maatsen,cab9634e
2025-04-22,Tue,Matchweek 34,Away,L 1–2,Aston Villa,Manchester City,N,"On matchday squad, but did not play","On matchday squad, but did not play","On matchday squad, but did not play","On matchday squad, but did not play","On matchday squad, but did not play","On matchday squad, but did not play","On matchday squad, but did not play","On matchday squad, but did not play","On matchday squad, but did not play","On matchday squad, but did not play","On matchday squad, but did not play","On matchday squad, but did not play","On matchday squad, but did not play","On matchday squad, but did not play","On matchday squad, but did not play","On matchday squad, but did not play","On matchday squad, but did not play","On matchday squad, but did not play","On matchday squad, but did not play","On matchday squad, but did not play","On matchday squad, but did not play","On matchday squad, but did not play","On matchday squad, but did not play","On matchday squad, but did not play","On matchday squad, but did not play","On matchday squad, but did not play","On matchday squad, but did not play",Match Report,"On matchday squad, but did not play","On matchday squad, but did not play","On matchday squad, but did not play","On matchday squad, but did not play","On matchday squad, but did not play","On matchday squad, but did not play","On matchday squad, but did not play","On matchday squad, but did not play","On matchday squad, but did not play","On matchday squad, but did not play","On matchday squad, but did not play","On matchday squad, but did not play","On matchday squad, but did not play","On matchday squad, but did not play","On matchday squad, but did not play","On matchday squad, but did not play","On matchday squad, but did not play","On matchday squad, but did not play","On matchday squad, but did not play","On matchday squad, but did not play","On matchday squad, but did not play","On matchday squad, but did not play","On matchday squad, but did not play","On matchday squad, but did not play","On matchday squad, but did not play","On matchday squad, but did not play","On matchday squad, but did not play","On matchday squad, but did not play","On matchday squad, but did not play","On matchday squad, but did not play","On matchday squad, but did not play","On matchday squad, but did not play","On matchday squad, but did not play","On matchday squad, but did not play","On matchday squad, but did not play","On matchday squad, but did not play","On matchday squad, but did not play","On matchday squad, but did not play","On matchday squad, but did not play","On matchday squad, but did not play","On matchday squad, but did not play","On matchday squad, but did not play","On matchday squad, but did not play","On matchday squad, but did not play","On matchday squad, but did not play","On matchday squad, but did not play","On matchday squad, but did not play","On matchday squad, but did not play","On matchday squad, but did not play","On matchday squad, but did not play","On matchday squad, but did not play","On matchday squad, but did not play","On matchday squad, but did not play","On matchday squad, but did not play","On matchday squad, but did not play","On matchday squad, but did not play","On matchday squad, but did not play","On matchday squad, but did not play","On matchday squad, but did not play","On matchday squad, but did not play","On matchday squad, but did not play","On matchday squad, but did not play","On matchday squad, but did not play","On matchday squad, but did not play","On matchday squad, but did not play","On matchday squad, but did not play","On matchday squad, but did not play","On matchday squad, but did not play","On matchday squad, but did not play","On matchday squad, but did not play","On matchday squad, but did not play","On matchday squad, but did not play","On matchday squad, but did not play","On matchday squad, but did not play","On matchday squad, but did not play","On matchday squad, but did not play","On matchday squad, but did not play","On matchday squad, but did not play","On matchday squad, but did not play","On matchday squad, but did not play","On matchday squad, but did not play","On matchday squad, but did not play","On matchday squad, but did not play","On matchday squad, but did not play","On matchday squad, but did not play","On matchday squad, but did not play","On matchday squad, but did not play","On matchday squad, but did not play","On matchday squad, but did not play",Aston Villa,Ian-Maatsen,cab9634e
2025-05-03,Sat,Matchweek 35,Home,W 1–0,Aston Villa,Fulham,Y,LB,70,0,0,0,0,1,0,0,0,41,2,0,1,0.0,0.0,0.0,0,0,23,28,82.1,1,25,1,3,1,Match Report,23,28,82.1,463,101,4,5,80.0,17,18,94.4,2,3,66.7,0,0.0,0.0,0,0,0,0,1,28,25,3,1,0,0,1,2,0,0,0,0,23,0,2,0,0,0,0,0,0,0,0,0,0,0,0,0,0,41,5,16,16,11,1,41,3,1,33.3,2,66.7,25,138,63,1,0,0,2,1,23,7,2,2,2,0,0,2,2,100.0,0,1,0,1,0,2,3,0,Aston Villa,Ian-Maatsen,cab9634e
2025-05-10,Sat,Matchweek 36,Away,W 1–0,Aston Villa,Bournemouth,N,LW,2,0,0,0,0,0,0,0,0,1,0,0,0,0.0,0.0,0.0,0,0,0,0,,0,0,0,0,0,Match Report,0,0,,0,0,0,0,,0,0,,0,0,,0,0.0,0.0,0,0,0,0,0,0,0,0,0,0,0,0,0,0,0,0,0,0,0,0,0,0,0,0,0,0,0,0,0,0,0,0,0,0,1,0,1,0,0,0,1,0,0,,0,,0,0,0,0,0,0,0,0,0,0,0,0,0,0,0,0,0,,0,0,0,0,0,0,1,0,Aston Villa,Ian-Maatsen,cab9634e
2025-05-16,Fri,Matchweek 37,Home,W 2–0,Aston Villa,Tottenham,Y,LB,90,0,0,0,0,2,0,0,0,83,2,0,2,0.1,0.1,0.0,3,0,60,72,83.3,8,57,3,3,2,Match Report,60,72,83.3,778,151,37,41,90.2,20,25,80.0,0,2,0.0,0,0.0,0.1,1,1,4,0,8,72,66,6,1,0,0,3,4,1,0,0,0,60,0,1,3,2,0,1,0,0,0,0,0,0,0,0,0,0,83,3,13,29,43,5,83,3,2,66.7,1,33.3,57,292,79,3,2,1,1,2,61,12,2,2,1,1,0,1,2,50.0,1,2,0,2,0,2,1,0,Aston Villa,Ian-Maatsen,cab9634e
2025-05-25,Sun,Matchweek 38,Away,L 0–2,Aston Villa,Manchester Utd,Y,LB,90,0,0,0,0,0,0,0,0,36,0,0,0,0.0,0.0,0.0,0,0,19,27,70.4,2,19,1,3,0,Match Report,19,27,70.4,299,123,12,13,92.3,6,10,60.0,1,4,25.0,0,0.0,0.0,0,1,0,0,2,27,21,6,2,0,1,0,4,0,0,0,0,19,0,0,0,0,0,0,0,0,0,0,0,0,0,0,0,0,36,6,17,11,8,1,36,3,0,0.0,3,100.0,19,135,68,1,0,1,1,2,17,1,0,0,0,0,0,0,0,,0,0,0,0,0,0,4,1,Aston Villa,Ian-Maatsen,cab9634e
2025-02-15,Sat,Matchweek 25,Home,D 1–1,Aston Villa,Ipswich Town,N,RW,28.0,0.0,0.0,0.0,0.0,4.0,1.0,0.0,0.0,26.0,0.0,0.0,0.0,0.4,0.4,0.0,4.0,0.0,19.0,22.0,86.4,3.0,18.0,2.0,1.0,1.0,Match Report,19.0,22.0,86.4,256.0,73.0,9.0,10.0,90.0,8.0,8.0,100.0,0.0,2.0,0.0,0.0,0.0,0.1,1.0,0.0,3.0,1.0,3.0,22.0,17.0,5.0,0.0,0.0,0.0,3.0,0.0,5.0,1.0,0.0,0.0,19.0,0.0,0.0,4.0,2.0,2.0,0.0,0.0,0.0,0.0,0.0,0.0,0.0,0.0,0.0,0.0,0.0,26.0,0.0,0.0,1.0,25.0,4.0,26.0,1.0,1.0,100.0,0.0,0.0,18.0,76.0,36.0,2.0,3.0,1.0,0.0,0.0,19.0,2.0,0.0,0.0,0.0,0.0,0.0,0.0,0.0,,0.0,0.0,0.0,0.0,0.0,0.0,0.0,0.0,Aston Villa,Marco-Asensio,45af8a54
2025-02-19,Wed,Matchweek 29,Home,D 2–2,Aston Villa,Liverpool,Y,AM,66.0,0.0,0.0,0.0,0.0,0.0,0.0,0.0,0.0,32.0,2.0,0.0,0.0,0.0,0.0,0.0,0.0,0.0,22.0,28.0,78.6,4.0,22.0,1.0,1.0,1.0,Match Report,22.0,28.0,78.6,263.0,70.0,16.0,17.0,94.1,5.0,7.0,71.4,0.0,1.0,0.0,0.0,0.0,0.0,0.0,3.0,0.0,0.0,4.0,28.0,25.0,2.0,1.0,0.0,0.0,0.0,0.0,1.0,0.0,0.0,0.0,22.0,1.0,0.0,0.0,0.0,0.0,0.0,0.0,0.0,0.0,0.0,0.0,0.0,0.0,0.0,0.0,0.0,32.0,0.0,3.0,18.0,11.0,2.0,32.0,1.0,1.0,100.0,0.0,0.0,22.0,133.0,59.0,1.0,2.0,0.0,1.0,0.0,21.0,1.0,2.0,1.0,0.0,2.0,0.0,2.0,4.0,50.0,2.0,0.0,0.0,0.0,0.0,2.0,0.0,0.0,Aston Villa,Marco-Asensio,45af8a54
2025-02-22,Sat,Matchweek 26,Home,W 2–1,Aston Villa,Chelsea,Y,AM,90.0,2.0,0.0,0.0,0.0,3.0,2.0,0.0,0.0,40.0,0.0,1.0,1.0,1.1,1.1,0.2,2.0,0.0,23.0,30.0,76.7,8.0,24.0,6.0,2.0,1.0,Match Report,23.0,30.0,76.7,343.0,99.0,12.0,15.0,80.0,9.0,9.0,100.0,2.0,5.0,40.0,0.0,0.2,0.1,2.0,4.0,2.0,0.0,8.0,30.0,28.0,1.0,0.0,0.0,0.0,2.0,0.0,1.0,1.0,0.0,0.0,23.0,1.0,0.0,2.0,2.0,0.0,0.0,0.0,0.0,0.0,0.0,0.0,0.0,0.0,0.0,0.0,0.0,40.0,0.0,5.0,23.0,15.0,2.0,40.0,2.0,1.0,50.0,1.0,50.0,24.0,206.0,132.0,6.0,5.0,0.0,0.0,0.0,27.0,3.0,0.0,0.0,0.0,0.0,0.0,0.0,1.0,0.0,1.0,1.0,0.0,1.0,1.0,1.0,1.0,0.0,Aston Villa,Marco-Asensio,45af8a54
2025-02-25,Tue,Matchweek 27,Away,L 1–4,Aston Villa,Crystal Palace,N,RW,23.0,0.0,0.0,0.0,0.0,0.0,0.0,0.0,0.0,13.0,0.0,0.0,0.0,0.0,0.0,0.0,1.0,0.0,7.0,10.0,70.0,1.0,9.0,1.0,0.0,0.0,Match Report,7.0,10.0,70.0,134.0,52.0,2.0,2.0,100.0,4.0,5.0,80.0,1.0,2.0,50.0,0.0,0.0,0.0,1.0,1.0,0.0,0.0,1.0,10.0,8.0,2.0,0.0,0.0,0.0,3.0,0.0,2.0,2.0,0.0,0.0,7.0,0.0,1.0,1.0,0.0,1.0,0.0,0.0,0.0,0.0,0.0,0.0,0.0,0.0,0.0,0.0,0.0,13.0,1.0,1.0,10.0,2.0,0.0,13.0,0.0,0.0,,0.0,,9.0,28.0,15.0,1.0,0.0,0.0,1.0,1.0,9.0,1.0,0.0,0.0,0.0,0.0,0.0,0.0,0.0,,0.0,0.0,0.0,0.0,0.0,0.0,0.0,0.0,Aston Villa,Marco-Asensio,45af8a54
2025-04-02,Wed,Matchweek 30,Away,W 3–0,Aston Villa,Brighton,N,AM,26.0,1.0,1.0,0.0,0.0,2.0,2.0,0.0,0.0,17.0,0.0,0.0,0.0,0.4,0.4,0.1,1.0,1.0,7.0,11.0,63.6,1.0,7.0,0.0,1.0,1.0,Match Report,7.0,11.0,63.6,87.0,22.0,6.0,7.0,85.7,1.0,3.0,33.3,0.0,0.0,,1.0,0.1,0.0,1.0,0.0,1.0,0.0,1.0,11.0,11.0,0.0,0.0,0.0,0.0,0.0,0.0,0.0,0.0,0.0,0.0,7.0,0.0,1.0,1.0,1.0,0.0,0.0,0.0,0.0,0.0,1.0,1.0,0.0,0.0,0.0,0.0,0.0,17.0,0.0,5.0,9.0,4.0,2.0,17.0,1.0,1.0,100.0,0.0,0.0,7.0,25.0,17.0,0.0,1.0,0.0,2.0,1.0,8.0,1.0,0.0,0.0,0.0,0.0,0.0,0.0,1.0,0.0,1.0,0.0,0.0,0.0,0.0,0.0,1.0,0.0,Aston Villa,Marco-Asensio,45af8a54
2025-04-05,Sat,Matchweek 31,Home,W 2–1,Aston Villa,Nott'ham Forest,Y,AM,72.0,0.0,0.0,0.0,0.0,4.0,2.0,1.0,0.0,35.0,1.0,0.0,0.0,0.3,0.3,0.0,3.0,0.0,28.0,29.0,96.6,5.0,24.0,4.0,2.0,1.0,Match Report,28.0,29.0,96.6,422.0,56.0,14.0,14.0,100.0,10.0,10.0,100.0,2.0,3.0,66.7,0.0,0.0,0.0,0.0,2.0,0.0,0.0,5.0,29.0,27.0,2.0,2.0,1.0,0.0,0.0,0.0,0.0,0.0,0.0,0.0,28.0,0.0,0.0,3.0,1.0,1.0,0.0,0.0,0.0,1.0,0.0,0.0,0.0,0.0,0.0,0.0,0.0,35.0,0.0,1.0,16.0,19.0,3.0,35.0,2.0,1.0,50.0,1.0,50.0,24.0,183.0,105.0,4.0,3.0,1.0,0.0,1.0,30.0,3.0,1.0,1.0,0.0,1.0,0.0,0.0,0.0,,0.0,0.0,0.0,0.0,0.0,1.0,0.0,0.0,Aston Villa,Marco-Asensio,45af8a54
2025-04-12,Sat,Matchweek 32,Away,W 3–0,Aston Villa,Southampton,Y,AM,90.0,0.0,0.0,0.0,2.0,2.0,1.0,0.0,0.0,63.0,3.0,0.0,1.0,1.6,0.1,0.2,5.0,1.0,37.0,50.0,74.0,6.0,39.0,1.0,3.0,0.0,Match Report,37.0,50.0,74.0,523.0,169.0,25.0,27.0,92.6,11.0,16.0,68.8,0.0,3.0,0.0,0.0,0.2,0.4,2.0,1.0,2.0,1.0,6.0,50.0,42.0,8.0,2.0,0.0,0.0,8.0,0.0,6.0,3.0,0.0,0.0,37.0,0.0,0.0,5.0,4.0,0.0,0.0,1.0,0.0,0.0,1.0,0.0,0.0,0.0,1.0,0.0,0.0,63.0,0.0,1.0,14.0,48.0,7.0,61.0,3.0,0.0,0.0,3.0,100.0,39.0,158.0,65.0,1.0,4.0,1.0,0.0,3.0,46.0,9.0,3.0,2.0,0.0,3.0,0.0,1.0,1.0,100.0,0.0,1.0,0.0,1.0,0.0,3.0,0.0,0.0,Aston Villa,Marco-Asensio,45af8a54
2025-04-19,Sat,Matchweek 33,Home,W 4–1,Aston Villa,Newcastle Utd,Y,AM,71.0,0.0,0.0,0.0,0.0,2.0,0.0,0.0,0.0,35.0,1.0,0.0,0.0,0.4,0.4,0.4,9.0,1.0,24.0,28.0,85.7,2.0,20.0,0.0,2.0,1.0,Match Report,24.0,28.0,85.7,313.0,152.0,14.0,17.0,82.4,8.0,9.0,88.9,0.0,0.0,,0.0,0.4,0.2,5.0,3.0,0.0,0.0,2.0,28.0,24.0,4.0,3.0,0.0,0.0,5.0,0.0,1.0,1.0,0.0,0.0,24.0,0.0,1.0,9.0,4.0,3.0,0.0,0.0,2.0,0.0,1.0,1.0,0.0,0.0,0.0,0.0,0.0,35.0,3.0,8.0,14.0,13.0,2.0,35.0,2.0,1.0,50.0,0.0,0.0,20.0,95.0,32.0,0.0,0.0,0.0,0.0,1.0,19.0,3.0,1.0,1.0,0.0,1.0,0.0,0.0,1.0,0.0,1.0,0.0,0.0,0.0,0.0,1.0,1.0,0.0,Aston Villa,Marco-Asensio,45af8a54
2025-04-22,Tue,Matchweek 34,Away,L 1–2,Aston Villa,Manchester City,N,AM,15.0,0.0,0.0,0.0,0.0,0.0,0.0,0.0,0.0,6.0,0.0,0.0,0.0,0.0,0.0,0.0,0.0,0.0,4.0,5.0,80.0,1.0,2.0,0.0,1.0,1.0,Match Report,4.0,5.0,80.0,66.0,16.0,2.0,2.0,100.0,2.0,2.0,100.0,0.0,1.0,0.0,0.0,0.0,0.0,0.0,0.0,0.0,0.0,1.0,5.0,4.0,1.0,0.0,0.0,0.0,1.0,0.0,1.0,1.0,0.0,0.0,4.0,0.0,0.0,0.0,0.0,0.0,0.0,0.0,0.0,0.0,0.0,0.0,0.0,0.0,0.0,0.0,0.0,6.0,0.0,1.0,3.0,2.0,0.0,6.0,1.0,1.0,100.0,0.0,0.0,2.0,6.0,3.0,0.0,0.0,0.0,1.0,0.0,4.0,0.0,0.0,0.0,0.0,0.0,0.0,0.0,0.0,,0.0,0.0,0.0,0.0,0.0,0.0,0.0,0.0,Aston Villa,Marco-Asensio,45af8a54
2025-05-03,Sat,Matchweek 35,Home,W 1–0,Aston Villa,Fulham,Y,AM,59.0,0.0,0.0,0.0,0.0,0.0,0.0,0.0,0.0,20.0,0.0,0.0,0.0,0.0,0.0,0.0,2.0,0.0,14.0,17.0,82.4,3.0,12.0,1.0,1.0,0.0,Match Report,14.0,17.0,82.4,230.0,65.0,7.0,7.0,100.0,7.0,8.0,87.5,0.0,0.0,,0.0,0.0,0.1,1.0,1.0,0.0,0.0,3.0,17.0,16.0,1.0,0.0,0.0,0.0,1.0,0.0,1.0,0.0,0.0,0.0,14.0,0.0,1.0,2.0,2.0,0.0,0.0,0.0,0.0,0.0,0.0,0.0,0.0,0.0,0.0,0.0,0.0,20.0,0.0,1.0,11.0,8.0,2.0,20.0,1.0,0.0,0.0,0.0,0.0,12.0,108.0,36.0,1.0,0.0,1.0,1.0,1.0,17.0,3.0,0.0,0.0,0.0,0.0,0.0,0.0,1.0,0.0,1.0,0.0,0.0,0.0,0.0,0.0,0.0,0.0,Aston Villa,Marco-Asensio,45af8a54
2025-05-10,Sat,Matchweek 36,Away,W 1–0,Aston Villa,Bournemouth,Y,AM,69.0,0.0,0.0,0.0,0.0,1.0,0.0,1.0,0.0,25.0,0.0,1.0,2.0,0.1,0.1,0.0,1.0,0.0,14.0,18.0,77.8,3.0,11.0,2.0,1.0,1.0,Match Report,14.0,18.0,77.8,271.0,80.0,8.0,8.0,100.0,3.0,4.0,75.0,3.0,6.0,50.0,0.0,0.0,0.0,0.0,2.0,0.0,0.0,3.0,18.0,13.0,5.0,4.0,0.0,1.0,2.0,0.0,0.0,0.0,0.0,0.0,14.0,0.0,0.0,1.0,1.0,0.0,0.0,0.0,0.0,0.0,0.0,0.0,0.0,0.0,0.0,0.0,0.0,25.0,0.0,4.0,17.0,7.0,1.0,25.0,1.0,1.0,100.0,0.0,0.0,11.0,118.0,80.0,2.0,1.0,0.0,2.0,0.0,10.0,0.0,0.0,0.0,0.0,0.0,0.0,0.0,0.0,,0.0,2.0,0.0,2.0,1.0,1.0,0.0,0.0,Aston Villa,Marco-Asensio,45af8a54
2025-05-16,Fri,Matchweek 37,Home,W 2–0,Aston Villa,Tottenham,Y,AM,90.0,0.0,0.0,0.0,0.0,4.0,1.0,0.0,0.0,62.0,0.0,0.0,3.0,0.2,0.2,0.1,6.0,0.0,35.0,53.0,66.0,6.0,45.0,3.0,4.0,4.0,Match Report,35.0,53.0,66.0,547.0,186.0,20.0,23.0,87.0,11.0,17.0,64.7,3.0,8.0,37.5,0.0,0.1,0.2,2.0,2.0,3.0,0.0,6.0,53.0,46.0,7.0,2.0,1.0,0.0,11.0,0.0,4.0,1.0,1.0,0.0,35.0,0.0,3.0,6.0,4.0,0.0,1.0,0.0,1.0,0.0,0.0,0.0,0.0,0.0,0.0,0.0,0.0,62.0,2.0,5.0,18.0,40.0,5.0,62.0,4.0,4.0,100.0,0.0,0.0,45.0,271.0,75.0,3.0,2.0,1.0,1.0,0.0,47.0,11.0,0.0,0.0,0.0,0.0,0.0,0.0,0.0,,0.0,3.0,1.0,2.0,0.0,0.0,0.0,0.0,Aston Villa,Marco-Asensio,45af8a54
2025-05-25,Sun,Matchweek 38,Away,L 0–2,Aston Villa,Manchester Utd,Y,AM,44.0,0.0,0.0,0.0,0.0,0.0,0.0,0.0,0.0,12.0,0.0,0.0,0.0,0.0,0.0,0.0,1.0,0.0,8.0,12.0,66.7,2.0,9.0,1.0,0.0,0.0,Match Report,8.0,12.0,66.7,126.0,41.0,3.0,3.0,100.0,5.0,5.0,100.0,0.0,2.0,0.0,0.0,0.0,0.0,1.0,1.0,0.0,0.0,2.0,12.0,10.0,1.0,0.0,0.0,0.0,2.0,0.0,1.0,1.0,0.0,0.0,8.0,1.0,1.0,1.0,1.0,0.0,0.0,0.0,0.0,0.0,0.0,0.0,0.0,0.0,0.0,0.0,0.0,12.0,0.0,3.0,4.0,6.0,0.0,12.0,0.0,0.0,,0.0,,9.0,59.0,27.0,1.0,0.0,0.0,0.0,0.0,8.0,1.0,0.0,0.0,0.0,0.0,0.0,0.0,0.0,,0.0,0.0,0.0,0.0,0.0,0.0,0.0,0.0,Aston Villa,Marco-Asensio,45af8a54
2024-08-17,Sat,Matchweek 1,Away,W 2–1,Aston Villa,West Ham,N,"On matchday squad, but did not play","On matchday squad, but did not play","On matchday squad, but did not play","On matchday squad, but did not play","On matchday squad, but did not play","On matchday squad, but did not play","On matchday squad, but did not play","On matchday squad, but did not play","On matchday squad, but did not play","On matchday squad, but did not play","On matchday squad, but did not play","On matchday squad, but did not play","On matchday squad, but did not play","On matchday squad, but did not play","On matchday squad, but did not play","On matchday squad, but did not play","On matchday squad, but did not play","On matchday squad, but did not play","On matchday squad, but did not play","On matchday squad, but did not play","On matchday squad, but did not play","On matchday squad, but did not play","On matchday squad, but did not play","On matchday squad, but did not play","On matchday squad, but did not play","On matchday squad, but did not play","On matchday squad, but did not play",Match Report,"On matchday squad, but did not play","On matchday squad, but did not play","On matchday squad, but did not play","On matchday squad, but did not play","On matchday squad, but did not play","On matchday squad, but did not play","On matchday squad, but did not play","On matchday squad, but did not play","On matchday squad, but did not play","On matchday squad, but did not play","On matchday squad, but did not play","On matchday squad, but did not play","On matchday squad, but did not play","On matchday squad, but did not play","On matchday squad, but did not play","On matchday squad, but did not play","On matchday squad, but did not play","On matchday squad, but did not play","On matchday squad, but did not play","On matchday squad, but did not play","On matchday squad, but did not play","On matchday squad, but did not play","On matchday squad, but did not play","On matchday squad, but did not play","On matchday squad, but did not play","On matchday squad, but did not play","On matchday squad, but did not play","On matchday squad, but did not play","On matchday squad, but did not play","On matchday squad, but did not play","On matchday squad, but did not play","On matchday squad, but did not play","On matchday squad, but did not play","On matchday squad, but did not play","On matchday squad, but did not play","On matchday squad, but did not play","On matchday squad, but did not play","On matchday squad, but did not play","On matchday squad, but did not play","On matchday squad, but did not play","On matchday squad, but did not play","On matchday squad, but did not play","On matchday squad, but did not play","On matchday squad, but did not play","On matchday squad, but did not play","On matchday squad, but did not play","On matchday squad, but did not play","On matchday squad, but did not play","On matchday squad, but did not play","On matchday squad, but did not play","On matchday squad, but did not play","On matchday squad, but did not play","On matchday squad, but did not play","On matchday squad, but did not play","On matchday squad, but did not play","On matchday squad, but did not play","On matchday squad, but did not play","On matchday squad, but did not play","On matchday squad, but did not play","On matchday squad, but did not play","On matchday squad, but did not play","On matchday squad, but did not play","On matchday squad, but did not play","On matchday squad, but did not play","On matchday squad, but did not play","On matchday squad, but did not play","On matchday squad, but did not play","On matchday squad, but did not play","On matchday squad, but did not play","On matchday squad, but did not play","On matchday squad, but did not play","On matchday squad, but did not play","On matchday squad, but did not play","On matchday squad, but did not play","On matchday squad, but did not play","On matchday squad, but did not play","On matchday squad, but did not play","On matchday squad, but did not play","On matchday squad, but did not play","On matchday squad, but did not play","On matchday squad, but did not play","On matchday squad, but did not play","On matchday squad, but did not play","On matchday squad, but did not play","On matchday squad, but did not play","On matchday squad, but did not play","On matchday squad, but did not play","On matchday squad, but did not play","On matchday squad, but did not play",Aston Villa,Diego-Carlos,b4a014b1
2024-08-24,Sat,Matchweek 2,Home,L 0–2,Aston Villa,Arsenal,N,"On matchday squad, but did not play","On matchday squad, but did not play","On matchday squad, but did not play","On matchday squad, but did not play","On matchday squad, but did not play","On matchday squad, but did not play","On matchday squad, but did not play","On matchday squad, but did not play","On matchday squad, but did not play","On matchday squad, but did not play","On matchday squad, but did not play","On matchday squad, but did not play","On matchday squad, but did not play","On matchday squad, but did not play","On matchday squad, but did not play","On matchday squad, but did not play","On matchday squad, but did not play","On matchday squad, but did not play","On matchday squad, but did not play","On matchday squad, but did not play","On matchday squad, but did not play","On matchday squad, but did not play","On matchday squad, but did not play","On matchday squad, but did not play","On matchday squad, but did not play","On matchday squad, but did not play","On matchday squad, but did not play",Match Report,"On matchday squad, but did not play","On matchday squad, but did not play","On matchday squad, but did not play","On matchday squad, but did not play","On matchday squad, but did not play","On matchday squad, but did not play","On matchday squad, but did not play","On matchday squad, but did not play","On matchday squad, but did not play","On matchday squad, but did not play","On matchday squad, but did not play","On matchday squad, but did not play","On matchday squad, but did not play","On matchday squad, but did not play","On matchday squad, but did not play","On matchday squad, but did not play","On matchday squad, but did not play","On matchday squad, but did not play","On matchday squad, but did not play","On matchday squad, but did not play","On matchday squad, but did not play","On matchday squad, but did not play","On matchday squad, but did not play","On matchday squad, but did not play","On matchday squad, but did not play","On matchday squad, but did not play","On matchday squad, but did not play","On matchday squad, but did not play","On matchday squad, but did not play","On matchday squad, but did not play","On matchday squad, but did not play","On matchday squad, but did not play","On matchday squad, but did not play","On matchday squad, but did not play","On matchday squad, but did not play","On matchday squad, but did not play","On matchday squad, but did not play","On matchday squad, but did not play","On matchday squad, but did not play","On matchday squad, but did not play","On matchday squad, but did not play","On matchday squad, but did not play","On matchday squad, but did not play","On matchday squad, but did not play","On matchday squad, but did not play","On matchday squad, but did not play","On matchday squad, but did not play","On matchday squad, but did not play","On matchday squad, but did not play","On matchday squad, but did not play","On matchday squad, but did not play","On matchday squad, but did not play","On matchday squad, but did not play","On matchday squad, but did not play","On matchday squad, but did not play","On matchday squad, but did not play","On matchday squad, but did not play","On matchday squad, but did not play","On matchday squad, but did not play","On matchday squad, but did not play","On matchday squad, but did not play","On matchday squad, but did not play","On matchday squad, but did not play","On matchday squad, but did not play","On matchday squad, but did not play","On matchday squad, but did not play","On matchday squad, but did not play","On matchday squad, but did not play","On matchday squad, but did not play","On matchday squad, but did not play","On matchday squad, but did not play","On matchday squad, but did not play","On matchday squad, but did not play","On matchday squad, but did not play","On matchday squad, but did not play","On matchday squad, but did not play","On matchday squad, but did not play","On matchday squad, but did not play","On matchday squad, but did not play","On matchday squad, but did not play","On matchday squad, but did not play","On matchday squad, but did not play","On matchday squad, but did not play","On matchday squad, but did not play","On matchday squad, but did not play","On matchday squad, but did not play","On matchday squad, but did not play","On matchday squad, but did not play","On matchday squad, but did not play",Aston Villa,Diego-Carlos,b4a014b1
2024-09-14,Sat,Matchweek 4,Home,W 3–2,Aston Villa,Everton,N,"On matchday squad, but did not play","On matchday squad, but did not play","On matchday squad, but did not play","On matchday squad, but did not play","On matchday squad, but did not play","On matchday squad, but did not play","On matchday squad, but did not play","On matchday squad, but did not play","On matchday squad, but did not play","On matchday squad, but did not play","On matchday squad, but did not play","On matchday squad, but did not play","On matchday squad, but did not play","On matchday squad, but did not play","On matchday squad, but did not play","On matchday squad, but did not play","On matchday squad, but did not play","On matchday squad, but did not play","On matchday squad, but did not play","On matchday squad, but did not play","On matchday squad, but did not play","On matchday squad, but did not play","On matchday squad, but did not play","On matchday squad, but did not play","On matchday squad, but did not play","On matchday squad, but did not play","On matchday squad, but did not play",Match Report,"On matchday squad, but did not play","On matchday squad, but did not play","On matchday squad, but did not play","On matchday squad, but did not play","On matchday squad, but did not play","On matchday squad, but did not play","On matchday squad, but did not play","On matchday squad, but did not play","On matchday squad, but did not play","On matchday squad, but did not play","On matchday squad, but did not play","On matchday squad, but did not play","On matchday squad, but did not play","On matchday squad, but did not play","On matchday squad, but did not play","On matchday squad, but did not play","On matchday squad, but did not play","On matchday squad, but did not play","On matchday squad, but did not play","On matchday squad, but did not play","On matchday squad, but did not play","On matchday squad, but did not play","On matchday squad, but did not play","On matchday squad, but did not play","On matchday squad, but did not play","On matchday squad, but did not play","On matchday squad, but did not play","On matchday squad, but did not play","On matchday squad, but did not play","On matchday squad, but did not play","On matchday squad, but did not play","On matchday squad, but did not play","On matchday squad, but did not play","On matchday squad, but did not play","On matchday squad, but did not play","On matchday squad, but did not play","On matchday squad, but did not play","On matchday squad, but did not play","On matchday squad, but did not play","On matchday squad, but did not play","On matchday squad, but did not play","On matchday squad, but did not play","On matchday squad, but did not play","On matchday squad, but did not play","On matchday squad, but did not play","On matchday squad, but did not play","On matchday squad, but did not play","On matchday squad, but did not play","On matchday squad, but did not play","On matchday squad, but did not play","On matchday squad, but did not play","On matchday squad, but did not play","On matchday squad, but did not play","On matchday squad, but did not play","On matchday squad, but did not play","On matchday squad, but did not play","On matchday squad, but did not play","On matchday squad, but did not play","On matchday squad, but did not play","On matchday squad, but did not play","On matchday squad, but did not play","On matchday squad, but did not play","On matchday squad, but did not play","On matchday squad, but did not play","On matchday squad, but did not play","On matchday squad, but did not play","On matchday squad, but did not play","On matchday squad, but did not play","On matchday squad, but did not play","On matchday squad, but did not play","On matchday squad, but did not play","On matchday squad, but did not play","On matchday squad, but did not play","On matchday squad, but did not play","On matchday squad, but did not play","On matchday squad, but did not play","On matchday squad, but did not play","On matchday squad, but did not play","On matchday squad, but did not play","On matchday squad, but did not play","On matchday squad, but did not play","On matchday squad, but did not play","On matchday squad, but did not play","On matchday squad, but did not play","On matchday squad, but did not play","On matchday squad, but did not play","On matchday squad, but did not play","On matchday squad, but did not play","On matchday squad, but did not play",Aston Villa,Diego-Carlos,b4a014b1
2024-09-21,Sat,Matchweek 5,Home,W 3–1,Aston Villa,Wolves,Y,CB,90,0,0,0,0,0,0,0,0,75,0,1,2,0.0,0.0,0.0,0,0,60,69,87.0,4,59,0,0,0,Match Report,60,69,87.0,1181,472,14,17,82.4,42,46,91.3,4,5,80.0,0,0.0,0.0,0,0,0,0,4,69,66,2,2,0,1,0,0,0,0,0,0,60,1,0,0,0,0,0,0,0,0,0,0,0,0,0,0,0,75,9,26,48,2,0,75,0,0,,0,,59,313,186,0,2,0,0,0,58,0,0,0,0,0,0,0,0,,0,2,2,0,1,1,4,1,Aston Villa,Diego-Carlos,b4a014b1
2024-09-29,Sun,Matchweek 6,Away,D 2–2,Aston Villa,Ipswich Town,Y,CB,90,0,0,0,0,0,0,0,0,71,1,0,1,0.0,0.0,0.0,0,0,60,67,89.6,3,59,1,0,0,Match Report,60,67,89.6,1339,413,12,13,92.3,36,37,97.3,11,16,68.8,0,0.0,0.0,0,5,0,0,3,67,63,4,3,0,0,0,0,0,0,0,0,60,0,0,0,0,0,0,0,0,0,0,0,0,0,0,0,0,71,4,34,37,1,0,71,0,0,,0,,59,226,92,1,0,0,0,0,55,0,1,0,1,0,0,0,1,0.0,1,1,0,1,0,1,1,0,Aston Villa,Diego-Carlos,b4a014b1
2024-10-06,Sun,Matchweek 7,Home,D 0–0,Aston Villa,Manchester Utd,N,CB,79,0,0,0,0,0,0,0,0,59,0,1,0,0.0,0.0,0.0,0,0,45,49,91.8,4,43,0,0,0,Match Report,45,49,91.8,990,358,12,13,92.3,28,28,100.0,5,8,62.5,0,0.0,0.0,0,4,0,0,4,49,48,1,1,0,2,0,0,0,0,0,0,45,0,0,0,0,0,0,0,0,0,0,0,0,0,0,0,0,59,11,30,29,0,0,59,0,0,,0,,43,157,71,0,0,0,0,0,44,0,0,0,0,0,0,0,0,,0,0,0,0,1,1,8,0,Aston Villa,Diego-Carlos,b4a014b1
2024-10-19,Sat,Matchweek 8,Away,W 3–1,Aston Villa,Fulham,Y,CB,90,0,0,0,0,0,0,0,0,60,1,2,0,0.0,0.0,0.0,0,0,48,51,94.1,1,30,0,0,0,Match Report,48,51,94.1,927,384,18,18,100.0,26,27,96.3,4,6,66.7,0,0.0,0.0,0,3,1,0,1,51,47,4,1,0,0,0,0,0,0,0,0,48,0,0,0,0,0,0,0,0,0,0,0,0,0,0,0,0,60,12,27,33,0,0,60,0,0,,0,,30,131,55,0,0,0,0,1,41,0,1,0,0,1,0,0,0,,0,0,0,0,2,3,4,0,Aston Villa,Diego-Carlos,b4a014b1
2024-10-26,Sat,Matchweek 9,Home,D 1–1,Aston Villa,Bournemouth,N,"On matchday squad, but did not play","On matchday squad, but did not play","On matchday squad, but did not play","On matchday squad, but did not play","On matchday squad, but did not play","On matchday squad, but did not play","On matchday squad, but did not play","On matchday squad, but did not play","On matchday squad, but did not play","On matchday squad, but did not play","On matchday squad, but did not play","On matchday squad, but did not play","On matchday squad, but did not play","On matchday squad, but did not play","On matchday squad, but did not play","On matchday squad, but did not play","On matchday squad, but did not play","On matchday squad, but did not play","On matchday squad, but did not play","On matchday squad, but did not play","On matchday squad, but did not play","On matchday squad, but did not play","On matchday squad, but did not play","On matchday squad, but did not play","On matchday squad, but did not play","On matchday squad, but did not play","On matchday squad, but did not play",Match Report,"On matchday squad, but did not play","On matchday squad, but did not play","On matchday squad, but did not play","On matchday squad, but did not play","On matchday squad, but did not play","On matchday squad, but did not play","On matchday squad, but did not play","On matchday squad, but did not play","On matchday squad, but did not play","On matchday squad, but did not play","On matchday squad, but did not play","On matchday squad, but did not play","On matchday squad, but did not play","On matchday squad, but did not play","On matchday squad, but did not play","On matchday squad, but did not play","On matchday squad, but did not play","On matchday squad, but did not play","On matchday squad, but did not play","On matchday squad, but did not play","On matchday squad, but did not play","On matchday squad, but did not play","On matchday squad, but did not play","On matchday squad, but did not play","On matchday squad, but did not play","On matchday squad, but did not play","On matchday squad, but did not play","On matchday squad, but did not play","On matchday squad, but did not play","On matchday squad, but did not play","On matchday squad, but did not play","On matchday squad, but did not play","On matchday squad, but did not play","On matchday squad, but did not play","On matchday squad, but did not play","On matchday squad, but did not play","On matchday squad, but did not play","On matchday squad, but did not play","On matchday squad, but did not play","On matchday squad, but did not play","On matchday squad, but did not play","On matchday squad, but did not play","On matchday squad, but did not play","On matchday squad, but did not play","On matchday squad, but did not play","On matchday squad, but did not play","On matchday squad, but did not play","On matchday squad, but did not play","On matchday squad, but did not play","On matchday squad, but did not play","On matchday squad, but did not play","On matchday squad, but did not play","On matchday squad, but did not play","On matchday squad, but did not play","On matchday squad, but did not play","On matchday squad, but did not play","On matchday squad, but did not play","On matchday squad, but did not play","On matchday squad, but did not play","On matchday squad, but did not play","On matchday squad, but did not play","On matchday squad, but did not play","On matchday squad, but did not play","On matchday squad, but did not play","On matchday squad, but did not play","On matchday squad, but did not play","On matchday squad, but did not play","On matchday squad, but did not play","On matchday squad, but did not play","On matchday squad, but did not play","On matchday squad, but did not play","On matchday squad, but did not play","On matchday squad, but did not play","On matchday squad, but did not play","On matchday squad, but did not play","On matchday squad, but did not play","On matchday squad, but did not play","On matchday squad, but did not play","On matchday squad, but did not play","On matchday squad, but did not play","On matchday squad, but did not play","On matchday squad, but did not play","On matchday squad, but did not play","On matchday squad, but did not play","On matchday squad, but did not play","On matchday squad, but did not play","On matchday squad, but did not play","On matchday squad, but did not play","On matchday squad, but did not play",Aston Villa,Diego-Carlos,b4a014b1
2024-11-03,Sun,Matchweek 10,Away,L 1–4,Aston Villa,Tottenham,N,CB,31,0,0,0,0,1,0,0,0,19,1,0,0,0.4,0.4,0.0,1,0,15,16,93.8,0,14,0,0,0,Match Report,15,16,93.8,285,41,4,4,100.0,10,11,90.9,1,1,100.0,0,0.0,0.0,0,0,0,0,0,16,16,0,0,0,0,0,0,0,0,0,0,15,0,0,1,1,0,0,0,0,0,0,0,0,0,0,0,0,19,1,11,5,3,1,19,0,0,,0,,14,66,13,0,0,0,0,0,13,0,1,0,1,0,0,0,0,,0,0,0,0,0,1,0,0,Aston Villa,Diego-Carlos,b4a014b1
2024-11-09,Sat,Matchweek 11,Away,L 0–2,Aston Villa,Liverpool,Y,CB,90,0,0,0,0,1,1,0,0,63,1,0,0,0.1,0.1,0.0,1,0,46,59,78.0,2,33,0,1,1,Match Report,46,59,78.0,824,349,16,19,84.2,27,30,90.0,3,8,37.5,0,0.0,0.0,0,0,0,0,2,59,56,3,1,0,1,0,0,0,0,0,0,46,0,0,1,0,0,0,1,0,0,0,0,0,0,0,0,0,63,10,46,16,1,1,63,1,1,100.0,0,0.0,33,185,97,0,0,0,0,0,41,0,1,1,1,0,0,0,0,,0,0,0,0,0,1,1,1,Aston Villa,Diego-Carlos,b4a014b1
2024-11-23,Sat,Matchweek 12,Home,D 2–2,Aston Villa,Crystal Palace,Y,CB,90,0,0,0,0,1,0,1,0,102,0,1,1,0.1,0.1,0.0,0,0,85,94,90.4,13,72,2,1,1,Match Report,85,94,90.4,1792,699,17,18,94.4,59,62,95.2,9,13,69.2,0,0.0,0.0,0,3,0,0,13,94,92,2,2,0,1,0,0,0,0,0,0,85,0,0,0,0,0,0,0,0,0,0,0,0,0,0,0,0,102,9,34,66,2,1,102,1,1,100.0,0,0.0,72,512,330,2,0,0,0,1,74,0,0,0,0,0,0,0,0,,0,1,0,1,1,1,5,0,Aston Villa,Diego-Carlos,b4a014b1
2024-12-01,Sun,Matchweek 13,Away,L 0–3,Aston Villa,Chelsea,N,"On matchday squad, but did not play","On matchday squad, but did not play","On matchday squad, but did not play","On matchday squad, but did not play","On matchday squad, but did not play","On matchday squad, but did not play","On matchday squad, but did not play","On matchday squad, but did not play","On matchday squad, but did not play","On matchday squad, but did not play","On matchday squad, but did not play","On matchday squad, but did not play","On matchday squad, but did not play","On matchday squad, but did not play","On matchday squad, but did not play","On matchday squad, but did not play","On matchday squad, but did not play","On matchday squad, but did not play","On matchday squad, but did not play","On matchday squad, but did not play","On matchday squad, but did not play","On matchday squad, but did not play","On matchday squad, but did not play","On matchday squad, but did not play","On matchday squad, but did not play","On matchday squad, but did not play","On matchday squad, but did not play",Match Report,"On matchday squad, but did not play","On matchday squad, but did not play","On matchday squad, but did not play","On matchday squad, but did not play","On matchday squad, but did not play","On matchday squad, but did not play","On matchday squad, but did not play","On matchday squad, but did not play","On matchday squad, but did not play","On matchday squad, but did not play","On matchday squad, but did not play","On matchday squad, but did not play","On matchday squad, but did not play","On matchday squad, but did not play","On matchday squad, but did not play","On matchday squad, but did not play","On matchday squad, but did not play","On matchday squad, but did not play","On matchday squad, but did not play","On matchday squad, but did not play","On matchday squad, but did not play","On matchday squad, but did not play","On matchday squad, but did not play","On matchday squad, but did not play","On matchday squad, but did not play","On matchday squad, but did not play","On matchday squad, but did not play","On matchday squad, but did not play","On matchday squad, but did not play","On matchday squad, but did not play","On matchday squad, but did not play","On matchday squad, but did not play","On matchday squad, but did not play","On matchday squad, but did not play","On matchday squad, but did not play","On matchday squad, but did not play","On matchday squad, but did not play","On matchday squad, but did not play","On matchday squad, but did not play","On matchday squad, but did not play","On matchday squad, but did not play","On matchday squad, but did not play","On matchday squad, but did not play","On matchday squad, but did not play","On matchday squad, but did not play","On matchday squad, but did not play","On matchday squad, but did not play","On matchday squad, but did not play","On matchday squad, but did not play","On matchday squad, but did not play","On matchday squad, but did not play","On matchday squad, but did not play","On matchday squad, but did not play","On matchday squad, but did not play","On matchday squad, but did not play","On matchday squad, but did not play","On matchday squad, but did not play","On matchday squad, but did not play","On matchday squad, but did not play","On matchday squad, but did not play","On matchday squad, but did not play","On matchday squad, but did not play","On matchday squad, but did not play","On matchday squad, but did not play","On matchday squad, but did not play","On matchday squad, but did not play","On matchday squad, but did not play","On matchday squad, but did not play","On matchday squad, but did not play","On matchday squad, but did not play","On matchday squad, but did not play","On matchday squad, but did not play","On matchday squad, but did not play","On matchday squad, but did not play","On matchday squad, but did not play","On matchday squad, but did not play","On matchday squad, but did not play","On matchday squad, but did not play","On matchday squad, but did not play","On matchday squad, but did not play","On matchday squad, but did not play","On matchday squad, but did not play","On matchday squad, but did not play","On matchday squad, but did not play","On matchday squad, but did not play","On matchday squad, but did not play","On matchday squad, but did not play","On matchday squad, but did not play","On matchday squad, but did not play",Aston Villa,Diego-Carlos,b4a014b1
2024-12-04,Wed,Matchweek 14,Home,W 3–1,Aston Villa,Brentford,N,"On matchday squad, but did not play","On matchday squad, but did not play","On matchday squad, but did not play","On matchday squad, but did not play","On matchday squad, but did not play","On matchday squad, but did not play","On matchday squad, but did not play","On matchday squad, but did not play","On matchday squad, but did not play","On matchday squad, but did not play","On matchday squad, but did not play","On matchday squad, but did not play","On matchday squad, but did not play","On matchday squad, but did not play","On matchday squad, but did not play","On matchday squad, but did not play","On matchday squad, but did not play","On matchday squad, but did not play","On matchday squad, but did not play","On matchday squad, but did not play","On matchday squad, but did not play","On matchday squad, but did not play","On matchday squad, but did not play","On matchday squad, but did not play","On matchday squad, but did not play","On matchday squad, but did not play","On matchday squad, but did not play",Match Report,"On matchday squad, but did not play","On matchday squad, but did not play","On matchday squad, but did not play","On matchday squad, but did not play","On matchday squad, but did not play","On matchday squad, but did not play","On matchday squad, but did not play","On matchday squad, but did not play","On matchday squad, but did not play","On matchday squad, but did not play","On matchday squad, but did not play","On matchday squad, but did not play","On matchday squad, but did not play","On matchday squad, but did not play","On matchday squad, but did not play","On matchday squad, but did not play","On matchday squad, but did not play","On matchday squad, but did not play","On matchday squad, but did not play","On matchday squad, but did not play","On matchday squad, but did not play","On matchday squad, but did not play","On matchday squad, but did not play","On matchday squad, but did not play","On matchday squad, but did not play","On matchday squad, but did not play","On matchday squad, but did not play","On matchday squad, but did not play","On matchday squad, but did not play","On matchday squad, but did not play","On matchday squad, but did not play","On matchday squad, but did not play","On matchday squad, but did not play","On matchday squad, but did not play","On matchday squad, but did not play","On matchday squad, but did not play","On matchday squad, but did not play","On matchday squad, but did not play","On matchday squad, but did not play","On matchday squad, but did not play","On matchday squad, but did not play","On matchday squad, but did not play","On matchday squad, but did not play","On matchday squad, but did not play","On matchday squad, but did not play","On matchday squad, but did not play","On matchday squad, but did not play","On matchday squad, but did not play","On matchday squad, but did not play","On matchday squad, but did not play","On matchday squad, but did not play","On matchday squad, but did not play","On matchday squad, but did not play","On matchday squad, but did not play","On matchday squad, but did not play","On matchday squad, but did not play","On matchday squad, but did not play","On matchday squad, but did not play","On matchday squad, but did not play","On matchday squad, but did not play","On matchday squad, but did not play","On matchday squad, but did not play","On matchday squad, but did not play","On matchday squad, but did not play","On matchday squad, but did not play","On matchday squad, but did not play","On matchday squad, but did not play","On matchday squad, but did not play","On matchday squad, but did not play","On matchday squad, but did not play","On matchday squad, but did not play","On matchday squad, but did not play","On matchday squad, but did not play","On matchday squad, but did not play","On matchday squad, but did not play","On matchday squad, but did not play","On matchday squad, but did not play","On matchday squad, but did not play","On matchday squad, but did not play","On matchday squad, but did not play","On matchday squad, but did not play","On matchday squad, but did not play","On matchday squad, but did not play","On matchday squad, but did not play","On matchday squad, but did not play","On matchday squad, but did not play","On matchday squad, but did not play","On matchday squad, but did not play","On matchday squad, but did not play",Aston Villa,Diego-Carlos,b4a014b1
2024-12-07,Sat,Matchweek 15,Home,W 1–0,Aston Villa,Southampton,Y,CB,90,0,0,0,0,1,0,0,0,58,1,0,3,0.1,0.1,0.0,0,0,43,51,84.3,0,23,0,0,0,Match Report,43,51,84.3,946,421,11,12,91.7,27,31,87.1,5,8,62.5,0,0.0,0.0,0,2,0,0,0,51,47,4,4,0,1,0,0,0,0,0,0,43,0,0,0,0,0,0,0,0,0,0,0,0,0,0,0,0,58,7,38,18,2,2,58,0,0,,0,,23,96,50,0,0,0,0,0,43,0,1,1,1,0,0,1,1,100.0,0,3,2,1,0,1,2,0,Aston Villa,Diego-Carlos,b4a014b1
2024-12-14,Sat,Matchweek 16,Away,L 1–2,Aston Villa,Nott'ham Forest,Y,CB,90,0,0,0,0,0,0,0,0,92,2,0,1,0.0,0.0,0.0,1,0,74,82,90.2,7,50,0,0,0,Match Report,74,82,90.2,1566,638,15,16,93.8,51,53,96.2,8,11,72.7,0,0.0,0.0,0,5,0,0,7,82,77,3,1,0,0,0,0,0,0,0,0,74,2,0,1,1,0,0,0,0,0,0,0,0,0,0,0,0,92,13,39,53,0,0,92,0,0,,0,,50,316,201,0,0,0,1,0,59,0,2,1,2,0,0,2,3,66.7,1,1,1,0,0,2,7,0,Aston Villa,Diego-Carlos,b4a014b1
2024-12-26,Thu,Matchweek 18,Away,L 0–3,Aston Villa,Newcastle Utd,N,"On matchday squad, but did not play","On matchday squad, but did not play","On matchday squad, but did not play","On matchday squad, but did not play","On matchday squad, but did not play","On matchday squad, but did not play","On matchday squad, but did not play","On matchday squad, but did not play","On matchday squad, but did not play","On matchday squad, but did not play","On matchday squad, but did not play","On matchday squad, but did not play","On matchday squad, but did not play","On matchday squad, but did not play","On matchday squad, but did not play","On matchday squad, but did not play","On matchday squad, but did not play","On matchday squad, but did not play","On matchday squad, but did not play","On matchday squad, but did not play","On matchday squad, but did not play","On matchday squad, but did not play","On matchday squad, but did not play","On matchday squad, but did not play","On matchday squad, but did not play","On matchday squad, but did not play","On matchday squad, but did not play",Match Report,"On matchday squad, but did not play","On matchday squad, but did not play","On matchday squad, but did not play","On matchday squad, but did not play","On matchday squad, but did not play","On matchday squad, but did not play","On matchday squad, but did not play","On matchday squad, but did not play","On matchday squad, but did not play","On matchday squad, but did not play","On matchday squad, but did not play","On matchday squad, but did not play","On matchday squad, but did not play","On matchday squad, but did not play","On matchday squad, but did not play","On matchday squad, but did not play","On matchday squad, but did not play","On matchday squad, but did not play","On matchday squad, but did not play","On matchday squad, but did not play","On matchday squad, but did not play","On matchday squad, but did not play","On matchday squad, but did not play","On matchday squad, but did not play","On matchday squad, but did not play","On matchday squad, but did not play","On matchday squad, but did not play","On matchday squad, but did not play","On matchday squad, but did not play","On matchday squad, but did not play","On matchday squad, but did not play","On matchday squad, but did not play","On matchday squad, but did not play","On matchday squad, but did not play","On matchday squad, but did not play","On matchday squad, but did not play","On matchday squad, but did not play","On matchday squad, but did not play","On matchday squad, but did not play","On matchday squad, but did not play","On matchday squad, but did not play","On matchday squad, but did not play","On matchday squad, but did not play","On matchday squad, but did not play","On matchday squad, but did not play","On matchday squad, but did not play","On matchday squad, but did not play","On matchday squad, but did not play","On matchday squad, but did not play","On matchday squad, but did not play","On matchday squad, but did not play","On matchday squad, but did not play","On matchday squad, but did not play","On matchday squad, but did not play","On matchday squad, but did not play","On matchday squad, but did not play","On matchday squad, but did not play","On matchday squad, but did not play","On matchday squad, but did not play","On matchday squad, but did not play","On matchday squad, but did not play","On matchday squad, but did not play","On matchday squad, but did not play","On matchday squad, but did not play","On matchday squad, but did not play","On matchday squad, but did not play","On matchday squad, but did not play","On matchday squad, but did not play","On matchday squad, but did not play","On matchday squad, but did not play","On matchday squad, but did not play","On matchday squad, but did not play","On matchday squad, but did not play","On matchday squad, but did not play","On matchday squad, but did not play","On matchday squad, but did not play","On matchday squad, but did not play","On matchday squad, but did not play","On matchday squad, but did not play","On matchday squad, but did not play","On matchday squad, but did not play","On matchday squad, but did not play","On matchday squad, but did not play","On matchday squad, but did not play","On matchday squad, but did not play","On matchday squad, but did not play","On matchday squad, but did not play","On matchday squad, but did not play","On matchday squad, but did not play",Aston Villa,Diego-Carlos,b4a014b1
2024-12-30,Mon,Matchweek 19,Home,D 2–2,Aston Villa,Brighton,Y,CB,90,0,0,0,0,0,0,0,0,75,1,0,5,0.0,0.0,0.0,1,0,58,65,89.2,0,36,0,0,0,Match Report,58,65,89.2,1091,328,19,21,90.5,35,37,94.6,4,7,57.1,0,0.0,0.0,0,1,0,0,0,65,63,2,2,0,0,0,0,0,0,0,0,58,0,0,1,1,0,0,0,0,0,0,0,0,0,0,0,0,75,10,46,25,4,1,75,0,0,,0,,36,131,67,0,1,0,0,0,53,0,1,0,0,0,1,1,1,100.0,0,5,2,3,0,1,4,0,Aston Villa,Diego-Carlos,b4a014b1
2024-09-01,Sun,Matchweek 3,Home,D 1–1,Chelsea,Crystal Palace,N,"On matchday squad, but did not play","On matchday squad, but did not play","On matchday squad, but did not play","On matchday squad, but did not play","On matchday squad, but did not play","On matchday squad, but did not play","On matchday squad, but did not play","On matchday squad, but did not play","On matchday squad, but did not play","On matchday squad, but did not play","On matchday squad, but did not play","On matchday squad, but did not play","On matchday squad, but did not play","On matchday squad, but did not play","On matchday squad, but did not play","On matchday squad, but did not play","On matchday squad, but did not play","On matchday squad, but did not play","On matchday squad, but did not play","On matchday squad, but did not play","On matchday squad, but did not play","On matchday squad, but did not play","On matchday squad, but did not play","On matchday squad, but did not play","On matchday squad, but did not play","On matchday squad, but did not play","On matchday squad, but did not play",Match Report,"On matchday squad, but did not play","On matchday squad, but did not play","On matchday squad, but did not play","On matchday squad, but did not play","On matchday squad, but did not play","On matchday squad, but did not play","On matchday squad, but did not play","On matchday squad, but did not play","On matchday squad, but did not play","On matchday squad, but did not play","On matchday squad, but did not play","On matchday squad, but did not play","On matchday squad, but did not play","On matchday squad, but did not play","On matchday squad, but did not play","On matchday squad, but did not play","On matchday squad, but did not play","On matchday squad, but did not play","On matchday squad, but did not play","On matchday squad, but did not play","On matchday squad, but did not play","On matchday squad, but did not play","On matchday squad, but did not play","On matchday squad, but did not play","On matchday squad, but did not play","On matchday squad, but did not play","On matchday squad, but did not play","On matchday squad, but did not play","On matchday squad, but did not play","On matchday squad, but did not play","On matchday squad, but did not play","On matchday squad, but did not play","On matchday squad, but did not play","On matchday squad, but did not play","On matchday squad, but did not play","On matchday squad, but did not play","On matchday squad, but did not play","On matchday squad, but did not play","On matchday squad, but did not play","On matchday squad, but did not play","On matchday squad, but did not play","On matchday squad, but did not play","On matchday squad, but did not play","On matchday squad, but did not play","On matchday squad, but did not play","On matchday squad, but did not play","On matchday squad, but did not play","On matchday squad, but did not play","On matchday squad, but did not play","On matchday squad, but did not play","On matchday squad, but did not play","On matchday squad, but did not play","On matchday squad, but did not play","On matchday squad, but did not play","On matchday squad, but did not play","On matchday squad, but did not play","On matchday squad, but did not play","On matchday squad, but did not play","On matchday squad, but did not play","On matchday squad, but did not play","On matchday squad, but did not play","On matchday squad, but did not play","On matchday squad, but did not play","On matchday squad, but did not play","On matchday squad, but did not play","On matchday squad, but did not play","On matchday squad, but did not play","On matchday squad, but did not play","On matchday squad, but did not play","On matchday squad, but did not play","On matchday squad, but did not play","On matchday squad, but did not play","On matchday squad, but did not play","On matchday squad, but did not play","On matchday squad, but did not play","On matchday squad, but did not play","On matchday squad, but did not play","On matchday squad, but did not play","On matchday squad, but did not play","On matchday squad, but did not play","On matchday squad, but did not play","On matchday squad, but did not play","On matchday squad, but did not play","On matchday squad, but did not play","On matchday squad, but did not play","On matchday squad, but did not play","On matchday squad, but did not play","On matchday squad, but did not play","On matchday squad, but did not play",Aston Villa,Axel-Disasi,ad82197c
2024-09-14,Sat,Matchweek 4,Away,W 1–0,Chelsea,Bournemouth,Y,RB,60,0,0,0,0,0,0,0,0,62,0,1,0,0.0,0.0,0.0,0,0,50,57,87.7,5,38,0,0,0,Match Report,50,57,87.7,781,326,25,27,92.6,22,23,95.7,2,5,40.0,0,0.0,0.0,0,1,0,0,5,57,48,9,4,0,0,0,5,0,0,0,0,50,0,0,0,0,0,0,0,0,0,0,0,0,0,0,0,0,62,3,28,32,2,0,62,0,0,,0,,38,203,57,0,0,0,1,0,45,0,0,0,0,0,0,0,2,0.0,2,0,0,0,1,1,2,0,Aston Villa,Axel-Disasi,ad82197c
2024-09-21,Sat,Matchweek 5,Away,W 3–0,Chelsea,West Ham,N,RB,34,0,0,0,0,0,0,0,0,21,1,0,1,0.0,0.0,0.0,0,0,14,17,82.4,0,8,1,1,1,Match Report,14,17,82.4,230,106,8,8,100.0,4,5,80.0,2,3,66.7,0,0.0,0.0,0,1,0,0,0,17,12,5,2,0,0,0,3,0,0,0,0,14,0,1,0,0,0,0,0,0,0,0,0,0,0,0,0,0,21,3,12,7,2,0,21,1,1,100.0,0,0.0,8,52,27,1,0,0,0,0,10,0,1,1,1,0,0,1,1,100.0,0,1,0,1,0,1,1,0,Aston Villa,Axel-Disasi,ad82197c
2024-09-28,Sat,Matchweek 6,Home,W 4–2,Chelsea,Brighton,N,"On matchday squad, but did not play","On matchday squad, but did not play","On matchday squad, but did not play","On matchday squad, but did not play","On matchday squad, but did not play","On matchday squad, but did not play","On matchday squad, but did not play","On matchday squad, but did not play","On matchday squad, but did not play","On matchday squad, but did not play","On matchday squad, but did not play","On matchday squad, but did not play","On matchday squad, but did not play","On matchday squad, but did not play","On matchday squad, but did not play","On matchday squad, but did not play","On matchday squad, but did not play","On matchday squad, but did not play","On matchday squad, but did not play","On matchday squad, but did not play","On matchday squad, but did not play","On matchday squad, but did not play","On matchday squad, but did not play","On matchday squad, but did not play","On matchday squad, but did not play","On matchday squad, but did not play","On matchday squad, but did not play",Match Report,"On matchday squad, but did not play","On matchday squad, but did not play","On matchday squad, but did not play","On matchday squad, but did not play","On matchday squad, but did not play","On matchday squad, but did not play","On matchday squad, but did not play","On matchday squad, but did not play","On matchday squad, but did not play","On matchday squad, but did not play","On matchday squad, but did not play","On matchday squad, but did not play","On matchday squad, but did not play","On matchday squad, but did not play","On matchday squad, but did not play","On matchday squad, but did not play","On matchday squad, but did not play","On matchday squad, but did not play","On matchday squad, but did not play","On matchday squad, but did not play","On matchday squad, but did not play","On matchday squad, but did not play","On matchday squad, but did not play","On matchday squad, but did not play","On matchday squad, but did not play","On matchday squad, but did not play","On matchday squad, but did not play","On matchday squad, but did not play","On matchday squad, but did not play","On matchday squad, but did not play","On matchday squad, but did not play","On matchday squad, but did not play","On matchday squad, but did not play","On matchday squad, but did not play","On matchday squad, but did not play","On matchday squad, but did not play","On matchday squad, but did not play","On matchday squad, but did not play","On matchday squad, but did not play","On matchday squad, but did not play","On matchday squad, but did not play","On matchday squad, but did not play","On matchday squad, but did not play","On matchday squad, but did not play","On matchday squad, but did not play","On matchday squad, but did not play","On matchday squad, but did not play","On matchday squad, but did not play","On matchday squad, but did not play","On matchday squad, but did not play","On matchday squad, but did not play","On matchday squad, but did not play","On matchday squad, but did not play","On matchday squad, but did not play","On matchday squad, but did not play","On matchday squad, but did not play","On matchday squad, but did not play","On matchday squad, but did not play","On matchday squad, but did not play","On matchday squad, but did not play","On matchday squad, but did not play","On matchday squad, but did not play","On matchday squad, but did not play","On matchday squad, but did not play","On matchday squad, but did not play","On matchday squad, but did not play","On matchday squad, but did not play","On matchday squad, but did not play","On matchday squad, but did not play","On matchday squad, but did not play","On matchday squad, but did not play","On matchday squad, but did not play","On matchday squad, but did not play","On matchday squad, but did not play","On matchday squad, but did not play","On matchday squad, but did not play","On matchday squad, but did not play","On matchday squad, but did not play","On matchday squad, but did not play","On matchday squad, but did not play","On matchday squad, but did not play","On matchday squad, but did not play","On matchday squad, but did not play","On matchday squad, but did not play","On matchday squad, but did not play","On matchday squad, but did not play","On matchday squad, but did not play","On matchday squad, but did not play","On matchday squad, but did not play",Aston Villa,Axel-Disasi,ad82197c
2024-10-06,Sun,Matchweek 7,Home,D 1–1,Chelsea,Nott'ham Forest,N,"On matchday squad, but did not play","On matchday squad, but did not play","On matchday squad, but did not play","On matchday squad, but did not play","On matchday squad, but did not play","On matchday squad, but did not play","On matchday squad, but did not play","On matchday squad, but did not play","On matchday squad, but did not play","On matchday squad, but did not play","On matchday squad, but did not play","On matchday squad, but did not play","On matchday squad, but did not play","On matchday squad, but did not play","On matchday squad, but did not play","On matchday squad, but did not play","On matchday squad, but did not play","On matchday squad, but did not play","On matchday squad, but did not play","On matchday squad, but did not play","On matchday squad, but did not play","On matchday squad, but did not play","On matchday squad, but did not play","On matchday squad, but did not play","On matchday squad, but did not play","On matchday squad, but did not play","On matchday squad, but did not play",Match Report,"On matchday squad, but did not play","On matchday squad, but did not play","On matchday squad, but did not play","On matchday squad, but did not play","On matchday squad, but did not play","On matchday squad, but did not play","On matchday squad, but did not play","On matchday squad, but did not play","On matchday squad, but did not play","On matchday squad, but did not play","On matchday squad, but did not play","On matchday squad, but did not play","On matchday squad, but did not play","On matchday squad, but did not play","On matchday squad, but did not play","On matchday squad, but did not play","On matchday squad, but did not play","On matchday squad, but did not play","On matchday squad, but did not play","On matchday squad, but did not play","On matchday squad, but did not play","On matchday squad, but did not play","On matchday squad, but did not play","On matchday squad, but did not play","On matchday squad, but did not play","On matchday squad, but did not play","On matchday squad, but did not play","On matchday squad, but did not play","On matchday squad, but did not play","On matchday squad, but did not play","On matchday squad, but did not play","On matchday squad, but did not play","On matchday squad, but did not play","On matchday squad, but did not play","On matchday squad, but did not play","On matchday squad, but did not play","On matchday squad, but did not play","On matchday squad, but did not play","On matchday squad, but did not play","On matchday squad, but did not play","On matchday squad, but did not play","On matchday squad, but did not play","On matchday squad, but did not play","On matchday squad, but did not play","On matchday squad, but did not play","On matchday squad, but did not play","On matchday squad, but did not play","On matchday squad, but did not play","On matchday squad, but did not play","On matchday squad, but did not play","On matchday squad, but did not play","On matchday squad, but did not play","On matchday squad, but did not play","On matchday squad, but did not play","On matchday squad, but did not play","On matchday squad, but did not play","On matchday squad, but did not play","On matchday squad, but did not play","On matchday squad, but did not play","On matchday squad, but did not play","On matchday squad, but did not play","On matchday squad, but did not play","On matchday squad, but did not play","On matchday squad, but did not play","On matchday squad, but did not play","On matchday squad, but did not play","On matchday squad, but did not play","On matchday squad, but did not play","On matchday squad, but did not play","On matchday squad, but did not play","On matchday squad, but did not play","On matchday squad, but did not play","On matchday squad, but did not play","On matchday squad, but did not play","On matchday squad, but did not play","On matchday squad, but did not play","On matchday squad, but did not play","On matchday squad, but did not play","On matchday squad, but did not play","On matchday squad, but did not play","On matchday squad, but did not play","On matchday squad, but did not play","On matchday squad, but did not play","On matchday squad, but did not play","On matchday squad, but did not play","On matchday squad, but did not play","On matchday squad, but did not play","On matchday squad, but did not play","On matchday squad, but did not play",Aston Villa,Axel-Disasi,ad82197c
2024-10-20,Sun,Matchweek 8,Away,L 1–2,Chelsea,Liverpool,N,"On matchday squad, but did not play","On matchday squad, but did not play","On matchday squad, but did not play","On matchday squad, but did not play","On matchday squad, but did not play","On matchday squad, but did not play","On matchday squad, but did not play","On matchday squad, but did not play","On matchday squad, but did not play","On matchday squad, but did not play","On matchday squad, but did not play","On matchday squad, but did not play","On matchday squad, but did not play","On matchday squad, but did not play","On matchday squad, but did not play","On matchday squad, but did not play","On matchday squad, but did not play","On matchday squad, but did not play","On matchday squad, but did not play","On matchday squad, but did not play","On matchday squad, but did not play","On matchday squad, but did not play","On matchday squad, but did not play","On matchday squad, but did not play","On matchday squad, but did not play","On matchday squad, but did not play","On matchday squad, but did not play",Match Report,"On matchday squad, but did not play","On matchday squad, but did not play","On matchday squad, but did not play","On matchday squad, but did not play","On matchday squad, but did not play","On matchday squad, but did not play","On matchday squad, but did not play","On matchday squad, but did not play","On matchday squad, but did not play","On matchday squad, but did not play","On matchday squad, but did not play","On matchday squad, but did not play","On matchday squad, but did not play","On matchday squad, but did not play","On matchday squad, but did not play","On matchday squad, but did not play","On matchday squad, but did not play","On matchday squad, but did not play","On matchday squad, but did not play","On matchday squad, but did not play","On matchday squad, but did not play","On matchday squad, but did not play","On matchday squad, but did not play","On matchday squad, but did not play","On matchday squad, but did not play","On matchday squad, but did not play","On matchday squad, but did not play","On matchday squad, but did not play","On matchday squad, but did not play","On matchday squad, but did not play","On matchday squad, but did not play","On matchday squad, but did not play","On matchday squad, but did not play","On matchday squad, but did not play","On matchday squad, but did not play","On matchday squad, but did not play","On matchday squad, but did not play","On matchday squad, but did not play","On matchday squad, but did not play","On matchday squad, but did not play","On matchday squad, but did not play","On matchday squad, but did not play","On matchday squad, but did not play","On matchday squad, but did not play","On matchday squad, but did not play","On matchday squad, but did not play","On matchday squad, but did not play","On matchday squad, but did not play","On matchday squad, but did not play","On matchday squad, but did not play","On matchday squad, but did not play","On matchday squad, but did not play","On matchday squad, but did not play","On matchday squad, but did not play","On matchday squad, but did not play","On matchday squad, but did not play","On matchday squad, but did not play","On matchday squad, but did not play","On matchday squad, but did not play","On matchday squad, but did not play","On matchday squad, but did not play","On matchday squad, but did not play","On matchday squad, but did not play","On matchday squad, but did not play","On matchday squad, but did not play","On matchday squad, but did not play","On matchday squad, but did not play","On matchday squad, but did not play","On matchday squad, but did not play","On matchday squad, but did not play","On matchday squad, but did not play","On matchday squad, but did not play","On matchday squad, but did not play","On matchday squad, but did not play","On matchday squad, but did not play","On matchday squad, but did not play","On matchday squad, but did not play","On matchday squad, but did not play","On matchday squad, but did not play","On matchday squad, but did not play","On matchday squad, but did not play","On matchday squad, but did not play","On matchday squad, but did not play","On matchday squad, but did not play","On matchday squad, but did not play","On matchday squad, but did not play","On matchday squad, but did not play","On matchday squad, but did not play","On matchday squad, but did not play",Aston Villa,Axel-Disasi,ad82197c
2024-12-04,Wed,Matchweek 14,Away,W 5–1,Chelsea,Southampton,Y,CB,90,1,0,0,0,1,1,0,0,69,0,0,1,0.2,0.2,0.0,0,0,59,63,93.7,3,35,0,0,0,Match Report,59,63,93.7,1006,322,26,29,89.7,30,31,96.8,2,2,100.0,0,0.0,0.0,0,4,0,0,3,63,62,1,1,0,0,0,0,0,0,0,0,59,0,0,0,0,0,0,0,0,0,0,0,0,0,0,0,0,69,7,31,30,8,1,69,0,0,,0,,35,78,41,0,1,0,0,0,55,0,0,0,0,0,0,0,0,,0,1,1,0,0,0,4,0,Aston Villa,Axel-Disasi,ad82197c
2024-12-08,Sun,Matchweek 15,Away,W 4–3,Chelsea,Tottenham,N,"On matchday squad, but did not play","On matchday squad, but did not play","On matchday squad, but did not play","On matchday squad, but did not play","On matchday squad, but did not play","On matchday squad, but did not play","On matchday squad, but did not play","On matchday squad, but did not play","On matchday squad, but did not play","On matchday squad, but did not play","On matchday squad, but did not play","On matchday squad, but did not play","On matchday squad, but did not play","On matchday squad, but did not play","On matchday squad, but did not play","On matchday squad, but did not play","On matchday squad, but did not play","On matchday squad, but did not play","On matchday squad, but did not play","On matchday squad, but did not play","On matchday squad, but did not play","On matchday squad, but did not play","On matchday squad, but did not play","On matchday squad, but did not play","On matchday squad, but did not play","On matchday squad, but did not play","On matchday squad, but did not play",Match Report,"On matchday squad, but did not play","On matchday squad, but did not play","On matchday squad, but did not play","On matchday squad, but did not play","On matchday squad, but did not play","On matchday squad, but did not play","On matchday squad, but did not play","On matchday squad, but did not play","On matchday squad, but did not play","On matchday squad, but did not play","On matchday squad, but did not play","On matchday squad, but did not play","On matchday squad, but did not play","On matchday squad, but did not play","On matchday squad, but did not play","On matchday squad, but did not play","On matchday squad, but did not play","On matchday squad, but did not play","On matchday squad, but did not play","On matchday squad, but did not play","On matchday squad, but did not play","On matchday squad, but did not play","On matchday squad, but did not play","On matchday squad, but did not play","On matchday squad, but did not play","On matchday squad, but did not play","On matchday squad, but did not play","On matchday squad, but did not play","On matchday squad, but did not play","On matchday squad, but did not play","On matchday squad, but did not play","On matchday squad, but did not play","On matchday squad, but did not play","On matchday squad, but did not play","On matchday squad, but did not play","On matchday squad, but did not play","On matchday squad, but did not play","On matchday squad, but did not play","On matchday squad, but did not play","On matchday squad, but did not play","On matchday squad, but did not play","On matchday squad, but did not play","On matchday squad, but did not play","On matchday squad, but did not play","On matchday squad, but did not play","On matchday squad, but did not play","On matchday squad, but did not play","On matchday squad, but did not play","On matchday squad, but did not play","On matchday squad, but did not play","On matchday squad, but did not play","On matchday squad, but did not play","On matchday squad, but did not play","On matchday squad, but did not play","On matchday squad, but did not play","On matchday squad, but did not play","On matchday squad, but did not play","On matchday squad, but did not play","On matchday squad, but did not play","On matchday squad, but did not play","On matchday squad, but did not play","On matchday squad, but did not play","On matchday squad, but did not play","On matchday squad, but did not play","On matchday squad, but did not play","On matchday squad, but did not play","On matchday squad, but did not play","On matchday squad, but did not play","On matchday squad, but did not play","On matchday squad, but did not play","On matchday squad, but did not play","On matchday squad, but did not play","On matchday squad, but did not play","On matchday squad, but did not play","On matchday squad, but did not play","On matchday squad, but did not play","On matchday squad, but did not play","On matchday squad, but did not play","On matchday squad, but did not play","On matchday squad, but did not play","On matchday squad, but did not play","On matchday squad, but did not play","On matchday squad, but did not play","On matchday squad, but did not play","On matchday squad, but did not play","On matchday squad, but did not play","On matchday squad, but did not play","On matchday squad, but did not play","On matchday squad, but did not play",Aston Villa,Axel-Disasi,ad82197c
2024-12-15,Sun,Matchweek 16,Home,W 2–1,Chelsea,Brentford,N,"On matchday squad, but did not play","On matchday squad, but did not play","On matchday squad, but did not play","On matchday squad, but did not play","On matchday squad, but did not play","On matchday squad, but did not play","On matchday squad, but did not play","On matchday squad, but did not play","On matchday squad, but did not play","On matchday squad, but did not play","On matchday squad, but did not play","On matchday squad, but did not play","On matchday squad, but did not play","On matchday squad, but did not play","On matchday squad, but did not play","On matchday squad, but did not play","On matchday squad, but did not play","On matchday squad, but did not play","On matchday squad, but did not play","On matchday squad, but did not play","On matchday squad, but did not play","On matchday squad, but did not play","On matchday squad, but did not play","On matchday squad, but did not play","On matchday squad, but did not play","On matchday squad, but did not play","On matchday squad, but did not play",Match Report,"On matchday squad, but did not play","On matchday squad, but did not play","On matchday squad, but did not play","On matchday squad, but did not play","On matchday squad, but did not play","On matchday squad, but did not play","On matchday squad, but did not play","On matchday squad, but did not play","On matchday squad, but did not play","On matchday squad, but did not play","On matchday squad, but did not play","On matchday squad, but did not play","On matchday squad, but did not play","On matchday squad, but did not play","On matchday squad, but did not play","On matchday squad, but did not play","On matchday squad, but did not play","On matchday squad, but did not play","On matchday squad, but did not play","On matchday squad, but did not play","On matchday squad, but did not play","On matchday squad, but did not play","On matchday squad, but did not play","On matchday squad, but did not play","On matchday squad, but did not play","On matchday squad, but did not play","On matchday squad, but did not play","On matchday squad, but did not play","On matchday squad, but did not play","On matchday squad, but did not play","On matchday squad, but did not play","On matchday squad, but did not play","On matchday squad, but did not play","On matchday squad, but did not play","On matchday squad, but did not play","On matchday squad, but did not play","On matchday squad, but did not play","On matchday squad, but did not play","On matchday squad, but did not play","On matchday squad, but did not play","On matchday squad, but did not play","On matchday squad, but did not play","On matchday squad, but did not play","On matchday squad, but did not play","On matchday squad, but did not play","On matchday squad, but did not play","On matchday squad, but did not play","On matchday squad, but did not play","On matchday squad, but did not play","On matchday squad, but did not play","On matchday squad, but did not play","On matchday squad, but did not play","On matchday squad, but did not play","On matchday squad, but did not play","On matchday squad, but did not play","On matchday squad, but did not play","On matchday squad, but did not play","On matchday squad, but did not play","On matchday squad, but did not play","On matchday squad, but did not play","On matchday squad, but did not play","On matchday squad, but did not play","On matchday squad, but did not play","On matchday squad, but did not play","On matchday squad, but did not play","On matchday squad, but did not play","On matchday squad, but did not play","On matchday squad, but did not play","On matchday squad, but did not play","On matchday squad, but did not play","On matchday squad, but did not play","On matchday squad, but did not play","On matchday squad, but did not play","On matchday squad, but did not play","On matchday squad, but did not play","On matchday squad, but did not play","On matchday squad, but did not play","On matchday squad, but did not play","On matchday squad, but did not play","On matchday squad, but did not play","On matchday squad, but did not play","On matchday squad, but did not play","On matchday squad, but did not play","On matchday squad, but did not play","On matchday squad, but did not play","On matchday squad, but did not play","On matchday squad, but did not play","On matchday squad, but did not play","On matchday squad, but did not play",Aston Villa,Axel-Disasi,ad82197c
2024-12-22,Sun,Matchweek 17,Away,D 0–0,Chelsea,Everton,Y,RB,90,0,0,0,0,0,0,1,0,78,4,0,1,0.0,0.0,0.0,0,0,66,71,93.0,3,55,2,0,0,Match Report,66,71,93.0,1010,256,35,35,100.0,27,29,93.1,2,2,100.0,0,0.0,0.0,0,5,1,0,3,71,65,6,3,0,1,0,3,0,0,0,0,66,0,0,0,0,0,0,0,0,0,0,0,0,0,0,0,0,78,1,25,42,12,1,78,0,0,,0,,55,280,172,2,1,0,0,1,59,1,4,3,3,0,1,3,4,75.0,1,1,0,1,0,4,2,0,Aston Villa,Axel-Disasi,ad82197c
2024-12-26,Thu,Matchweek 18,Home,L 1–2,Chelsea,Fulham,N,"On matchday squad, but did not play","On matchday squad, but did not play","On matchday squad, but did not play","On matchday squad, but did not play","On matchday squad, but did not play","On matchday squad, but did not play","On matchday squad, but did not play","On matchday squad, but did not play","On matchday squad, but did not play","On matchday squad, but did not play","On matchday squad, but did not play","On matchday squad, but did not play","On matchday squad, but did not play","On matchday squad, but did not play","On matchday squad, but did not play","On matchday squad, but did not play","On matchday squad, but did not play","On matchday squad, but did not play","On matchday squad, but did not play","On matchday squad, but did not play","On matchday squad, but did not play","On matchday squad, but did not play","On matchday squad, but did not play","On matchday squad, but did not play","On matchday squad, but did not play","On matchday squad, but did not play","On matchday squad, but did not play",Match Report,"On matchday squad, but did not play","On matchday squad, but did not play","On matchday squad, but did not play","On matchday squad, but did not play","On matchday squad, but did not play","On matchday squad, but did not play","On matchday squad, but did not play","On matchday squad, but did not play","On matchday squad, but did not play","On matchday squad, but did not play","On matchday squad, but did not play","On matchday squad, but did not play","On matchday squad, but did not play","On matchday squad, but did not play","On matchday squad, but did not play","On matchday squad, but did not play","On matchday squad, but did not play","On matchday squad, but did not play","On matchday squad, but did not play","On matchday squad, but did not play","On matchday squad, but did not play","On matchday squad, but did not play","On matchday squad, but did not play","On matchday squad, but did not play","On matchday squad, but did not play","On matchday squad, but did not play","On matchday squad, but did not play","On matchday squad, but did not play","On matchday squad, but did not play","On matchday squad, but did not play","On matchday squad, but did not play","On matchday squad, but did not play","On matchday squad, but did not play","On matchday squad, but did not play","On matchday squad, but did not play","On matchday squad, but did not play","On matchday squad, but did not play","On matchday squad, but did not play","On matchday squad, but did not play","On matchday squad, but did not play","On matchday squad, but did not play","On matchday squad, but did not play","On matchday squad, but did not play","On matchday squad, but did not play","On matchday squad, but did not play","On matchday squad, but did not play","On matchday squad, but did not play","On matchday squad, but did not play","On matchday squad, but did not play","On matchday squad, but did not play","On matchday squad, but did not play","On matchday squad, but did not play","On matchday squad, but did not play","On matchday squad, but did not play","On matchday squad, but did not play","On matchday squad, but did not play","On matchday squad, but did not play","On matchday squad, but did not play","On matchday squad, but did not play","On matchday squad, but did not play","On matchday squad, but did not play","On matchday squad, but did not play","On matchday squad, but did not play","On matchday squad, but did not play","On matchday squad, but did not play","On matchday squad, but did not play","On matchday squad, but did not play","On matchday squad, but did not play","On matchday squad, but did not play","On matchday squad, but did not play","On matchday squad, but did not play","On matchday squad, but did not play","On matchday squad, but did not play","On matchday squad, but did not play","On matchday squad, but did not play","On matchday squad, but did not play","On matchday squad, but did not play","On matchday squad, but did not play","On matchday squad, but did not play","On matchday squad, but did not play","On matchday squad, but did not play","On matchday squad, but did not play","On matchday squad, but did not play","On matchday squad, but did not play","On matchday squad, but did not play","On matchday squad, but did not play","On matchday squad, but did not play","On matchday squad, but did not play","On matchday squad, but did not play",Aston Villa,Axel-Disasi,ad82197c
2024-12-30,Mon,Matchweek 19,Away,L 0–2,Chelsea,Ipswich Town,Y,RB,76,0,0,0,0,1,0,0,0,81,2,0,1,0.0,0.0,0.1,2,0,69,74,93.2,5,57,3,0,0,Match Report,69,74,93.2,1078,308,39,41,95.1,29,32,90.6,1,1,100.0,0,0.1,0.0,2,8,1,0,5,74,70,4,0,0,0,0,4,0,0,0,0,69,0,0,2,2,0,0,0,0,0,0,0,0,0,0,0,0,81,3,10,57,15,0,81,0,0,,0,,57,331,216,3,1,0,0,2,64,1,2,0,1,1,0,2,4,50.0,2,1,0,1,0,2,2,1,Aston Villa,Axel-Disasi,ad82197c
2025-01-04,Sat,Matchweek 20,Away,D 1–1,Chelsea,Crystal Palace,N,"On matchday squad, but did not play","On matchday squad, but did not play","On matchday squad, but did not play","On matchday squad, but did not play","On matchday squad, but did not play","On matchday squad, but did not play","On matchday squad, but did not play","On matchday squad, but did not play","On matchday squad, but did not play","On matchday squad, but did not play","On matchday squad, but did not play","On matchday squad, but did not play","On matchday squad, but did not play","On matchday squad, but did not play","On matchday squad, but did not play","On matchday squad, but did not play","On matchday squad, but did not play","On matchday squad, but did not play","On matchday squad, but did not play","On matchday squad, but did not play","On matchday squad, but did not play","On matchday squad, but did not play","On matchday squad, but did not play","On matchday squad, but did not play","On matchday squad, but did not play","On matchday squad, but did not play","On matchday squad, but did not play",Match Report,"On matchday squad, but did not play","On matchday squad, but did not play","On matchday squad, but did not play","On matchday squad, but did not play","On matchday squad, but did not play","On matchday squad, but did not play","On matchday squad, but did not play","On matchday squad, but did not play","On matchday squad, but did not play","On matchday squad, but did not play","On matchday squad, but did not play","On matchday squad, but did not play","On matchday squad, but did not play","On matchday squad, but did not play","On matchday squad, but did not play","On matchday squad, but did not play","On matchday squad, but did not play","On matchday squad, but did not play","On matchday squad, but did not play","On matchday squad, but did not play","On matchday squad, but did not play","On matchday squad, but did not play","On matchday squad, but did not play","On matchday squad, but did not play","On matchday squad, but did not play","On matchday squad, but did not play","On matchday squad, but did not play","On matchday squad, but did not play","On matchday squad, but did not play","On matchday squad, but did not play","On matchday squad, but did not play","On matchday squad, but did not play","On matchday squad, but did not play","On matchday squad, but did not play","On matchday squad, but did not play","On matchday squad, but did not play","On matchday squad, but did not play","On matchday squad, but did not play","On matchday squad, but did not play","On matchday squad, but did not play","On matchday squad, but did not play","On matchday squad, but did not play","On matchday squad, but did not play","On matchday squad, but did not play","On matchday squad, but did not play","On matchday squad, but did not play","On matchday squad, but did not play","On matchday squad, but did not play","On matchday squad, but did not play","On matchday squad, but did not play","On matchday squad, but did not play","On matchday squad, but did not play","On matchday squad, but did not play","On matchday squad, but did not play","On matchday squad, but did not play","On matchday squad, but did not play","On matchday squad, but did not play","On matchday squad, but did not play","On matchday squad, but did not play","On matchday squad, but did not play","On matchday squad, but did not play","On matchday squad, but did not play","On matchday squad, but did not play","On matchday squad, but did not play","On matchday squad, but did not play","On matchday squad, but did not play","On matchday squad, but did not play","On matchday squad, but did not play","On matchday squad, but did not play","On matchday squad, but did not play","On matchday squad, but did not play","On matchday squad, but did not play","On matchday squad, but did not play","On matchday squad, but did not play","On matchday squad, but did not play","On matchday squad, but did not play","On matchday squad, but did not play","On matchday squad, but did not play","On matchday squad, but did not play","On matchday squad, but did not play","On matchday squad, but did not play","On matchday squad, but did not play","On matchday squad, but did not play","On matchday squad, but did not play","On matchday squad, but did not play","On matchday squad, but did not play","On matchday squad, but did not play","On matchday squad, but did not play","On matchday squad, but did not play",Aston Villa,Axel-Disasi,ad82197c
2025-01-20,Mon,Matchweek 22,Home,W 3–1,Chelsea,Wolves,N,RB,14,0,0,0,0,0,0,0,0,12,0,1,0,0.0,0.0,0.0,0,0,8,11,72.7,0,3,0,0,0,Match Report,8,11,72.7,113,49,3,4,75.0,5,6,83.3,0,0,,0,0.0,0.0,0,1,0,0,0,11,9,2,0,0,0,0,2,0,0,0,0,8,0,1,0,0,0,0,0,0,0,0,0,0,0,0,0,0,12,0,4,7,1,0,12,0,0,,0,,3,9,6,0,0,0,0,0,9,0,0,0,0,0,0,0,0,,0,0,0,0,1,1,0,0,Aston Villa,Axel-Disasi,ad82197c
2025-01-25,Sat,Matchweek 23,Away,L 1–3,Chelsea,Manchester City,N,"On matchday squad, but did not play","On matchday squad, but did not play","On matchday squad, but did not play","On matchday squad, but did not play","On matchday squad, but did not play","On matchday squad, but did not play","On matchday squad, but did not play","On matchday squad, but did not play","On matchday squad, but did not play","On matchday squad, but did not play","On matchday squad, but did not play","On matchday squad, but did not play","On matchday squad, but did not play","On matchday squad, but did not play","On matchday squad, but did not play","On matchday squad, but did not play","On matchday squad, but did not play","On matchday squad, but did not play","On matchday squad, but did not play","On matchday squad, but did not play","On matchday squad, but did not play","On matchday squad, but did not play","On matchday squad, but did not play","On matchday squad, but did not play","On matchday squad, but did not play","On matchday squad, but did not play","On matchday squad, but did not play",Match Report,"On matchday squad, but did not play","On matchday squad, but did not play","On matchday squad, but did not play","On matchday squad, but did not play","On matchday squad, but did not play","On matchday squad, but did not play","On matchday squad, but did not play","On matchday squad, but did not play","On matchday squad, but did not play","On matchday squad, but did not play","On matchday squad, but did not play","On matchday squad, but did not play","On matchday squad, but did not play","On matchday squad, but did not play","On matchday squad, but did not play","On matchday squad, but did not play","On matchday squad, but did not play","On matchday squad, but did not play","On matchday squad, but did not play","On matchday squad, but did not play","On matchday squad, but did not play","On matchday squad, but did not play","On matchday squad, but did not play","On matchday squad, but did not play","On matchday squad, but did not play","On matchday squad, but did not play","On matchday squad, but did not play","On matchday squad, but did not play","On matchday squad, but did not play","On matchday squad, but did not play","On matchday squad, but did not play","On matchday squad, but did not play","On matchday squad, but did not play","On matchday squad, but did not play","On matchday squad, but did not play","On matchday squad, but did not play","On matchday squad, but did not play","On matchday squad, but did not play","On matchday squad, but did not play","On matchday squad, but did not play","On matchday squad, but did not play","On matchday squad, but did not play","On matchday squad, but did not play","On matchday squad, but did not play","On matchday squad, but did not play","On matchday squad, but did not play","On matchday squad, but did not play","On matchday squad, but did not play","On matchday squad, but did not play","On matchday squad, but did not play","On matchday squad, but did not play","On matchday squad, but did not play","On matchday squad, but did not play","On matchday squad, but did not play","On matchday squad, but did not play","On matchday squad, but did not play","On matchday squad, but did not play","On matchday squad, but did not play","On matchday squad, but did not play","On matchday squad, but did not play","On matchday squad, but did not play","On matchday squad, but did not play","On matchday squad, but did not play","On matchday squad, but did not play","On matchday squad, but did not play","On matchday squad, but did not play","On matchday squad, but did not play","On matchday squad, but did not play","On matchday squad, but did not play","On matchday squad, but did not play","On matchday squad, but did not play","On matchday squad, but did not play","On matchday squad, but did not play","On matchday squad, but did not play","On matchday squad, but did not play","On matchday squad, but did not play","On matchday squad, but did not play","On matchday squad, but did not play","On matchday squad, but did not play","On matchday squad, but did not play","On matchday squad, but did not play","On matchday squad, but did not play","On matchday squad, but did not play","On matchday squad, but did not play","On matchday squad, but did not play","On matchday squad, but did not play","On matchday squad, but did not play","On matchday squad, but did not play","On matchday squad, but did not play",Aston Villa,Axel-Disasi,ad82197c
Date,Day,Round,Venue,Result,Squad,Opponent,Start,Pos,Min,Gls,Ast,PK,PKatt,Sh,SoT,CrdY,CrdR,Touches,Tkl,Int,Blocks,xG,npxG,xAG,SCA,GCA,Cmp,Att,Cmp%,PrgP,Carries,PrgC,Att,Succ,Match Report,Cmp,Att,Cmp%,TotDist,PrgDist,Cmp,Att,Cmp%,Cmp,Att,Cmp%,Cmp,Att,Cmp%,Ast,xAG,xA,KP,1/3,PPA,CrsPA,PrgP,Att,Live,Dead,FK,TB,Sw,Crs,TI,CK,In,Out,Str,Cmp,Off,Blocks,SCA,PassLive,PassDead,TO,Sh,Fld,Def,GCA,PassLive,PassDead,TO,Sh,Fld,Def,Touches,Def Pen,Def 3rd,Mid 3rd,Att 3rd,Att Pen,Live,Att,Succ,Succ%,Tkld,Tkld%,Carries,TotDist,PrgDist,PrgC,1/3,CPA,Mis,Dis,Rec,PrgR,Tkl,TklW,Def 3rd,Mid 3rd,Att 3rd,Tkl,Att,Tkl%,Lost,Blocks,Sh,Pass,Int,Tkl+Int,Clr,Err,Aston Villa,Axel-Disasi,ad82197c
2025-02-15,Sat,Matchweek 25,Home,D 1–1,Aston Villa,Ipswich Town,Y,CB,90,0,0,0,0,0,0,0,0,90,0,2,0,0.0,0.0,0.3,2,0,77,84,91.7,6,70,2,2,1,Match Report,77,84,91.7,1384,485,29,30,96.7,47,49,95.9,1,2,50.0,0,0.3,0.2,1,9,1,0,6,84,82,1,1,1,0,0,0,0,0,0,0,77,1,0,2,2,0,0,0,0,0,0,0,0,0,0,0,0,90,5,25,62,3,1,90,2,1,50.0,1,50.0,70,387,204,2,1,0,0,0,72,2,0,0,0,0,0,0,1,0.0,1,0,0,0,2,2,3,0,Aston Villa,Axel-Disasi,ad82197c
2025-02-19,Wed,Matchweek 29,Home,D 2–2,Aston Villa,Liverpool,Y,CB,90,0,0,0,0,0,0,1,0,71,0,0,0,0.0,0.0,0.0,0,0,59,63,93.7,1,54,3,2,2,Match Report,59,63,93.7,941,370,27,27,100.0,29,30,96.7,2,3,66.7,0,0.0,0.0,0,0,0,0,1,63,62,1,1,0,0,0,0,0,0,0,0,59,0,2,0,0,0,0,0,0,0,0,0,0,0,0,0,0,71,10,36,31,5,2,71,2,2,100.0,0,0.0,54,316,112,3,1,2,0,1,53,2,0,0,0,0,0,0,0,,0,0,0,0,0,0,6,0,Aston Villa,Axel-Disasi,ad82197c
2025-02-25,Tue,Matchweek 27,Away,L 1–4,Aston Villa,Crystal Palace,Y,CB,90,0,0,0,0,1,0,0,0,52,1,1,0,0.1,0.1,0.0,1,0,34,40,85.0,3,22,2,4,2,Match Report,34,40,85.0,559,208,14,15,93.3,17,19,89.5,3,5,60.0,0,0.0,0.0,0,1,1,0,3,40,36,4,3,0,0,0,1,0,0,0,0,34,0,1,1,1,0,0,0,0,0,0,0,0,0,0,0,0,52,3,16,30,7,1,52,4,2,50.0,2,50.0,22,170,103,2,2,0,1,1,34,0,1,0,0,1,0,0,0,,0,0,0,0,1,2,2,0,Aston Villa,Axel-Disasi,ad82197c
2025-03-08,Sat,Matchweek 28,Away,W 1–0,Aston Villa,Brentford,Y,RB,90,0,0,0,0,0,0,0,0,48,3,2,3,0.0,0.0,0.0,3,0,21,30,70.0,2,18,1,5,2,Match Report,21,30,70.0,334,167,11,14,78.6,9,12,75.0,1,2,50.0,0,0.0,0.0,1,1,1,0,2,30,23,7,0,0,0,1,7,0,0,0,0,21,0,2,3,2,0,0,0,0,1,0,0,0,0,0,0,0,48,10,23,16,9,2,48,5,2,40.0,3,60.0,18,87,56,1,3,0,1,0,19,1,3,2,3,0,0,0,1,0.0,1,3,1,2,2,5,5,0,Aston Villa,Axel-Disasi,ad82197c
2025-04-02,Wed,Matchweek 30,Away,W 3–0,Aston Villa,Brighton,N,RB,10,0,0,0,0,0,0,1,0,7,0,0,1,0.0,0.0,0.0,0,0,2,5,40.0,0,2,0,0,0,Match Report,2,5,40.0,33,0,1,1,100.0,1,3,33.3,0,1,0.0,0,0.0,0.0,0,0,0,0,0,5,4,1,0,0,0,0,1,0,0,0,0,2,0,0,0,0,0,0,0,0,0,0,0,0,0,0,0,0,7,2,4,3,0,0,7,0,0,,0,,2,11,0,0,0,0,0,0,2,0,0,0,0,0,0,0,0,,0,1,0,1,0,0,1,0,Aston Villa,Axel-Disasi,ad82197c
2025-04-05,Sat,Matchweek 31,Home,W 2–1,Aston Villa,Nott'ham Forest,Y,"RB,CB",90,0,0,0,0,1,0,0,0,56,2,0,0,0.0,0.0,0.0,3,0,45,50,90.0,3,38,2,2,2,Match Report,45,50,90.0,761,272,18,19,94.7,26,29,89.7,1,2,50.0,0,0.0,0.0,1,3,0,0,3,50,46,4,4,0,0,0,0,0,0,0,0,45,0,0,3,2,0,1,0,0,0,0,0,0,0,0,0,0,56,2,21,32,4,0,56,2,2,100.0,0,0.0,38,279,143,2,1,0,1,0,39,0,2,2,2,0,0,1,1,100.0,0,0,0,0,0,2,1,0,Aston Villa,Axel-Disasi,ad82197c
2025-04-12,Sat,Matchweek 32,Away,W 3–0,Aston Villa,Southampton,N,"On matchday squad, but did not play","On matchday squad, but did not play","On matchday squad, but did not play","On matchday squad, but did not play","On matchday squad, but did not play","On matchday squad, but did not play","On matchday squad, but did not play","On matchday squad, but did not play","On matchday squad, but did not play","On matchday squad, but did not play","On matchday squad, but did not play","On matchday squad, but did not play","On matchday squad, but did not play","On matchday squad, but did not play","On matchday squad, but did not play","On matchday squad, but did not play","On matchday squad, but did not play","On matchday squad, but did not play","On matchday squad, but did not play","On matchday squad, but did not play","On matchday squad, but did not play","On matchday squad, but did not play","On matchday squad, but did not play","On matchday squad, but did not play","On matchday squad, but did not play","On matchday squad, but did not play","On matchday squad, but did not play",Match Report,"On matchday squad, but did not play","On matchday squad, but did not play","On matchday squad, but did not play","On matchday squad, but did not play","On matchday squad, but did not play","On matchday squad, but did not play","On matchday squad, but did not play","On matchday squad, but did not play","On matchday squad, but did not play","On matchday squad, but did not play","On matchday squad, but did not play","On matchday squad, but did not play","On matchday squad, but did not play","On matchday squad, but did not play","On matchday squad, but did not play","On matchday squad, but did not play","On matchday squad, but did not play","On matchday squad, but did not play","On matchday squad, but did not play","On matchday squad, but did not play","On matchday squad, but did not play","On matchday squad, but did not play","On matchday squad, but did not play","On matchday squad, but did not play","On matchday squad, but did not play","On matchday squad, but did not play","On matchday squad, but did not play","On matchday squad, but did not play","On matchday squad, but did not play","On matchday squad, but did not play","On matchday squad, but did not play","On matchday squad, but did not play","On matchday squad, but did not play","On matchday squad, but did not play","On matchday squad, but did not play","On matchday squad, but did not play","On matchday squad, but did not play","On matchday squad, but did not play","On matchday squad, but did not play","On matchday squad, but did not play","On matchday squad, but did not play","On matchday squad, but did not play","On matchday squad, but did not play","On matchday squad, but did not play","On matchday squad, but did not play","On matchday squad, but did not play","On matchday squad, but did not play","On matchday squad, but did not play","On matchday squad, but did not play","On matchday squad, but did not play","On matchday squad, but did not play","On matchday squad, but did not play","On matchday squad, but did not play","On matchday squad, but did not play","On matchday squad, but did not play","On matchday squad, but did not play","On matchday squad, but did not play","On matchday squad, but did not play","On matchday squad, but did not play","On matchday squad, but did not play","On matchday squad, but did not play","On matchday squad, but did not play","On matchday squad, but did not play","On matchday squad, but did not play","On matchday squad, but did not play","On matchday squad, but did not play","On matchday squad, but did not play","On matchday squad, but did not play","On matchday squad, but did not play","On matchday squad, but did not play","On matchday squad, but did not play","On matchday squad, but did not play","On matchday squad, but did not play","On matchday squad, but did not play","On matchday squad, but did not play","On matchday squad, but did not play","On matchday squad, but did not play","On matchday squad, but did not play","On matchday squad, but did not play","On matchday squad, but did not play","On matchday squad, but did not play","On matchday squad, but did not play","On matchday squad, but did not play","On matchday squad, but did not play","On matchday squad, but did not play","On matchday squad, but did not play","On matchday squad, but did not play","On matchday squad, but did not play","On matchday squad, but did not play",Aston Villa,Axel-Disasi,ad82197c
2025-04-19,Sat,Matchweek 33,Home,W 4–1,Aston Villa,Newcastle Utd,N,"On matchday squad, but did not play","On matchday squad, but did not play","On matchday squad, but did not play","On matchday squad, but did not play","On matchday squad, but did not play","On matchday squad, but did not play","On matchday squad, but did not play","On matchday squad, but did not play","On matchday squad, but did not play","On matchday squad, but did not play","On matchday squad, but did not play","On matchday squad, but did not play","On matchday squad, but did not play","On matchday squad, but did not play","On matchday squad, but did not play","On matchday squad, but did not play","On matchday squad, but did not play","On matchday squad, but did not play","On matchday squad, but did not play","On matchday squad, but did not play","On matchday squad, but did not play","On matchday squad, but did not play","On matchday squad, but did not play","On matchday squad, but did not play","On matchday squad, but did not play","On matchday squad, but did not play","On matchday squad, but did not play",Match Report,"On matchday squad, but did not play","On matchday squad, but did not play","On matchday squad, but did not play","On matchday squad, but did not play","On matchday squad, but did not play","On matchday squad, but did not play","On matchday squad, but did not play","On matchday squad, but did not play","On matchday squad, but did not play","On matchday squad, but did not play","On matchday squad, but did not play","On matchday squad, but did not play","On matchday squad, but did not play","On matchday squad, but did not play","On matchday squad, but did not play","On matchday squad, but did not play","On matchday squad, but did not play","On matchday squad, but did not play","On matchday squad, but did not play","On matchday squad, but did not play","On matchday squad, but did not play","On matchday squad, but did not play","On matchday squad, but did not play","On matchday squad, but did not play","On matchday squad, but did not play","On matchday squad, but did not play","On matchday squad, but did not play","On matchday squad, but did not play","On matchday squad, but did not play","On matchday squad, but did not play","On matchday squad, but did not play","On matchday squad, but did not play","On matchday squad, but did not play","On matchday squad, but did not play","On matchday squad, but did not play","On matchday squad, but did not play","On matchday squad, but did not play","On matchday squad, but did not play","On matchday squad, but did not play","On matchday squad, but did not play","On matchday squad, but did not play","On matchday squad, but did not play","On matchday squad, but did not play","On matchday squad, but did not play","On matchday squad, but did not play","On matchday squad, but did not play","On matchday squad, but did not play","On matchday squad, but did not play","On matchday squad, but did not play","On matchday squad, but did not play","On matchday squad, but did not play","On matchday squad, but did not play","On matchday squad, but did not play","On matchday squad, but did not play","On matchday squad, but did not play","On matchday squad, but did not play","On matchday squad, but did not play","On matchday squad, but did not play","On matchday squad, but did not play","On matchday squad, but did not play","On matchday squad, but did not play","On matchday squad, but did not play","On matchday squad, but did not play","On matchday squad, but did not play","On matchday squad, but did not play","On matchday squad, but did not play","On matchday squad, but did not play","On matchday squad, but did not play","On matchday squad, but did not play","On matchday squad, but did not play","On matchday squad, but did not play","On matchday squad, but did not play","On matchday squad, but did not play","On matchday squad, but did not play","On matchday squad, but did not play","On matchday squad, but did not play","On matchday squad, but did not play","On matchday squad, but did not play","On matchday squad, but did not play","On matchday squad, but did not play","On matchday squad, but did not play","On matchday squad, but did not play","On matchday squad, but did not play","On matchday squad, but did not play","On matchday squad, but did not play","On matchday squad, but did not play","On matchday squad, but did not play","On matchday squad, but did not play","On matchday squad, but did not play",Aston Villa,Axel-Disasi,ad82197c
2025-04-22,Tue,Matchweek 34,Away,L 1–2,Aston Villa,Manchester City,N,RB,30,0,0,0,0,0,0,0,0,10,2,0,0,0.0,0.0,0.0,0,0,5,8,62.5,1,3,0,0,0,Match Report,5,8,62.5,68,15,3,3,100.0,2,4,50.0,0,0,,0,0.0,0.0,0,0,0,0,1,8,5,2,0,0,0,0,2,0,0,0,0,5,1,0,0,0,0,0,0,0,0,0,0,0,0,0,0,0,10,0,5,4,1,0,10,0,0,,0,,3,18,3,0,0,0,0,0,4,0,2,1,2,0,0,2,4,50.0,2,0,0,0,0,2,0,0,Aston Villa,Axel-Disasi,ad82197c
2025-05-10,Sat,Matchweek 36,Away,W 1–0,Aston Villa,Bournemouth,N,"On matchday squad, but did not play","On matchday squad, but did not play","On matchday squad, but did not play","On matchday squad, but did not play","On matchday squad, but did not play","On matchday squad, but did not play","On matchday squad, but did not play","On matchday squad, but did not play","On matchday squad, but did not play","On matchday squad, but did not play","On matchday squad, but did not play","On matchday squad, but did not play","On matchday squad, but did not play","On matchday squad, but did not play","On matchday squad, but did not play","On matchday squad, but did not play","On matchday squad, but did not play","On matchday squad, but did not play","On matchday squad, but did not play","On matchday squad, but did not play","On matchday squad, but did not play","On matchday squad, but did not play","On matchday squad, but did not play","On matchday squad, but did not play","On matchday squad, but did not play","On matchday squad, but did not play","On matchday squad, but did not play",Match Report,"On matchday squad, but did not play","On matchday squad, but did not play","On matchday squad, but did not play","On matchday squad, but did not play","On matchday squad, but did not play","On matchday squad, but did not play","On matchday squad, but did not play","On matchday squad, but did not play","On matchday squad, but did not play","On matchday squad, but did not play","On matchday squad, but did not play","On matchday squad, but did not play","On matchday squad, but did not play","On matchday squad, but did not play","On matchday squad, but did not play","On matchday squad, but did not play","On matchday squad, but did not play","On matchday squad, but did not play","On matchday squad, but did not play","On matchday squad, but did not play","On matchday squad, but did not play","On matchday squad, but did not play","On matchday squad, but did not play","On matchday squad, but did not play","On matchday squad, but did not play","On matchday squad, but did not play","On matchday squad, but did not play","On matchday squad, but did not play","On matchday squad, but did not play","On matchday squad, but did not play","On matchday squad, but did not play","On matchday squad, but did not play","On matchday squad, but did not play","On matchday squad, but did not play","On matchday squad, but did not play","On matchday squad, but did not play","On matchday squad, but did not play","On matchday squad, but did not play","On matchday squad, but did not play","On matchday squad, but did not play","On matchday squad, but did not play","On matchday squad, but did not play","On matchday squad, but did not play","On matchday squad, but did not play","On matchday squad, but did not play","On matchday squad, but did not play","On matchday squad, but did not play","On matchday squad, but did not play","On matchday squad, but did not play","On matchday squad, but did not play","On matchday squad, but did not play","On matchday squad, but did not play","On matchday squad, but did not play","On matchday squad, but did not play","On matchday squad, but did not play","On matchday squad, but did not play","On matchday squad, but did not play","On matchday squad, but did not play","On matchday squad, but did not play","On matchday squad, but did not play","On matchday squad, but did not play","On matchday squad, but did not play","On matchday squad, but did not play","On matchday squad, but did not play","On matchday squad, but did not play","On matchday squad, but did not play","On matchday squad, but did not play","On matchday squad, but did not play","On matchday squad, but did not play","On matchday squad, but did not play","On matchday squad, but did not play","On matchday squad, but did not play","On matchday squad, but did not play","On matchday squad, but did not play","On matchday squad, but did not play","On matchday squad, but did not play","On matchday squad, but did not play","On matchday squad, but did not play","On matchday squad, but did not play","On matchday squad, but did not play","On matchday squad, but did not play","On matchday squad, but did not play","On matchday squad, but did not play","On matchday squad, but did not play","On matchday squad, but did not play","On matchday squad, but did not play","On matchday squad, but did not play","On matchday squad, but did not play","On matchday squad, but did not play",Aston Villa,Axel-Disasi,ad82197c
2025-05-16,Fri,Matchweek 37,Home,W 2–0,Aston Villa,Tottenham,N,"On matchday squad, but did not play","On matchday squad, but did not play","On matchday squad, but did not play","On matchday squad, but did not play","On matchday squad, but did not play","On matchday squad, but did not play","On matchday squad, but did not play","On matchday squad, but did not play","On matchday squad, but did not play","On matchday squad, but did not play","On matchday squad, but did not play","On matchday squad, but did not play","On matchday squad, but did not play","On matchday squad, but did not play","On matchday squad, but did not play","On matchday squad, but did not play","On matchday squad, but did not play","On matchday squad, but did not play","On matchday squad, but did not play","On matchday squad, but did not play","On matchday squad, but did not play","On matchday squad, but did not play","On matchday squad, but did not play","On matchday squad, but did not play","On matchday squad, but did not play","On matchday squad, but did not play","On matchday squad, but did not play",Match Report,"On matchday squad, but did not play","On matchday squad, but did not play","On matchday squad, but did not play","On matchday squad, but did not play","On matchday squad, but did not play","On matchday squad, but did not play","On matchday squad, but did not play","On matchday squad, but did not play","On matchday squad, but did not play","On matchday squad, but did not play","On matchday squad, but did not play","On matchday squad, but did not play","On matchday squad, but did not play","On matchday squad, but did not play","On matchday squad, but did not play","On matchday squad, but did not play","On matchday squad, but did not play","On matchday squad, but did not play","On matchday squad, but did not play","On matchday squad, but did not play","On matchday squad, but did not play","On matchday squad, but did not play","On matchday squad, but did not play","On matchday squad, but did not play","On matchday squad, but did not play","On matchday squad, but did not play","On matchday squad, but did not play","On matchday squad, but did not play","On matchday squad, but did not play","On matchday squad, but did not play","On matchday squad, but did not play","On matchday squad, but did not play","On matchday squad, but did not play","On matchday squad, but did not play","On matchday squad, but did not play","On matchday squad, but did not play","On matchday squad, but did not play","On matchday squad, but did not play","On matchday squad, but did not play","On matchday squad, but did not play","On matchday squad, but did not play","On matchday squad, but did not play","On matchday squad, but did not play","On matchday squad, but did not play","On matchday squad, but did not play","On matchday squad, but did not play","On matchday squad, but did not play","On matchday squad, but did not play","On matchday squad, but did not play","On matchday squad, but did not play","On matchday squad, but did not play","On matchday squad, but did not play","On matchday squad, but did not play","On matchday squad, but did not play","On matchday squad, but did not play","On matchday squad, but did not play","On matchday squad, but did not play","On matchday squad, but did not play","On matchday squad, but did not play","On matchday squad, but did not play","On matchday squad, but did not play","On matchday squad, but did not play","On matchday squad, but did not play","On matchday squad, but did not play","On matchday squad, but did not play","On matchday squad, but did not play","On matchday squad, but did not play","On matchday squad, but did not play","On matchday squad, but did not play","On matchday squad, but did not play","On matchday squad, but did not play","On matchday squad, but did not play","On matchday squad, but did not play","On matchday squad, but did not play","On matchday squad, but did not play","On matchday squad, but did not play","On matchday squad, but did not play","On matchday squad, but did not play","On matchday squad, but did not play","On matchday squad, but did not play","On matchday squad, but did not play","On matchday squad, but did not play","On matchday squad, but did not play","On matchday squad, but did not play","On matchday squad, but did not play","On matchday squad, but did not play","On matchday squad, but did not play","On matchday squad, but did not play","On matchday squad, but did not play",Aston Villa,Axel-Disasi,ad82197c
2024-08-31,Sat,Matchweek 3,Away,W 2–1,Aston Villa,Leicester City,Y,RB,78,0,0,0,0,0,0,1,0,44,3,0,0,0.0,0.0,0.0,2,0,30,37,81.1,2,25,3,1,1,Match Report,30,37,81.1,394,183,23,25,92.0,6,9,66.7,0,1,0.0,0,0.0,0.0,0,2,0,0,2,37,31,6,3,0,0,0,3,0,0,0,0,30,0,0,2,2,0,0,0,0,0,0,0,0,0,0,0,0,44,3,16,23,5,0,44,1,1,100.0,0,0.0,25,187,114,3,2,0,0,4,29,1,3,1,1,2,0,1,4,25.0,3,0,0,0,0,3,3,0,Aston Villa,Lamare-Bogarde,bca5c4a7
2024-09-14,Sat,Matchweek 4,Home,W 3–2,Aston Villa,Everton,Y,RB,90,0,0,0,0,0,0,0,0,73,5,1,1,0.0,0.0,0.1,4,0,56,62,90.3,4,47,0,1,0,Match Report,56,62,90.3,871,263,32,35,91.4,22,22,100.0,2,4,50.0,0,0.1,0.1,1,8,1,0,4,62,55,7,3,0,0,0,4,0,0,0,0,56,0,0,4,2,1,0,0,0,1,0,0,0,0,0,0,0,73,3,15,48,11,0,73,1,0,0.0,0,0.0,47,139,43,0,1,0,2,1,50,4,5,3,1,3,1,4,5,80.0,1,1,0,1,1,6,1,0,Aston Villa,Lamare-Bogarde,bca5c4a7
2024-09-21,Sat,Matchweek 5,Home,W 3–1,Aston Villa,Wolves,N,"On matchday squad, but did not play","On matchday squad, but did not play","On matchday squad, but did not play","On matchday squad, but did not play","On matchday squad, but did not play","On matchday squad, but did not play","On matchday squad, but did not play","On matchday squad, but did not play","On matchday squad, but did not play","On matchday squad, but did not play","On matchday squad, but did not play","On matchday squad, but did not play","On matchday squad, but did not play","On matchday squad, but did not play","On matchday squad, but did not play","On matchday squad, but did not play","On matchday squad, but did not play","On matchday squad, but did not play","On matchday squad, but did not play","On matchday squad, but did not play","On matchday squad, but did not play","On matchday squad, but did not play","On matchday squad, but did not play","On matchday squad, but did not play","On matchday squad, but did not play","On matchday squad, but did not play","On matchday squad, but did not play",Match Report,"On matchday squad, but did not play","On matchday squad, but did not play","On matchday squad, but did not play","On matchday squad, but did not play","On matchday squad, but did not play","On matchday squad, but did not play","On matchday squad, but did not play","On matchday squad, but did not play","On matchday squad, but did not play","On matchday squad, but did not play","On matchday squad, but did not play","On matchday squad, but did not play","On matchday squad, but did not play","On matchday squad, but did not play","On matchday squad, but did not play","On matchday squad, but did not play","On matchday squad, but did not play","On matchday squad, but did not play","On matchday squad, but did not play","On matchday squad, but did not play","On matchday squad, but did not play","On matchday squad, but did not play","On matchday squad, but did not play","On matchday squad, but did not play","On matchday squad, but did not play","On matchday squad, but did not play","On matchday squad, but did not play","On matchday squad, but did not play","On matchday squad, but did not play","On matchday squad, but did not play","On matchday squad, but did not play","On matchday squad, but did not play","On matchday squad, but did not play","On matchday squad, but did not play","On matchday squad, but did not play","On matchday squad, but did not play","On matchday squad, but did not play","On matchday squad, but did not play","On matchday squad, but did not play","On matchday squad, but did not play","On matchday squad, but did not play","On matchday squad, but did not play","On matchday squad, but did not play","On matchday squad, but did not play","On matchday squad, but did not play","On matchday squad, but did not play","On matchday squad, but did not play","On matchday squad, but did not play","On matchday squad, but did not play","On matchday squad, but did not play","On matchday squad, but did not play","On matchday squad, but did not play","On matchday squad, but did not play","On matchday squad, but did not play","On matchday squad, but did not play","On matchday squad, but did not play","On matchday squad, but did not play","On matchday squad, but did not play","On matchday squad, but did not play","On matchday squad, but did not play","On matchday squad, but did not play","On matchday squad, but did not play","On matchday squad, but did not play","On matchday squad, but did not play","On matchday squad, but did not play","On matchday squad, but did not play","On matchday squad, but did not play","On matchday squad, but did not play","On matchday squad, but did not play","On matchday squad, but did not play","On matchday squad, but did not play","On matchday squad, but did not play","On matchday squad, but did not play","On matchday squad, but did not play","On matchday squad, but did not play","On matchday squad, but did not play","On matchday squad, but did not play","On matchday squad, but did not play","On matchday squad, but did not play","On matchday squad, but did not play","On matchday squad, but did not play","On matchday squad, but did not play","On matchday squad, but did not play","On matchday squad, but did not play","On matchday squad, but did not play","On matchday squad, but did not play","On matchday squad, but did not play","On matchday squad, but did not play","On matchday squad, but did not play",Aston Villa,Lamare-Bogarde,bca5c4a7
2024-09-29,Sun,Matchweek 6,Away,D 2–2,Aston Villa,Ipswich Town,N,"On matchday squad, but did not play","On matchday squad, but did not play","On matchday squad, but did not play","On matchday squad, but did not play","On matchday squad, but did not play","On matchday squad, but did not play","On matchday squad, but did not play","On matchday squad, but did not play","On matchday squad, but did not play","On matchday squad, but did not play","On matchday squad, but did not play","On matchday squad, but did not play","On matchday squad, but did not play","On matchday squad, but did not play","On matchday squad, but did not play","On matchday squad, but did not play","On matchday squad, but did not play","On matchday squad, but did not play","On matchday squad, but did not play","On matchday squad, but did not play","On matchday squad, but did not play","On matchday squad, but did not play","On matchday squad, but did not play","On matchday squad, but did not play","On matchday squad, but did not play","On matchday squad, but did not play","On matchday squad, but did not play",Match Report,"On matchday squad, but did not play","On matchday squad, but did not play","On matchday squad, but did not play","On matchday squad, but did not play","On matchday squad, but did not play","On matchday squad, but did not play","On matchday squad, but did not play","On matchday squad, but did not play","On matchday squad, but did not play","On matchday squad, but did not play","On matchday squad, but did not play","On matchday squad, but did not play","On matchday squad, but did not play","On matchday squad, but did not play","On matchday squad, but did not play","On matchday squad, but did not play","On matchday squad, but did not play","On matchday squad, but did not play","On matchday squad, but did not play","On matchday squad, but did not play","On matchday squad, but did not play","On matchday squad, but did not play","On matchday squad, but did not play","On matchday squad, but did not play","On matchday squad, but did not play","On matchday squad, but did not play","On matchday squad, but did not play","On matchday squad, but did not play","On matchday squad, but did not play","On matchday squad, but did not play","On matchday squad, but did not play","On matchday squad, but did not play","On matchday squad, but did not play","On matchday squad, but did not play","On matchday squad, but did not play","On matchday squad, but did not play","On matchday squad, but did not play","On matchday squad, but did not play","On matchday squad, but did not play","On matchday squad, but did not play","On matchday squad, but did not play","On matchday squad, but did not play","On matchday squad, but did not play","On matchday squad, but did not play","On matchday squad, but did not play","On matchday squad, but did not play","On matchday squad, but did not play","On matchday squad, but did not play","On matchday squad, but did not play","On matchday squad, but did not play","On matchday squad, but did not play","On matchday squad, but did not play","On matchday squad, but did not play","On matchday squad, but did not play","On matchday squad, but did not play","On matchday squad, but did not play","On matchday squad, but did not play","On matchday squad, but did not play","On matchday squad, but did not play","On matchday squad, but did not play","On matchday squad, but did not play","On matchday squad, but did not play","On matchday squad, but did not play","On matchday squad, but did not play","On matchday squad, but did not play","On matchday squad, but did not play","On matchday squad, but did not play","On matchday squad, but did not play","On matchday squad, but did not play","On matchday squad, but did not play","On matchday squad, but did not play","On matchday squad, but did not play","On matchday squad, but did not play","On matchday squad, but did not play","On matchday squad, but did not play","On matchday squad, but did not play","On matchday squad, but did not play","On matchday squad, but did not play","On matchday squad, but did not play","On matchday squad, but did not play","On matchday squad, but did not play","On matchday squad, but did not play","On matchday squad, but did not play","On matchday squad, but did not play","On matchday squad, but did not play","On matchday squad, but did not play","On matchday squad, but did not play","On matchday squad, but did not play","On matchday squad, but did not play",Aston Villa,Lamare-Bogarde,bca5c4a7
2024-10-06,Sun,Matchweek 7,Home,D 0–0,Aston Villa,Manchester Utd,N,"On matchday squad, but did not play","On matchday squad, but did not play","On matchday squad, but did not play","On matchday squad, but did not play","On matchday squad, but did not play","On matchday squad, but did not play","On matchday squad, but did not play","On matchday squad, but did not play","On matchday squad, but did not play","On matchday squad, but did not play","On matchday squad, but did not play","On matchday squad, but did not play","On matchday squad, but did not play","On matchday squad, but did not play","On matchday squad, but did not play","On matchday squad, but did not play","On matchday squad, but did not play","On matchday squad, but did not play","On matchday squad, but did not play","On matchday squad, but did not play","On matchday squad, but did not play","On matchday squad, but did not play","On matchday squad, but did not play","On matchday squad, but did not play","On matchday squad, but did not play","On matchday squad, but did not play","On matchday squad, but did not play",Match Report,"On matchday squad, but did not play","On matchday squad, but did not play","On matchday squad, but did not play","On matchday squad, but did not play","On matchday squad, but did not play","On matchday squad, but did not play","On matchday squad, but did not play","On matchday squad, but did not play","On matchday squad, but did not play","On matchday squad, but did not play","On matchday squad, but did not play","On matchday squad, but did not play","On matchday squad, but did not play","On matchday squad, but did not play","On matchday squad, but did not play","On matchday squad, but did not play","On matchday squad, but did not play","On matchday squad, but did not play","On matchday squad, but did not play","On matchday squad, but did not play","On matchday squad, but did not play","On matchday squad, but did not play","On matchday squad, but did not play","On matchday squad, but did not play","On matchday squad, but did not play","On matchday squad, but did not play","On matchday squad, but did not play","On matchday squad, but did not play","On matchday squad, but did not play","On matchday squad, but did not play","On matchday squad, but did not play","On matchday squad, but did not play","On matchday squad, but did not play","On matchday squad, but did not play","On matchday squad, but did not play","On matchday squad, but did not play","On matchday squad, but did not play","On matchday squad, but did not play","On matchday squad, but did not play","On matchday squad, but did not play","On matchday squad, but did not play","On matchday squad, but did not play","On matchday squad, but did not play","On matchday squad, but did not play","On matchday squad, but did not play","On matchday squad, but did not play","On matchday squad, but did not play","On matchday squad, but did not play","On matchday squad, but did not play","On matchday squad, but did not play","On matchday squad, but did not play","On matchday squad, but did not play","On matchday squad, but did not play","On matchday squad, but did not play","On matchday squad, but did not play","On matchday squad, but did not play","On matchday squad, but did not play","On matchday squad, but did not play","On matchday squad, but did not play","On matchday squad, but did not play","On matchday squad, but did not play","On matchday squad, but did not play","On matchday squad, but did not play","On matchday squad, but did not play","On matchday squad, but did not play","On matchday squad, but did not play","On matchday squad, but did not play","On matchday squad, but did not play","On matchday squad, but did not play","On matchday squad, but did not play","On matchday squad, but did not play","On matchday squad, but did not play","On matchday squad, but did not play","On matchday squad, but did not play","On matchday squad, but did not play","On matchday squad, but did not play","On matchday squad, but did not play","On matchday squad, but did not play","On matchday squad, but did not play","On matchday squad, but did not play","On matchday squad, but did not play","On matchday squad, but did not play","On matchday squad, but did not play","On matchday squad, but did not play","On matchday squad, but did not play","On matchday squad, but did not play","On matchday squad, but did not play","On matchday squad, but did not play","On matchday squad, but did not play",Aston Villa,Lamare-Bogarde,bca5c4a7
2024-11-09,Sat,Matchweek 11,Away,L 0–2,Aston Villa,Liverpool,N,"On matchday squad, but did not play","On matchday squad, but did not play","On matchday squad, but did not play","On matchday squad, but did not play","On matchday squad, but did not play","On matchday squad, but did not play","On matchday squad, but did not play","On matchday squad, but did not play","On matchday squad, but did not play","On matchday squad, but did not play","On matchday squad, but did not play","On matchday squad, but did not play","On matchday squad, but did not play","On matchday squad, but did not play","On matchday squad, but did not play","On matchday squad, but did not play","On matchday squad, but did not play","On matchday squad, but did not play","On matchday squad, but did not play","On matchday squad, but did not play","On matchday squad, but did not play","On matchday squad, but did not play","On matchday squad, but did not play","On matchday squad, but did not play","On matchday squad, but did not play","On matchday squad, but did not play","On matchday squad, but did not play",Match Report,"On matchday squad, but did not play","On matchday squad, but did not play","On matchday squad, but did not play","On matchday squad, but did not play","On matchday squad, but did not play","On matchday squad, but did not play","On matchday squad, but did not play","On matchday squad, but did not play","On matchday squad, but did not play","On matchday squad, but did not play","On matchday squad, but did not play","On matchday squad, but did not play","On matchday squad, but did not play","On matchday squad, but did not play","On matchday squad, but did not play","On matchday squad, but did not play","On matchday squad, but did not play","On matchday squad, but did not play","On matchday squad, but did not play","On matchday squad, but did not play","On matchday squad, but did not play","On matchday squad, but did not play","On matchday squad, but did not play","On matchday squad, but did not play","On matchday squad, but did not play","On matchday squad, but did not play","On matchday squad, but did not play","On matchday squad, but did not play","On matchday squad, but did not play","On matchday squad, but did not play","On matchday squad, but did not play","On matchday squad, but did not play","On matchday squad, but did not play","On matchday squad, but did not play","On matchday squad, but did not play","On matchday squad, but did not play","On matchday squad, but did not play","On matchday squad, but did not play","On matchday squad, but did not play","On matchday squad, but did not play","On matchday squad, but did not play","On matchday squad, but did not play","On matchday squad, but did not play","On matchday squad, but did not play","On matchday squad, but did not play","On matchday squad, but did not play","On matchday squad, but did not play","On matchday squad, but did not play","On matchday squad, but did not play","On matchday squad, but did not play","On matchday squad, but did not play","On matchday squad, but did not play","On matchday squad, but did not play","On matchday squad, but did not play","On matchday squad, but did not play","On matchday squad, but did not play","On matchday squad, but did not play","On matchday squad, but did not play","On matchday squad, but did not play","On matchday squad, but did not play","On matchday squad, but did not play","On matchday squad, but did not play","On matchday squad, but did not play","On matchday squad, but did not play","On matchday squad, but did not play","On matchday squad, but did not play","On matchday squad, but did not play","On matchday squad, but did not play","On matchday squad, but did not play","On matchday squad, but did not play","On matchday squad, but did not play","On matchday squad, but did not play","On matchday squad, but did not play","On matchday squad, but did not play","On matchday squad, but did not play","On matchday squad, but did not play","On matchday squad, but did not play","On matchday squad, but did not play","On matchday squad, but did not play","On matchday squad, but did not play","On matchday squad, but did not play","On matchday squad, but did not play","On matchday squad, but did not play","On matchday squad, but did not play","On matchday squad, but did not play","On matchday squad, but did not play","On matchday squad, but did not play","On matchday squad, but did not play","On matchday squad, but did not play",Aston Villa,Lamare-Bogarde,bca5c4a7
2024-11-23,Sat,Matchweek 12,Home,D 2–2,Aston Villa,Crystal Palace,Y,RB,45,0,0,0,0,0,0,0,0,41,0,0,1,0.0,0.0,0.0,1,0,34,39,87.2,2,23,4,1,1,Match Report,34,39,87.2,516,193,18,19,94.7,16,17,94.1,0,2,0.0,0,0.0,0.0,0,6,0,0,2,39,35,4,0,0,0,0,4,0,0,0,0,34,0,1,1,1,0,0,0,0,0,0,0,0,0,0,0,0,41,0,7,28,6,1,41,1,1,100.0,0,0.0,23,170,131,4,1,1,0,1,29,2,0,0,0,0,0,0,0,,0,1,0,1,0,0,0,0,Aston Villa,Lamare-Bogarde,bca5c4a7
2024-12-01,Sun,Matchweek 13,Away,L 0–3,Aston Villa,Chelsea,N,"On matchday squad, but did not play","On matchday squad, but did not play","On matchday squad, but did not play","On matchday squad, but did not play","On matchday squad, but did not play","On matchday squad, but did not play","On matchday squad, but did not play","On matchday squad, but did not play","On matchday squad, but did not play","On matchday squad, but did not play","On matchday squad, but did not play","On matchday squad, but did not play","On matchday squad, but did not play","On matchday squad, but did not play","On matchday squad, but did not play","On matchday squad, but did not play","On matchday squad, but did not play","On matchday squad, but did not play","On matchday squad, but did not play","On matchday squad, but did not play","On matchday squad, but did not play","On matchday squad, but did not play","On matchday squad, but did not play","On matchday squad, but did not play","On matchday squad, but did not play","On matchday squad, but did not play","On matchday squad, but did not play",Match Report,"On matchday squad, but did not play","On matchday squad, but did not play","On matchday squad, but did not play","On matchday squad, but did not play","On matchday squad, but did not play","On matchday squad, but did not play","On matchday squad, but did not play","On matchday squad, but did not play","On matchday squad, but did not play","On matchday squad, but did not play","On matchday squad, but did not play","On matchday squad, but did not play","On matchday squad, but did not play","On matchday squad, but did not play","On matchday squad, but did not play","On matchday squad, but did not play","On matchday squad, but did not play","On matchday squad, but did not play","On matchday squad, but did not play","On matchday squad, but did not play","On matchday squad, but did not play","On matchday squad, but did not play","On matchday squad, but did not play","On matchday squad, but did not play","On matchday squad, but did not play","On matchday squad, but did not play","On matchday squad, but did not play","On matchday squad, but did not play","On matchday squad, but did not play","On matchday squad, but did not play","On matchday squad, but did not play","On matchday squad, but did not play","On matchday squad, but did not play","On matchday squad, but did not play","On matchday squad, but did not play","On matchday squad, but did not play","On matchday squad, but did not play","On matchday squad, but did not play","On matchday squad, but did not play","On matchday squad, but did not play","On matchday squad, but did not play","On matchday squad, but did not play","On matchday squad, but did not play","On matchday squad, but did not play","On matchday squad, but did not play","On matchday squad, but did not play","On matchday squad, but did not play","On matchday squad, but did not play","On matchday squad, but did not play","On matchday squad, but did not play","On matchday squad, but did not play","On matchday squad, but did not play","On matchday squad, but did not play","On matchday squad, but did not play","On matchday squad, but did not play","On matchday squad, but did not play","On matchday squad, but did not play","On matchday squad, but did not play","On matchday squad, but did not play","On matchday squad, but did not play","On matchday squad, but did not play","On matchday squad, but did not play","On matchday squad, but did not play","On matchday squad, but did not play","On matchday squad, but did not play","On matchday squad, but did not play","On matchday squad, but did not play","On matchday squad, but did not play","On matchday squad, but did not play","On matchday squad, but did not play","On matchday squad, but did not play","On matchday squad, but did not play","On matchday squad, but did not play","On matchday squad, but did not play","On matchday squad, but did not play","On matchday squad, but did not play","On matchday squad, but did not play","On matchday squad, but did not play","On matchday squad, but did not play","On matchday squad, but did not play","On matchday squad, but did not play","On matchday squad, but did not play","On matchday squad, but did not play","On matchday squad, but did not play","On matchday squad, but did not play","On matchday squad, but did not play","On matchday squad, but did not play","On matchday squad, but did not play","On matchday squad, but did not play",Aston Villa,Lamare-Bogarde,bca5c4a7
2024-12-04,Wed,Matchweek 14,Home,W 3–1,Aston Villa,Brentford,N,"On matchday squad, but did not play","On matchday squad, but did not play","On matchday squad, but did not play","On matchday squad, but did not play","On matchday squad, but did not play","On matchday squad, but did not play","On matchday squad, but did not play","On matchday squad, but did not play","On matchday squad, but did not play","On matchday squad, but did not play","On matchday squad, but did not play","On matchday squad, but did not play","On matchday squad, but did not play","On matchday squad, but did not play","On matchday squad, but did not play","On matchday squad, but did not play","On matchday squad, but did not play","On matchday squad, but did not play","On matchday squad, but did not play","On matchday squad, but did not play","On matchday squad, but did not play","On matchday squad, but did not play","On matchday squad, but did not play","On matchday squad, but did not play","On matchday squad, but did not play","On matchday squad, but did not play","On matchday squad, but did not play",Match Report,"On matchday squad, but did not play","On matchday squad, but did not play","On matchday squad, but did not play","On matchday squad, but did not play","On matchday squad, but did not play","On matchday squad, but did not play","On matchday squad, but did not play","On matchday squad, but did not play","On matchday squad, but did not play","On matchday squad, but did not play","On matchday squad, but did not play","On matchday squad, but did not play","On matchday squad, but did not play","On matchday squad, but did not play","On matchday squad, but did not play","On matchday squad, but did not play","On matchday squad, but did not play","On matchday squad, but did not play","On matchday squad, but did not play","On matchday squad, but did not play","On matchday squad, but did not play","On matchday squad, but did not play","On matchday squad, but did not play","On matchday squad, but did not play","On matchday squad, but did not play","On matchday squad, but did not play","On matchday squad, but did not play","On matchday squad, but did not play","On matchday squad, but did not play","On matchday squad, but did not play","On matchday squad, but did not play","On matchday squad, but did not play","On matchday squad, but did not play","On matchday squad, but did not play","On matchday squad, but did not play","On matchday squad, but did not play","On matchday squad, but did not play","On matchday squad, but did not play","On matchday squad, but did not play","On matchday squad, but did not play","On matchday squad, but did not play","On matchday squad, but did not play","On matchday squad, but did not play","On matchday squad, but did not play","On matchday squad, but did not play","On matchday squad, but did not play","On matchday squad, but did not play","On matchday squad, but did not play","On matchday squad, but did not play","On matchday squad, but did not play","On matchday squad, but did not play","On matchday squad, but did not play","On matchday squad, but did not play","On matchday squad, but did not play","On matchday squad, but did not play","On matchday squad, but did not play","On matchday squad, but did not play","On matchday squad, but did not play","On matchday squad, but did not play","On matchday squad, but did not play","On matchday squad, but did not play","On matchday squad, but did not play","On matchday squad, but did not play","On matchday squad, but did not play","On matchday squad, but did not play","On matchday squad, but did not play","On matchday squad, but did not play","On matchday squad, but did not play","On matchday squad, but did not play","On matchday squad, but did not play","On matchday squad, but did not play","On matchday squad, but did not play","On matchday squad, but did not play","On matchday squad, but did not play","On matchday squad, but did not play","On matchday squad, but did not play","On matchday squad, but did not play","On matchday squad, but did not play","On matchday squad, but did not play","On matchday squad, but did not play","On matchday squad, but did not play","On matchday squad, but did not play","On matchday squad, but did not play","On matchday squad, but did not play","On matchday squad, but did not play","On matchday squad, but did not play","On matchday squad, but did not play","On matchday squad, but did not play","On matchday squad, but did not play",Aston Villa,Lamare-Bogarde,bca5c4a7
2024-12-14,Sat,Matchweek 16,Away,L 1–2,Aston Villa,Nott'ham Forest,N,"On matchday squad, but did not play","On matchday squad, but did not play","On matchday squad, but did not play","On matchday squad, but did not play","On matchday squad, but did not play","On matchday squad, but did not play","On matchday squad, but did not play","On matchday squad, but did not play","On matchday squad, but did not play","On matchday squad, but did not play","On matchday squad, but did not play","On matchday squad, but did not play","On matchday squad, but did not play","On matchday squad, but did not play","On matchday squad, but did not play","On matchday squad, but did not play","On matchday squad, but did not play","On matchday squad, but did not play","On matchday squad, but did not play","On matchday squad, but did not play","On matchday squad, but did not play","On matchday squad, but did not play","On matchday squad, but did not play","On matchday squad, but did not play","On matchday squad, but did not play","On matchday squad, but did not play","On matchday squad, but did not play",Match Report,"On matchday squad, but did not play","On matchday squad, but did not play","On matchday squad, but did not play","On matchday squad, but did not play","On matchday squad, but did not play","On matchday squad, but did not play","On matchday squad, but did not play","On matchday squad, but did not play","On matchday squad, but did not play","On matchday squad, but did not play","On matchday squad, but did not play","On matchday squad, but did not play","On matchday squad, but did not play","On matchday squad, but did not play","On matchday squad, but did not play","On matchday squad, but did not play","On matchday squad, but did not play","On matchday squad, but did not play","On matchday squad, but did not play","On matchday squad, but did not play","On matchday squad, but did not play","On matchday squad, but did not play","On matchday squad, but did not play","On matchday squad, but did not play","On matchday squad, but did not play","On matchday squad, but did not play","On matchday squad, but did not play","On matchday squad, but did not play","On matchday squad, but did not play","On matchday squad, but did not play","On matchday squad, but did not play","On matchday squad, but did not play","On matchday squad, but did not play","On matchday squad, but did not play","On matchday squad, but did not play","On matchday squad, but did not play","On matchday squad, but did not play","On matchday squad, but did not play","On matchday squad, but did not play","On matchday squad, but did not play","On matchday squad, but did not play","On matchday squad, but did not play","On matchday squad, but did not play","On matchday squad, but did not play","On matchday squad, but did not play","On matchday squad, but did not play","On matchday squad, but did not play","On matchday squad, but did not play","On matchday squad, but did not play","On matchday squad, but did not play","On matchday squad, but did not play","On matchday squad, but did not play","On matchday squad, but did not play","On matchday squad, but did not play","On matchday squad, but did not play","On matchday squad, but did not play","On matchday squad, but did not play","On matchday squad, but did not play","On matchday squad, but did not play","On matchday squad, but did not play","On matchday squad, but did not play","On matchday squad, but did not play","On matchday squad, but did not play","On matchday squad, but did not play","On matchday squad, but did not play","On matchday squad, but did not play","On matchday squad, but did not play","On matchday squad, but did not play","On matchday squad, but did not play","On matchday squad, but did not play","On matchday squad, but did not play","On matchday squad, but did not play","On matchday squad, but did not play","On matchday squad, but did not play","On matchday squad, but did not play","On matchday squad, but did not play","On matchday squad, but did not play","On matchday squad, but did not play","On matchday squad, but did not play","On matchday squad, but did not play","On matchday squad, but did not play","On matchday squad, but did not play","On matchday squad, but did not play","On matchday squad, but did not play","On matchday squad, but did not play","On matchday squad, but did not play","On matchday squad, but did not play","On matchday squad, but did not play","On matchday squad, but did not play",Aston Villa,Lamare-Bogarde,bca5c4a7
2024-12-21,Sat,Matchweek 17,Home,W 2–1,Aston Villa,Manchester City,N,"On matchday squad, but did not play","On matchday squad, but did not play","On matchday squad, but did not play","On matchday squad, but did not play","On matchday squad, but did not play","On matchday squad, but did not play","On matchday squad, but did not play","On matchday squad, but did not play","On matchday squad, but did not play","On matchday squad, but did not play","On matchday squad, but did not play","On matchday squad, but did not play","On matchday squad, but did not play","On matchday squad, but did not play","On matchday squad, but did not play","On matchday squad, but did not play","On matchday squad, but did not play","On matchday squad, but did not play","On matchday squad, but did not play","On matchday squad, but did not play","On matchday squad, but did not play","On matchday squad, but did not play","On matchday squad, but did not play","On matchday squad, but did not play","On matchday squad, but did not play","On matchday squad, but did not play","On matchday squad, but did not play",Match Report,"On matchday squad, but did not play","On matchday squad, but did not play","On matchday squad, but did not play","On matchday squad, but did not play","On matchday squad, but did not play","On matchday squad, but did not play","On matchday squad, but did not play","On matchday squad, but did not play","On matchday squad, but did not play","On matchday squad, but did not play","On matchday squad, but did not play","On matchday squad, but did not play","On matchday squad, but did not play","On matchday squad, but did not play","On matchday squad, but did not play","On matchday squad, but did not play","On matchday squad, but did not play","On matchday squad, but did not play","On matchday squad, but did not play","On matchday squad, but did not play","On matchday squad, but did not play","On matchday squad, but did not play","On matchday squad, but did not play","On matchday squad, but did not play","On matchday squad, but did not play","On matchday squad, but did not play","On matchday squad, but did not play","On matchday squad, but did not play","On matchday squad, but did not play","On matchday squad, but did not play","On matchday squad, but did not play","On matchday squad, but did not play","On matchday squad, but did not play","On matchday squad, but did not play","On matchday squad, but did not play","On matchday squad, but did not play","On matchday squad, but did not play","On matchday squad, but did not play","On matchday squad, but did not play","On matchday squad, but did not play","On matchday squad, but did not play","On matchday squad, but did not play","On matchday squad, but did not play","On matchday squad, but did not play","On matchday squad, but did not play","On matchday squad, but did not play","On matchday squad, but did not play","On matchday squad, but did not play","On matchday squad, but did not play","On matchday squad, but did not play","On matchday squad, but did not play","On matchday squad, but did not play","On matchday squad, but did not play","On matchday squad, but did not play","On matchday squad, but did not play","On matchday squad, but did not play","On matchday squad, but did not play","On matchday squad, but did not play","On matchday squad, but did not play","On matchday squad, but did not play","On matchday squad, but did not play","On matchday squad, but did not play","On matchday squad, but did not play","On matchday squad, but did not play","On matchday squad, but did not play","On matchday squad, but did not play","On matchday squad, but did not play","On matchday squad, but did not play","On matchday squad, but did not play","On matchday squad, but did not play","On matchday squad, but did not play","On matchday squad, but did not play","On matchday squad, but did not play","On matchday squad, but did not play","On matchday squad, but did not play","On matchday squad, but did not play","On matchday squad, but did not play","On matchday squad, but did not play","On matchday squad, but did not play","On matchday squad, but did not play","On matchday squad, but did not play","On matchday squad, but did not play","On matchday squad, but did not play","On matchday squad, but did not play","On matchday squad, but did not play","On matchday squad, but did not play","On matchday squad, but did not play","On matchday squad, but did not play","On matchday squad, but did not play",Aston Villa,Lamare-Bogarde,bca5c4a7
2025-01-04,Sat,Matchweek 20,Home,W 2–1,Aston Villa,Leicester City,N,"On matchday squad, but did not play","On matchday squad, but did not play","On matchday squad, but did not play","On matchday squad, but did not play","On matchday squad, but did not play","On matchday squad, but did not play","On matchday squad, but did not play","On matchday squad, but did not play","On matchday squad, but did not play","On matchday squad, but did not play","On matchday squad, but did not play","On matchday squad, but did not play","On matchday squad, but did not play","On matchday squad, but did not play","On matchday squad, but did not play","On matchday squad, but did not play","On matchday squad, but did not play","On matchday squad, but did not play","On matchday squad, but did not play","On matchday squad, but did not play","On matchday squad, but did not play","On matchday squad, but did not play","On matchday squad, but did not play","On matchday squad, but did not play","On matchday squad, but did not play","On matchday squad, but did not play","On matchday squad, but did not play",Match Report,"On matchday squad, but did not play","On matchday squad, but did not play","On matchday squad, but did not play","On matchday squad, but did not play","On matchday squad, but did not play","On matchday squad, but did not play","On matchday squad, but did not play","On matchday squad, but did not play","On matchday squad, but did not play","On matchday squad, but did not play","On matchday squad, but did not play","On matchday squad, but did not play","On matchday squad, but did not play","On matchday squad, but did not play","On matchday squad, but did not play","On matchday squad, but did not play","On matchday squad, but did not play","On matchday squad, but did not play","On matchday squad, but did not play","On matchday squad, but did not play","On matchday squad, but did not play","On matchday squad, but did not play","On matchday squad, but did not play","On matchday squad, but did not play","On matchday squad, but did not play","On matchday squad, but did not play","On matchday squad, but did not play","On matchday squad, but did not play","On matchday squad, but did not play","On matchday squad, but did not play","On matchday squad, but did not play","On matchday squad, but did not play","On matchday squad, but did not play","On matchday squad, but did not play","On matchday squad, but did not play","On matchday squad, but did not play","On matchday squad, but did not play","On matchday squad, but did not play","On matchday squad, but did not play","On matchday squad, but did not play","On matchday squad, but did not play","On matchday squad, but did not play","On matchday squad, but did not play","On matchday squad, but did not play","On matchday squad, but did not play","On matchday squad, but did not play","On matchday squad, but did not play","On matchday squad, but did not play","On matchday squad, but did not play","On matchday squad, but did not play","On matchday squad, but did not play","On matchday squad, but did not play","On matchday squad, but did not play","On matchday squad, but did not play","On matchday squad, but did not play","On matchday squad, but did not play","On matchday squad, but did not play","On matchday squad, but did not play","On matchday squad, but did not play","On matchday squad, but did not play","On matchday squad, but did not play","On matchday squad, but did not play","On matchday squad, but did not play","On matchday squad, but did not play","On matchday squad, but did not play","On matchday squad, but did not play","On matchday squad, but did not play","On matchday squad, but did not play","On matchday squad, but did not play","On matchday squad, but did not play","On matchday squad, but did not play","On matchday squad, but did not play","On matchday squad, but did not play","On matchday squad, but did not play","On matchday squad, but did not play","On matchday squad, but did not play","On matchday squad, but did not play","On matchday squad, but did not play","On matchday squad, but did not play","On matchday squad, but did not play","On matchday squad, but did not play","On matchday squad, but did not play","On matchday squad, but did not play","On matchday squad, but did not play","On matchday squad, but did not play","On matchday squad, but did not play","On matchday squad, but did not play","On matchday squad, but did not play","On matchday squad, but did not play",Aston Villa,Lamare-Bogarde,bca5c4a7
2025-01-15,Wed,Matchweek 21,Away,W 1–0,Aston Villa,Everton,N,"On matchday squad, but did not play","On matchday squad, but did not play","On matchday squad, but did not play","On matchday squad, but did not play","On matchday squad, but did not play","On matchday squad, but did not play","On matchday squad, but did not play","On matchday squad, but did not play","On matchday squad, but did not play","On matchday squad, but did not play","On matchday squad, but did not play","On matchday squad, but did not play","On matchday squad, but did not play","On matchday squad, but did not play","On matchday squad, but did not play","On matchday squad, but did not play","On matchday squad, but did not play","On matchday squad, but did not play","On matchday squad, but did not play","On matchday squad, but did not play","On matchday squad, but did not play","On matchday squad, but did not play","On matchday squad, but did not play","On matchday squad, but did not play","On matchday squad, but did not play","On matchday squad, but did not play","On matchday squad, but did not play",Match Report,"On matchday squad, but did not play","On matchday squad, but did not play","On matchday squad, but did not play","On matchday squad, but did not play","On matchday squad, but did not play","On matchday squad, but did not play","On matchday squad, but did not play","On matchday squad, but did not play","On matchday squad, but did not play","On matchday squad, but did not play","On matchday squad, but did not play","On matchday squad, but did not play","On matchday squad, but did not play","On matchday squad, but did not play","On matchday squad, but did not play","On matchday squad, but did not play","On matchday squad, but did not play","On matchday squad, but did not play","On matchday squad, but did not play","On matchday squad, but did not play","On matchday squad, but did not play","On matchday squad, but did not play","On matchday squad, but did not play","On matchday squad, but did not play","On matchday squad, but did not play","On matchday squad, but did not play","On matchday squad, but did not play","On matchday squad, but did not play","On matchday squad, but did not play","On matchday squad, but did not play","On matchday squad, but did not play","On matchday squad, but did not play","On matchday squad, but did not play","On matchday squad, but did not play","On matchday squad, but did not play","On matchday squad, but did not play","On matchday squad, but did not play","On matchday squad, but did not play","On matchday squad, but did not play","On matchday squad, but did not play","On matchday squad, but did not play","On matchday squad, but did not play","On matchday squad, but did not play","On matchday squad, but did not play","On matchday squad, but did not play","On matchday squad, but did not play","On matchday squad, but did not play","On matchday squad, but did not play","On matchday squad, but did not play","On matchday squad, but did not play","On matchday squad, but did not play","On matchday squad, but did not play","On matchday squad, but did not play","On matchday squad, but did not play","On matchday squad, but did not play","On matchday squad, but did not play","On matchday squad, but did not play","On matchday squad, but did not play","On matchday squad, but did not play","On matchday squad, but did not play","On matchday squad, but did not play","On matchday squad, but did not play","On matchday squad, but did not play","On matchday squad, but did not play","On matchday squad, but did not play","On matchday squad, but did not play","On matchday squad, but did not play","On matchday squad, but did not play","On matchday squad, but did not play","On matchday squad, but did not play","On matchday squad, but did not play","On matchday squad, but did not play","On matchday squad, but did not play","On matchday squad, but did not play","On matchday squad, but did not play","On matchday squad, but did not play","On matchday squad, but did not play","On matchday squad, but did not play","On matchday squad, but did not play","On matchday squad, but did not play","On matchday squad, but did not play","On matchday squad, but did not play","On matchday squad, but did not play","On matchday squad, but did not play","On matchday squad, but did not play","On matchday squad, but did not play","On matchday squad, but did not play","On matchday squad, but did not play","On matchday squad, but did not play",Aston Villa,Lamare-Bogarde,bca5c4a7
2025-01-18,Sat,Matchweek 22,Away,D 2–2,Aston Villa,Arsenal,N,DM,54,0,0,0,0,1,1,0,0,15,3,0,1,0.0,0.0,0.0,2,1,6,6,100.0,0,5,0,0,0,Match Report,6,6,100.0,105,24,4,4,100.0,1,1,100.0,1,1,100.0,0,0.0,0.0,1,1,0,0,0,6,6,0,0,0,0,0,0,0,0,0,0,6,0,0,2,2,0,0,0,0,0,1,1,0,0,0,0,0,15,3,11,2,2,0,15,0,0,,0,,5,21,9,0,1,0,1,0,7,1,3,2,3,0,0,3,3,100.0,0,1,1,0,0,3,2,0,Aston Villa,Lamare-Bogarde,bca5c4a7
2025-01-26,Sun,Matchweek 23,Home,D 1–1,Aston Villa,West Ham,N,"On matchday squad, but did not play","On matchday squad, but did not play","On matchday squad, but did not play","On matchday squad, but did not play","On matchday squad, but did not play","On matchday squad, but did not play","On matchday squad, but did not play","On matchday squad, but did not play","On matchday squad, but did not play","On matchday squad, but did not play","On matchday squad, but did not play","On matchday squad, but did not play","On matchday squad, but did not play","On matchday squad, but did not play","On matchday squad, but did not play","On matchday squad, but did not play","On matchday squad, but did not play","On matchday squad, but did not play","On matchday squad, but did not play","On matchday squad, but did not play","On matchday squad, but did not play","On matchday squad, but did not play","On matchday squad, but did not play","On matchday squad, but did not play","On matchday squad, but did not play","On matchday squad, but did not play","On matchday squad, but did not play",Match Report,"On matchday squad, but did not play","On matchday squad, but did not play","On matchday squad, but did not play","On matchday squad, but did not play","On matchday squad, but did not play","On matchday squad, but did not play","On matchday squad, but did not play","On matchday squad, but did not play","On matchday squad, but did not play","On matchday squad, but did not play","On matchday squad, but did not play","On matchday squad, but did not play","On matchday squad, but did not play","On matchday squad, but did not play","On matchday squad, but did not play","On matchday squad, but did not play","On matchday squad, but did not play","On matchday squad, but did not play","On matchday squad, but did not play","On matchday squad, but did not play","On matchday squad, but did not play","On matchday squad, but did not play","On matchday squad, but did not play","On matchday squad, but did not play","On matchday squad, but did not play","On matchday squad, but did not play","On matchday squad, but did not play","On matchday squad, but did not play","On matchday squad, but did not play","On matchday squad, but did not play","On matchday squad, but did not play","On matchday squad, but did not play","On matchday squad, but did not play","On matchday squad, but did not play","On matchday squad, but did not play","On matchday squad, but did not play","On matchday squad, but did not play","On matchday squad, but did not play","On matchday squad, but did not play","On matchday squad, but did not play","On matchday squad, but did not play","On matchday squad, but did not play","On matchday squad, but did not play","On matchday squad, but did not play","On matchday squad, but did not play","On matchday squad, but did not play","On matchday squad, but did not play","On matchday squad, but did not play","On matchday squad, but did not play","On matchday squad, but did not play","On matchday squad, but did not play","On matchday squad, but did not play","On matchday squad, but did not play","On matchday squad, but did not play","On matchday squad, but did not play","On matchday squad, but did not play","On matchday squad, but did not play","On matchday squad, but did not play","On matchday squad, but did not play","On matchday squad, but did not play","On matchday squad, but did not play","On matchday squad, but did not play","On matchday squad, but did not play","On matchday squad, but did not play","On matchday squad, but did not play","On matchday squad, but did not play","On matchday squad, but did not play","On matchday squad, but did not play","On matchday squad, but did not play","On matchday squad, but did not play","On matchday squad, but did not play","On matchday squad, but did not play","On matchday squad, but did not play","On matchday squad, but did not play","On matchday squad, but did not play","On matchday squad, but did not play","On matchday squad, but did not play","On matchday squad, but did not play","On matchday squad, but did not play","On matchday squad, but did not play","On matchday squad, but did not play","On matchday squad, but did not play","On matchday squad, but did not play","On matchday squad, but did not play","On matchday squad, but did not play","On matchday squad, but did not play","On matchday squad, but did not play","On matchday squad, but did not play","On matchday squad, but did not play",Aston Villa,Lamare-Bogarde,bca5c4a7
2025-02-01,Sat,Matchweek 24,Away,L 0–2,Aston Villa,Wolves,Y,"DM,RB",82,0,0,0,0,0,0,1,0,60,1,0,0,0.0,0.0,0.0,0,0,44,52,84.6,3,33,3,1,0,Match Report,44,52,84.6,662,161,24,26,92.3,20,22,90.9,0,1,0.0,0,0.0,0.0,0,4,0,0,3,52,42,9,3,0,0,0,6,0,0,0,0,44,1,0,0,0,0,0,0,0,0,0,0,0,0,0,0,0,60,0,6,44,10,1,60,1,0,0.0,1,100.0,33,237,150,3,1,0,1,1,40,0,1,0,1,0,0,1,2,50.0,1,0,0,0,0,1,1,0,Aston Villa,Lamare-Bogarde,bca5c4a7
2025-02-15,Sat,Matchweek 25,Home,D 1–1,Aston Villa,Ipswich Town,N,"On matchday squad, but did not play","On matchday squad, but did not play","On matchday squad, but did not play","On matchday squad, but did not play","On matchday squad, but did not play","On matchday squad, but did not play","On matchday squad, but did not play","On matchday squad, but did not play","On matchday squad, but did not play","On matchday squad, but did not play","On matchday squad, but did not play","On matchday squad, but did not play","On matchday squad, but did not play","On matchday squad, but did not play","On matchday squad, but did not play","On matchday squad, but did not play","On matchday squad, but did not play","On matchday squad, but did not play","On matchday squad, but did not play","On matchday squad, but did not play","On matchday squad, but did not play","On matchday squad, but did not play","On matchday squad, but did not play","On matchday squad, but did not play","On matchday squad, but did not play","On matchday squad, but did not play","On matchday squad, but did not play",Match Report,"On matchday squad, but did not play","On matchday squad, but did not play","On matchday squad, but did not play","On matchday squad, but did not play","On matchday squad, but did not play","On matchday squad, but did not play","On matchday squad, but did not play","On matchday squad, but did not play","On matchday squad, but did not play","On matchday squad, but did not play","On matchday squad, but did not play","On matchday squad, but did not play","On matchday squad, but did not play","On matchday squad, but did not play","On matchday squad, but did not play","On matchday squad, but did not play","On matchday squad, but did not play","On matchday squad, but did not play","On matchday squad, but did not play","On matchday squad, but did not play","On matchday squad, but did not play","On matchday squad, but did not play","On matchday squad, but did not play","On matchday squad, but did not play","On matchday squad, but did not play","On matchday squad, but did not play","On matchday squad, but did not play","On matchday squad, but did not play","On matchday squad, but did not play","On matchday squad, but did not play","On matchday squad, but did not play","On matchday squad, but did not play","On matchday squad, but did not play","On matchday squad, but did not play","On matchday squad, but did not play","On matchday squad, but did not play","On matchday squad, but did not play","On matchday squad, but did not play","On matchday squad, but did not play","On matchday squad, but did not play","On matchday squad, but did not play","On matchday squad, but did not play","On matchday squad, but did not play","On matchday squad, but did not play","On matchday squad, but did not play","On matchday squad, but did not play","On matchday squad, but did not play","On matchday squad, but did not play","On matchday squad, but did not play","On matchday squad, but did not play","On matchday squad, but did not play","On matchday squad, but did not play","On matchday squad, but did not play","On matchday squad, but did not play","On matchday squad, but did not play","On matchday squad, but did not play","On matchday squad, but did not play","On matchday squad, but did not play","On matchday squad, but did not play","On matchday squad, but did not play","On matchday squad, but did not play","On matchday squad, but did not play","On matchday squad, but did not play","On matchday squad, but did not play","On matchday squad, but did not play","On matchday squad, but did not play","On matchday squad, but did not play","On matchday squad, but did not play","On matchday squad, but did not play","On matchday squad, but did not play","On matchday squad, but did not play","On matchday squad, but did not play","On matchday squad, but did not play","On matchday squad, but did not play","On matchday squad, but did not play","On matchday squad, but did not play","On matchday squad, but did not play","On matchday squad, but did not play","On matchday squad, but did not play","On matchday squad, but did not play","On matchday squad, but did not play","On matchday squad, but did not play","On matchday squad, but did not play","On matchday squad, but did not play","On matchday squad, but did not play","On matchday squad, but did not play","On matchday squad, but did not play","On matchday squad, but did not play","On matchday squad, but did not play",Aston Villa,Lamare-Bogarde,bca5c4a7
2025-02-19,Wed,Matchweek 29,Home,D 2–2,Aston Villa,Liverpool,N,DM,5,0,0,0,0,0,0,0,0,6,2,0,0,0.0,0.0,0.0,1,0,2,2,100.0,0,1,0,0,0,Match Report,2,2,100.0,33,10,1,1,100.0,1,1,100.0,0,0,,0,0.0,0.0,0,0,0,0,0,2,2,0,0,0,0,0,0,0,0,0,0,2,0,0,1,1,0,0,0,0,0,0,0,0,0,0,0,0,6,0,0,4,2,1,6,0,0,,0,,1,0,0,0,0,0,1,0,1,0,2,0,0,1,1,1,1,100.0,0,0,0,0,0,2,0,0,Aston Villa,Lamare-Bogarde,bca5c4a7
2025-02-22,Sat,Matchweek 26,Home,W 2–1,Aston Villa,Chelsea,N,CB,32,0,0,0,0,0,0,0,0,23,0,0,0,0.0,0.0,0.0,0,0,18,20,90.0,2,16,0,0,0,Match Report,18,20,90.0,285,108,8,9,88.9,10,11,90.9,0,0,,0,0.0,0.0,0,0,0,0,2,20,20,0,0,0,0,0,0,0,0,0,0,18,0,0,0,0,0,0,0,0,0,0,0,0,0,0,0,0,23,2,8,14,1,1,23,0,0,,0,,16,73,32,0,0,0,0,0,17,0,0,0,0,0,0,0,1,0.0,1,0,0,0,0,0,2,0,Aston Villa,Lamare-Bogarde,bca5c4a7
2025-02-25,Tue,Matchweek 27,Away,L 1–4,Aston Villa,Crystal Palace,Y,CB,90,0,0,0,0,0,0,0,0,63,0,0,2,0.0,0.0,0.0,0,0,50,54,92.6,1,23,2,0,0,Match Report,50,54,92.6,816,212,19,20,95.0,31,33,93.9,0,0,,0,0.0,0.0,0,3,0,0,1,54,48,5,5,0,0,0,0,0,0,0,0,50,1,0,0,0,0,0,0,0,0,0,0,0,0,0,0,0,63,5,32,28,3,0,63,0,0,,0,,23,204,120,2,0,0,1,1,39,1,0,0,0,0,0,0,0,,0,2,2,0,0,0,4,0,Aston Villa,Lamare-Bogarde,bca5c4a7
2025-03-08,Sat,Matchweek 28,Away,W 1–0,Aston Villa,Brentford,N,"On matchday squad, but did not play","On matchday squad, but did not play","On matchday squad, but did not play","On matchday squad, but did not play","On matchday squad, but did not play","On matchday squad, but did not play","On matchday squad, but did not play","On matchday squad, but did not play","On matchday squad, but did not play","On matchday squad, but did not play","On matchday squad, but did not play","On matchday squad, but did not play","On matchday squad, but did not play","On matchday squad, but did not play","On matchday squad, but did not play","On matchday squad, but did not play","On matchday squad, but did not play","On matchday squad, but did not play","On matchday squad, but did not play","On matchday squad, but did not play","On matchday squad, but did not play","On matchday squad, but did not play","On matchday squad, but did not play","On matchday squad, but did not play","On matchday squad, but did not play","On matchday squad, but did not play","On matchday squad, but did not play",Match Report,"On matchday squad, but did not play","On matchday squad, but did not play","On matchday squad, but did not play","On matchday squad, but did not play","On matchday squad, but did not play","On matchday squad, but did not play","On matchday squad, but did not play","On matchday squad, but did not play","On matchday squad, but did not play","On matchday squad, but did not play","On matchday squad, but did not play","On matchday squad, but did not play","On matchday squad, but did not play","On matchday squad, but did not play","On matchday squad, but did not play","On matchday squad, but did not play","On matchday squad, but did not play","On matchday squad, but did not play","On matchday squad, but did not play","On matchday squad, but did not play","On matchday squad, but did not play","On matchday squad, but did not play","On matchday squad, but did not play","On matchday squad, but did not play","On matchday squad, but did not play","On matchday squad, but did not play","On matchday squad, but did not play","On matchday squad, but did not play","On matchday squad, but did not play","On matchday squad, but did not play","On matchday squad, but did not play","On matchday squad, but did not play","On matchday squad, but did not play","On matchday squad, but did not play","On matchday squad, but did not play","On matchday squad, but did not play","On matchday squad, but did not play","On matchday squad, but did not play","On matchday squad, but did not play","On matchday squad, but did not play","On matchday squad, but did not play","On matchday squad, but did not play","On matchday squad, but did not play","On matchday squad, but did not play","On matchday squad, but did not play","On matchday squad, but did not play","On matchday squad, but did not play","On matchday squad, but did not play","On matchday squad, but did not play","On matchday squad, but did not play","On matchday squad, but did not play","On matchday squad, but did not play","On matchday squad, but did not play","On matchday squad, but did not play","On matchday squad, but did not play","On matchday squad, but did not play","On matchday squad, but did not play","On matchday squad, but did not play","On matchday squad, but did not play","On matchday squad, but did not play","On matchday squad, but did not play","On matchday squad, but did not play","On matchday squad, but did not play","On matchday squad, but did not play","On matchday squad, but did not play","On matchday squad, but did not play","On matchday squad, but did not play","On matchday squad, but did not play","On matchday squad, but did not play","On matchday squad, but did not play","On matchday squad, but did not play","On matchday squad, but did not play","On matchday squad, but did not play","On matchday squad, but did not play","On matchday squad, but did not play","On matchday squad, but did not play","On matchday squad, but did not play","On matchday squad, but did not play","On matchday squad, but did not play","On matchday squad, but did not play","On matchday squad, but did not play","On matchday squad, but did not play","On matchday squad, but did not play","On matchday squad, but did not play","On matchday squad, but did not play","On matchday squad, but did not play","On matchday squad, but did not play","On matchday squad, but did not play","On matchday squad, but did not play",Aston Villa,Lamare-Bogarde,bca5c4a7
2025-05-16,Fri,Matchweek 37,Home,W 2–0,Aston Villa,Tottenham,N,"On matchday squad, but did not play","On matchday squad, but did not play","On matchday squad, but did not play","On matchday squad, but did not play","On matchday squad, but did not play","On matchday squad, but did not play","On matchday squad, but did not play","On matchday squad, but did not play","On matchday squad, but did not play","On matchday squad, but did not play","On matchday squad, but did not play","On matchday squad, but did not play","On matchday squad, but did not play","On matchday squad, but did not play","On matchday squad, but did not play","On matchday squad, but did not play","On matchday squad, but did not play","On matchday squad, but did not play","On matchday squad, but did not play","On matchday squad, but did not play","On matchday squad, but did not play","On matchday squad, but did not play","On matchday squad, but did not play","On matchday squad, but did not play","On matchday squad, but did not play","On matchday squad, but did not play","On matchday squad, but did not play",Match Report,"On matchday squad, but did not play","On matchday squad, but did not play","On matchday squad, but did not play","On matchday squad, but did not play","On matchday squad, but did not play","On matchday squad, but did not play","On matchday squad, but did not play","On matchday squad, but did not play","On matchday squad, but did not play","On matchday squad, but did not play","On matchday squad, but did not play","On matchday squad, but did not play","On matchday squad, but did not play","On matchday squad, but did not play","On matchday squad, but did not play","On matchday squad, but did not play","On matchday squad, but did not play","On matchday squad, but did not play","On matchday squad, but did not play","On matchday squad, but did not play","On matchday squad, but did not play","On matchday squad, but did not play","On matchday squad, but did not play","On matchday squad, but did not play","On matchday squad, but did not play","On matchday squad, but did not play","On matchday squad, but did not play","On matchday squad, but did not play","On matchday squad, but did not play","On matchday squad, but did not play","On matchday squad, but did not play","On matchday squad, but did not play","On matchday squad, but did not play","On matchday squad, but did not play","On matchday squad, but did not play","On matchday squad, but did not play","On matchday squad, but did not play","On matchday squad, but did not play","On matchday squad, but did not play","On matchday squad, but did not play","On matchday squad, but did not play","On matchday squad, but did not play","On matchday squad, but did not play","On matchday squad, but did not play","On matchday squad, but did not play","On matchday squad, but did not play","On matchday squad, but did not play","On matchday squad, but did not play","On matchday squad, but did not play","On matchday squad, but did not play","On matchday squad, but did not play","On matchday squad, but did not play","On matchday squad, but did not play","On matchday squad, but did not play","On matchday squad, but did not play","On matchday squad, but did not play","On matchday squad, but did not play","On matchday squad, but did not play","On matchday squad, but did not play","On matchday squad, but did not play","On matchday squad, but did not play","On matchday squad, but did not play","On matchday squad, but did not play","On matchday squad, but did not play","On matchday squad, but did not play","On matchday squad, but did not play","On matchday squad, but did not play","On matchday squad, but did not play","On matchday squad, but did not play","On matchday squad, but did not play","On matchday squad, but did not play","On matchday squad, but did not play","On matchday squad, but did not play","On matchday squad, but did not play","On matchday squad, but did not play","On matchday squad, but did not play","On matchday squad, but did not play","On matchday squad, but did not play","On matchday squad, but did not play","On matchday squad, but did not play","On matchday squad, but did not play","On matchday squad, but did not play","On matchday squad, but did not play","On matchday squad, but did not play","On matchday squad, but did not play","On matchday squad, but did not play","On matchday squad, but did not play","On matchday squad, but did not play","On matchday squad, but did not play",Aston Villa,Lamare-Bogarde,bca5c4a7
2025-01-26,Sun,Matchweek 23,Home,D 1–1,Aston Villa,West Ham,N,"On matchday squad, but did not play","On matchday squad, but did not play","On matchday squad, but did not play","On matchday squad, but did not play","On matchday squad, but did not play","On matchday squad, but did not play","On matchday squad, but did not play","On matchday squad, but did not play","On matchday squad, but did not play","On matchday squad, but did not play","On matchday squad, but did not play","On matchday squad, but did not play","On matchday squad, but did not play","On matchday squad, but did not play","On matchday squad, but did not play","On matchday squad, but did not play","On matchday squad, but did not play","On matchday squad, but did not play","On matchday squad, but did not play","On matchday squad, but did not play","On matchday squad, but did not play","On matchday squad, but did not play","On matchday squad, but did not play","On matchday squad, but did not play","On matchday squad, but did not play","On matchday squad, but did not play","On matchday squad, but did not play",Match Report,"On matchday squad, but did not play","On matchday squad, but did not play","On matchday squad, but did not play","On matchday squad, but did not play","On matchday squad, but did not play","On matchday squad, but did not play","On matchday squad, but did not play","On matchday squad, but did not play","On matchday squad, but did not play","On matchday squad, but did not play","On matchday squad, but did not play","On matchday squad, but did not play","On matchday squad, but did not play","On matchday squad, but did not play","On matchday squad, but did not play","On matchday squad, but did not play","On matchday squad, but did not play","On matchday squad, but did not play","On matchday squad, but did not play","On matchday squad, but did not play","On matchday squad, but did not play","On matchday squad, but did not play","On matchday squad, but did not play","On matchday squad, but did not play","On matchday squad, but did not play","On matchday squad, but did not play","On matchday squad, but did not play","On matchday squad, but did not play","On matchday squad, but did not play","On matchday squad, but did not play","On matchday squad, but did not play","On matchday squad, but did not play","On matchday squad, but did not play","On matchday squad, but did not play","On matchday squad, but did not play","On matchday squad, but did not play","On matchday squad, but did not play","On matchday squad, but did not play","On matchday squad, but did not play","On matchday squad, but did not play","On matchday squad, but did not play","On matchday squad, but did not play","On matchday squad, but did not play","On matchday squad, but did not play","On matchday squad, but did not play","On matchday squad, but did not play","On matchday squad, but did not play","On matchday squad, but did not play","On matchday squad, but did not play","On matchday squad, but did not play","On matchday squad, but did not play","On matchday squad, but did not play","On matchday squad, but did not play","On matchday squad, but did not play","On matchday squad, but did not play","On matchday squad, but did not play","On matchday squad, but did not play","On matchday squad, but did not play","On matchday squad, but did not play","On matchday squad, but did not play","On matchday squad, but did not play","On matchday squad, but did not play","On matchday squad, but did not play","On matchday squad, but did not play","On matchday squad, but did not play","On matchday squad, but did not play","On matchday squad, but did not play","On matchday squad, but did not play","On matchday squad, but did not play","On matchday squad, but did not play","On matchday squad, but did not play","On matchday squad, but did not play","On matchday squad, but did not play","On matchday squad, but did not play","On matchday squad, but did not play","On matchday squad, but did not play","On matchday squad, but did not play","On matchday squad, but did not play","On matchday squad, but did not play","On matchday squad, but did not play","On matchday squad, but did not play","On matchday squad, but did not play","On matchday squad, but did not play","On matchday squad, but did not play","On matchday squad, but did not play","On matchday squad, but did not play","On matchday squad, but did not play","On matchday squad, but did not play","On matchday squad, but did not play",Aston Villa,Andres-Garcia,40498af1
2025-02-01,Sat,Matchweek 24,Away,L 0–2,Aston Villa,Wolves,Y,RB,45,0,0,0,0,0,0,0,0,29,1,0,0,0.0,0.0,0.0,0,0,15,20,75.0,1,10,1,3,1,Match Report,15,20,75.0,208,57,9,10,90.0,5,6,83.3,0,2,0.0,0,0.0,0.0,0,1,0,0,1,20,18,2,0,0,0,2,2,0,0,0,0,15,0,1,0,0,0,0,0,0,0,0,0,0,0,0,0,0,29,3,5,11,13,0,29,3,1,33.3,2,66.7,10,107,35,1,2,0,2,1,16,3,1,0,1,0,0,1,2,50.0,1,0,0,0,0,1,2,1,Aston Villa,Andres-Garcia,40498af1
2025-02-15,Sat,Matchweek 25,Home,D 1–1,Aston Villa,Ipswich Town,Y,RB,90,0,0,0,0,2,0,0,0,87,3,0,1,0.0,0.0,0.0,0,0,64,73,87.7,7,62,10,6,2,Match Report,64,73,87.7,1005,143,32,34,94.1,29,31,93.5,3,6,50.0,0,0.0,0.1,0,4,3,1,7,73,68,5,0,0,0,8,5,0,0,0,0,64,0,2,0,0,0,0,0,0,0,0,0,0,0,0,0,0,87,1,10,35,43,1,87,6,2,33.3,3,50.0,62,438,258,10,4,1,1,2,58,10,3,3,2,1,0,1,1,100.0,0,1,0,1,0,3,1,0,Aston Villa,Andres-Garcia,40498af1
2025-02-19,Wed,Matchweek 29,Home,D 2–2,Aston Villa,Liverpool,Y,RB,66,0,0,0,0,0,0,0,0,50,2,0,0,0.0,0.0,0.0,0,0,32,38,84.2,0,33,8,2,1,Match Report,32,38,84.2,430,61,20,21,95.2,8,11,72.7,1,1,100.0,0,0.0,0.0,0,0,2,2,0,38,35,3,0,0,0,5,3,0,0,0,0,32,0,1,0,0,0,0,0,0,0,0,0,0,0,0,0,0,50,1,12,20,18,0,50,2,1,50.0,1,50.0,33,285,174,8,4,0,3,0,34,3,2,1,2,0,0,1,2,50.0,1,0,0,0,0,2,3,1,Aston Villa,Andres-Garcia,40498af1
2025-02-22,Sat,Matchweek 26,Home,W 2–1,Aston Villa,Chelsea,N,RB,21,0,0,0,0,0,0,0,0,13,0,0,0,0.0,0.0,0.0,1,0,13,13,100.0,3,7,1,0,0,Match Report,13,13,100.0,220,63,6,6,100.0,7,7,100.0,0,0,,0,0.0,0.0,1,2,0,0,3,13,12,1,0,0,0,0,1,0,0,0,0,13,0,0,1,1,0,0,0,0,0,0,0,0,0,0,0,0,13,0,0,10,3,0,13,0,0,,0,,7,59,40,1,0,0,0,0,10,1,0,0,0,0,0,0,1,0.0,1,0,0,0,0,0,0,0,Aston Villa,Andres-Garcia,40498af1
2025-02-25,Tue,Matchweek 27,Away,L 1–4,Aston Villa,Crystal Palace,Y,RM,45,0,0,0,0,0,0,0,0,29,1,0,1,0.0,0.0,0.0,1,0,14,18,77.8,1,12,2,5,1,Match Report,14,18,77.8,210,119,9,11,81.8,4,5,80.0,1,1,100.0,0,0.0,0.2,1,0,1,1,1,18,8,10,0,0,0,1,10,0,0,0,0,14,0,1,1,1,0,0,0,0,0,0,0,0,0,0,0,0,29,1,3,10,16,1,29,5,1,20.0,4,80.0,12,93,31,2,2,1,2,3,15,2,1,1,0,1,0,0,0,,0,1,0,1,0,1,2,0,Aston Villa,Andres-Garcia,40498af1
2025-03-08,Sat,Matchweek 28,Away,W 1–0,Aston Villa,Brentford,N,"On matchday squad, but did not play","On matchday squad, but did not play","On matchday squad, but did not play","On matchday squad, but did not play","On matchday squad, but did not play","On matchday squad, but did not play","On matchday squad, but did not play","On matchday squad, but did not play","On matchday squad, but did not play","On matchday squad, but did not play","On matchday squad, but did not play","On matchday squad, but did not play","On matchday squad, but did not play","On matchday squad, but did not play","On matchday squad, but did not play","On matchday squad, but did not play","On matchday squad, but did not play","On matchday squad, but did not play","On matchday squad, but did not play","On matchday squad, but did not play","On matchday squad, but did not play","On matchday squad, but did not play","On matchday squad, but did not play","On matchday squad, but did not play","On matchday squad, but did not play","On matchday squad, but did not play","On matchday squad, but did not play",Match Report,"On matchday squad, but did not play","On matchday squad, but did not play","On matchday squad, but did not play","On matchday squad, but did not play","On matchday squad, but did not play","On matchday squad, but did not play","On matchday squad, but did not play","On matchday squad, but did not play","On matchday squad, but did not play","On matchday squad, but did not play","On matchday squad, but did not play","On matchday squad, but did not play","On matchday squad, but did not play","On matchday squad, but did not play","On matchday squad, but did not play","On matchday squad, but did not play","On matchday squad, but did not play","On matchday squad, but did not play","On matchday squad, but did not play","On matchday squad, but did not play","On matchday squad, but did not play","On matchday squad, but did not play","On matchday squad, but did not play","On matchday squad, but did not play","On matchday squad, but did not play","On matchday squad, but did not play","On matchday squad, but did not play","On matchday squad, but did not play","On matchday squad, but did not play","On matchday squad, but did not play","On matchday squad, but did not play","On matchday squad, but did not play","On matchday squad, but did not play","On matchday squad, but did not play","On matchday squad, but did not play","On matchday squad, but did not play","On matchday squad, but did not play","On matchday squad, but did not play","On matchday squad, but did not play","On matchday squad, but did not play","On matchday squad, but did not play","On matchday squad, but did not play","On matchday squad, but did not play","On matchday squad, but did not play","On matchday squad, but did not play","On matchday squad, but did not play","On matchday squad, but did not play","On matchday squad, but did not play","On matchday squad, but did not play","On matchday squad, but did not play","On matchday squad, but did not play","On matchday squad, but did not play","On matchday squad, but did not play","On matchday squad, but did not play","On matchday squad, but did not play","On matchday squad, but did not play","On matchday squad, but did not play","On matchday squad, but did not play","On matchday squad, but did not play","On matchday squad, but did not play","On matchday squad, but did not play","On matchday squad, but did not play","On matchday squad, but did not play","On matchday squad, but did not play","On matchday squad, but did not play","On matchday squad, but did not play","On matchday squad, but did not play","On matchday squad, but did not play","On matchday squad, but did not play","On matchday squad, but did not play","On matchday squad, but did not play","On matchday squad, but did not play","On matchday squad, but did not play","On matchday squad, but did not play","On matchday squad, but did not play","On matchday squad, but did not play","On matchday squad, but did not play","On matchday squad, but did not play","On matchday squad, but did not play","On matchday squad, but did not play","On matchday squad, but did not play","On matchday squad, but did not play","On matchday squad, but did not play","On matchday squad, but did not play","On matchday squad, but did not play","On matchday squad, but did not play","On matchday squad, but did not play","On matchday squad, but did not play","On matchday squad, but did not play",Aston Villa,Andres-Garcia,40498af1
2025-04-02,Wed,Matchweek 30,Away,W 3–0,Aston Villa,Brighton,N,"On matchday squad, but did not play","On matchday squad, but did not play","On matchday squad, but did not play","On matchday squad, but did not play","On matchday squad, but did not play","On matchday squad, but did not play","On matchday squad, but did not play","On matchday squad, but did not play","On matchday squad, but did not play","On matchday squad, but did not play","On matchday squad, but did not play","On matchday squad, but did not play","On matchday squad, but did not play","On matchday squad, but did not play","On matchday squad, but did not play","On matchday squad, but did not play","On matchday squad, but did not play","On matchday squad, but did not play","On matchday squad, but did not play","On matchday squad, but did not play","On matchday squad, but did not play","On matchday squad, but did not play","On matchday squad, but did not play","On matchday squad, but did not play","On matchday squad, but did not play","On matchday squad, but did not play","On matchday squad, but did not play",Match Report,"On matchday squad, but did not play","On matchday squad, but did not play","On matchday squad, but did not play","On matchday squad, but did not play","On matchday squad, but did not play","On matchday squad, but did not play","On matchday squad, but did not play","On matchday squad, but did not play","On matchday squad, but did not play","On matchday squad, but did not play","On matchday squad, but did not play","On matchday squad, but did not play","On matchday squad, but did not play","On matchday squad, but did not play","On matchday squad, but did not play","On matchday squad, but did not play","On matchday squad, but did not play","On matchday squad, but did not play","On matchday squad, but did not play","On matchday squad, but did not play","On matchday squad, but did not play","On matchday squad, but did not play","On matchday squad, but did not play","On matchday squad, but did not play","On matchday squad, but did not play","On matchday squad, but did not play","On matchday squad, but did not play","On matchday squad, but did not play","On matchday squad, but did not play","On matchday squad, but did not play","On matchday squad, but did not play","On matchday squad, but did not play","On matchday squad, but did not play","On matchday squad, but did not play","On matchday squad, but did not play","On matchday squad, but did not play","On matchday squad, but did not play","On matchday squad, but did not play","On matchday squad, but did not play","On matchday squad, but did not play","On matchday squad, but did not play","On matchday squad, but did not play","On matchday squad, but did not play","On matchday squad, but did not play","On matchday squad, but did not play","On matchday squad, but did not play","On matchday squad, but did not play","On matchday squad, but did not play","On matchday squad, but did not play","On matchday squad, but did not play","On matchday squad, but did not play","On matchday squad, but did not play","On matchday squad, but did not play","On matchday squad, but did not play","On matchday squad, but did not play","On matchday squad, but did not play","On matchday squad, but did not play","On matchday squad, but did not play","On matchday squad, but did not play","On matchday squad, but did not play","On matchday squad, but did not play","On matchday squad, but did not play","On matchday squad, but did not play","On matchday squad, but did not play","On matchday squad, but did not play","On matchday squad, but did not play","On matchday squad, but did not play","On matchday squad, but did not play","On matchday squad, but did not play","On matchday squad, but did not play","On matchday squad, but did not play","On matchday squad, but did not play","On matchday squad, but did not play","On matchday squad, but did not play","On matchday squad, but did not play","On matchday squad, but did not play","On matchday squad, but did not play","On matchday squad, but did not play","On matchday squad, but did not play","On matchday squad, but did not play","On matchday squad, but did not play","On matchday squad, but did not play","On matchday squad, but did not play","On matchday squad, but did not play","On matchday squad, but did not play","On matchday squad, but did not play","On matchday squad, but did not play","On matchday squad, but did not play","On matchday squad, but did not play",Aston Villa,Andres-Garcia,40498af1
2025-04-05,Sat,Matchweek 31,Home,W 2–1,Aston Villa,Nott'ham Forest,Y,RB,45,0,0,0,0,0,0,0,0,40,2,2,0,0.0,0.0,0.1,1,0,31,33,93.9,3,31,3,2,0,Match Report,31,33,93.9,571,134,10,11,90.9,19,19,100.0,2,3,66.7,0,0.1,0.1,1,2,2,1,3,33,29,4,0,0,0,1,4,0,0,0,0,31,0,0,1,1,0,0,0,0,0,0,0,0,0,0,0,0,40,0,6,18,17,0,40,2,0,0.0,2,100.0,31,248,120,3,1,0,2,0,29,8,2,0,0,1,1,1,2,50.0,1,0,0,0,2,4,0,0,Aston Villa,Andres-Garcia,40498af1
2025-04-12,Sat,Matchweek 32,Away,W 3–0,Aston Villa,Southampton,N,RB,6,0,0,0,0,0,0,0,0,8,0,0,0,0.0,0.0,0.0,0,0,5,6,83.3,0,4,1,0,0,Match Report,5,6,83.3,81,0,3,3,100.0,2,3,66.7,0,0,,0,0.0,0.0,0,0,0,0,0,6,6,0,0,0,0,1,0,0,0,0,0,5,0,0,0,0,0,0,0,0,0,0,0,0,0,0,0,0,8,2,2,4,2,0,8,0,0,,0,,4,32,15,1,0,0,0,0,6,1,0,0,0,0,0,0,0,,0,0,0,0,0,0,2,0,Aston Villa,Andres-Garcia,40498af1
2025-04-19,Sat,Matchweek 33,Home,W 4–1,Aston Villa,Newcastle Utd,N,"On matchday squad, but did not play","On matchday squad, but did not play","On matchday squad, but did not play","On matchday squad, but did not play","On matchday squad, but did not play","On matchday squad, but did not play","On matchday squad, but did not play","On matchday squad, but did not play","On matchday squad, but did not play","On matchday squad, but did not play","On matchday squad, but did not play","On matchday squad, but did not play","On matchday squad, but did not play","On matchday squad, but did not play","On matchday squad, but did not play","On matchday squad, but did not play","On matchday squad, but did not play","On matchday squad, but did not play","On matchday squad, but did not play","On matchday squad, but did not play","On matchday squad, but did not play","On matchday squad, but did not play","On matchday squad, but did not play","On matchday squad, but did not play","On matchday squad, but did not play","On matchday squad, but did not play","On matchday squad, but did not play",Match Report,"On matchday squad, but did not play","On matchday squad, but did not play","On matchday squad, but did not play","On matchday squad, but did not play","On matchday squad, but did not play","On matchday squad, but did not play","On matchday squad, but did not play","On matchday squad, but did not play","On matchday squad, but did not play","On matchday squad, but did not play","On matchday squad, but did not play","On matchday squad, but did not play","On matchday squad, but did not play","On matchday squad, but did not play","On matchday squad, but did not play","On matchday squad, but did not play","On matchday squad, but did not play","On matchday squad, but did not play","On matchday squad, but did not play","On matchday squad, but did not play","On matchday squad, but did not play","On matchday squad, but did not play","On matchday squad, but did not play","On matchday squad, but did not play","On matchday squad, but did not play","On matchday squad, but did not play","On matchday squad, but did not play","On matchday squad, but did not play","On matchday squad, but did not play","On matchday squad, but did not play","On matchday squad, but did not play","On matchday squad, but did not play","On matchday squad, but did not play","On matchday squad, but did not play","On matchday squad, but did not play","On matchday squad, but did not play","On matchday squad, but did not play","On matchday squad, but did not play","On matchday squad, but did not play","On matchday squad, but did not play","On matchday squad, but did not play","On matchday squad, but did not play","On matchday squad, but did not play","On matchday squad, but did not play","On matchday squad, but did not play","On matchday squad, but did not play","On matchday squad, but did not play","On matchday squad, but did not play","On matchday squad, but did not play","On matchday squad, but did not play","On matchday squad, but did not play","On matchday squad, but did not play","On matchday squad, but did not play","On matchday squad, but did not play","On matchday squad, but did not play","On matchday squad, but did not play","On matchday squad, but did not play","On matchday squad, but did not play","On matchday squad, but did not play","On matchday squad, but did not play","On matchday squad, but did not play","On matchday squad, but did not play","On matchday squad, but did not play","On matchday squad, but did not play","On matchday squad, but did not play","On matchday squad, but did not play","On matchday squad, but did not play","On matchday squad, but did not play","On matchday squad, but did not play","On matchday squad, but did not play","On matchday squad, but did not play","On matchday squad, but did not play","On matchday squad, but did not play","On matchday squad, but did not play","On matchday squad, but did not play","On matchday squad, but did not play","On matchday squad, but did not play","On matchday squad, but did not play","On matchday squad, but did not play","On matchday squad, but did not play","On matchday squad, but did not play","On matchday squad, but did not play","On matchday squad, but did not play","On matchday squad, but did not play","On matchday squad, but did not play","On matchday squad, but did not play","On matchday squad, but did not play","On matchday squad, but did not play","On matchday squad, but did not play",Aston Villa,Andres-Garcia,40498af1
2025-04-22,Tue,Matchweek 34,Away,L 1–2,Aston Villa,Manchester City,N,"On matchday squad, but did not play","On matchday squad, but did not play","On matchday squad, but did not play","On matchday squad, but did not play","On matchday squad, but did not play","On matchday squad, but did not play","On matchday squad, but did not play","On matchday squad, but did not play","On matchday squad, but did not play","On matchday squad, but did not play","On matchday squad, but did not play","On matchday squad, but did not play","On matchday squad, but did not play","On matchday squad, but did not play","On matchday squad, but did not play","On matchday squad, but did not play","On matchday squad, but did not play","On matchday squad, but did not play","On matchday squad, but did not play","On matchday squad, but did not play","On matchday squad, but did not play","On matchday squad, but did not play","On matchday squad, but did not play","On matchday squad, but did not play","On matchday squad, but did not play","On matchday squad, but did not play","On matchday squad, but did not play",Match Report,"On matchday squad, but did not play","On matchday squad, but did not play","On matchday squad, but did not play","On matchday squad, but did not play","On matchday squad, but did not play","On matchday squad, but did not play","On matchday squad, but did not play","On matchday squad, but did not play","On matchday squad, but did not play","On matchday squad, but did not play","On matchday squad, but did not play","On matchday squad, but did not play","On matchday squad, but did not play","On matchday squad, but did not play","On matchday squad, but did not play","On matchday squad, but did not play","On matchday squad, but did not play","On matchday squad, but did not play","On matchday squad, but did not play","On matchday squad, but did not play","On matchday squad, but did not play","On matchday squad, but did not play","On matchday squad, but did not play","On matchday squad, but did not play","On matchday squad, but did not play","On matchday squad, but did not play","On matchday squad, but did not play","On matchday squad, but did not play","On matchday squad, but did not play","On matchday squad, but did not play","On matchday squad, but did not play","On matchday squad, but did not play","On matchday squad, but did not play","On matchday squad, but did not play","On matchday squad, but did not play","On matchday squad, but did not play","On matchday squad, but did not play","On matchday squad, but did not play","On matchday squad, but did not play","On matchday squad, but did not play","On matchday squad, but did not play","On matchday squad, but did not play","On matchday squad, but did not play","On matchday squad, but did not play","On matchday squad, but did not play","On matchday squad, but did not play","On matchday squad, but did not play","On matchday squad, but did not play","On matchday squad, but did not play","On matchday squad, but did not play","On matchday squad, but did not play","On matchday squad, but did not play","On matchday squad, but did not play","On matchday squad, but did not play","On matchday squad, but did not play","On matchday squad, but did not play","On matchday squad, but did not play","On matchday squad, but did not play","On matchday squad, but did not play","On matchday squad, but did not play","On matchday squad, but did not play","On matchday squad, but did not play","On matchday squad, but did not play","On matchday squad, but did not play","On matchday squad, but did not play","On matchday squad, but did not play","On matchday squad, but did not play","On matchday squad, but did not play","On matchday squad, but did not play","On matchday squad, but did not play","On matchday squad, but did not play","On matchday squad, but did not play","On matchday squad, but did not play","On matchday squad, but did not play","On matchday squad, but did not play","On matchday squad, but did not play","On matchday squad, but did not play","On matchday squad, but did not play","On matchday squad, but did not play","On matchday squad, but did not play","On matchday squad, but did not play","On matchday squad, but did not play","On matchday squad, but did not play","On matchday squad, but did not play","On matchday squad, but did not play","On matchday squad, but did not play","On matchday squad, but did not play","On matchday squad, but did not play","On matchday squad, but did not play",Aston Villa,Andres-Garcia,40498af1
2025-05-03,Sat,Matchweek 35,Home,W 1–0,Aston Villa,Fulham,N,"On matchday squad, but did not play","On matchday squad, but did not play","On matchday squad, but did not play","On matchday squad, but did not play","On matchday squad, but did not play","On matchday squad, but did not play","On matchday squad, but did not play","On matchday squad, but did not play","On matchday squad, but did not play","On matchday squad, but did not play","On matchday squad, but did not play","On matchday squad, but did not play","On matchday squad, but did not play","On matchday squad, but did not play","On matchday squad, but did not play","On matchday squad, but did not play","On matchday squad, but did not play","On matchday squad, but did not play","On matchday squad, but did not play","On matchday squad, but did not play","On matchday squad, but did not play","On matchday squad, but did not play","On matchday squad, but did not play","On matchday squad, but did not play","On matchday squad, but did not play","On matchday squad, but did not play","On matchday squad, but did not play",Match Report,"On matchday squad, but did not play","On matchday squad, but did not play","On matchday squad, but did not play","On matchday squad, but did not play","On matchday squad, but did not play","On matchday squad, but did not play","On matchday squad, but did not play","On matchday squad, but did not play","On matchday squad, but did not play","On matchday squad, but did not play","On matchday squad, but did not play","On matchday squad, but did not play","On matchday squad, but did not play","On matchday squad, but did not play","On matchday squad, but did not play","On matchday squad, but did not play","On matchday squad, but did not play","On matchday squad, but did not play","On matchday squad, but did not play","On matchday squad, but did not play","On matchday squad, but did not play","On matchday squad, but did not play","On matchday squad, but did not play","On matchday squad, but did not play","On matchday squad, but did not play","On matchday squad, but did not play","On matchday squad, but did not play","On matchday squad, but did not play","On matchday squad, but did not play","On matchday squad, but did not play","On matchday squad, but did not play","On matchday squad, but did not play","On matchday squad, but did not play","On matchday squad, but did not play","On matchday squad, but did not play","On matchday squad, but did not play","On matchday squad, but did not play","On matchday squad, but did not play","On matchday squad, but did not play","On matchday squad, but did not play","On matchday squad, but did not play","On matchday squad, but did not play","On matchday squad, but did not play","On matchday squad, but did not play","On matchday squad, but did not play","On matchday squad, but did not play","On matchday squad, but did not play","On matchday squad, but did not play","On matchday squad, but did not play","On matchday squad, but did not play","On matchday squad, but did not play","On matchday squad, but did not play","On matchday squad, but did not play","On matchday squad, but did not play","On matchday squad, but did not play","On matchday squad, but did not play","On matchday squad, but did not play","On matchday squad, but did not play","On matchday squad, but did not play","On matchday squad, but did not play","On matchday squad, but did not play","On matchday squad, but did not play","On matchday squad, but did not play","On matchday squad, but did not play","On matchday squad, but did not play","On matchday squad, but did not play","On matchday squad, but did not play","On matchday squad, but did not play","On matchday squad, but did not play","On matchday squad, but did not play","On matchday squad, but did not play","On matchday squad, but did not play","On matchday squad, but did not play","On matchday squad, but did not play","On matchday squad, but did not play","On matchday squad, but did not play","On matchday squad, but did not play","On matchday squad, but did not play","On matchday squad, but did not play","On matchday squad, but did not play","On matchday squad, but did not play","On matchday squad, but did not play","On matchday squad, but did not play","On matchday squad, but did not play","On matchday squad, but did not play","On matchday squad, but did not play","On matchday squad, but did not play","On matchday squad, but did not play","On matchday squad, but did not play",Aston Villa,Andres-Garcia,40498af1
2025-05-10,Sat,Matchweek 36,Away,W 1–0,Aston Villa,Bournemouth,N,"On matchday squad, but did not play","On matchday squad, but did not play","On matchday squad, but did not play","On matchday squad, but did not play","On matchday squad, but did not play","On matchday squad, but did not play","On matchday squad, but did not play","On matchday squad, but did not play","On matchday squad, but did not play","On matchday squad, but did not play","On matchday squad, but did not play","On matchday squad, but did not play","On matchday squad, but did not play","On matchday squad, but did not play","On matchday squad, but did not play","On matchday squad, but did not play","On matchday squad, but did not play","On matchday squad, but did not play","On matchday squad, but did not play","On matchday squad, but did not play","On matchday squad, but did not play","On matchday squad, but did not play","On matchday squad, but did not play","On matchday squad, but did not play","On matchday squad, but did not play","On matchday squad, but did not play","On matchday squad, but did not play",Match Report,"On matchday squad, but did not play","On matchday squad, but did not play","On matchday squad, but did not play","On matchday squad, but did not play","On matchday squad, but did not play","On matchday squad, but did not play","On matchday squad, but did not play","On matchday squad, but did not play","On matchday squad, but did not play","On matchday squad, but did not play","On matchday squad, but did not play","On matchday squad, but did not play","On matchday squad, but did not play","On matchday squad, but did not play","On matchday squad, but did not play","On matchday squad, but did not play","On matchday squad, but did not play","On matchday squad, but did not play","On matchday squad, but did not play","On matchday squad, but did not play","On matchday squad, but did not play","On matchday squad, but did not play","On matchday squad, but did not play","On matchday squad, but did not play","On matchday squad, but did not play","On matchday squad, but did not play","On matchday squad, but did not play","On matchday squad, but did not play","On matchday squad, but did not play","On matchday squad, but did not play","On matchday squad, but did not play","On matchday squad, but did not play","On matchday squad, but did not play","On matchday squad, but did not play","On matchday squad, but did not play","On matchday squad, but did not play","On matchday squad, but did not play","On matchday squad, but did not play","On matchday squad, but did not play","On matchday squad, but did not play","On matchday squad, but did not play","On matchday squad, but did not play","On matchday squad, but did not play","On matchday squad, but did not play","On matchday squad, but did not play","On matchday squad, but did not play","On matchday squad, but did not play","On matchday squad, but did not play","On matchday squad, but did not play","On matchday squad, but did not play","On matchday squad, but did not play","On matchday squad, but did not play","On matchday squad, but did not play","On matchday squad, but did not play","On matchday squad, but did not play","On matchday squad, but did not play","On matchday squad, but did not play","On matchday squad, but did not play","On matchday squad, but did not play","On matchday squad, but did not play","On matchday squad, but did not play","On matchday squad, but did not play","On matchday squad, but did not play","On matchday squad, but did not play","On matchday squad, but did not play","On matchday squad, but did not play","On matchday squad, but did not play","On matchday squad, but did not play","On matchday squad, but did not play","On matchday squad, but did not play","On matchday squad, but did not play","On matchday squad, but did not play","On matchday squad, but did not play","On matchday squad, but did not play","On matchday squad, but did not play","On matchday squad, but did not play","On matchday squad, but did not play","On matchday squad, but did not play","On matchday squad, but did not play","On matchday squad, but did not play","On matchday squad, but did not play","On matchday squad, but did not play","On matchday squad, but did not play","On matchday squad, but did not play","On matchday squad, but did not play","On matchday squad, but did not play","On matchday squad, but did not play","On matchday squad, but did not play","On matchday squad, but did not play",Aston Villa,Andres-Garcia,40498af1
2025-05-16,Fri,Matchweek 37,Home,W 2–0,Aston Villa,Tottenham,N,"On matchday squad, but did not play","On matchday squad, but did not play","On matchday squad, but did not play","On matchday squad, but did not play","On matchday squad, but did not play","On matchday squad, but did not play","On matchday squad, but did not play","On matchday squad, but did not play","On matchday squad, but did not play","On matchday squad, but did not play","On matchday squad, but did not play","On matchday squad, but did not play","On matchday squad, but did not play","On matchday squad, but did not play","On matchday squad, but did not play","On matchday squad, but did not play","On matchday squad, but did not play","On matchday squad, but did not play","On matchday squad, but did not play","On matchday squad, but did not play","On matchday squad, but did not play","On matchday squad, but did not play","On matchday squad, but did not play","On matchday squad, but did not play","On matchday squad, but did not play","On matchday squad, but did not play","On matchday squad, but did not play",Match Report,"On matchday squad, but did not play","On matchday squad, but did not play","On matchday squad, but did not play","On matchday squad, but did not play","On matchday squad, but did not play","On matchday squad, but did not play","On matchday squad, but did not play","On matchday squad, but did not play","On matchday squad, but did not play","On matchday squad, but did not play","On matchday squad, but did not play","On matchday squad, but did not play","On matchday squad, but did not play","On matchday squad, but did not play","On matchday squad, but did not play","On matchday squad, but did not play","On matchday squad, but did not play","On matchday squad, but did not play","On matchday squad, but did not play","On matchday squad, but did not play","On matchday squad, but did not play","On matchday squad, but did not play","On matchday squad, but did not play","On matchday squad, but did not play","On matchday squad, but did not play","On matchday squad, but did not play","On matchday squad, but did not play","On matchday squad, but did not play","On matchday squad, but did not play","On matchday squad, but did not play","On matchday squad, but did not play","On matchday squad, but did not play","On matchday squad, but did not play","On matchday squad, but did not play","On matchday squad, but did not play","On matchday squad, but did not play","On matchday squad, but did not play","On matchday squad, but did not play","On matchday squad, but did not play","On matchday squad, but did not play","On matchday squad, but did not play","On matchday squad, but did not play","On matchday squad, but did not play","On matchday squad, but did not play","On matchday squad, but did not play","On matchday squad, but did not play","On matchday squad, but did not play","On matchday squad, but did not play","On matchday squad, but did not play","On matchday squad, but did not play","On matchday squad, but did not play","On matchday squad, but did not play","On matchday squad, but did not play","On matchday squad, but did not play","On matchday squad, but did not play","On matchday squad, but did not play","On matchday squad, but did not play","On matchday squad, but did not play","On matchday squad, but did not play","On matchday squad, but did not play","On matchday squad, but did not play","On matchday squad, but did not play","On matchday squad, but did not play","On matchday squad, but did not play","On matchday squad, but did not play","On matchday squad, but did not play","On matchday squad, but did not play","On matchday squad, but did not play","On matchday squad, but did not play","On matchday squad, but did not play","On matchday squad, but did not play","On matchday squad, but did not play","On matchday squad, but did not play","On matchday squad, but did not play","On matchday squad, but did not play","On matchday squad, but did not play","On matchday squad, but did not play","On matchday squad, but did not play","On matchday squad, but did not play","On matchday squad, but did not play","On matchday squad, but did not play","On matchday squad, but did not play","On matchday squad, but did not play","On matchday squad, but did not play","On matchday squad, but did not play","On matchday squad, but did not play","On matchday squad, but did not play","On matchday squad, but did not play","On matchday squad, but did not play",Aston Villa,Andres-Garcia,40498af1
2025-05-25,Sun,Matchweek 38,Away,L 0–2,Aston Villa,Manchester Utd,N,"On matchday squad, but did not play","On matchday squad, but did not play","On matchday squad, but did not play","On matchday squad, but did not play","On matchday squad, but did not play","On matchday squad, but did not play","On matchday squad, but did not play","On matchday squad, but did not play","On matchday squad, but did not play","On matchday squad, but did not play","On matchday squad, but did not play","On matchday squad, but did not play","On matchday squad, but did not play","On matchday squad, but did not play","On matchday squad, but did not play","On matchday squad, but did not play","On matchday squad, but did not play","On matchday squad, but did not play","On matchday squad, but did not play","On matchday squad, but did not play","On matchday squad, but did not play","On matchday squad, but did not play","On matchday squad, but did not play","On matchday squad, but did not play","On matchday squad, but did not play","On matchday squad, but did not play","On matchday squad, but did not play",Match Report,"On matchday squad, but did not play","On matchday squad, but did not play","On matchday squad, but did not play","On matchday squad, but did not play","On matchday squad, but did not play","On matchday squad, but did not play","On matchday squad, but did not play","On matchday squad, but did not play","On matchday squad, but did not play","On matchday squad, but did not play","On matchday squad, but did not play","On matchday squad, but did not play","On matchday squad, but did not play","On matchday squad, but did not play","On matchday squad, but did not play","On matchday squad, but did not play","On matchday squad, but did not play","On matchday squad, but did not play","On matchday squad, but did not play","On matchday squad, but did not play","On matchday squad, but did not play","On matchday squad, but did not play","On matchday squad, but did not play","On matchday squad, but did not play","On matchday squad, but did not play","On matchday squad, but did not play","On matchday squad, but did not play","On matchday squad, but did not play","On matchday squad, but did not play","On matchday squad, but did not play","On matchday squad, but did not play","On matchday squad, but did not play","On matchday squad, but did not play","On matchday squad, but did not play","On matchday squad, but did not play","On matchday squad, but did not play","On matchday squad, but did not play","On matchday squad, but did not play","On matchday squad, but did not play","On matchday squad, but did not play","On matchday squad, but did not play","On matchday squad, but did not play","On matchday squad, but did not play","On matchday squad, but did not play","On matchday squad, but did not play","On matchday squad, but did not play","On matchday squad, but did not play","On matchday squad, but did not play","On matchday squad, but did not play","On matchday squad, but did not play","On matchday squad, but did not play","On matchday squad, but did not play","On matchday squad, but did not play","On matchday squad, but did not play","On matchday squad, but did not play","On matchday squad, but did not play","On matchday squad, but did not play","On matchday squad, but did not play","On matchday squad, but did not play","On matchday squad, but did not play","On matchday squad, but did not play","On matchday squad, but did not play","On matchday squad, but did not play","On matchday squad, but did not play","On matchday squad, but did not play","On matchday squad, but did not play","On matchday squad, but did not play","On matchday squad, but did not play","On matchday squad, but did not play","On matchday squad, but did not play","On matchday squad, but did not play","On matchday squad, but did not play","On matchday squad, but did not play","On matchday squad, but did not play","On matchday squad, but did not play","On matchday squad, but did not play","On matchday squad, but did not play","On matchday squad, but did not play","On matchday squad, but did not play","On matchday squad, but did not play","On matchday squad, but did not play","On matchday squad, but did not play","On matchday squad, but did not play","On matchday squad, but did not play","On matchday squad, but did not play","On matchday squad, but did not play","On matchday squad, but did not play","On matchday squad, but did not play","On matchday squad, but did not play",Aston Villa,Andres-Garcia,40498af1
2024-08-17,Sat,Matchweek 1,Away,W 2–1,Aston Villa,West Ham,N,FW,29,1,0,0,0,2,1,0,0,21,1,0,0,0.4,0.4,0.0,0,0,9,12,75.0,0,12,0,3,1,Match Report,9,12,75.0,113,13,5,5,100.0,3,5,60.0,0,1,0.0,0,0.0,0.0,0,1,0,0,0,12,12,0,0,0,0,0,0,0,0,0,0,9,0,0,0,0,0,0,0,0,0,0,0,0,0,0,0,0,21,0,1,9,11,3,21,3,1,33.3,2,66.7,12,25,6,0,0,0,1,1,17,4,1,1,0,0,1,1,1,100.0,0,0,0,0,0,1,0,0,Aston Villa,Jader-Duran,414184f7
2024-08-24,Sat,Matchweek 2,Home,L 0–2,Aston Villa,Arsenal,N,FW,26,0,0,0,0,1,0,0,0,13,0,0,0,0.1,0.1,0.0,1,0,6,9,66.7,1,5,0,0,0,Match Report,6,9,66.7,69,30,3,4,75.0,2,2,100.0,0,0,,0,0.0,0.1,0,0,0,0,1,9,8,0,0,1,0,0,0,0,0,0,0,6,1,0,1,1,0,0,0,0,0,0,0,0,0,0,0,0,13,1,1,7,5,2,13,0,0,,0,,5,18,9,0,0,0,0,1,8,1,0,0,0,0,0,0,0,,0,0,0,0,0,0,1,0,Aston Villa,Jader-Duran,414184f7
2024-08-31,Sat,Matchweek 3,Away,W 2–1,Aston Villa,Leicester City,N,FW,30,1,0,0,0,2,2,1,0,15,0,0,0,0.2,0.2,0.0,0,0,3,9,33.3,0,7,0,1,0,Match Report,3,9,33.3,51,13,1,4,25.0,2,5,40.0,0,0,,0,0.0,0.0,0,1,0,0,0,9,8,1,0,1,0,0,0,0,0,0,0,3,0,0,0,0,0,0,0,0,0,0,0,0,0,0,0,0,15,0,0,11,4,4,15,1,0,0.0,1,100.0,7,13,8,0,0,0,2,1,12,2,0,0,0,0,0,0,0,,0,0,0,0,0,0,0,0,Aston Villa,Jader-Duran,414184f7
2024-09-14,Sat,Matchweek 4,Home,W 3–2,Aston Villa,Everton,N,FW,22,1,0,0,0,3,1,0,0,10,0,0,1,0.3,0.3,0.0,0,0,2,3,66.7,0,7,0,1,0,Match Report,2,3,66.7,30,4,1,1,100.0,1,2,50.0,0,0,,0,0.0,0.0,0,0,0,0,0,3,3,0,0,0,0,0,0,0,0,0,0,2,0,0,0,0,0,0,0,0,0,0,0,0,0,0,0,0,10,0,0,1,9,2,10,1,0,0.0,1,100.0,7,17,8,0,1,0,1,2,10,1,0,0,0,0,0,0,1,0.0,1,1,0,1,0,0,0,0,Aston Villa,Jader-Duran,414184f7
2024-09-21,Sat,Matchweek 5,Home,W 3–1,Aston Villa,Wolves,N,LW,29,1,0,0,0,2,1,0,0,12,1,0,1,1.0,1.0,0.0,1,0,4,4,100.0,0,11,0,1,0,Match Report,4,4,100.0,62,3,3,3,100.0,0,0,,1,1,100.0,0,0.0,0.0,0,0,0,0,0,4,4,0,0,0,0,0,0,0,0,0,0,4,0,0,1,0,0,0,0,1,0,0,0,0,0,0,0,0,12,0,0,5,7,2,12,1,0,0.0,1,100.0,11,18,2,0,0,0,0,1,11,1,1,1,0,0,1,0,1,0.0,1,1,0,1,0,1,0,0,Aston Villa,Jader-Duran,414184f7
2024-09-29,Sun,Matchweek 6,Away,D 2–2,Aston Villa,Ipswich Town,N,FW,27,0,0,0,0,0,0,0,0,9,1,0,0,0.0,0.0,0.0,2,0,4,4,100.0,2,4,0,0,0,Match Report,4,4,100.0,77,30,1,1,100.0,2,2,100.0,1,1,100.0,0,0.0,0.0,1,2,0,0,2,4,3,1,0,0,0,0,0,0,0,0,0,4,0,0,2,1,0,0,0,1,0,0,0,0,0,0,0,0,9,3,4,4,1,0,9,0,0,,0,,4,9,2,0,0,0,0,1,5,2,1,1,1,0,0,0,0,,0,0,0,0,0,1,2,0,Aston Villa,Jader-Duran,414184f7
2024-10-06,Sun,Matchweek 7,Home,D 0–0,Aston Villa,Manchester Utd,N,FW,28,0,0,0,0,0,0,0,0,15,0,0,0,0.0,0.0,0.0,0,0,7,11,63.6,2,9,2,3,1,Match Report,7,11,63.6,95,24,5,5,100.0,2,2,100.0,0,1,0.0,0,0.0,0.0,0,2,0,0,2,11,11,0,0,0,0,2,0,0,0,0,0,7,0,1,0,0,0,0,0,0,0,0,0,0,0,0,0,0,15,1,3,4,9,5,15,3,1,33.3,2,66.7,9,78,47,2,0,0,1,0,9,2,0,0,0,0,0,0,0,,0,0,0,0,0,0,1,0,Aston Villa,Jader-Duran,414184f7
2024-10-19,Sat,Matchweek 8,Away,W 3–1,Aston Villa,Fulham,N,FW,16,0,0,0,0,1,0,0,0,7,0,0,0,0.0,0.0,0.0,1,0,3,4,75.0,0,3,1,0,0,Match Report,3,4,75.0,31,5,1,2,50.0,1,1,100.0,0,0,,0,0.0,0.0,0,0,0,0,0,4,4,0,0,0,0,0,0,0,0,0,0,3,0,0,1,1,0,0,0,0,0,0,0,0,0,0,0,0,7,1,1,2,4,1,7,0,0,,0,,3,14,8,1,0,0,0,0,4,2,0,0,0,0,0,0,0,,0,0,0,0,0,0,1,0,Aston Villa,Jader-Duran,414184f7
2024-10-26,Sat,Matchweek 9,Home,D 1–1,Aston Villa,Bournemouth,N,FW,34,0,0,0,0,3,1,0,0,19,2,0,1,0.3,0.3,0.0,1,0,7,10,70.0,0,11,0,0,0,Match Report,7,10,70.0,125,41,3,4,75.0,3,4,75.0,1,1,100.0,0,0.0,0.0,0,1,0,0,0,10,10,0,0,0,0,0,0,0,0,0,0,7,0,1,1,0,0,0,0,0,1,0,0,0,0,0,0,0,19,1,4,8,7,2,19,0,0,,0,,11,51,15,0,0,0,1,2,15,1,2,1,0,0,2,0,0,,0,1,0,1,0,2,1,0,Aston Villa,Jader-Duran,414184f7
2024-11-03,Sun,Matchweek 10,Away,L 1–4,Aston Villa,Tottenham,N,FW,22,0,0,0,0,0,0,0,0,7,0,0,0,0.0,0.0,0.0,0,0,2,4,50.0,0,2,0,0,0,Match Report,2,4,50.0,16,0,2,3,66.7,0,1,0.0,0,0,,0,0.0,0.0,0,0,0,0,0,4,2,2,0,0,0,0,0,0,0,0,0,2,0,0,0,0,0,0,0,0,0,0,0,0,0,0,0,0,7,0,1,5,1,0,7,0,0,,0,,2,1,0,0,0,0,1,1,3,0,0,0,0,0,0,0,0,,0,0,0,0,0,0,0,0,Aston Villa,Jader-Duran,414184f7
2024-11-09,Sat,Matchweek 11,Away,L 0–2,Aston Villa,Liverpool,N,FW,26,0,0,0,0,0,0,0,0,7,0,0,0,0.0,0.0,0.0,0,0,4,5,80.0,1,3,0,1,1,Match Report,4,5,80.0,53,16,2,3,66.7,2,2,100.0,0,0,,0,0.0,0.0,0,0,0,0,1,5,5,0,0,0,0,0,0,0,0,0,0,4,0,0,0,0,0,0,0,0,0,0,0,0,0,0,0,0,7,1,4,1,3,1,7,1,1,100.0,0,0.0,3,22,18,0,0,0,0,0,4,1,0,0,0,0,0,0,0,,0,0,0,0,0,0,1,0,Aston Villa,Jader-Duran,414184f7
2024-11-23,Sat,Matchweek 12,Home,D 2–2,Aston Villa,Crystal Palace,N,LW,22,0,0,0,0,1,0,0,0,6,0,0,0,0.0,0.0,0.1,1,0,3,3,100.0,1,2,1,0,0,Match Report,3,3,100.0,38,19,2,2,100.0,1,1,100.0,0,0,,0,0.1,0.0,1,0,0,0,1,3,3,0,0,0,0,0,0,0,0,0,0,3,0,0,1,1,0,0,0,0,0,0,0,0,0,0,0,0,6,1,2,1,3,2,6,0,0,,0,,2,19,15,1,1,1,1,1,3,2,0,0,0,0,0,0,0,,0,0,0,0,0,0,1,0,Aston Villa,Jader-Duran,414184f7
2024-12-01,Sun,Matchweek 13,Away,L 0–3,Aston Villa,Chelsea,N,FW,25,0,0,0,0,2,1,0,0,10,0,0,0,0.2,0.2,0.0,1,0,5,7,71.4,0,5,0,0,0,Match Report,5,7,71.4,82,0,3,3,100.0,2,3,66.7,0,0,,0,0.0,0.0,0,0,0,0,0,7,6,1,0,0,0,0,0,0,0,0,0,5,0,0,1,0,0,0,1,0,0,0,0,0,0,0,0,0,10,0,0,4,6,1,10,0,0,,0,,5,17,3,0,0,0,1,0,9,3,0,0,0,0,0,0,0,,0,0,0,0,0,0,0,0,Aston Villa,Jader-Duran,414184f7
2024-12-04,Wed,Matchweek 14,Home,W 3–1,Aston Villa,Brentford,N,FW,26,0,0,0,0,3,2,1,0,19,0,0,0,0.5,0.5,0.1,3,0,12,13,92.3,3,8,0,0,0,Match Report,12,13,92.3,182,52,8,8,100.0,3,4,75.0,1,1,100.0,0,0.1,0.0,2,1,1,0,3,13,13,0,0,0,0,0,0,0,0,0,0,12,0,0,3,2,0,0,1,0,0,0,0,0,0,0,0,0,19,1,2,8,9,4,19,0,0,,0,,8,26,10,0,1,0,1,0,14,1,0,0,0,0,0,0,0,,0,0,0,0,0,0,2,0,Aston Villa,Jader-Duran,414184f7
2024-12-07,Sat,Matchweek 15,Home,W 1–0,Aston Villa,Southampton,Y,FW,57,1,0,0,0,3,2,0,0,20,2,0,0,0.6,0.6,0.0,3,1,11,15,73.3,1,9,1,1,0,Match Report,11,15,73.3,163,17,7,7,100.0,3,6,50.0,1,2,50.0,0,0.0,0.0,0,2,0,0,1,15,15,0,0,0,0,1,0,0,0,0,0,11,0,0,3,1,0,0,1,0,1,1,0,0,0,0,0,1,20,0,1,10,10,5,20,1,0,0.0,0,0.0,9,41,20,1,1,0,0,0,16,4,2,2,0,1,1,0,0,,0,0,0,0,0,2,0,0,Aston Villa,Jader-Duran,414184f7
2024-12-14,Sat,Matchweek 16,Away,L 1–2,Aston Villa,Nott'ham Forest,Y,FW,73,1,0,0,0,3,1,1,0,18,0,0,1,0.1,0.1,0.0,0,0,5,10,50.0,0,11,0,1,0,Match Report,5,10,50.0,64,5,3,5,60.0,1,2,50.0,0,1,0.0,0,0.0,0.0,0,0,0,0,0,10,9,1,0,0,0,0,0,0,0,0,0,5,0,1,0,0,0,0,0,0,0,0,0,0,0,0,0,0,18,0,2,5,12,5,18,1,0,0.0,1,100.0,11,79,55,0,2,0,3,2,14,7,0,0,0,0,0,0,1,0.0,1,1,0,1,0,0,0,0,Aston Villa,Jader-Duran,414184f7
2024-12-21,Sat,Matchweek 17,Home,W 2–1,Aston Villa,Manchester City,Y,FW,79,1,0,0,0,3,3,0,0,28,1,0,1,0.9,0.9,0.0,1,0,15,20,75.0,1,9,2,1,0,Match Report,15,20,75.0,154,25,8,9,88.9,4,5,80.0,0,2,0.0,0,0.0,0.0,0,0,0,0,1,20,20,0,0,0,0,0,0,0,0,0,0,15,0,0,1,0,0,0,1,0,0,0,0,0,0,0,0,0,28,2,7,13,9,5,28,1,0,0.0,0,0.0,9,42,32,2,0,1,1,0,14,2,1,1,0,1,0,0,0,,0,1,0,1,0,1,2,0,Aston Villa,Jader-Duran,414184f7
2024-12-26,Thu,Matchweek 18,Away,L 0–3,Aston Villa,Newcastle Utd,Y,FW,31,0,0,0,0,0,0,0,1,8,0,0,0,0.0,0.0,0.0,2,0,5,8,62.5,1,3,0,0,0,Match Report,5,8,62.5,71,9,2,3,66.7,2,3,66.7,0,0,,0,0.0,0.0,0,0,0,0,1,8,7,1,0,0,0,0,0,0,0,0,0,5,0,1,2,1,0,0,0,1,0,0,0,0,0,0,0,0,8,0,1,3,4,1,8,0,0,,0,,3,14,2,0,1,0,0,1,6,2,0,0,0,0,0,0,0,,0,0,0,0,0,0,0,0,Aston Villa,Jader-Duran,414184f7
2025-01-15,Wed,Matchweek 21,Away,W 1–0,Aston Villa,Everton,N,"On matchday squad, but did not play","On matchday squad, but did not play","On matchday squad, but did not play","On matchday squad, but did not play","On matchday squad, but did not play","On matchday squad, but did not play","On matchday squad, but did not play","On matchday squad, but did not play","On matchday squad, but did not play","On matchday squad, but did not play","On matchday squad, but did not play","On matchday squad, but did not play","On matchday squad, but did not play","On matchday squad, but did not play","On matchday squad, but did not play","On matchday squad, but did not play","On matchday squad, but did not play","On matchday squad, but did not play","On matchday squad, but did not play","On matchday squad, but did not play","On matchday squad, but did not play","On matchday squad, but did not play","On matchday squad, but did not play","On matchday squad, but did not play","On matchday squad, but did not play","On matchday squad, but did not play","On matchday squad, but did not play",Match Report,"On matchday squad, but did not play","On matchday squad, but did not play","On matchday squad, but did not play","On matchday squad, but did not play","On matchday squad, but did not play","On matchday squad, but did not play","On matchday squad, but did not play","On matchday squad, but did not play","On matchday squad, but did not play","On matchday squad, but did not play","On matchday squad, but did not play","On matchday squad, but did not play","On matchday squad, but did not play","On matchday squad, but did not play","On matchday squad, but did not play","On matchday squad, but did not play","On matchday squad, but did not play","On matchday squad, but did not play","On matchday squad, but did not play","On matchday squad, but did not play","On matchday squad, but did not play","On matchday squad, but did not play","On matchday squad, but did not play","On matchday squad, but did not play","On matchday squad, but did not play","On matchday squad, but did not play","On matchday squad, but did not play","On matchday squad, but did not play","On matchday squad, but did not play","On matchday squad, but did not play","On matchday squad, but did not play","On matchday squad, but did not play","On matchday squad, but did not play","On matchday squad, but did not play","On matchday squad, but did not play","On matchday squad, but did not play","On matchday squad, but did not play","On matchday squad, but did not play","On matchday squad, but did not play","On matchday squad, but did not play","On matchday squad, but did not play","On matchday squad, but did not play","On matchday squad, but did not play","On matchday squad, but did not play","On matchday squad, but did not play","On matchday squad, but did not play","On matchday squad, but did not play","On matchday squad, but did not play","On matchday squad, but did not play","On matchday squad, but did not play","On matchday squad, but did not play","On matchday squad, but did not play","On matchday squad, but did not play","On matchday squad, but did not play","On matchday squad, but did not play","On matchday squad, but did not play","On matchday squad, but did not play","On matchday squad, but did not play","On matchday squad, but did not play","On matchday squad, but did not play","On matchday squad, but did not play","On matchday squad, but did not play","On matchday squad, but did not play","On matchday squad, but did not play","On matchday squad, but did not play","On matchday squad, but did not play","On matchday squad, but did not play","On matchday squad, but did not play","On matchday squad, but did not play","On matchday squad, but did not play","On matchday squad, but did not play","On matchday squad, but did not play","On matchday squad, but did not play","On matchday squad, but did not play","On matchday squad, but did not play","On matchday squad, but did not play","On matchday squad, but did not play","On matchday squad, but did not play","On matchday squad, but did not play","On matchday squad, but did not play","On matchday squad, but did not play","On matchday squad, but did not play","On matchday squad, but did not play","On matchday squad, but did not play","On matchday squad, but did not play","On matchday squad, but did not play","On matchday squad, but did not play","On matchday squad, but did not play","On matchday squad, but did not play",Aston Villa,Jader-Duran,414184f7
2025-01-18,Sat,Matchweek 22,Away,D 2–2,Aston Villa,Arsenal,N,FW,11,0,0,0,0,0,0,0,0,7,0,0,0,0.0,0.0,0.0,0,0,1,5,20.0,0,3,0,0,0,Match Report,1,5,20.0,9,1,1,5,20.0,0,0,,0,0,,0,0.0,0.0,0,0,0,0,0,5,5,0,0,0,0,0,0,0,0,0,0,1,0,0,0,0,0,0,0,0,0,0,0,0,0,0,0,0,7,0,1,3,3,0,7,0,0,,0,,3,7,3,0,0,0,1,0,6,1,0,0,0,0,0,0,0,,0,0,0,0,0,0,0,0,Aston Villa,Jader-Duran,414184f7
2025-01-26,Sun,Matchweek 23,Home,D 1–1,Aston Villa,West Ham,N,FW,25,0,0,0,0,2,0,0,0,12,0,0,0,0.1,0.1,0.0,1,0,7,7,100.0,0,9,0,1,0,Match Report,7,7,100.0,73,0,7,7,100.0,0,0,,0,0,,0,0.0,0.0,0,0,0,0,0,7,7,0,0,0,0,0,0,0,0,0,0,7,0,0,1,1,0,0,0,0,0,0,0,0,0,0,0,0,12,1,1,6,5,2,12,1,0,0.0,1,100.0,9,24,4,0,0,0,1,1,12,5,0,0,0,0,0,0,0,,0,0,0,0,0,0,1,0,Aston Villa,Jader-Duran,414184f7
2024-08-16,Fri,Matchweek 1,Home,W 1–0,Manchester Utd,Fulham,Y,LW,90,0,0,0,0,0,0,0,0,43,0,1,1,0.0,0.0,0.7,1,0,22,30,73.3,2,34,2,6,0,Match Report,22,30,73.3,240,92,15,17,88.2,2,8,25.0,1,1,100.0,0,0.7,0.1,1,2,1,0,2,30,30,0,0,0,1,1,0,0,0,0,0,22,0,0,1,1,0,0,0,0,0,0,0,0,0,0,0,0,43,1,6,11,26,4,43,6,0,0.0,5,83.3,34,214,69,2,1,1,2,1,37,9,0,0,0,0,0,0,0,,0,1,0,1,1,1,1,0,Aston Villa,Marcus-Rashford,a1d5bd30
2024-08-24,Sat,Matchweek 2,Away,L 1–2,Manchester Utd,Brighton,Y,"LW,FW",64,0,0,0,0,0,0,0,0,22,0,0,1,0.0,0.0,0.0,0,0,13,18,72.2,0,14,2,4,1,Match Report,13,18,72.2,184,45,10,12,83.3,2,4,50.0,1,1,100.0,0,0.0,0.0,0,1,0,0,0,18,17,1,1,1,0,0,0,0,0,0,0,13,0,0,0,0,0,0,0,0,0,0,0,0,0,0,0,0,22,0,5,11,7,2,22,4,1,25.0,2,50.0,14,85,48,2,0,1,0,0,15,3,0,0,0,0,0,0,0,,0,1,0,1,0,0,0,0,Aston Villa,Marcus-Rashford,a1d5bd30
2024-09-01,Sun,Matchweek 3,Home,L 0–3,Manchester Utd,Liverpool,Y,LW,90,0,0,0,0,0,0,0,0,31,1,0,0,0.0,0.0,0.8,2,0,18,26,69.2,1,21,1,5,2,Match Report,18,26,69.2,266,84,11,13,84.6,3,6,50.0,2,3,66.7,0,0.8,0.6,2,1,3,2,1,26,26,0,0,1,1,4,0,0,0,0,0,18,0,1,2,2,0,0,0,0,0,0,0,0,0,0,0,0,31,0,2,14,16,3,31,5,2,40.0,3,60.0,21,113,39,1,1,2,1,0,25,7,1,1,0,0,1,1,1,100.0,0,0,0,0,0,1,0,0,Aston Villa,Marcus-Rashford,a1d5bd30
2024-09-14,Sat,Matchweek 4,Away,W 3–0,Manchester Utd,Southampton,Y,LW,72,1,0,0,0,4,3,0,0,30,1,0,0,0.4,0.4,0.0,3,0,18,22,81.8,1,22,4,3,0,Match Report,18,22,81.8,242,41,15,18,83.3,3,3,100.0,0,1,0.0,0,0.0,0.0,1,0,0,0,1,22,22,0,0,0,0,0,0,0,0,0,0,18,0,1,3,3,0,0,0,0,0,0,0,0,0,0,0,0,30,0,1,16,13,3,30,3,0,0.0,2,66.7,22,131,92,4,1,1,0,0,26,6,1,0,0,1,0,1,1,100.0,0,0,0,0,0,1,0,0,Aston Villa,Marcus-Rashford,a1d5bd30
2024-09-21,Sat,Matchweek 5,Away,D 0–0,Manchester Utd,Crystal Palace,N,"LW,FW",30,0,0,0,0,0,0,0,0,13,0,0,1,0.0,0.0,0.0,0,0,6,10,60.0,1,7,0,0,0,Match Report,6,10,60.0,97,9,3,4,75.0,3,5,60.0,0,1,0.0,0,0.0,0.0,0,0,1,0,1,10,10,0,0,0,0,0,0,0,0,0,0,6,0,0,0,0,0,0,0,0,0,0,0,0,0,0,0,0,13,0,0,9,4,0,13,0,0,,0,,7,21,7,0,0,0,0,0,10,3,0,0,0,0,0,0,0,,0,1,0,1,0,0,1,0,Aston Villa,Marcus-Rashford,a1d5bd30
2024-09-29,Sun,Matchweek 6,Home,L 0–3,Manchester Utd,Tottenham,Y,"LW,FW",72,0,0,0,0,0,0,0,0,28,2,1,0,0.0,0.0,0.1,2,0,16,23,69.6,1,18,1,1,1,Match Report,16,23,69.6,232,65,10,12,83.3,5,7,71.4,1,2,50.0,0,0.1,0.0,1,0,2,2,1,23,22,1,0,1,0,3,0,0,0,0,0,16,0,2,2,2,0,0,0,0,0,0,0,0,0,0,0,0,28,1,6,11,11,2,28,1,1,100.0,0,0.0,18,102,46,1,1,1,1,0,21,5,2,1,1,0,1,0,1,0.0,1,0,0,0,1,3,1,0,Aston Villa,Marcus-Rashford,a1d5bd30
2024-10-06,Sun,Matchweek 7,Away,D 0–0,Manchester Utd,Aston Villa,Y,LW,63,0,0,0,0,2,2,1,0,24,0,1,1,0.2,0.2,0.0,4,0,13,20,65.0,1,13,1,1,1,Match Report,13,20,65.0,136,31,12,14,85.7,1,5,20.0,0,1,0.0,0,0.0,0.0,1,1,0,0,1,20,20,0,0,1,0,1,0,0,0,0,0,13,0,0,4,2,0,1,1,0,0,0,0,0,0,0,0,0,24,0,2,13,10,2,24,1,1,100.0,0,0.0,13,75,56,1,2,1,0,0,19,2,0,0,0,0,0,0,3,0.0,3,1,0,1,1,1,0,0,Aston Villa,Marcus-Rashford,a1d5bd30
2024-10-19,Sat,Matchweek 8,Home,W 2–1,Manchester Utd,Brentford,Y,RW,90,0,1,0,0,2,0,0,0,60,1,0,1,0.1,0.1,0.3,8,1,42,49,85.7,8,39,4,3,0,Match Report,42,49,85.7,692,202,22,25,88.0,15,15,100.0,4,5,80.0,1,0.3,0.4,4,4,6,2,8,49,49,0,0,0,2,4,0,0,0,0,0,42,0,2,8,8,0,0,0,0,0,1,1,0,0,0,0,0,60,0,2,24,34,7,60,3,0,0.0,3,100.0,39,238,143,4,2,3,2,1,47,10,1,1,0,0,1,1,1,100.0,0,1,0,1,0,1,2,0,Aston Villa,Marcus-Rashford,a1d5bd30
2024-10-27,Sun,Matchweek 9,Away,L 1–2,Manchester Utd,West Ham,Y,RW,58,0,0,0,0,0,0,0,0,31,0,0,0,0.0,0.0,0.0,1,0,17,25,68.0,0,23,0,3,1,Match Report,17,25,68.0,218,34,12,17,70.6,3,4,75.0,1,3,33.3,0,0.0,0.0,1,1,1,1,0,25,25,0,0,2,0,1,0,0,0,0,0,17,0,0,1,1,0,0,0,0,0,0,0,0,0,0,0,0,31,0,2,15,14,1,31,3,1,33.3,2,66.7,23,95,16,0,0,0,3,0,27,5,0,0,0,0,0,0,0,,0,0,0,0,0,0,0,0,Aston Villa,Marcus-Rashford,a1d5bd30
2024-11-03,Sun,Matchweek 10,Home,D 1–1,Manchester Utd,Chelsea,Y,"RW,LW",72,0,0,0,0,2,1,1,0,34,0,0,3,0.2,0.2,0.0,2,0,16,23,69.6,2,15,1,5,1,Match Report,16,23,69.6,239,95,11,12,91.7,4,8,50.0,1,2,50.0,0,0.0,0.0,0,1,0,0,2,23,22,1,0,0,0,2,1,0,0,0,0,16,0,1,2,1,0,1,0,0,0,0,0,0,0,0,0,0,34,0,2,16,18,2,34,5,1,20.0,4,80.0,15,147,33,1,2,1,0,1,18,4,0,0,0,0,0,0,1,0.0,1,3,0,3,0,0,0,0,Aston Villa,Marcus-Rashford,a1d5bd30
2024-11-10,Sun,Matchweek 11,Home,W 3–0,Manchester Utd,Leicester City,Y,LW,56,0,0,0,0,0,0,0,0,39,0,0,0,0.0,0.0,0.0,1,0,24,33,72.7,1,36,1,5,2,Match Report,24,33,72.7,339,71,16,18,88.9,8,11,72.7,0,1,0.0,0,0.0,0.0,0,1,0,0,1,33,32,1,0,0,0,4,1,0,0,0,0,24,0,3,1,1,0,0,0,0,0,0,0,0,0,0,0,0,39,0,1,15,24,2,39,5,2,40.0,2,40.0,36,186,73,1,5,0,2,1,32,10,0,0,0,0,0,0,0,,0,0,0,0,0,0,0,0,Aston Villa,Marcus-Rashford,a1d5bd30
2024-11-24,Sun,Matchweek 12,Away,D 1–1,Manchester Utd,Ipswich Town,Y,FW,67,1,0,0,0,1,1,0,0,12,1,0,0,0.2,0.2,0.1,1,0,8,10,80.0,2,8,0,0,0,Match Report,8,10,80.0,85,13,6,7,85.7,1,1,100.0,0,0,,0,0.1,0.0,1,1,1,0,2,10,8,2,0,0,0,0,0,0,0,0,0,8,0,0,1,1,0,0,0,0,0,0,0,0,0,0,0,0,12,0,1,6,5,1,12,0,0,,0,,8,29,13,0,0,0,0,1,10,0,1,1,1,0,0,0,0,,0,0,0,0,0,1,0,0,Aston Villa,Marcus-Rashford,a1d5bd30
2024-12-01,Sun,Matchweek 13,Home,W 4–0,Manchester Utd,Everton,Y,AM,90,2,0,0,0,4,2,0,0,27,1,0,0,0.5,0.5,0.0,1,0,14,20,70.0,0,20,2,1,0,Match Report,14,20,70.0,150,23,9,12,75.0,2,3,66.7,0,2,0.0,0,0.0,0.0,1,0,0,0,0,20,20,0,0,0,0,2,0,0,0,0,0,14,0,0,1,1,0,0,0,0,0,0,0,0,0,0,0,0,27,0,0,13,14,5,27,1,0,0.0,1,100.0,20,149,62,2,2,1,1,1,25,7,1,0,0,1,0,0,0,,0,0,0,0,0,1,0,0,Aston Villa,Marcus-Rashford,a1d5bd30
2024-12-04,Wed,Matchweek 14,Away,L 0–2,Manchester Utd,Arsenal,N,AM,32,0,0,0,0,0,0,0,0,22,0,1,0,0.0,0.0,0.0,0,0,10,13,76.9,0,15,1,1,0,Match Report,10,13,76.9,109,4,9,10,90.0,1,1,100.0,0,1,0.0,0,0.0,0.0,0,0,0,0,0,13,12,1,0,0,0,1,1,0,0,0,0,10,0,0,0,0,0,0,0,0,0,0,0,0,0,0,0,0,22,1,5,9,8,0,22,1,0,0.0,1,100.0,15,69,23,1,0,0,2,0,14,3,0,0,0,0,0,0,1,0.0,1,0,0,0,1,1,2,0,Aston Villa,Marcus-Rashford,a1d5bd30
2024-12-07,Sat,Matchweek 15,Home,L 2–3,Manchester Utd,Nott'ham Forest,N,AM,32,0,0,0,0,1,0,0,0,24,0,0,0,0.0,0.0,0.1,3,0,16,21,76.2,1,8,0,1,0,Match Report,16,21,76.2,279,59,7,10,70.0,3,4,75.0,3,4,75.0,0,0.1,0.1,2,0,1,1,1,21,19,2,0,0,1,4,1,1,1,0,0,16,0,0,3,1,1,0,1,0,0,0,0,0,0,0,0,0,24,0,0,6,18,0,24,1,0,0.0,1,100.0,8,40,8,0,2,0,0,0,15,5,0,0,0,0,0,0,0,,0,0,0,0,0,0,0,0,Aston Villa,Marcus-Rashford,a1d5bd30
2024-12-30,Mon,Matchweek 19,Home,L 0–2,Manchester Utd,Newcastle Utd,N,"On matchday squad, but did not play","On matchday squad, but did not play","On matchday squad, but did not play","On matchday squad, but did not play","On matchday squad, but did not play","On matchday squad, but did not play","On matchday squad, but did not play","On matchday squad, but did not play","On matchday squad, but did not play","On matchday squad, but did not play","On matchday squad, but did not play","On matchday squad, but did not play","On matchday squad, but did not play","On matchday squad, but did not play","On matchday squad, but did not play","On matchday squad, but did not play","On matchday squad, but did not play","On matchday squad, but did not play","On matchday squad, but did not play","On matchday squad, but did not play","On matchday squad, but did not play","On matchday squad, but did not play","On matchday squad, but did not play","On matchday squad, but did not play","On matchday squad, but did not play","On matchday squad, but did not play","On matchday squad, but did not play",Match Report,"On matchday squad, but did not play","On matchday squad, but did not play","On matchday squad, but did not play","On matchday squad, but did not play","On matchday squad, but did not play","On matchday squad, but did not play","On matchday squad, but did not play","On matchday squad, but did not play","On matchday squad, but did not play","On matchday squad, but did not play","On matchday squad, but did not play","On matchday squad, but did not play","On matchday squad, but did not play","On matchday squad, but did not play","On matchday squad, but did not play","On matchday squad, but did not play","On matchday squad, but did not play","On matchday squad, but did not play","On matchday squad, but did not play","On matchday squad, but did not play","On matchday squad, but did not play","On matchday squad, but did not play","On matchday squad, but did not play","On matchday squad, but did not play","On matchday squad, but did not play","On matchday squad, but did not play","On matchday squad, but did not play","On matchday squad, but did not play","On matchday squad, but did not play","On matchday squad, but did not play","On matchday squad, but did not play","On matchday squad, but did not play","On matchday squad, but did not play","On matchday squad, but did not play","On matchday squad, but did not play","On matchday squad, but did not play","On matchday squad, but did not play","On matchday squad, but did not play","On matchday squad, but did not play","On matchday squad, but did not play","On matchday squad, but did not play","On matchday squad, but did not play","On matchday squad, but did not play","On matchday squad, but did not play","On matchday squad, but did not play","On matchday squad, but did not play","On matchday squad, but did not play","On matchday squad, but did not play","On matchday squad, but did not play","On matchday squad, but did not play","On matchday squad, but did not play","On matchday squad, but did not play","On matchday squad, but did not play","On matchday squad, but did not play","On matchday squad, but did not play","On matchday squad, but did not play","On matchday squad, but did not play","On matchday squad, but did not play","On matchday squad, but did not play","On matchday squad, but did not play","On matchday squad, but did not play","On matchday squad, but did not play","On matchday squad, but did not play","On matchday squad, but did not play","On matchday squad, but did not play","On matchday squad, but did not play","On matchday squad, but did not play","On matchday squad, but did not play","On matchday squad, but did not play","On matchday squad, but did not play","On matchday squad, but did not play","On matchday squad, but did not play","On matchday squad, but did not play","On matchday squad, but did not play","On matchday squad, but did not play","On matchday squad, but did not play","On matchday squad, but did not play","On matchday squad, but did not play","On matchday squad, but did not play","On matchday squad, but did not play","On matchday squad, but did not play","On matchday squad, but did not play","On matchday squad, but did not play","On matchday squad, but did not play","On matchday squad, but did not play","On matchday squad, but did not play","On matchday squad, but did not play","On matchday squad, but did not play","On matchday squad, but did not play",Aston Villa,Marcus-Rashford,a1d5bd30
Date,Day,Round,Venue,Result,Squad,Opponent,Start,Pos,Min,Gls,Ast,PK,PKatt,Sh,SoT,CrdY,CrdR,Touches,Tkl,Int,Blocks,xG,npxG,xAG,SCA,GCA,Cmp,Att,Cmp%,PrgP,Carries,PrgC,Att,Succ,Match Report,Cmp,Att,Cmp%,TotDist,PrgDist,Cmp,Att,Cmp%,Cmp,Att,Cmp%,Cmp,Att,Cmp%,Ast,xAG,xA,KP,1/3,PPA,CrsPA,PrgP,Att,Live,Dead,FK,TB,Sw,Crs,TI,CK,In,Out,Str,Cmp,Off,Blocks,SCA,PassLive,PassDead,TO,Sh,Fld,Def,GCA,PassLive,PassDead,TO,Sh,Fld,Def,Touches,Def Pen,Def 3rd,Mid 3rd,Att 3rd,Att Pen,Live,Att,Succ,Succ%,Tkld,Tkld%,Carries,TotDist,PrgDist,PrgC,1/3,CPA,Mis,Dis,Rec,PrgR,Tkl,TklW,Def 3rd,Mid 3rd,Att 3rd,Tkl,Att,Tkl%,Lost,Blocks,Sh,Pass,Int,Tkl+Int,Clr,Err,Aston Villa,Marcus-Rashford,a1d5bd30
2025-02-15,Sat,Matchweek 25,Home,D 1–1,Aston Villa,Ipswich Town,N,LW,45,0,0,0,0,4,1,0,0,57,3,0,0,0.1,0.1,0.6,10,1,32,45,71.1,6,37,5,6,3,Match Report,32,45,71.1,469,109,19,21,90.5,8,11,72.7,3,7,42.9,0,0.6,0.8,4,0,5,1,6,45,36,8,0,1,0,8,1,7,5,0,0,32,1,3,10,6,1,1,1,1,0,1,0,0,0,1,0,0,57,0,1,10,46,7,57,6,3,50.0,3,50.0,37,188,115,5,1,3,0,0,42,14,3,1,0,0,3,1,1,100.0,0,0,0,0,0,3,0,0,Aston Villa,Marcus-Rashford,a1d5bd30
2025-02-19,Wed,Matchweek 29,Home,D 2–2,Aston Villa,Liverpool,Y,LW,66,0,0,0,0,1,0,0,0,36,1,0,1,0.1,0.1,0.0,2,0,17,28,60.7,2,27,3,4,2,Match Report,17,28,60.7,221,66,11,14,78.6,4,7,57.1,1,5,20.0,0,0.0,0.1,0,0,1,0,2,28,25,3,1,0,0,5,0,2,1,0,0,17,0,1,2,0,0,1,0,1,0,0,0,0,0,0,0,0,36,0,2,6,28,1,36,4,2,50.0,2,50.0,27,188,120,3,3,1,1,1,29,6,1,1,0,1,0,1,1,100.0,0,1,0,1,0,1,0,0,Aston Villa,Marcus-Rashford,a1d5bd30
2025-02-22,Sat,Matchweek 26,Home,W 2–1,Aston Villa,Chelsea,N,LW,45,0,2,0,0,2,0,0,0,25,0,0,0,0.1,0.1,1.3,4,2,16,19,84.2,2,13,4,4,2,Match Report,16,19,84.2,229,56,10,12,83.3,5,6,83.3,0,0,,2,1.3,0.9,3,0,2,1,2,19,17,2,1,1,0,3,0,1,0,0,0,16,0,0,4,3,0,1,0,0,0,2,2,0,0,0,0,0,25,0,3,6,17,5,25,4,2,50.0,2,50.0,13,121,68,4,1,3,0,0,17,9,0,0,0,0,0,0,0,,0,0,0,0,0,0,1,0,Aston Villa,Marcus-Rashford,a1d5bd30
2025-02-25,Tue,Matchweek 27,Away,L 1–4,Aston Villa,Crystal Palace,N,LW,23,0,0,0,0,0,0,0,0,10,0,0,0,0.0,0.0,0.0,1,0,3,7,42.9,0,4,1,1,1,Match Report,3,7,42.9,49,6,1,2,50.0,2,4,50.0,0,1,0.0,0,0.0,0.0,0,0,0,0,0,7,6,1,0,0,0,1,0,1,1,0,0,3,0,0,1,1,0,0,0,0,0,0,0,0,0,0,0,0,10,0,2,3,5,1,10,1,1,100.0,0,0.0,4,37,17,1,0,0,2,0,7,3,0,0,0,0,0,0,1,0.0,1,0,0,0,0,0,0,0,Aston Villa,Marcus-Rashford,a1d5bd30
2025-03-08,Sat,Matchweek 28,Away,W 1–0,Aston Villa,Brentford,N,LW,23,0,0,0,0,0,0,0,0,11,2,0,1,0.0,0.0,0.0,0,0,4,5,80.0,0,4,0,1,0,Match Report,4,5,80.0,57,2,3,3,100.0,1,1,100.0,0,0,,0,0.0,0.0,0,0,0,0,0,5,4,1,0,0,0,0,0,1,0,0,0,4,0,1,0,0,0,0,0,0,0,0,0,0,0,0,0,0,11,2,2,6,3,0,11,1,0,0.0,1,100.0,4,10,0,0,0,0,0,0,4,0,2,1,0,0,2,0,0,,0,1,0,1,0,2,2,0,Aston Villa,Marcus-Rashford,a1d5bd30
2025-04-02,Wed,Matchweek 30,Away,W 3–0,Aston Villa,Brighton,Y,FW,64,1,0,0,0,2,1,0,0,13,0,1,0,0.5,0.5,0.0,0,0,9,9,100.0,1,8,2,0,0,Match Report,9,9,100.0,117,32,7,7,100.0,2,2,100.0,0,0,,0,0.0,0.0,0,0,0,0,1,9,9,0,0,0,0,0,0,0,0,0,0,9,0,0,0,0,0,0,0,0,0,0,0,0,0,0,0,0,13,0,2,3,8,2,13,0,0,,0,,8,56,43,2,1,2,1,0,9,1,0,0,0,0,0,0,0,,0,0,0,0,1,1,0,0,Aston Villa,Marcus-Rashford,a1d5bd30
2025-04-05,Sat,Matchweek 31,Home,W 2–1,Aston Villa,Nott'ham Forest,N,FW,29,0,0,0,0,2,1,0,0,18,0,0,0,0.6,0.6,0.1,3,0,10,15,66.7,1,11,1,1,0,Match Report,10,15,66.7,215,60,3,3,100.0,5,6,83.3,2,4,50.0,0,0.1,0.1,1,2,0,0,1,15,12,3,0,0,1,3,0,3,3,0,0,10,0,2,3,2,1,0,0,0,0,0,0,0,0,0,0,0,18,0,0,4,14,5,18,1,0,0.0,1,100.0,11,38,16,1,1,2,0,0,13,2,0,0,0,0,0,0,0,,0,0,0,0,0,0,0,0,Aston Villa,Marcus-Rashford,a1d5bd30
2025-04-12,Sat,Matchweek 32,Away,W 3–0,Aston Villa,Southampton,Y,FW,65,0,0,0,0,4,1,0,0,31,1,0,0,0.1,0.1,0.1,5,0,16,22,72.7,0,15,3,2,1,Match Report,16,22,72.7,256,77,10,11,90.9,4,4,100.0,2,6,33.3,0,0.1,0.1,3,0,0,0,0,22,14,8,2,0,0,6,0,5,4,0,0,16,0,1,5,1,2,0,1,1,0,0,0,0,0,0,0,0,31,0,1,6,24,4,31,2,1,50.0,1,50.0,15,58,33,3,0,3,2,0,19,5,1,1,1,0,0,1,1,100.0,0,0,0,0,0,1,0,0,Aston Villa,Marcus-Rashford,a1d5bd30
2025-04-19,Sat,Matchweek 33,Home,W 4–1,Aston Villa,Newcastle Utd,N,FW,9,0,0,0,0,0,0,0,0,6,1,0,0,0.0,0.0,0.0,1,0,3,5,60.0,1,2,1,1,0,Match Report,3,5,60.0,53,12,0,1,0.0,3,4,75.0,0,0,,0,0.0,0.0,1,0,1,0,1,5,5,0,0,1,0,0,0,0,0,0,0,3,0,0,1,1,0,0,0,0,0,0,0,0,0,0,0,0,6,0,0,4,4,0,6,1,0,0.0,1,100.0,2,77,40,1,1,0,0,0,1,0,1,1,0,1,0,1,1,100.0,0,0,0,0,0,1,0,0,Aston Villa,Marcus-Rashford,a1d5bd30
2025-04-22,Tue,Matchweek 34,Away,L 1–2,Aston Villa,Manchester City,Y,FW,75,1,0,1,1,3,1,0,0,20,2,0,0,1.5,0.7,0.2,1,0,7,9,77.8,0,6,2,2,0,Match Report,7,9,77.8,106,27,3,3,100.0,2,2,100.0,1,2,50.0,0,0.2,0.1,1,0,0,0,0,9,6,3,1,0,0,2,0,1,1,0,0,7,0,1,1,0,1,0,0,0,0,0,0,0,0,0,0,0,20,0,1,10,10,5,19,2,0,0.0,2,100.0,6,119,19,2,2,1,2,0,8,2,2,2,1,1,0,0,1,0.0,1,0,0,0,0,2,0,0,Aston Villa,Marcus-Rashford,a1d5bd30
2024-08-17,Sat,Matchweek 1,Away,W 2–1,Aston Villa,West Ham,N,"On matchday squad, but did not play","On matchday squad, but did not play","On matchday squad, but did not play","On matchday squad, but did not play","On matchday squad, but did not play","On matchday squad, but did not play","On matchday squad, but did not play","On matchday squad, but did not play","On matchday squad, but did not play","On matchday squad, but did not play","On matchday squad, but did not play","On matchday squad, but did not play","On matchday squad, but did not play","On matchday squad, but did not play","On matchday squad, but did not play","On matchday squad, but did not play","On matchday squad, but did not play","On matchday squad, but did not play","On matchday squad, but did not play","On matchday squad, but did not play","On matchday squad, but did not play","On matchday squad, but did not play","On matchday squad, but did not play","On matchday squad, but did not play","On matchday squad, but did not play","On matchday squad, but did not play","On matchday squad, but did not play",Match Report,"On matchday squad, but did not play","On matchday squad, but did not play","On matchday squad, but did not play","On matchday squad, but did not play","On matchday squad, but did not play","On matchday squad, but did not play","On matchday squad, but did not play","On matchday squad, but did not play","On matchday squad, but did not play","On matchday squad, but did not play","On matchday squad, but did not play","On matchday squad, but did not play","On matchday squad, but did not play","On matchday squad, but did not play","On matchday squad, but did not play","On matchday squad, but did not play","On matchday squad, but did not play","On matchday squad, but did not play","On matchday squad, but did not play","On matchday squad, but did not play","On matchday squad, but did not play","On matchday squad, but did not play","On matchday squad, but did not play","On matchday squad, but did not play","On matchday squad, but did not play","On matchday squad, but did not play","On matchday squad, but did not play","On matchday squad, but did not play","On matchday squad, but did not play","On matchday squad, but did not play","On matchday squad, but did not play","On matchday squad, but did not play","On matchday squad, but did not play","On matchday squad, but did not play","On matchday squad, but did not play","On matchday squad, but did not play","On matchday squad, but did not play","On matchday squad, but did not play","On matchday squad, but did not play","On matchday squad, but did not play","On matchday squad, but did not play","On matchday squad, but did not play","On matchday squad, but did not play","On matchday squad, but did not play","On matchday squad, but did not play","On matchday squad, but did not play","On matchday squad, but did not play","On matchday squad, but did not play","On matchday squad, but did not play","On matchday squad, but did not play","On matchday squad, but did not play","On matchday squad, but did not play","On matchday squad, but did not play","On matchday squad, but did not play","On matchday squad, but did not play","On matchday squad, but did not play","On matchday squad, but did not play","On matchday squad, but did not play","On matchday squad, but did not play","On matchday squad, but did not play","On matchday squad, but did not play","On matchday squad, but did not play","On matchday squad, but did not play","On matchday squad, but did not play","On matchday squad, but did not play","On matchday squad, but did not play","On matchday squad, but did not play","On matchday squad, but did not play","On matchday squad, but did not play","On matchday squad, but did not play","On matchday squad, but did not play","On matchday squad, but did not play","On matchday squad, but did not play","On matchday squad, but did not play","On matchday squad, but did not play","On matchday squad, but did not play","On matchday squad, but did not play","On matchday squad, but did not play","On matchday squad, but did not play","On matchday squad, but did not play","On matchday squad, but did not play","On matchday squad, but did not play","On matchday squad, but did not play","On matchday squad, but did not play","On matchday squad, but did not play","On matchday squad, but did not play","On matchday squad, but did not play","On matchday squad, but did not play","On matchday squad, but did not play",Aston Villa,Ross-Barkley,3a24769f
2024-08-24,Sat,Matchweek 2,Home,L 0–2,Aston Villa,Arsenal,N,CM,15,0,0,0,0,1,0,0,0,14,0,0,0,0.0,0.0,0.0,0,0,10,13,76.9,0,6,0,0,0,Match Report,10,13,76.9,133,45,8,8,100.0,2,3,66.7,0,1,0.0,0,0.0,0.0,0,2,0,0,0,13,12,0,0,0,1,0,0,0,0,0,0,10,1,0,0,0,0,0,0,0,0,0,0,0,0,0,0,0,14,0,1,7,6,0,14,0,0,,0,,6,23,14,0,0,0,0,0,11,0,0,0,0,0,0,0,0,,0,0,0,0,0,0,0,0,Aston Villa,Ross-Barkley,3a24769f
2024-08-31,Sat,Matchweek 3,Away,W 2–1,Aston Villa,Leicester City,N,CM,30,0,0,0,0,0,0,0,0,22,0,0,2,0.0,0.0,0.1,1,0,18,18,100.0,2,10,0,0,0,Match Report,18,18,100.0,279,52,9,9,100.0,8,8,100.0,1,1,100.0,0,0.1,0.0,1,2,1,0,2,18,18,0,0,0,0,0,0,0,0,0,0,18,0,0,1,1,0,0,0,0,0,0,0,0,0,0,0,0,22,1,4,14,4,0,22,0,0,,0,,10,42,15,0,0,0,0,0,16,0,0,0,0,0,0,0,1,0.0,1,2,1,1,0,0,1,0,Aston Villa,Ross-Barkley,3a24769f
2024-09-14,Sat,Matchweek 4,Home,W 3–2,Aston Villa,Everton,N,"DM,CM",45,0,1,0,0,1,0,0,0,45,0,0,0,0.0,0.0,0.0,4,2,42,43,97.7,2,35,3,0,0,Match Report,42,43,97.7,726,75,21,21,100.0,15,16,93.8,5,5,100.0,1,0.0,0.0,1,3,0,0,2,43,43,0,0,0,1,0,0,0,0,0,0,42,0,0,4,4,0,0,0,0,0,2,2,0,0,0,0,0,45,1,2,25,19,1,45,0,0,,0,,35,172,72,3,1,0,0,0,38,0,0,0,0,0,0,0,0,,0,0,0,0,0,0,0,0,Aston Villa,Ross-Barkley,3a24769f
2024-09-21,Sat,Matchweek 5,Home,W 3–1,Aston Villa,Wolves,N,DM,29,0,0,0,0,1,0,1,0,26,3,1,1,0.1,0.1,0.0,0,0,16,16,100.0,1,11,0,1,0,Match Report,16,16,100.0,267,60,5,5,100.0,11,11,100.0,0,0,,0,0.0,0.0,0,5,0,0,1,16,15,1,1,0,0,0,0,0,0,0,0,16,0,0,0,0,0,0,0,0,0,0,0,0,0,0,0,0,26,0,4,17,5,0,26,1,0,0.0,1,100.0,11,61,23,0,0,0,0,1,15,1,3,1,3,0,0,2,2,100.0,0,1,0,1,1,4,0,0,Aston Villa,Ross-Barkley,3a24769f
2024-09-29,Sun,Matchweek 6,Away,D 2–2,Aston Villa,Ipswich Town,N,DM,7,0,0,0,0,1,1,0,0,7,0,0,0,0.0,0.0,0.0,0,0,3,6,50.0,0,8,1,0,0,Match Report,3,6,50.0,44,0,2,3,66.7,1,1,100.0,0,0,,0,0.0,0.0,0,0,0,0,0,6,6,0,0,0,0,0,0,0,0,0,0,3,0,1,0,0,0,0,0,0,0,0,0,0,0,0,0,0,7,1,1,3,3,0,7,0,0,,0,,8,49,33,1,0,0,0,1,6,0,0,0,0,0,0,0,0,,0,0,0,0,0,0,0,0,Aston Villa,Ross-Barkley,3a24769f
2024-10-06,Sun,Matchweek 7,Home,D 0–0,Aston Villa,Manchester Utd,Y,"DM,CM",90,0,0,0,0,0,0,1,0,51,2,0,0,0.0,0.0,0.1,2,0,35,44,79.5,9,34,3,1,1,Match Report,35,44,79.5,491,183,20,24,83.3,13,17,76.5,1,2,50.0,0,0.1,0.1,2,4,2,0,9,44,44,0,0,0,0,0,0,0,0,0,0,35,0,0,2,2,0,0,0,0,0,0,0,0,0,0,0,0,51,2,10,31,12,2,51,1,1,100.0,0,0.0,34,166,83,3,4,1,2,0,33,1,2,1,0,2,0,2,3,66.7,1,0,0,0,0,2,1,0,Aston Villa,Ross-Barkley,3a24769f
2024-10-19,Sat,Matchweek 8,Away,W 3–1,Aston Villa,Fulham,N,DM,16,0,0,0,0,1,0,0,0,18,1,2,0,0.1,0.1,0.0,1,0,14,15,93.3,1,11,1,0,0,Match Report,14,15,93.3,204,71,8,8,100.0,6,7,85.7,0,0,,0,0.0,0.0,1,0,1,0,1,15,15,0,0,0,0,0,0,0,0,0,0,14,0,0,1,1,0,0,0,0,0,0,0,0,0,0,0,0,18,1,4,11,3,1,18,0,0,,0,,11,88,60,1,1,0,0,0,14,0,1,0,0,1,0,1,1,100.0,0,0,0,0,2,3,0,0,Aston Villa,Ross-Barkley,3a24769f
2024-10-26,Sat,Matchweek 9,Home,D 1–1,Aston Villa,Bournemouth,N,"CM,FW",45,1,0,0,0,2,1,1,0,28,0,0,1,0.5,0.5,0.0,0,0,18,23,78.3,1,16,0,0,0,Match Report,18,23,78.3,255,67,11,14,78.6,6,7,85.7,0,0,,0,0.0,0.0,0,2,0,0,1,23,21,2,1,0,0,0,0,0,0,0,0,18,0,1,0,0,0,0,0,0,0,0,0,0,0,0,0,0,28,1,5,17,6,2,28,0,0,,0,,16,39,29,0,1,0,0,1,16,2,0,0,0,0,0,0,0,,0,1,1,0,0,0,1,0,Aston Villa,Ross-Barkley,3a24769f
2024-11-23,Sat,Matchweek 12,Home,D 2–2,Aston Villa,Crystal Palace,Y,DM,90,1,0,0,0,2,1,0,0,68,1,1,1,0.2,0.2,0.0,1,1,49,62,79.0,6,38,2,3,3,Match Report,49,62,79.0,788,164,25,33,75.8,24,25,96.0,0,0,,0,0.0,0.1,0,5,1,0,6,62,58,4,3,0,0,0,1,0,0,0,0,49,0,3,1,1,0,0,0,0,0,1,1,0,0,0,0,0,68,2,8,41,19,4,68,3,3,100.0,0,0.0,38,194,81,2,1,0,2,0,49,4,1,0,0,1,0,0,0,,0,1,0,1,1,2,0,0,Aston Villa,Ross-Barkley,3a24769f
2024-12-01,Sun,Matchweek 13,Away,L 0–3,Aston Villa,Chelsea,N,"CM,DM",29,0,0,0,0,1,0,0,0,16,0,0,1,0.0,0.0,0.0,0,0,10,14,71.4,0,8,0,1,1,Match Report,10,14,71.4,134,55,6,7,85.7,3,3,100.0,0,0,,0,0.0,0.0,0,0,0,0,0,14,13,1,1,0,0,0,0,0,0,0,0,10,0,2,0,0,0,0,0,0,0,0,0,0,0,0,0,0,16,2,10,4,2,1,16,1,1,100.0,0,0.0,8,54,17,0,0,0,0,1,9,0,0,0,0,0,0,0,1,0.0,1,1,0,1,0,0,0,0,Aston Villa,Ross-Barkley,3a24769f
2024-12-04,Wed,Matchweek 14,Home,W 3–1,Aston Villa,Brentford,N,DM,20,0,0,0,0,1,0,0,0,16,0,1,1,0.0,0.0,0.0,1,0,9,12,75.0,0,5,1,1,0,Match Report,9,12,75.0,118,57,5,7,71.4,4,4,100.0,0,1,0.0,0,0.0,0.0,0,1,0,0,0,12,9,3,3,0,0,0,0,0,0,0,0,9,0,0,1,0,1,0,0,0,0,0,0,0,0,0,0,0,16,1,6,10,1,0,16,1,0,0.0,1,100.0,5,45,19,1,0,0,1,0,8,0,0,0,0,0,0,0,0,,0,1,0,1,1,1,1,0,Aston Villa,Ross-Barkley,3a24769f
2024-12-07,Sat,Matchweek 15,Home,W 1–0,Aston Villa,Southampton,N,DM,32,0,0,0,0,1,0,0,0,20,2,0,0,0.5,0.5,0.3,2,0,14,16,87.5,2,10,0,0,0,Match Report,14,16,87.5,264,110,4,5,80.0,10,10,100.0,0,1,0.0,0,0.3,0.1,2,1,0,0,2,16,15,1,1,0,0,0,0,0,0,0,0,14,0,0,2,2,0,0,0,0,0,0,0,0,0,0,0,0,20,1,5,10,5,4,20,0,0,,0,,10,42,16,0,0,0,0,0,10,0,2,0,1,1,0,2,2,100.0,0,0,0,0,0,2,0,0,Aston Villa,Ross-Barkley,3a24769f
2024-12-14,Sat,Matchweek 16,Away,L 1–2,Aston Villa,Nott'ham Forest,N,DM,1,0,0,0,0,0,0,0,0,10,0,0,0,0.0,0.0,0.0,1,0,10,10,100.0,1,8,0,0,0,Match Report,10,10,100.0,157,18,5,5,100.0,4,4,100.0,1,1,100.0,0,0.0,0.0,0,2,0,0,1,10,10,0,0,0,0,0,0,0,0,0,0,10,0,0,1,1,0,0,0,0,0,0,0,0,0,0,0,0,10,0,0,9,1,0,10,0,0,,0,,8,55,34,0,0,0,0,1,8,0,0,0,0,0,0,0,0,,0,0,0,0,0,0,0,0,Aston Villa,Ross-Barkley,3a24769f
2024-12-21,Sat,Matchweek 17,Home,W 2–1,Aston Villa,Manchester City,N,"On matchday squad, but did not play","On matchday squad, but did not play","On matchday squad, but did not play","On matchday squad, but did not play","On matchday squad, but did not play","On matchday squad, but did not play","On matchday squad, but did not play","On matchday squad, but did not play","On matchday squad, but did not play","On matchday squad, but did not play","On matchday squad, but did not play","On matchday squad, but did not play","On matchday squad, but did not play","On matchday squad, but did not play","On matchday squad, but did not play","On matchday squad, but did not play","On matchday squad, but did not play","On matchday squad, but did not play","On matchday squad, but did not play","On matchday squad, but did not play","On matchday squad, but did not play","On matchday squad, but did not play","On matchday squad, but did not play","On matchday squad, but did not play","On matchday squad, but did not play","On matchday squad, but did not play","On matchday squad, but did not play",Match Report,"On matchday squad, but did not play","On matchday squad, but did not play","On matchday squad, but did not play","On matchday squad, but did not play","On matchday squad, but did not play","On matchday squad, but did not play","On matchday squad, but did not play","On matchday squad, but did not play","On matchday squad, but did not play","On matchday squad, but did not play","On matchday squad, but did not play","On matchday squad, but did not play","On matchday squad, but did not play","On matchday squad, but did not play","On matchday squad, but did not play","On matchday squad, but did not play","On matchday squad, but did not play","On matchday squad, but did not play","On matchday squad, but did not play","On matchday squad, but did not play","On matchday squad, but did not play","On matchday squad, but did not play","On matchday squad, but did not play","On matchday squad, but did not play","On matchday squad, but did not play","On matchday squad, but did not play","On matchday squad, but did not play","On matchday squad, but did not play","On matchday squad, but did not play","On matchday squad, but did not play","On matchday squad, but did not play","On matchday squad, but did not play","On matchday squad, but did not play","On matchday squad, but did not play","On matchday squad, but did not play","On matchday squad, but did not play","On matchday squad, but did not play","On matchday squad, but did not play","On matchday squad, but did not play","On matchday squad, but did not play","On matchday squad, but did not play","On matchday squad, but did not play","On matchday squad, but did not play","On matchday squad, but did not play","On matchday squad, but did not play","On matchday squad, but did not play","On matchday squad, but did not play","On matchday squad, but did not play","On matchday squad, but did not play","On matchday squad, but did not play","On matchday squad, but did not play","On matchday squad, but did not play","On matchday squad, but did not play","On matchday squad, but did not play","On matchday squad, but did not play","On matchday squad, but did not play","On matchday squad, but did not play","On matchday squad, but did not play","On matchday squad, but did not play","On matchday squad, but did not play","On matchday squad, but did not play","On matchday squad, but did not play","On matchday squad, but did not play","On matchday squad, but did not play","On matchday squad, but did not play","On matchday squad, but did not play","On matchday squad, but did not play","On matchday squad, but did not play","On matchday squad, but did not play","On matchday squad, but did not play","On matchday squad, but did not play","On matchday squad, but did not play","On matchday squad, but did not play","On matchday squad, but did not play","On matchday squad, but did not play","On matchday squad, but did not play","On matchday squad, but did not play","On matchday squad, but did not play","On matchday squad, but did not play","On matchday squad, but did not play","On matchday squad, but did not play","On matchday squad, but did not play","On matchday squad, but did not play","On matchday squad, but did not play","On matchday squad, but did not play","On matchday squad, but did not play","On matchday squad, but did not play","On matchday squad, but did not play","On matchday squad, but did not play",Aston Villa,Ross-Barkley,3a24769f
2024-12-26,Thu,Matchweek 18,Away,L 0–3,Aston Villa,Newcastle Utd,N,CM,22,0,0,0,0,0,0,0,0,16,0,0,0,0.0,0.0,0.0,0,0,13,16,81.3,3,15,0,0,0,Match Report,13,16,81.3,284,68,4,5,80.0,6,7,85.7,3,4,75.0,0,0.0,0.0,0,1,0,0,3,16,16,0,0,0,0,1,0,0,0,0,0,13,0,0,0,0,0,0,0,0,0,0,0,0,0,0,0,0,16,0,2,10,4,0,16,0,0,,0,,15,79,14,0,1,0,0,1,17,0,0,0,0,0,0,0,0,,0,0,0,0,0,0,0,0,Aston Villa,Ross-Barkley,3a24769f
2024-12-30,Mon,Matchweek 19,Home,D 2–2,Aston Villa,Brighton,N,DM,8,0,0,0,0,0,0,0,0,10,1,1,1,0.0,0.0,0.0,1,0,6,8,75.0,3,5,0,0,0,Match Report,6,8,75.0,107,29,1,2,50.0,5,6,83.3,0,0,,0,0.0,0.0,1,0,1,0,3,8,8,0,0,0,0,0,0,0,0,0,0,6,0,0,1,1,0,0,0,0,0,0,0,0,0,0,0,0,10,1,2,5,3,1,10,0,0,,0,,5,21,12,0,0,0,0,1,7,0,1,0,0,1,0,1,1,100.0,0,1,1,0,1,2,0,0,Aston Villa,Ross-Barkley,3a24769f
2025-01-04,Sat,Matchweek 20,Home,W 2–1,Aston Villa,Leicester City,Y,DM,75,1,0,0,0,2,1,0,0,62,3,3,1,0.2,0.2,0.0,2,0,50,51,98.0,1,34,3,3,3,Match Report,50,51,98.0,711,101,30,30,100.0,16,16,100.0,2,2,100.0,0,0.0,0.0,0,1,0,0,1,51,50,1,1,0,0,0,0,0,0,0,0,50,0,0,2,0,0,2,0,0,0,0,0,0,0,0,0,0,62,2,4,41,19,1,62,3,3,100.0,0,0.0,34,247,118,3,4,1,0,1,45,0,3,1,0,3,0,1,2,50.0,1,1,0,1,3,6,1,0,Aston Villa,Ross-Barkley,3a24769f
2025-04-19,Sat,Matchweek 33,Home,W 4–1,Aston Villa,Newcastle Utd,N,DM,9,0,0,0,0,1,1,0,0,9,0,1,0,0.0,0.0,0.1,1,0,5,7,71.4,1,5,0,0,0,Match Report,5,7,71.4,65,24,3,3,100.0,2,3,66.7,0,1,0.0,0,0.1,0.0,1,0,0,0,1,7,7,0,0,0,0,0,0,0,0,0,0,5,0,0,1,1,0,0,0,0,0,0,0,0,0,0,0,0,9,0,1,5,3,1,9,0,0,,0,,5,23,3,0,0,0,1,0,6,1,0,0,0,0,0,0,0,,0,0,0,0,1,1,0,0,Aston Villa,Ross-Barkley,3a24769f
2025-04-22,Tue,Matchweek 34,Away,L 1–2,Aston Villa,Manchester City,N,"On matchday squad, but did not play","On matchday squad, but did not play","On matchday squad, but did not play","On matchday squad, but did not play","On matchday squad, but did not play","On matchday squad, but did not play","On matchday squad, but did not play","On matchday squad, but did not play","On matchday squad, but did not play","On matchday squad, but did not play","On matchday squad, but did not play","On matchday squad, but did not play","On matchday squad, but did not play","On matchday squad, but did not play","On matchday squad, but did not play","On matchday squad, but did not play","On matchday squad, but did not play","On matchday squad, but did not play","On matchday squad, but did not play","On matchday squad, but did not play","On matchday squad, but did not play","On matchday squad, but did not play","On matchday squad, but did not play","On matchday squad, but did not play","On matchday squad, but did not play","On matchday squad, but did not play","On matchday squad, but did not play",Match Report,"On matchday squad, but did not play","On matchday squad, but did not play","On matchday squad, but did not play","On matchday squad, but did not play","On matchday squad, but did not play","On matchday squad, but did not play","On matchday squad, but did not play","On matchday squad, but did not play","On matchday squad, but did not play","On matchday squad, but did not play","On matchday squad, but did not play","On matchday squad, but did not play","On matchday squad, but did not play","On matchday squad, but did not play","On matchday squad, but did not play","On matchday squad, but did not play","On matchday squad, but did not play","On matchday squad, but did not play","On matchday squad, but did not play","On matchday squad, but did not play","On matchday squad, but did not play","On matchday squad, but did not play","On matchday squad, but did not play","On matchday squad, but did not play","On matchday squad, but did not play","On matchday squad, but did not play","On matchday squad, but did not play","On matchday squad, but did not play","On matchday squad, but did not play","On matchday squad, but did not play","On matchday squad, but did not play","On matchday squad, but did not play","On matchday squad, but did not play","On matchday squad, but did not play","On matchday squad, but did not play","On matchday squad, but did not play","On matchday squad, but did not play","On matchday squad, but did not play","On matchday squad, but did not play","On matchday squad, but did not play","On matchday squad, but did not play","On matchday squad, but did not play","On matchday squad, but did not play","On matchday squad, but did not play","On matchday squad, but did not play","On matchday squad, but did not play","On matchday squad, but did not play","On matchday squad, but did not play","On matchday squad, but did not play","On matchday squad, but did not play","On matchday squad, but did not play","On matchday squad, but did not play","On matchday squad, but did not play","On matchday squad, but did not play","On matchday squad, but did not play","On matchday squad, but did not play","On matchday squad, but did not play","On matchday squad, but did not play","On matchday squad, but did not play","On matchday squad, but did not play","On matchday squad, but did not play","On matchday squad, but did not play","On matchday squad, but did not play","On matchday squad, but did not play","On matchday squad, but did not play","On matchday squad, but did not play","On matchday squad, but did not play","On matchday squad, but did not play","On matchday squad, but did not play","On matchday squad, but did not play","On matchday squad, but did not play","On matchday squad, but did not play","On matchday squad, but did not play","On matchday squad, but did not play","On matchday squad, but did not play","On matchday squad, but did not play","On matchday squad, but did not play","On matchday squad, but did not play","On matchday squad, but did not play","On matchday squad, but did not play","On matchday squad, but did not play","On matchday squad, but did not play","On matchday squad, but did not play","On matchday squad, but did not play","On matchday squad, but did not play","On matchday squad, but did not play","On matchday squad, but did not play","On matchday squad, but did not play","On matchday squad, but did not play",Aston Villa,Ross-Barkley,3a24769f
2025-05-03,Sat,Matchweek 35,Home,W 1–0,Aston Villa,Fulham,N,AM,8,0,0,0,0,0,0,0,0,8,1,0,0,0.0,0.0,0.0,1,0,4,5,80.0,0,4,1,1,0,Match Report,4,5,80.0,54,12,2,2,100.0,2,3,66.7,0,0,,0,0.0,0.0,0,0,0,0,0,5,5,0,0,0,0,0,0,0,0,0,0,4,0,0,1,1,0,0,0,0,0,0,0,0,0,0,0,0,8,0,1,5,2,0,8,1,0,0.0,1,100.0,4,33,14,1,1,0,1,0,6,1,1,0,0,1,0,0,1,0.0,1,0,0,0,0,1,0,0,Aston Villa,Ross-Barkley,3a24769f
2025-05-10,Sat,Matchweek 36,Away,W 1–0,Aston Villa,Bournemouth,N,"On matchday squad, but did not play","On matchday squad, but did not play","On matchday squad, but did not play","On matchday squad, but did not play","On matchday squad, but did not play","On matchday squad, but did not play","On matchday squad, but did not play","On matchday squad, but did not play","On matchday squad, but did not play","On matchday squad, but did not play","On matchday squad, but did not play","On matchday squad, but did not play","On matchday squad, but did not play","On matchday squad, but did not play","On matchday squad, but did not play","On matchday squad, but did not play","On matchday squad, but did not play","On matchday squad, but did not play","On matchday squad, but did not play","On matchday squad, but did not play","On matchday squad, but did not play","On matchday squad, but did not play","On matchday squad, but did not play","On matchday squad, but did not play","On matchday squad, but did not play","On matchday squad, but did not play","On matchday squad, but did not play",Match Report,"On matchday squad, but did not play","On matchday squad, but did not play","On matchday squad, but did not play","On matchday squad, but did not play","On matchday squad, but did not play","On matchday squad, but did not play","On matchday squad, but did not play","On matchday squad, but did not play","On matchday squad, but did not play","On matchday squad, but did not play","On matchday squad, but did not play","On matchday squad, but did not play","On matchday squad, but did not play","On matchday squad, but did not play","On matchday squad, but did not play","On matchday squad, but did not play","On matchday squad, but did not play","On matchday squad, but did not play","On matchday squad, but did not play","On matchday squad, but did not play","On matchday squad, but did not play","On matchday squad, but did not play","On matchday squad, but did not play","On matchday squad, but did not play","On matchday squad, but did not play","On matchday squad, but did not play","On matchday squad, but did not play","On matchday squad, but did not play","On matchday squad, but did not play","On matchday squad, but did not play","On matchday squad, but did not play","On matchday squad, but did not play","On matchday squad, but did not play","On matchday squad, but did not play","On matchday squad, but did not play","On matchday squad, but did not play","On matchday squad, but did not play","On matchday squad, but did not play","On matchday squad, but did not play","On matchday squad, but did not play","On matchday squad, but did not play","On matchday squad, but did not play","On matchday squad, but did not play","On matchday squad, but did not play","On matchday squad, but did not play","On matchday squad, but did not play","On matchday squad, but did not play","On matchday squad, but did not play","On matchday squad, but did not play","On matchday squad, but did not play","On matchday squad, but did not play","On matchday squad, but did not play","On matchday squad, but did not play","On matchday squad, but did not play","On matchday squad, but did not play","On matchday squad, but did not play","On matchday squad, but did not play","On matchday squad, but did not play","On matchday squad, but did not play","On matchday squad, but did not play","On matchday squad, but did not play","On matchday squad, but did not play","On matchday squad, but did not play","On matchday squad, but did not play","On matchday squad, but did not play","On matchday squad, but did not play","On matchday squad, but did not play","On matchday squad, but did not play","On matchday squad, but did not play","On matchday squad, but did not play","On matchday squad, but did not play","On matchday squad, but did not play","On matchday squad, but did not play","On matchday squad, but did not play","On matchday squad, but did not play","On matchday squad, but did not play","On matchday squad, but did not play","On matchday squad, but did not play","On matchday squad, but did not play","On matchday squad, but did not play","On matchday squad, but did not play","On matchday squad, but did not play","On matchday squad, but did not play","On matchday squad, but did not play","On matchday squad, but did not play","On matchday squad, but did not play","On matchday squad, but did not play","On matchday squad, but did not play","On matchday squad, but did not play",Aston Villa,Ross-Barkley,3a24769f
2025-05-16,Fri,Matchweek 37,Home,W 2–0,Aston Villa,Tottenham,N,DM,3,0,0,0,0,0,0,0,0,8,0,0,0,0.0,0.0,0.0,0,0,7,8,87.5,0,7,0,1,1,Match Report,7,8,87.5,106,34,3,3,100.0,4,4,100.0,0,0,,0,0.0,0.0,0,1,0,0,0,8,8,0,0,0,0,0,0,0,0,0,0,7,0,1,0,0,0,0,0,0,0,0,0,0,0,0,0,0,8,0,3,4,1,0,8,1,1,100.0,0,0.0,7,37,21,0,0,0,0,0,8,0,0,0,0,0,0,0,0,,0,0,0,0,0,0,0,0,Aston Villa,Ross-Barkley,3a24769f
2025-05-25,Sun,Matchweek 38,Away,L 0–2,Aston Villa,Manchester Utd,N,DM,7,0,0,0,0,1,0,0,0,10,0,0,0,0.1,0.1,0.0,0,0,4,8,50.0,3,7,0,4,3,Match Report,4,8,50.0,45,35,4,7,57.1,0,0,,0,1,0.0,0,0.0,0.0,0,2,0,0,3,8,8,0,0,0,1,0,0,0,0,0,0,4,0,1,0,0,0,0,0,0,0,0,0,0,0,0,0,0,10,1,2,6,3,1,10,4,3,75.0,1,25.0,7,90,55,0,1,0,0,0,6,0,0,0,0,0,0,0,0,,0,0,0,0,0,0,0,0,Aston Villa,Ross-Barkley,3a24769f
2024-08-17,Sat,Matchweek 1,Away,W 2–1,Aston Villa,West Ham,N,RW,17,0,0,0,0,1,0,1,0,12,1,0,0,0.1,0.1,0.0,0,0,7,9,77.8,0,3,0,0,0,Match Report,7,9,77.8,69,6,5,6,83.3,2,2,100.0,0,0,,0,0.0,0.0,0,0,0,0,0,9,9,0,0,0,0,0,0,0,0,0,0,7,0,1,0,0,0,0,0,0,0,0,0,0,0,0,0,0,12,2,2,2,8,1,12,0,0,,0,,3,10,5,0,0,0,0,0,4,2,1,1,0,1,0,0,0,,0,0,0,0,0,1,1,0,Aston Villa,Jaden-Philogene-Bidace,19f4d211
2024-08-24,Sat,Matchweek 2,Home,L 0–2,Aston Villa,Arsenal,N,"On matchday squad, but did not play","On matchday squad, but did not play","On matchday squad, but did not play","On matchday squad, but did not play","On matchday squad, but did not play","On matchday squad, but did not play","On matchday squad, but did not play","On matchday squad, but did not play","On matchday squad, but did not play","On matchday squad, but did not play","On matchday squad, but did not play","On matchday squad, but did not play","On matchday squad, but did not play","On matchday squad, but did not play","On matchday squad, but did not play","On matchday squad, but did not play","On matchday squad, but did not play","On matchday squad, but did not play","On matchday squad, but did not play","On matchday squad, but did not play","On matchday squad, but did not play","On matchday squad, but did not play","On matchday squad, but did not play","On matchday squad, but did not play","On matchday squad, but did not play","On matchday squad, but did not play","On matchday squad, but did not play",Match Report,"On matchday squad, but did not play","On matchday squad, but did not play","On matchday squad, but did not play","On matchday squad, but did not play","On matchday squad, but did not play","On matchday squad, but did not play","On matchday squad, but did not play","On matchday squad, but did not play","On matchday squad, but did not play","On matchday squad, but did not play","On matchday squad, but did not play","On matchday squad, but did not play","On matchday squad, but did not play","On matchday squad, but did not play","On matchday squad, but did not play","On matchday squad, but did not play","On matchday squad, but did not play","On matchday squad, but did not play","On matchday squad, but did not play","On matchday squad, but did not play","On matchday squad, but did not play","On matchday squad, but did not play","On matchday squad, but did not play","On matchday squad, but did not play","On matchday squad, but did not play","On matchday squad, but did not play","On matchday squad, but did not play","On matchday squad, but did not play","On matchday squad, but did not play","On matchday squad, but did not play","On matchday squad, but did not play","On matchday squad, but did not play","On matchday squad, but did not play","On matchday squad, but did not play","On matchday squad, but did not play","On matchday squad, but did not play","On matchday squad, but did not play","On matchday squad, but did not play","On matchday squad, but did not play","On matchday squad, but did not play","On matchday squad, but did not play","On matchday squad, but did not play","On matchday squad, but did not play","On matchday squad, but did not play","On matchday squad, but did not play","On matchday squad, but did not play","On matchday squad, but did not play","On matchday squad, but did not play","On matchday squad, but did not play","On matchday squad, but did not play","On matchday squad, but did not play","On matchday squad, but did not play","On matchday squad, but did not play","On matchday squad, but did not play","On matchday squad, but did not play","On matchday squad, but did not play","On matchday squad, but did not play","On matchday squad, but did not play","On matchday squad, but did not play","On matchday squad, but did not play","On matchday squad, but did not play","On matchday squad, but did not play","On matchday squad, but did not play","On matchday squad, but did not play","On matchday squad, but did not play","On matchday squad, but did not play","On matchday squad, but did not play","On matchday squad, but did not play","On matchday squad, but did not play","On matchday squad, but did not play","On matchday squad, but did not play","On matchday squad, but did not play","On matchday squad, but did not play","On matchday squad, but did not play","On matchday squad, but did not play","On matchday squad, but did not play","On matchday squad, but did not play","On matchday squad, but did not play","On matchday squad, but did not play","On matchday squad, but did not play","On matchday squad, but did not play","On matchday squad, but did not play","On matchday squad, but did not play","On matchday squad, but did not play","On matchday squad, but did not play","On matchday squad, but did not play","On matchday squad, but did not play","On matchday squad, but did not play","On matchday squad, but did not play",Aston Villa,Jaden-Philogene-Bidace,19f4d211
2024-09-14,Sat,Matchweek 4,Home,W 3–2,Aston Villa,Everton,N,RW,1,0,0,0,0,0,0,0,0,4,1,0,0,0.0,0.0,0.0,1,0,1,1,100.0,0,3,0,1,0,Match Report,1,1,100.0,11,0,1,1,100.0,0,0,,0,0,,0,0.0,0.0,0,0,0,0,0,1,1,0,0,0,0,0,0,0,0,0,0,1,0,0,1,0,0,0,0,1,0,0,0,0,0,0,0,0,4,0,2,1,1,0,4,1,0,0.0,0,0.0,3,8,2,0,0,0,1,0,2,0,1,1,0,1,0,0,0,,0,0,0,0,0,1,0,0,Aston Villa,Jaden-Philogene-Bidace,19f4d211
2024-09-29,Sun,Matchweek 6,Away,D 2–2,Aston Villa,Ipswich Town,N,"RM,RW",27,0,0,0,0,0,0,0,0,10,1,0,0,0.0,0.0,0.0,0,0,6,6,100.0,0,7,0,1,0,Match Report,6,6,100.0,62,15,3,3,100.0,2,2,100.0,0,0,,0,0.0,0.0,0,0,0,0,0,6,6,0,0,0,0,0,0,0,0,0,0,6,0,0,0,0,0,0,0,0,0,0,0,0,0,0,0,0,10,0,1,4,5,0,10,1,0,0.0,0,0.0,7,34,15,0,0,0,0,0,8,0,1,0,0,1,0,1,2,50.0,1,0,0,0,0,1,1,0,Aston Villa,Jaden-Philogene-Bidace,19f4d211
2024-10-06,Sun,Matchweek 7,Home,D 0–0,Aston Villa,Manchester Utd,Y,"LW,RM",90,0,0,0,0,2,0,0,0,26,2,0,0,0.1,0.1,0.0,0,0,12,17,70.6,2,14,0,2,1,Match Report,12,17,70.6,190,48,7,10,70.0,5,6,83.3,0,1,0.0,0,0.0,0.0,0,1,1,0,2,17,16,1,0,0,0,1,1,0,0,0,0,12,0,0,0,0,0,0,0,0,0,0,0,0,0,0,0,0,26,1,5,8,13,2,26,2,1,50.0,1,50.0,14,75,26,0,1,0,1,0,14,4,2,1,1,1,0,1,1,100.0,0,0,0,0,0,2,0,0,Aston Villa,Jaden-Philogene-Bidace,19f4d211
2024-10-19,Sat,Matchweek 8,Away,W 3–1,Aston Villa,Fulham,N,RW,29,0,0,0,0,1,0,2,1,7,1,0,0,0.0,0.0,0.0,0,0,2,3,66.7,0,5,0,1,0,Match Report,2,3,66.7,20,9,2,2,100.0,0,0,,0,0,,0,0.0,0.0,0,0,0,0,0,3,3,0,0,0,0,0,0,0,0,0,0,2,0,1,0,0,0,0,0,0,0,0,0,0,0,0,0,0,7,0,3,3,1,0,7,1,0,0.0,1,100.0,5,6,1,0,0,0,1,0,4,0,1,1,1,0,0,1,1,100.0,0,0,0,0,0,1,0,0,Aston Villa,Jaden-Philogene-Bidace,19f4d211
2024-11-03,Sun,Matchweek 10,Away,L 1–4,Aston Villa,Tottenham,N,LM,10,0,0,0,0,0,0,0,0,5,0,0,0,0.0,0.0,0.0,1,0,4,5,80.0,0,5,1,0,0,Match Report,4,5,80.0,61,0,3,3,100.0,1,1,100.0,0,0,,0,0.0,0.0,0,0,0,0,0,5,5,0,0,0,0,1,0,0,0,0,0,4,0,1,1,1,0,0,0,0,0,0,0,0,0,0,0,0,5,0,0,1,4,1,5,0,0,,0,,5,64,33,1,1,1,0,0,5,1,0,0,0,0,0,0,0,,0,0,0,0,0,0,0,0,Aston Villa,Jaden-Philogene-Bidace,19f4d211
2024-11-09,Sat,Matchweek 11,Away,L 0–2,Aston Villa,Liverpool,N,RW,26,0,0,0,0,1,0,0,0,7,0,0,1,0.2,0.2,0.0,0,0,3,4,75.0,0,4,1,1,0,Match Report,3,4,75.0,35,4,1,2,50.0,1,1,100.0,0,0,,0,0.0,0.0,0,0,0,0,0,4,4,0,0,0,0,0,0,0,0,0,0,3,0,0,0,0,0,0,0,0,0,0,0,0,0,0,0,0,7,0,0,3,4,2,7,1,0,0.0,0,0.0,4,65,17,1,1,2,0,1,7,2,0,0,0,0,0,0,0,,0,1,0,1,0,0,0,0,Aston Villa,Jaden-Philogene-Bidace,19f4d211
2024-11-23,Sat,Matchweek 12,Home,D 2–2,Aston Villa,Crystal Palace,N,RW,9,0,0,0,0,0,0,0,0,9,0,0,1,0.0,0.0,0.0,0,0,1,4,25.0,0,4,1,1,0,Match Report,1,4,25.0,25,0,0,1,0.0,1,2,50.0,0,0,,0,0.0,0.0,0,0,0,0,0,4,4,0,0,0,0,1,0,0,0,0,0,1,0,1,0,0,0,0,0,0,0,0,0,0,0,0,0,0,9,0,1,2,6,1,9,1,0,0.0,1,100.0,4,20,10,1,0,1,2,0,5,1,0,0,0,0,0,0,0,,0,1,0,1,0,0,0,0,Aston Villa,Jaden-Philogene-Bidace,19f4d211
2024-12-01,Sun,Matchweek 13,Away,L 0–3,Aston Villa,Chelsea,Y,RW,65,0,0,0,0,1,0,1,0,26,4,3,2,0.0,0.0,0.3,1,0,5,8,62.5,1,11,0,2,0,Match Report,5,8,62.5,50,20,3,5,60.0,1,1,100.0,0,0,,0,0.3,0.0,1,0,1,0,1,8,8,0,0,1,0,0,0,0,0,0,0,5,0,1,1,1,0,0,0,0,0,0,0,0,0,0,0,0,26,1,8,11,7,4,26,2,0,0.0,2,100.0,11,40,8,0,0,1,2,1,12,2,4,0,2,2,0,1,2,50.0,1,2,0,2,3,7,0,1,Aston Villa,Jaden-Philogene-Bidace,19f4d211
2024-12-04,Wed,Matchweek 14,Home,W 3–1,Aston Villa,Brentford,N,RW,26,0,0,0,0,0,0,0,0,11,0,0,0,0.0,0.0,0.0,0,0,8,9,88.9,0,6,1,3,2,Match Report,8,9,88.9,120,19,4,4,100.0,4,4,100.0,0,0,,0,0.0,0.0,0,0,0,0,0,9,9,0,0,0,0,0,0,0,0,0,0,8,0,0,0,0,0,0,0,0,0,0,0,0,0,0,0,0,11,0,1,8,3,0,11,3,2,66.7,1,33.3,6,79,34,1,0,0,0,0,6,2,0,0,0,0,0,0,0,,0,0,0,0,0,0,0,0,Aston Villa,Jaden-Philogene-Bidace,19f4d211
2024-12-07,Sat,Matchweek 15,Home,W 1–0,Aston Villa,Southampton,N,RW,32,0,0,0,0,1,0,0,0,28,1,0,1,0.0,0.0,0.0,2,0,14,20,70.0,1,13,3,3,1,Match Report,14,20,70.0,207,40,11,12,91.7,1,2,50.0,2,2,100.0,0,0.0,0.1,0,0,1,0,1,20,20,0,0,0,0,1,0,0,0,0,0,14,0,4,2,1,0,0,0,0,1,0,0,0,0,0,0,0,28,0,4,11,14,3,28,3,1,33.3,2,66.7,13,119,88,3,2,2,0,1,16,3,1,1,0,1,0,0,0,,0,1,0,1,0,1,0,0,Aston Villa,Jaden-Philogene-Bidace,19f4d211
2024-12-26,Thu,Matchweek 18,Away,L 0–3,Aston Villa,Newcastle Utd,N,"On matchday squad, but did not play","On matchday squad, but did not play","On matchday squad, but did not play","On matchday squad, but did not play","On matchday squad, but did not play","On matchday squad, but did not play","On matchday squad, but did not play","On matchday squad, but did not play","On matchday squad, but did not play","On matchday squad, but did not play","On matchday squad, but did not play","On matchday squad, but did not play","On matchday squad, but did not play","On matchday squad, but did not play","On matchday squad, but did not play","On matchday squad, but did not play","On matchday squad, but did not play","On matchday squad, but did not play","On matchday squad, but did not play","On matchday squad, but did not play","On matchday squad, but did not play","On matchday squad, but did not play","On matchday squad, but did not play","On matchday squad, but did not play","On matchday squad, but did not play","On matchday squad, but did not play","On matchday squad, but did not play",Match Report,"On matchday squad, but did not play","On matchday squad, but did not play","On matchday squad, but did not play","On matchday squad, but did not play","On matchday squad, but did not play","On matchday squad, but did not play","On matchday squad, but did not play","On matchday squad, but did not play","On matchday squad, but did not play","On matchday squad, but did not play","On matchday squad, but did not play","On matchday squad, but did not play","On matchday squad, but did not play","On matchday squad, but did not play","On matchday squad, but did not play","On matchday squad, but did not play","On matchday squad, but did not play","On matchday squad, but did not play","On matchday squad, but did not play","On matchday squad, but did not play","On matchday squad, but did not play","On matchday squad, but did not play","On matchday squad, but did not play","On matchday squad, but did not play","On matchday squad, but did not play","On matchday squad, but did not play","On matchday squad, but did not play","On matchday squad, but did not play","On matchday squad, but did not play","On matchday squad, but did not play","On matchday squad, but did not play","On matchday squad, but did not play","On matchday squad, but did not play","On matchday squad, but did not play","On matchday squad, but did not play","On matchday squad, but did not play","On matchday squad, but did not play","On matchday squad, but did not play","On matchday squad, but did not play","On matchday squad, but did not play","On matchday squad, but did not play","On matchday squad, but did not play","On matchday squad, but did not play","On matchday squad, but did not play","On matchday squad, but did not play","On matchday squad, but did not play","On matchday squad, but did not play","On matchday squad, but did not play","On matchday squad, but did not play","On matchday squad, but did not play","On matchday squad, but did not play","On matchday squad, but did not play","On matchday squad, but did not play","On matchday squad, but did not play","On matchday squad, but did not play","On matchday squad, but did not play","On matchday squad, but did not play","On matchday squad, but did not play","On matchday squad, but did not play","On matchday squad, but did not play","On matchday squad, but did not play","On matchday squad, but did not play","On matchday squad, but did not play","On matchday squad, but did not play","On matchday squad, but did not play","On matchday squad, but did not play","On matchday squad, but did not play","On matchday squad, but did not play","On matchday squad, but did not play","On matchday squad, but did not play","On matchday squad, but did not play","On matchday squad, but did not play","On matchday squad, but did not play","On matchday squad, but did not play","On matchday squad, but did not play","On matchday squad, but did not play","On matchday squad, but did not play","On matchday squad, but did not play","On matchday squad, but did not play","On matchday squad, but did not play","On matchday squad, but did not play","On matchday squad, but did not play","On matchday squad, but did not play","On matchday squad, but did not play","On matchday squad, but did not play","On matchday squad, but did not play","On matchday squad, but did not play","On matchday squad, but did not play","On matchday squad, but did not play",Aston Villa,Jaden-Philogene-Bidace,19f4d211
2024-12-30,Mon,Matchweek 19,Home,D 2–2,Aston Villa,Brighton,N,"On matchday squad, but did not play","On matchday squad, but did not play","On matchday squad, but did not play","On matchday squad, but did not play","On matchday squad, but did not play","On matchday squad, but did not play","On matchday squad, but did not play","On matchday squad, but did not play","On matchday squad, but did not play","On matchday squad, but did not play","On matchday squad, but did not play","On matchday squad, but did not play","On matchday squad, but did not play","On matchday squad, but did not play","On matchday squad, but did not play","On matchday squad, but did not play","On matchday squad, but did not play","On matchday squad, but did not play","On matchday squad, but did not play","On matchday squad, but did not play","On matchday squad, but did not play","On matchday squad, but did not play","On matchday squad, but did not play","On matchday squad, but did not play","On matchday squad, but did not play","On matchday squad, but did not play","On matchday squad, but did not play",Match Report,"On matchday squad, but did not play","On matchday squad, but did not play","On matchday squad, but did not play","On matchday squad, but did not play","On matchday squad, but did not play","On matchday squad, but did not play","On matchday squad, but did not play","On matchday squad, but did not play","On matchday squad, but did not play","On matchday squad, but did not play","On matchday squad, but did not play","On matchday squad, but did not play","On matchday squad, but did not play","On matchday squad, but did not play","On matchday squad, but did not play","On matchday squad, but did not play","On matchday squad, but did not play","On matchday squad, but did not play","On matchday squad, but did not play","On matchday squad, but did not play","On matchday squad, but did not play","On matchday squad, but did not play","On matchday squad, but did not play","On matchday squad, but did not play","On matchday squad, but did not play","On matchday squad, but did not play","On matchday squad, but did not play","On matchday squad, but did not play","On matchday squad, but did not play","On matchday squad, but did not play","On matchday squad, but did not play","On matchday squad, but did not play","On matchday squad, but did not play","On matchday squad, but did not play","On matchday squad, but did not play","On matchday squad, but did not play","On matchday squad, but did not play","On matchday squad, but did not play","On matchday squad, but did not play","On matchday squad, but did not play","On matchday squad, but did not play","On matchday squad, but did not play","On matchday squad, but did not play","On matchday squad, but did not play","On matchday squad, but did not play","On matchday squad, but did not play","On matchday squad, but did not play","On matchday squad, but did not play","On matchday squad, but did not play","On matchday squad, but did not play","On matchday squad, but did not play","On matchday squad, but did not play","On matchday squad, but did not play","On matchday squad, but did not play","On matchday squad, but did not play","On matchday squad, but did not play","On matchday squad, but did not play","On matchday squad, but did not play","On matchday squad, but did not play","On matchday squad, but did not play","On matchday squad, but did not play","On matchday squad, but did not play","On matchday squad, but did not play","On matchday squad, but did not play","On matchday squad, but did not play","On matchday squad, but did not play","On matchday squad, but did not play","On matchday squad, but did not play","On matchday squad, but did not play","On matchday squad, but did not play","On matchday squad, but did not play","On matchday squad, but did not play","On matchday squad, but did not play","On matchday squad, but did not play","On matchday squad, but did not play","On matchday squad, but did not play","On matchday squad, but did not play","On matchday squad, but did not play","On matchday squad, but did not play","On matchday squad, but did not play","On matchday squad, but did not play","On matchday squad, but did not play","On matchday squad, but did not play","On matchday squad, but did not play","On matchday squad, but did not play","On matchday squad, but did not play","On matchday squad, but did not play","On matchday squad, but did not play","On matchday squad, but did not play",Aston Villa,Jaden-Philogene-Bidace,19f4d211
Date,Day,Round,Venue,Result,Squad,Opponent,Start,Pos,Min,Gls,Ast,PK,PKatt,Sh,SoT,CrdY,CrdR,Touches,Tkl,Int,Blocks,xG,npxG,xAG,SCA,GCA,Cmp,Att,Cmp%,PrgP,Carries,PrgC,Att,Succ,Match Report,Cmp,Att,Cmp%,TotDist,PrgDist,Cmp,Att,Cmp%,Cmp,Att,Cmp%,Cmp,Att,Cmp%,Ast,xAG,xA,KP,1/3,PPA,CrsPA,PrgP,Att,Live,Dead,FK,TB,Sw,Crs,TI,CK,In,Out,Str,Cmp,Off,Blocks,SCA,PassLive,PassDead,TO,Sh,Fld,Def,GCA,PassLive,PassDead,TO,Sh,Fld,Def,Touches,Def Pen,Def 3rd,Mid 3rd,Att 3rd,Att Pen,Live,Att,Succ,Succ%,Tkld,Tkld%,Carries,TotDist,PrgDist,PrgC,1/3,CPA,Mis,Dis,Rec,PrgR,Tkl,TklW,Def 3rd,Mid 3rd,Att 3rd,Tkl,Att,Tkl%,Lost,Blocks,Sh,Pass,Int,Tkl+Int,Clr,Err,Aston Villa,Jaden-Philogene-Bidace,19f4d211
2025-01-19,Sun,Matchweek 22,Home,L 0–6,Ipswich Town,Manchester City,N,LM,27,0,0,0,0,0,0,0,0,13,0,0,1,0.0,0.0,0.0,0,0,10,11,90.9,0,9,1,0,0,Match Report,10,11,90.9,179,26,5,5,100.0,2,2,100.0,2,3,66.7,0,0.0,0.0,0,0,0,0,0,11,11,0,0,0,1,0,0,0,0,0,0,10,0,0,0,0,0,0,0,0,0,0,0,0,0,0,0,0,13,0,4,6,4,0,13,0,0,,0,,9,60,25,1,1,0,1,0,9,2,0,0,0,0,0,0,1,0.0,1,1,0,1,0,0,0,0,Aston Villa,Jaden-Philogene-Bidace,19f4d211
2025-01-25,Sat,Matchweek 23,Away,L 1–4,Ipswich Town,Liverpool,Y,LW,78,0,0,0,0,0,0,0,0,25,2,3,2,0.0,0.0,0.0,0,0,9,13,69.2,1,13,3,2,0,Match Report,9,13,69.2,161,26,7,9,77.8,1,1,100.0,1,1,100.0,0,0.0,0.0,0,0,0,0,1,13,13,0,0,0,0,2,0,0,0,0,0,9,0,0,0,0,0,0,0,0,0,0,0,0,0,0,0,0,25,0,9,8,8,2,25,2,0,0.0,2,100.0,13,125,33,3,1,2,1,3,15,1,2,1,0,2,0,0,2,0.0,2,2,0,2,3,5,0,0,Aston Villa,Jaden-Philogene-Bidace,19f4d211
2025-02-01,Sat,Matchweek 24,Home,L 1–2,Ipswich Town,Southampton,N,"LW,RW",28,0,0,0,0,0,0,0,0,20,1,0,0,0.0,0.0,0.0,0,0,11,17,64.7,1,16,3,2,2,Match Report,11,17,64.7,167,34,5,6,83.3,3,5,60.0,1,3,33.3,0,0.0,0.0,0,1,1,1,1,17,16,1,0,0,0,3,1,0,0,0,0,11,0,1,0,0,0,0,0,0,0,0,0,0,0,0,0,0,20,0,5,5,10,2,20,2,2,100.0,0,0.0,16,169,53,3,1,0,2,4,16,6,1,1,1,0,0,1,1,100.0,0,0,0,0,0,1,0,0,Aston Villa,Jaden-Philogene-Bidace,19f4d211
2025-02-15,Sat,Matchweek 25,Away,D 1–1,Ipswich Town,Aston Villa,N,"On matchday squad, but did not play","On matchday squad, but did not play","On matchday squad, but did not play","On matchday squad, but did not play","On matchday squad, but did not play","On matchday squad, but did not play","On matchday squad, but did not play","On matchday squad, but did not play","On matchday squad, but did not play","On matchday squad, but did not play","On matchday squad, but did not play","On matchday squad, but did not play","On matchday squad, but did not play","On matchday squad, but did not play","On matchday squad, but did not play","On matchday squad, but did not play","On matchday squad, but did not play","On matchday squad, but did not play","On matchday squad, but did not play","On matchday squad, but did not play","On matchday squad, but did not play","On matchday squad, but did not play","On matchday squad, but did not play","On matchday squad, but did not play","On matchday squad, but did not play","On matchday squad, but did not play","On matchday squad, but did not play",Match Report,"On matchday squad, but did not play","On matchday squad, but did not play","On matchday squad, but did not play","On matchday squad, but did not play","On matchday squad, but did not play","On matchday squad, but did not play","On matchday squad, but did not play","On matchday squad, but did not play","On matchday squad, but did not play","On matchday squad, but did not play","On matchday squad, but did not play","On matchday squad, but did not play","On matchday squad, but did not play","On matchday squad, but did not play","On matchday squad, but did not play","On matchday squad, but did not play","On matchday squad, but did not play","On matchday squad, but did not play","On matchday squad, but did not play","On matchday squad, but did not play","On matchday squad, but did not play","On matchday squad, but did not play","On matchday squad, but did not play","On matchday squad, but did not play","On matchday squad, but did not play","On matchday squad, but did not play","On matchday squad, but did not play","On matchday squad, but did not play","On matchday squad, but did not play","On matchday squad, but did not play","On matchday squad, but did not play","On matchday squad, but did not play","On matchday squad, but did not play","On matchday squad, but did not play","On matchday squad, but did not play","On matchday squad, but did not play","On matchday squad, but did not play","On matchday squad, but did not play","On matchday squad, but did not play","On matchday squad, but did not play","On matchday squad, but did not play","On matchday squad, but did not play","On matchday squad, but did not play","On matchday squad, but did not play","On matchday squad, but did not play","On matchday squad, but did not play","On matchday squad, but did not play","On matchday squad, but did not play","On matchday squad, but did not play","On matchday squad, but did not play","On matchday squad, but did not play","On matchday squad, but did not play","On matchday squad, but did not play","On matchday squad, but did not play","On matchday squad, but did not play","On matchday squad, but did not play","On matchday squad, but did not play","On matchday squad, but did not play","On matchday squad, but did not play","On matchday squad, but did not play","On matchday squad, but did not play","On matchday squad, but did not play","On matchday squad, but did not play","On matchday squad, but did not play","On matchday squad, but did not play","On matchday squad, but did not play","On matchday squad, but did not play","On matchday squad, but did not play","On matchday squad, but did not play","On matchday squad, but did not play","On matchday squad, but did not play","On matchday squad, but did not play","On matchday squad, but did not play","On matchday squad, but did not play","On matchday squad, but did not play","On matchday squad, but did not play","On matchday squad, but did not play","On matchday squad, but did not play","On matchday squad, but did not play","On matchday squad, but did not play","On matchday squad, but did not play","On matchday squad, but did not play","On matchday squad, but did not play","On matchday squad, but did not play","On matchday squad, but did not play","On matchday squad, but did not play","On matchday squad, but did not play","On matchday squad, but did not play","On matchday squad, but did not play",Aston Villa,Jaden-Philogene-Bidace,19f4d211
2025-02-22,Sat,Matchweek 26,Home,L 1–4,Ipswich Town,Tottenham,Y,RW,90,0,0,0,0,4,0,0,0,49,5,3,1,0.2,0.2,0.1,6,0,20,29,69.0,5,30,4,4,1,Match Report,20,29,69.0,318,120,14,16,87.5,5,7,71.4,1,2,50.0,0,0.1,0.1,2,5,1,1,5,29,28,0,0,0,0,5,0,0,0,0,0,20,1,2,6,4,0,1,0,1,0,0,0,0,0,0,0,0,49,2,9,17,24,5,49,4,1,25.0,3,75.0,30,220,96,4,0,2,3,1,28,10,5,1,2,3,0,4,5,80.0,1,1,0,1,3,8,2,0,Aston Villa,Jaden-Philogene-Bidace,19f4d211
2025-02-26,Wed,Matchweek 27,Away,L 2–3,Ipswich Town,Manchester Utd,Y,"WB,RW",90,2,0,0,0,4,3,0,0,58,3,3,0,1.0,1.0,0.1,2,0,31,35,88.6,2,38,1,5,1,Match Report,31,35,88.6,479,168,17,17,100.0,12,15,80.0,1,1,100.0,0,0.1,0.1,2,1,2,1,2,35,35,0,0,0,0,3,0,0,0,0,0,31,0,1,2,2,0,0,0,0,0,0,0,0,0,0,0,0,58,3,12,10,36,4,58,5,1,20.0,3,60.0,38,201,72,1,0,0,3,0,39,10,3,3,2,0,1,2,4,50.0,2,0,0,0,3,6,2,1,Aston Villa,Jaden-Philogene-Bidace,19f4d211
2025-03-08,Sat,Matchweek 28,Away,L 0–1,Ipswich Town,Crystal Palace,Y,RW,66,0,0,0,0,3,2,0,0,21,2,0,3,0.7,0.7,0.0,1,0,4,7,57.1,1,5,0,2,0,Match Report,4,7,57.1,58,26,1,2,50.0,2,4,50.0,0,0,,0,0.0,0.0,1,0,0,0,1,7,7,0,0,0,0,0,0,0,0,0,0,4,0,0,1,0,0,0,1,0,0,0,0,0,0,0,0,0,21,4,7,8,6,3,21,2,0,0.0,2,100.0,5,11,1,0,0,0,0,1,8,1,2,1,1,0,1,1,2,50.0,1,3,1,2,0,2,4,0,Aston Villa,Jaden-Philogene-Bidace,19f4d211
2025-03-15,Sat,Matchweek 29,Home,L 2–4,Ipswich Town,Nott'ham Forest,Y,"RW,LW",79,0,0,0,0,0,0,0,0,28,1,1,3,0.0,0.0,0.0,0,0,9,17,52.9,0,14,1,3,1,Match Report,9,17,52.9,160,7,4,8,50.0,5,7,71.4,0,2,0.0,0,0.0,0.0,0,0,0,0,0,17,17,0,0,0,0,0,0,0,0,0,0,9,0,0,0,0,0,0,0,0,0,0,0,0,0,0,0,0,28,1,6,10,12,1,28,3,1,33.3,1,33.3,14,70,22,1,0,1,0,1,15,4,1,0,0,1,0,0,0,,0,3,0,3,1,2,1,0,Aston Villa,Jaden-Philogene-Bidace,19f4d211
2025-04-02,Wed,Matchweek 30,Away,W 2–1,Ipswich Town,Bournemouth,N,RW,1,0,0,0,0,0,0,1,0,0,0,0,0,0.0,0.0,0.0,0,0,0,0,,0,0,0,0,0,Match Report,0,0,,0,0,0,0,,0,0,,0,0,,0,0.0,0.0,0,0,0,0,0,0,0,0,0,0,0,0,0,0,0,0,0,0,0,0,0,0,0,0,0,0,0,0,0,0,0,0,0,0,0,0,0,0,0,0,0,0,0,,0,,0,0,0,0,0,0,0,0,0,0,0,0,0,0,0,0,0,,0,0,0,0,0,0,0,0,Aston Villa,Jaden-Philogene-Bidace,19f4d211
2025-04-05,Sat,Matchweek 31,Home,L 1–2,Ipswich Town,Wolves,N,"RW,RB",10,0,0,0,0,1,0,0,0,4,0,0,0,0.1,0.1,0.0,0,0,1,2,50.0,0,2,0,0,0,Match Report,1,2,50.0,14,7,1,1,100.0,0,0,,0,0,,0,0.0,0.0,0,0,0,0,0,2,2,0,0,0,0,0,0,0,0,0,0,1,0,1,0,0,0,0,0,0,0,0,0,0,0,0,0,0,4,0,1,2,1,1,4,0,0,,0,,2,6,3,0,0,0,1,0,3,2,0,0,0,0,0,0,0,,0,0,0,0,0,0,0,0,Aston Villa,Jaden-Philogene-Bidace,19f4d211
2025-04-13,Sun,Matchweek 32,Away,D 2–2,Ipswich Town,Chelsea,N,LW,5,0,0,0,0,0,0,0,0,2,0,0,1,0.0,0.0,0.0,0,0,0,0,,0,0,0,0,0,Match Report,0,0,,0,0,0,0,,0,0,,0,0,,0,0.0,0.0,0,0,0,0,0,0,0,0,0,0,0,0,0,0,0,0,0,0,0,0,0,0,0,0,0,0,0,0,0,0,0,0,0,0,2,0,0,2,0,0,2,0,0,,0,,0,0,0,0,0,0,0,0,0,0,0,0,0,0,0,0,0,,0,1,0,1,0,0,0,0,Aston Villa,Jaden-Philogene-Bidace,19f4d211
2025-01-18,Sat,Matchweek 22,Away,D 2–2,Aston Villa,Arsenal,N,"On matchday squad, but did not play","On matchday squad, but did not play","On matchday squad, but did not play","On matchday squad, but did not play","On matchday squad, but did not play","On matchday squad, but did not play","On matchday squad, but did not play","On matchday squad, but did not play","On matchday squad, but did not play","On matchday squad, but did not play","On matchday squad, but did not play","On matchday squad, but did not play","On matchday squad, but did not play","On matchday squad, but did not play","On matchday squad, but did not play","On matchday squad, but did not play","On matchday squad, but did not play","On matchday squad, but did not play","On matchday squad, but did not play","On matchday squad, but did not play","On matchday squad, but did not play","On matchday squad, but did not play","On matchday squad, but did not play","On matchday squad, but did not play","On matchday squad, but did not play","On matchday squad, but did not play","On matchday squad, but did not play",Match Report,"On matchday squad, but did not play","On matchday squad, but did not play","On matchday squad, but did not play","On matchday squad, but did not play","On matchday squad, but did not play","On matchday squad, but did not play","On matchday squad, but did not play","On matchday squad, but did not play","On matchday squad, but did not play","On matchday squad, but did not play","On matchday squad, but did not play","On matchday squad, but did not play","On matchday squad, but did not play","On matchday squad, but did not play","On matchday squad, but did not play","On matchday squad, but did not play","On matchday squad, but did not play","On matchday squad, but did not play","On matchday squad, but did not play","On matchday squad, but did not play","On matchday squad, but did not play","On matchday squad, but did not play","On matchday squad, but did not play","On matchday squad, but did not play","On matchday squad, but did not play","On matchday squad, but did not play","On matchday squad, but did not play","On matchday squad, but did not play","On matchday squad, but did not play","On matchday squad, but did not play","On matchday squad, but did not play","On matchday squad, but did not play","On matchday squad, but did not play","On matchday squad, but did not play","On matchday squad, but did not play","On matchday squad, but did not play","On matchday squad, but did not play","On matchday squad, but did not play","On matchday squad, but did not play","On matchday squad, but did not play","On matchday squad, but did not play","On matchday squad, but did not play","On matchday squad, but did not play","On matchday squad, but did not play","On matchday squad, but did not play","On matchday squad, but did not play","On matchday squad, but did not play","On matchday squad, but did not play","On matchday squad, but did not play","On matchday squad, but did not play","On matchday squad, but did not play","On matchday squad, but did not play","On matchday squad, but did not play","On matchday squad, but did not play","On matchday squad, but did not play","On matchday squad, but did not play","On matchday squad, but did not play","On matchday squad, but did not play","On matchday squad, but did not play","On matchday squad, but did not play","On matchday squad, but did not play","On matchday squad, but did not play","On matchday squad, but did not play","On matchday squad, but did not play","On matchday squad, but did not play","On matchday squad, but did not play","On matchday squad, but did not play","On matchday squad, but did not play","On matchday squad, but did not play","On matchday squad, but did not play","On matchday squad, but did not play","On matchday squad, but did not play","On matchday squad, but did not play","On matchday squad, but did not play","On matchday squad, but did not play","On matchday squad, but did not play","On matchday squad, but did not play","On matchday squad, but did not play","On matchday squad, but did not play","On matchday squad, but did not play","On matchday squad, but did not play","On matchday squad, but did not play","On matchday squad, but did not play","On matchday squad, but did not play","On matchday squad, but did not play","On matchday squad, but did not play","On matchday squad, but did not play","On matchday squad, but did not play","On matchday squad, but did not play",Aston Villa,Donyell-Malen,116c35df
2025-01-26,Sun,Matchweek 23,Home,D 1–1,Aston Villa,West Ham,N,RW,25,0,0,0,0,1,1,0,0,10,0,0,0,0.0,0.0,0.0,0,0,3,5,60.0,0,4,1,2,0,Match Report,3,5,60.0,33,0,2,2,100.0,1,2,50.0,0,0,,0,0.0,0.0,0,0,0,0,0,5,4,1,0,0,0,1,0,0,0,0,0,3,0,0,0,0,0,0,0,0,0,0,0,0,0,0,0,0,10,0,1,1,8,0,10,2,0,0.0,2,100.0,4,68,15,1,1,0,1,1,4,1,0,0,0,0,0,0,0,,0,0,0,0,0,0,0,0,Aston Villa,Donyell-Malen,116c35df
2025-02-01,Sat,Matchweek 24,Away,L 0–2,Aston Villa,Wolves,N,FW,45,0,0,0,0,2,2,0,0,20,1,0,0,0.2,0.2,0.0,1,0,10,13,76.9,1,10,1,2,1,Match Report,10,13,76.9,111,10,8,9,88.9,2,3,66.7,0,0,,0,0.0,0.0,0,0,0,0,1,13,10,2,0,0,0,1,0,0,0,0,0,10,1,0,1,0,0,1,0,0,0,0,0,0,0,0,0,0,20,1,1,8,12,3,20,2,1,50.0,0,0.0,10,49,15,1,0,1,2,2,14,4,1,1,1,0,0,0,0,,0,0,0,0,0,1,0,0,Aston Villa,Donyell-Malen,116c35df
2025-02-15,Sat,Matchweek 25,Home,D 1–1,Aston Villa,Ipswich Town,Y,RW,62,0,0,0,0,1,0,0,0,23,1,0,0,0.0,0.0,0.0,2,0,11,15,73.3,1,14,2,2,1,Match Report,11,15,73.3,148,35,7,9,77.8,2,3,66.7,1,1,100.0,0,0.0,0.0,1,1,0,0,1,15,14,1,0,0,0,1,1,0,0,0,0,11,0,1,2,2,0,0,0,0,0,0,0,0,0,0,0,0,23,0,1,5,18,5,23,2,1,50.0,1,50.0,14,113,70,2,1,1,1,0,12,6,1,1,1,0,0,0,0,,0,0,0,0,0,1,0,0,Aston Villa,Donyell-Malen,116c35df
2025-02-19,Wed,Matchweek 29,Home,D 2–2,Aston Villa,Liverpool,N,RW,24,0,0,0,0,2,0,0,0,12,2,0,0,0.1,0.1,0.0,0,0,4,6,66.7,1,5,0,0,0,Match Report,4,6,66.7,48,20,3,4,75.0,1,1,100.0,0,0,,0,0.0,0.0,0,0,1,0,1,6,6,0,0,0,0,0,0,0,0,0,0,4,0,1,0,0,0,0,0,0,0,0,0,0,0,0,0,0,12,0,0,3,10,3,12,0,0,,0,,5,27,18,0,1,0,0,1,6,2,2,0,0,1,1,0,0,,0,0,0,0,0,2,0,0,Aston Villa,Donyell-Malen,116c35df
2025-02-22,Sat,Matchweek 26,Home,W 2–1,Aston Villa,Chelsea,N,FW,13,0,0,0,0,1,1,0,0,5,1,0,0,0.2,0.2,0.0,0,0,2,3,66.7,0,5,1,0,0,Match Report,2,3,66.7,47,4,0,0,,1,1,100.0,1,1,100.0,0,0.0,0.0,0,0,0,0,0,3,3,0,0,0,0,0,0,0,0,0,0,2,0,0,0,0,0,0,0,0,0,0,0,0,0,0,0,0,5,0,2,3,1,1,5,0,0,,0,,5,51,39,1,0,0,0,1,5,1,1,0,1,0,0,1,1,100.0,0,0,0,0,0,1,0,0,Aston Villa,Donyell-Malen,116c35df
2025-02-25,Tue,Matchweek 27,Away,L 1–4,Aston Villa,Crystal Palace,N,"On matchday squad, but did not play","On matchday squad, but did not play","On matchday squad, but did not play","On matchday squad, but did not play","On matchday squad, but did not play","On matchday squad, but did not play","On matchday squad, but did not play","On matchday squad, but did not play","On matchday squad, but did not play","On matchday squad, but did not play","On matchday squad, but did not play","On matchday squad, but did not play","On matchday squad, but did not play","On matchday squad, but did not play","On matchday squad, but did not play","On matchday squad, but did not play","On matchday squad, but did not play","On matchday squad, but did not play","On matchday squad, but did not play","On matchday squad, but did not play","On matchday squad, but did not play","On matchday squad, but did not play","On matchday squad, but did not play","On matchday squad, but did not play","On matchday squad, but did not play","On matchday squad, but did not play","On matchday squad, but did not play",Match Report,"On matchday squad, but did not play","On matchday squad, but did not play","On matchday squad, but did not play","On matchday squad, but did not play","On matchday squad, but did not play","On matchday squad, but did not play","On matchday squad, but did not play","On matchday squad, but did not play","On matchday squad, but did not play","On matchday squad, but did not play","On matchday squad, but did not play","On matchday squad, but did not play","On matchday squad, but did not play","On matchday squad, but did not play","On matchday squad, but did not play","On matchday squad, but did not play","On matchday squad, but did not play","On matchday squad, but did not play","On matchday squad, but did not play","On matchday squad, but did not play","On matchday squad, but did not play","On matchday squad, but did not play","On matchday squad, but did not play","On matchday squad, but did not play","On matchday squad, but did not play","On matchday squad, but did not play","On matchday squad, but did not play","On matchday squad, but did not play","On matchday squad, but did not play","On matchday squad, but did not play","On matchday squad, but did not play","On matchday squad, but did not play","On matchday squad, but did not play","On matchday squad, but did not play","On matchday squad, but did not play","On matchday squad, but did not play","On matchday squad, but did not play","On matchday squad, but did not play","On matchday squad, but did not play","On matchday squad, but did not play","On matchday squad, but did not play","On matchday squad, but did not play","On matchday squad, but did not play","On matchday squad, but did not play","On matchday squad, but did not play","On matchday squad, but did not play","On matchday squad, but did not play","On matchday squad, but did not play","On matchday squad, but did not play","On matchday squad, but did not play","On matchday squad, but did not play","On matchday squad, but did not play","On matchday squad, but did not play","On matchday squad, but did not play","On matchday squad, but did not play","On matchday squad, but did not play","On matchday squad, but did not play","On matchday squad, but did not play","On matchday squad, but did not play","On matchday squad, but did not play","On matchday squad, but did not play","On matchday squad, but did not play","On matchday squad, but did not play","On matchday squad, but did not play","On matchday squad, but did not play","On matchday squad, but did not play","On matchday squad, but did not play","On matchday squad, but did not play","On matchday squad, but did not play","On matchday squad, but did not play","On matchday squad, but did not play","On matchday squad, but did not play","On matchday squad, but did not play","On matchday squad, but did not play","On matchday squad, but did not play","On matchday squad, but did not play","On matchday squad, but did not play","On matchday squad, but did not play","On matchday squad, but did not play","On matchday squad, but did not play","On matchday squad, but did not play","On matchday squad, but did not play","On matchday squad, but did not play","On matchday squad, but did not play","On matchday squad, but did not play","On matchday squad, but did not play","On matchday squad, but did not play","On matchday squad, but did not play","On matchday squad, but did not play",Aston Villa,Donyell-Malen,116c35df
2025-03-08,Sat,Matchweek 28,Away,W 1–0,Aston Villa,Brentford,N,AM,1,0,0,0,0,0,0,0,0,0,0,0,0,0.0,0.0,0.0,0,0,0,0,,0,0,0,0,0,Match Report,0,0,,0,0,0,0,,0,0,,0,0,,0,0.0,0.0,0,0,0,0,0,0,0,0,0,0,0,0,0,0,0,0,0,0,0,0,0,0,0,0,0,0,0,0,0,0,0,0,0,0,0,0,0,0,0,0,0,0,0,,0,,0,0,0,0,0,0,0,0,0,0,0,0,0,0,0,0,1,0.0,1,0,0,0,0,0,0,0,Aston Villa,Donyell-Malen,116c35df
2025-04-02,Wed,Matchweek 30,Away,W 3–0,Aston Villa,Brighton,N,RW,3,1,0,0,0,1,1,0,0,2,0,0,0,0.1,0.1,0.0,0,0,0,1,0.0,0,1,0,0,0,Match Report,0,1,0.0,0,0,0,0,,0,0,,0,0,,0,0.0,0.0,0,0,0,0,0,1,1,0,0,0,0,0,0,0,0,0,0,0,0,0,0,0,0,0,0,0,0,0,0,0,0,0,0,0,2,0,0,1,2,1,2,0,0,,0,,1,3,1,0,0,0,0,0,1,1,0,0,0,0,0,0,0,,0,0,0,0,0,0,0,0,Aston Villa,Donyell-Malen,116c35df
2025-04-05,Sat,Matchweek 31,Home,W 2–1,Aston Villa,Nott'ham Forest,Y,RW,61,1,0,0,0,1,1,0,0,18,1,0,0,0.7,0.7,0.0,0,0,7,10,70.0,2,14,1,4,1,Match Report,7,10,70.0,89,23,5,6,83.3,2,3,66.7,0,1,0.0,0,0.0,0.0,0,0,0,0,2,10,10,0,0,0,0,2,0,0,0,0,0,7,0,0,0,0,0,0,0,0,0,0,0,0,0,0,0,0,18,0,0,5,14,1,18,4,1,25.0,2,50.0,14,94,41,1,2,0,2,0,14,3,1,1,0,1,0,0,2,0.0,2,0,0,0,0,1,0,0,Aston Villa,Donyell-Malen,116c35df
2025-04-12,Sat,Matchweek 32,Away,W 3–0,Aston Villa,Southampton,N,RW,25,1,0,0,0,1,1,0,0,11,0,0,0,0.2,0.2,0.0,1,0,6,8,75.0,0,7,1,0,0,Match Report,6,8,75.0,79,22,4,5,80.0,2,2,100.0,0,1,0.0,0,0.0,0.0,1,1,0,0,0,8,8,0,0,0,0,1,0,0,0,0,0,6,0,0,1,1,0,0,0,0,0,0,0,0,0,0,0,0,11,1,2,1,8,2,11,0,0,,0,,7,45,28,1,0,1,0,1,10,5,0,0,0,0,0,0,0,,0,0,0,0,0,0,1,0,Aston Villa,Donyell-Malen,116c35df
2025-04-19,Sat,Matchweek 33,Home,W 4–1,Aston Villa,Newcastle Utd,N,RW,9,0,0,0,0,1,0,0,0,4,0,0,1,0.1,0.1,0.0,0,0,1,1,100.0,0,2,1,0,0,Match Report,1,1,100.0,5,0,0,0,,0,0,,0,0,,0,0.0,0.0,0,0,0,0,0,1,1,0,0,0,0,0,0,0,0,0,0,1,0,0,0,0,0,0,0,0,0,0,0,0,0,0,0,0,4,0,0,0,4,1,4,0,0,,0,,2,8,6,1,0,1,1,0,3,0,0,0,0,0,0,0,0,,0,1,0,1,0,0,0,0,Aston Villa,Donyell-Malen,116c35df
2025-04-22,Tue,Matchweek 34,Away,L 1–2,Aston Villa,Manchester City,N,RW,5,0,0,0,0,1,1,0,0,5,1,0,0,0.0,0.0,0.0,0,0,1,2,50.0,0,1,1,0,0,Match Report,1,2,50.0,20,10,0,0,,1,1,100.0,0,0,,0,0.0,0.0,0,0,0,0,0,2,2,0,0,0,0,1,0,0,0,0,0,1,0,1,0,0,0,0,0,0,0,0,0,0,0,0,0,0,5,0,0,2,3,1,5,0,0,,0,,1,20,18,1,0,1,1,0,2,0,1,1,0,1,0,0,0,,0,0,0,0,0,1,0,0,Aston Villa,Donyell-Malen,116c35df
2025-05-03,Sat,Matchweek 35,Home,W 1–0,Aston Villa,Fulham,N,FW,20,0,0,0,0,3,1,0,0,10,0,0,0,0.5,0.5,0.0,1,0,3,5,60.0,0,8,2,0,0,Match Report,3,5,60.0,78,0,1,1,100.0,1,2,50.0,1,2,50.0,0,0.0,0.0,0,0,0,0,0,5,5,0,0,0,1,0,0,0,0,0,0,3,0,0,1,1,0,0,0,0,0,0,0,0,0,0,0,0,10,0,1,3,6,5,10,0,0,,0,,8,65,61,2,1,2,0,0,8,2,0,0,0,0,0,0,0,,0,0,0,0,0,0,0,0,Aston Villa,Donyell-Malen,116c35df
2025-05-10,Sat,Matchweek 36,Away,W 1–0,Aston Villa,Bournemouth,N,"On matchday squad, but did not play","On matchday squad, but did not play","On matchday squad, but did not play","On matchday squad, but did not play","On matchday squad, but did not play","On matchday squad, but did not play","On matchday squad, but did not play","On matchday squad, but did not play","On matchday squad, but did not play","On matchday squad, but did not play","On matchday squad, but did not play","On matchday squad, but did not play","On matchday squad, but did not play","On matchday squad, but did not play","On matchday squad, but did not play","On matchday squad, but did not play","On matchday squad, but did not play","On matchday squad, but did not play","On matchday squad, but did not play","On matchday squad, but did not play","On matchday squad, but did not play","On matchday squad, but did not play","On matchday squad, but did not play","On matchday squad, but did not play","On matchday squad, but did not play","On matchday squad, but did not play","On matchday squad, but did not play",Match Report,"On matchday squad, but did not play","On matchday squad, but did not play","On matchday squad, but did not play","On matchday squad, but did not play","On matchday squad, but did not play","On matchday squad, but did not play","On matchday squad, but did not play","On matchday squad, but did not play","On matchday squad, but did not play","On matchday squad, but did not play","On matchday squad, but did not play","On matchday squad, but did not play","On matchday squad, but did not play","On matchday squad, but did not play","On matchday squad, but did not play","On matchday squad, but did not play","On matchday squad, but did not play","On matchday squad, but did not play","On matchday squad, but did not play","On matchday squad, but did not play","On matchday squad, but did not play","On matchday squad, but did not play","On matchday squad, but did not play","On matchday squad, but did not play","On matchday squad, but did not play","On matchday squad, but did not play","On matchday squad, but did not play","On matchday squad, but did not play","On matchday squad, but did not play","On matchday squad, but did not play","On matchday squad, but did not play","On matchday squad, but did not play","On matchday squad, but did not play","On matchday squad, but did not play","On matchday squad, but did not play","On matchday squad, but did not play","On matchday squad, but did not play","On matchday squad, but did not play","On matchday squad, but did not play","On matchday squad, but did not play","On matchday squad, but did not play","On matchday squad, but did not play","On matchday squad, but did not play","On matchday squad, but did not play","On matchday squad, but did not play","On matchday squad, but did not play","On matchday squad, but did not play","On matchday squad, but did not play","On matchday squad, but did not play","On matchday squad, but did not play","On matchday squad, but did not play","On matchday squad, but did not play","On matchday squad, but did not play","On matchday squad, but did not play","On matchday squad, but did not play","On matchday squad, but did not play","On matchday squad, but did not play","On matchday squad, but did not play","On matchday squad, but did not play","On matchday squad, but did not play","On matchday squad, but did not play","On matchday squad, but did not play","On matchday squad, but did not play","On matchday squad, but did not play","On matchday squad, but did not play","On matchday squad, but did not play","On matchday squad, but did not play","On matchday squad, but did not play","On matchday squad, but did not play","On matchday squad, but did not play","On matchday squad, but did not play","On matchday squad, but did not play","On matchday squad, but did not play","On matchday squad, but did not play","On matchday squad, but did not play","On matchday squad, but did not play","On matchday squad, but did not play","On matchday squad, but did not play","On matchday squad, but did not play","On matchday squad, but did not play","On matchday squad, but did not play","On matchday squad, but did not play","On matchday squad, but did not play","On matchday squad, but did not play","On matchday squad, but did not play","On matchday squad, but did not play","On matchday squad, but did not play","On matchday squad, but did not play","On matchday squad, but did not play",Aston Villa,Donyell-Malen,116c35df
2025-05-16,Fri,Matchweek 37,Home,W 2–0,Aston Villa,Tottenham,N,FW,5,0,0,0,0,0,0,0,0,3,0,0,1,0.0,0.0,0.0,0,0,2,2,100.0,0,3,0,0,0,Match Report,2,2,100.0,24,5,2,2,100.0,0,0,,0,0,,0,0.0,0.0,0,0,0,0,0,2,2,0,0,0,0,0,0,0,0,0,0,2,0,0,0,0,0,0,0,0,0,0,0,0,0,0,0,0,3,0,0,0,3,1,3,0,0,,0,,3,41,0,0,0,0,0,1,3,1,0,0,0,0,0,0,0,,0,1,0,1,0,0,0,0,Aston Villa,Donyell-Malen,116c35df
2025-05-25,Sun,Matchweek 38,Away,L 0–2,Aston Villa,Manchester Utd,N,RW,7,0,0,0,0,0,0,0,0,6,0,0,0,0.0,0.0,0.1,1,0,3,6,50.0,1,5,1,1,1,Match Report,3,6,50.0,30,15,1,2,50.0,1,1,100.0,0,1,0.0,0,0.1,0.1,1,0,1,0,1,6,5,1,0,0,1,1,0,0,0,0,0,3,0,0,1,1,0,0,0,0,0,0,0,0,0,0,0,0,6,0,1,1,5,1,6,1,1,100.0,0,0.0,5,68,58,1,1,0,0,0,5,4,0,0,0,0,0,0,0,,0,0,0,0,0,0,0,0,Aston Villa,Donyell-Malen,116c35df
2024-10-26,Sat,Matchweek 9,Home,D 1–1,Aston Villa,Bournemouth,N,"On matchday squad, but did not play","On matchday squad, but did not play","On matchday squad, but did not play","On matchday squad, but did not play","On matchday squad, but did not play","On matchday squad, but did not play","On matchday squad, but did not play","On matchday squad, but did not play","On matchday squad, but did not play","On matchday squad, but did not play","On matchday squad, but did not play","On matchday squad, but did not play","On matchday squad, but did not play","On matchday squad, but did not play","On matchday squad, but did not play","On matchday squad, but did not play","On matchday squad, but did not play","On matchday squad, but did not play","On matchday squad, but did not play","On matchday squad, but did not play","On matchday squad, but did not play","On matchday squad, but did not play","On matchday squad, but did not play","On matchday squad, but did not play","On matchday squad, but did not play","On matchday squad, but did not play","On matchday squad, but did not play",Match Report,"On matchday squad, but did not play","On matchday squad, but did not play","On matchday squad, but did not play","On matchday squad, but did not play","On matchday squad, but did not play","On matchday squad, but did not play","On matchday squad, but did not play","On matchday squad, but did not play","On matchday squad, but did not play","On matchday squad, but did not play","On matchday squad, but did not play","On matchday squad, but did not play","On matchday squad, but did not play","On matchday squad, but did not play","On matchday squad, but did not play","On matchday squad, but did not play","On matchday squad, but did not play","On matchday squad, but did not play","On matchday squad, but did not play","On matchday squad, but did not play","On matchday squad, but did not play","On matchday squad, but did not play","On matchday squad, but did not play","On matchday squad, but did not play","On matchday squad, but did not play","On matchday squad, but did not play","On matchday squad, but did not play","On matchday squad, but did not play","On matchday squad, but did not play","On matchday squad, but did not play","On matchday squad, but did not play","On matchday squad, but did not play","On matchday squad, but did not play","On matchday squad, but did not play","On matchday squad, but did not play","On matchday squad, but did not play","On matchday squad, but did not play","On matchday squad, but did not play","On matchday squad, but did not play","On matchday squad, but did not play","On matchday squad, but did not play","On matchday squad, but did not play","On matchday squad, but did not play","On matchday squad, but did not play","On matchday squad, but did not play","On matchday squad, but did not play","On matchday squad, but did not play","On matchday squad, but did not play","On matchday squad, but did not play","On matchday squad, but did not play","On matchday squad, but did not play","On matchday squad, but did not play","On matchday squad, but did not play","On matchday squad, but did not play","On matchday squad, but did not play","On matchday squad, but did not play","On matchday squad, but did not play","On matchday squad, but did not play","On matchday squad, but did not play","On matchday squad, but did not play","On matchday squad, but did not play","On matchday squad, but did not play","On matchday squad, but did not play","On matchday squad, but did not play","On matchday squad, but did not play","On matchday squad, but did not play","On matchday squad, but did not play","On matchday squad, but did not play","On matchday squad, but did not play","On matchday squad, but did not play","On matchday squad, but did not play","On matchday squad, but did not play","On matchday squad, but did not play","On matchday squad, but did not play","On matchday squad, but did not play","On matchday squad, but did not play","On matchday squad, but did not play","On matchday squad, but did not play","On matchday squad, but did not play","On matchday squad, but did not play","On matchday squad, but did not play","On matchday squad, but did not play","On matchday squad, but did not play","On matchday squad, but did not play","On matchday squad, but did not play","On matchday squad, but did not play","On matchday squad, but did not play","On matchday squad, but did not play","On matchday squad, but did not play",Aston Villa,Robin-Olsen,e7ee38c3
2024-11-03,Sun,Matchweek 10,Away,L 1–4,Aston Villa,Tottenham,N,"On matchday squad, but did not play","On matchday squad, but did not play","On matchday squad, but did not play","On matchday squad, but did not play","On matchday squad, but did not play","On matchday squad, but did not play","On matchday squad, but did not play","On matchday squad, but did not play","On matchday squad, but did not play","On matchday squad, but did not play","On matchday squad, but did not play","On matchday squad, but did not play","On matchday squad, but did not play","On matchday squad, but did not play","On matchday squad, but did not play","On matchday squad, but did not play","On matchday squad, but did not play","On matchday squad, but did not play","On matchday squad, but did not play","On matchday squad, but did not play","On matchday squad, but did not play","On matchday squad, but did not play","On matchday squad, but did not play","On matchday squad, but did not play","On matchday squad, but did not play","On matchday squad, but did not play","On matchday squad, but did not play",Match Report,"On matchday squad, but did not play","On matchday squad, but did not play","On matchday squad, but did not play","On matchday squad, but did not play","On matchday squad, but did not play","On matchday squad, but did not play","On matchday squad, but did not play","On matchday squad, but did not play","On matchday squad, but did not play","On matchday squad, but did not play","On matchday squad, but did not play","On matchday squad, but did not play","On matchday squad, but did not play","On matchday squad, but did not play","On matchday squad, but did not play","On matchday squad, but did not play","On matchday squad, but did not play","On matchday squad, but did not play","On matchday squad, but did not play","On matchday squad, but did not play","On matchday squad, but did not play","On matchday squad, but did not play","On matchday squad, but did not play","On matchday squad, but did not play","On matchday squad, but did not play","On matchday squad, but did not play","On matchday squad, but did not play","On matchday squad, but did not play","On matchday squad, but did not play","On matchday squad, but did not play","On matchday squad, but did not play","On matchday squad, but did not play","On matchday squad, but did not play","On matchday squad, but did not play","On matchday squad, but did not play","On matchday squad, but did not play","On matchday squad, but did not play","On matchday squad, but did not play","On matchday squad, but did not play","On matchday squad, but did not play","On matchday squad, but did not play","On matchday squad, but did not play","On matchday squad, but did not play","On matchday squad, but did not play","On matchday squad, but did not play","On matchday squad, but did not play","On matchday squad, but did not play","On matchday squad, but did not play","On matchday squad, but did not play","On matchday squad, but did not play","On matchday squad, but did not play","On matchday squad, but did not play","On matchday squad, but did not play","On matchday squad, but did not play","On matchday squad, but did not play","On matchday squad, but did not play","On matchday squad, but did not play","On matchday squad, but did not play","On matchday squad, but did not play","On matchday squad, but did not play","On matchday squad, but did not play","On matchday squad, but did not play","On matchday squad, but did not play","On matchday squad, but did not play","On matchday squad, but did not play","On matchday squad, but did not play","On matchday squad, but did not play","On matchday squad, but did not play","On matchday squad, but did not play","On matchday squad, but did not play","On matchday squad, but did not play","On matchday squad, but did not play","On matchday squad, but did not play","On matchday squad, but did not play","On matchday squad, but did not play","On matchday squad, but did not play","On matchday squad, but did not play","On matchday squad, but did not play","On matchday squad, but did not play","On matchday squad, but did not play","On matchday squad, but did not play","On matchday squad, but did not play","On matchday squad, but did not play","On matchday squad, but did not play","On matchday squad, but did not play","On matchday squad, but did not play","On matchday squad, but did not play","On matchday squad, but did not play","On matchday squad, but did not play",Aston Villa,Robin-Olsen,e7ee38c3
2024-11-09,Sat,Matchweek 11,Away,L 0–2,Aston Villa,Liverpool,N,"On matchday squad, but did not play","On matchday squad, but did not play","On matchday squad, but did not play","On matchday squad, but did not play","On matchday squad, but did not play","On matchday squad, but did not play","On matchday squad, but did not play","On matchday squad, but did not play","On matchday squad, but did not play","On matchday squad, but did not play","On matchday squad, but did not play","On matchday squad, but did not play","On matchday squad, but did not play","On matchday squad, but did not play","On matchday squad, but did not play","On matchday squad, but did not play","On matchday squad, but did not play","On matchday squad, but did not play","On matchday squad, but did not play","On matchday squad, but did not play","On matchday squad, but did not play","On matchday squad, but did not play","On matchday squad, but did not play","On matchday squad, but did not play","On matchday squad, but did not play","On matchday squad, but did not play","On matchday squad, but did not play",Match Report,"On matchday squad, but did not play","On matchday squad, but did not play","On matchday squad, but did not play","On matchday squad, but did not play","On matchday squad, but did not play","On matchday squad, but did not play","On matchday squad, but did not play","On matchday squad, but did not play","On matchday squad, but did not play","On matchday squad, but did not play","On matchday squad, but did not play","On matchday squad, but did not play","On matchday squad, but did not play","On matchday squad, but did not play","On matchday squad, but did not play","On matchday squad, but did not play","On matchday squad, but did not play","On matchday squad, but did not play","On matchday squad, but did not play","On matchday squad, but did not play","On matchday squad, but did not play","On matchday squad, but did not play","On matchday squad, but did not play","On matchday squad, but did not play","On matchday squad, but did not play","On matchday squad, but did not play","On matchday squad, but did not play","On matchday squad, but did not play","On matchday squad, but did not play","On matchday squad, but did not play","On matchday squad, but did not play","On matchday squad, but did not play","On matchday squad, but did not play","On matchday squad, but did not play","On matchday squad, but did not play","On matchday squad, but did not play","On matchday squad, but did not play","On matchday squad, but did not play","On matchday squad, but did not play","On matchday squad, but did not play","On matchday squad, but did not play","On matchday squad, but did not play","On matchday squad, but did not play","On matchday squad, but did not play","On matchday squad, but did not play","On matchday squad, but did not play","On matchday squad, but did not play","On matchday squad, but did not play","On matchday squad, but did not play","On matchday squad, but did not play","On matchday squad, but did not play","On matchday squad, but did not play","On matchday squad, but did not play","On matchday squad, but did not play","On matchday squad, but did not play","On matchday squad, but did not play","On matchday squad, but did not play","On matchday squad, but did not play","On matchday squad, but did not play","On matchday squad, but did not play","On matchday squad, but did not play","On matchday squad, but did not play","On matchday squad, but did not play","On matchday squad, but did not play","On matchday squad, but did not play","On matchday squad, but did not play","On matchday squad, but did not play","On matchday squad, but did not play","On matchday squad, but did not play","On matchday squad, but did not play","On matchday squad, but did not play","On matchday squad, but did not play","On matchday squad, but did not play","On matchday squad, but did not play","On matchday squad, but did not play","On matchday squad, but did not play","On matchday squad, but did not play","On matchday squad, but did not play","On matchday squad, but did not play","On matchday squad, but did not play","On matchday squad, but did not play","On matchday squad, but did not play","On matchday squad, but did not play","On matchday squad, but did not play","On matchday squad, but did not play","On matchday squad, but did not play","On matchday squad, but did not play","On matchday squad, but did not play","On matchday squad, but did not play",Aston Villa,Robin-Olsen,e7ee38c3
2024-11-23,Sat,Matchweek 12,Home,D 2–2,Aston Villa,Crystal Palace,N,"On matchday squad, but did not play","On matchday squad, but did not play","On matchday squad, but did not play","On matchday squad, but did not play","On matchday squad, but did not play","On matchday squad, but did not play","On matchday squad, but did not play","On matchday squad, but did not play","On matchday squad, but did not play","On matchday squad, but did not play","On matchday squad, but did not play","On matchday squad, but did not play","On matchday squad, but did not play","On matchday squad, but did not play","On matchday squad, but did not play","On matchday squad, but did not play","On matchday squad, but did not play","On matchday squad, but did not play","On matchday squad, but did not play","On matchday squad, but did not play","On matchday squad, but did not play","On matchday squad, but did not play","On matchday squad, but did not play","On matchday squad, but did not play","On matchday squad, but did not play","On matchday squad, but did not play","On matchday squad, but did not play",Match Report,"On matchday squad, but did not play","On matchday squad, but did not play","On matchday squad, but did not play","On matchday squad, but did not play","On matchday squad, but did not play","On matchday squad, but did not play","On matchday squad, but did not play","On matchday squad, but did not play","On matchday squad, but did not play","On matchday squad, but did not play","On matchday squad, but did not play","On matchday squad, but did not play","On matchday squad, but did not play","On matchday squad, but did not play","On matchday squad, but did not play","On matchday squad, but did not play","On matchday squad, but did not play","On matchday squad, but did not play","On matchday squad, but did not play","On matchday squad, but did not play","On matchday squad, but did not play","On matchday squad, but did not play","On matchday squad, but did not play","On matchday squad, but did not play","On matchday squad, but did not play","On matchday squad, but did not play","On matchday squad, but did not play","On matchday squad, but did not play","On matchday squad, but did not play","On matchday squad, but did not play","On matchday squad, but did not play","On matchday squad, but did not play","On matchday squad, but did not play","On matchday squad, but did not play","On matchday squad, but did not play","On matchday squad, but did not play","On matchday squad, but did not play","On matchday squad, but did not play","On matchday squad, but did not play","On matchday squad, but did not play","On matchday squad, but did not play","On matchday squad, but did not play","On matchday squad, but did not play","On matchday squad, but did not play","On matchday squad, but did not play","On matchday squad, but did not play","On matchday squad, but did not play","On matchday squad, but did not play","On matchday squad, but did not play","On matchday squad, but did not play","On matchday squad, but did not play","On matchday squad, but did not play","On matchday squad, but did not play","On matchday squad, but did not play","On matchday squad, but did not play","On matchday squad, but did not play","On matchday squad, but did not play","On matchday squad, but did not play","On matchday squad, but did not play","On matchday squad, but did not play","On matchday squad, but did not play","On matchday squad, but did not play","On matchday squad, but did not play","On matchday squad, but did not play","On matchday squad, but did not play","On matchday squad, but did not play","On matchday squad, but did not play","On matchday squad, but did not play","On matchday squad, but did not play","On matchday squad, but did not play","On matchday squad, but did not play","On matchday squad, but did not play","On matchday squad, but did not play","On matchday squad, but did not play","On matchday squad, but did not play","On matchday squad, but did not play","On matchday squad, but did not play","On matchday squad, but did not play","On matchday squad, but did not play","On matchday squad, but did not play","On matchday squad, but did not play","On matchday squad, but did not play","On matchday squad, but did not play","On matchday squad, but did not play","On matchday squad, but did not play","On matchday squad, but did not play","On matchday squad, but did not play","On matchday squad, but did not play","On matchday squad, but did not play",Aston Villa,Robin-Olsen,e7ee38c3
2024-12-01,Sun,Matchweek 13,Away,L 0–3,Aston Villa,Chelsea,N,GK,45,0,0,0,0,0,0,0,0,25,1,0,0,0.0,0.0,0.0,1,0,16,21,76.2,0,11,0,0,0,Match Report,16,21,76.2,358,217,6,6,100.0,8,8,100.0,2,7,28.6,0,0.0,0.0,0,0,0,0,0,21,18,3,1,0,0,0,0,0,0,0,0,16,0,0,1,0,1,0,0,0,0,0,0,0,0,0,0,0,25,20,25,0,0,0,25,0,0,,0,,11,45,33,0,0,0,0,0,16,0,1,0,1,0,0,1,1,100.0,0,0,0,0,0,1,1,0,Aston Villa,Robin-Olsen,e7ee38c3
2024-12-04,Wed,Matchweek 14,Home,W 3–1,Aston Villa,Brentford,N,"On matchday squad, but did not play","On matchday squad, but did not play","On matchday squad, but did not play","On matchday squad, but did not play","On matchday squad, but did not play","On matchday squad, but did not play","On matchday squad, but did not play","On matchday squad, but did not play","On matchday squad, but did not play","On matchday squad, but did not play","On matchday squad, but did not play","On matchday squad, but did not play","On matchday squad, but did not play","On matchday squad, but did not play","On matchday squad, but did not play","On matchday squad, but did not play","On matchday squad, but did not play","On matchday squad, but did not play","On matchday squad, but did not play","On matchday squad, but did not play","On matchday squad, but did not play","On matchday squad, but did not play","On matchday squad, but did not play","On matchday squad, but did not play","On matchday squad, but did not play","On matchday squad, but did not play","On matchday squad, but did not play",Match Report,"On matchday squad, but did not play","On matchday squad, but did not play","On matchday squad, but did not play","On matchday squad, but did not play","On matchday squad, but did not play","On matchday squad, but did not play","On matchday squad, but did not play","On matchday squad, but did not play","On matchday squad, but did not play","On matchday squad, but did not play","On matchday squad, but did not play","On matchday squad, but did not play","On matchday squad, but did not play","On matchday squad, but did not play","On matchday squad, but did not play","On matchday squad, but did not play","On matchday squad, but did not play","On matchday squad, but did not play","On matchday squad, but did not play","On matchday squad, but did not play","On matchday squad, but did not play","On matchday squad, but did not play","On matchday squad, but did not play","On matchday squad, but did not play","On matchday squad, but did not play","On matchday squad, but did not play","On matchday squad, but did not play","On matchday squad, but did not play","On matchday squad, but did not play","On matchday squad, but did not play","On matchday squad, but did not play","On matchday squad, but did not play","On matchday squad, but did not play","On matchday squad, but did not play","On matchday squad, but did not play","On matchday squad, but did not play","On matchday squad, but did not play","On matchday squad, but did not play","On matchday squad, but did not play","On matchday squad, but did not play","On matchday squad, but did not play","On matchday squad, but did not play","On matchday squad, but did not play","On matchday squad, but did not play","On matchday squad, but did not play","On matchday squad, but did not play","On matchday squad, but did not play","On matchday squad, but did not play","On matchday squad, but did not play","On matchday squad, but did not play","On matchday squad, but did not play","On matchday squad, but did not play","On matchday squad, but did not play","On matchday squad, but did not play","On matchday squad, but did not play","On matchday squad, but did not play","On matchday squad, but did not play","On matchday squad, but did not play","On matchday squad, but did not play","On matchday squad, but did not play","On matchday squad, but did not play","On matchday squad, but did not play","On matchday squad, but did not play","On matchday squad, but did not play","On matchday squad, but did not play","On matchday squad, but did not play","On matchday squad, but did not play","On matchday squad, but did not play","On matchday squad, but did not play","On matchday squad, but did not play","On matchday squad, but did not play","On matchday squad, but did not play","On matchday squad, but did not play","On matchday squad, but did not play","On matchday squad, but did not play","On matchday squad, but did not play","On matchday squad, but did not play","On matchday squad, but did not play","On matchday squad, but did not play","On matchday squad, but did not play","On matchday squad, but did not play","On matchday squad, but did not play","On matchday squad, but did not play","On matchday squad, but did not play","On matchday squad, but did not play","On matchday squad, but did not play","On matchday squad, but did not play","On matchday squad, but did not play","On matchday squad, but did not play",Aston Villa,Robin-Olsen,e7ee38c3
2024-12-07,Sat,Matchweek 15,Home,W 1–0,Aston Villa,Southampton,N,"On matchday squad, but did not play","On matchday squad, but did not play","On matchday squad, but did not play","On matchday squad, but did not play","On matchday squad, but did not play","On matchday squad, but did not play","On matchday squad, but did not play","On matchday squad, but did not play","On matchday squad, but did not play","On matchday squad, but did not play","On matchday squad, but did not play","On matchday squad, but did not play","On matchday squad, but did not play","On matchday squad, but did not play","On matchday squad, but did not play","On matchday squad, but did not play","On matchday squad, but did not play","On matchday squad, but did not play","On matchday squad, but did not play","On matchday squad, but did not play","On matchday squad, but did not play","On matchday squad, but did not play","On matchday squad, but did not play","On matchday squad, but did not play","On matchday squad, but did not play","On matchday squad, but did not play","On matchday squad, but did not play",Match Report,"On matchday squad, but did not play","On matchday squad, but did not play","On matchday squad, but did not play","On matchday squad, but did not play","On matchday squad, but did not play","On matchday squad, but did not play","On matchday squad, but did not play","On matchday squad, but did not play","On matchday squad, but did not play","On matchday squad, but did not play","On matchday squad, but did not play","On matchday squad, but did not play","On matchday squad, but did not play","On matchday squad, but did not play","On matchday squad, but did not play","On matchday squad, but did not play","On matchday squad, but did not play","On matchday squad, but did not play","On matchday squad, but did not play","On matchday squad, but did not play","On matchday squad, but did not play","On matchday squad, but did not play","On matchday squad, but did not play","On matchday squad, but did not play","On matchday squad, but did not play","On matchday squad, but did not play","On matchday squad, but did not play","On matchday squad, but did not play","On matchday squad, but did not play","On matchday squad, but did not play","On matchday squad, but did not play","On matchday squad, but did not play","On matchday squad, but did not play","On matchday squad, but did not play","On matchday squad, but did not play","On matchday squad, but did not play","On matchday squad, but did not play","On matchday squad, but did not play","On matchday squad, but did not play","On matchday squad, but did not play","On matchday squad, but did not play","On matchday squad, but did not play","On matchday squad, but did not play","On matchday squad, but did not play","On matchday squad, but did not play","On matchday squad, but did not play","On matchday squad, but did not play","On matchday squad, but did not play","On matchday squad, but did not play","On matchday squad, but did not play","On matchday squad, but did not play","On matchday squad, but did not play","On matchday squad, but did not play","On matchday squad, but did not play","On matchday squad, but did not play","On matchday squad, but did not play","On matchday squad, but did not play","On matchday squad, but did not play","On matchday squad, but did not play","On matchday squad, but did not play","On matchday squad, but did not play","On matchday squad, but did not play","On matchday squad, but did not play","On matchday squad, but did not play","On matchday squad, but did not play","On matchday squad, but did not play","On matchday squad, but did not play","On matchday squad, but did not play","On matchday squad, but did not play","On matchday squad, but did not play","On matchday squad, but did not play","On matchday squad, but did not play","On matchday squad, but did not play","On matchday squad, but did not play","On matchday squad, but did not play","On matchday squad, but did not play","On matchday squad, but did not play","On matchday squad, but did not play","On matchday squad, but did not play","On matchday squad, but did not play","On matchday squad, but did not play","On matchday squad, but did not play","On matchday squad, but did not play","On matchday squad, but did not play","On matchday squad, but did not play","On matchday squad, but did not play","On matchday squad, but did not play","On matchday squad, but did not play","On matchday squad, but did not play",Aston Villa,Robin-Olsen,e7ee38c3
2024-12-14,Sat,Matchweek 16,Away,L 1–2,Aston Villa,Nott'ham Forest,N,"On matchday squad, but did not play","On matchday squad, but did not play","On matchday squad, but did not play","On matchday squad, but did not play","On matchday squad, but did not play","On matchday squad, but did not play","On matchday squad, but did not play","On matchday squad, but did not play","On matchday squad, but did not play","On matchday squad, but did not play","On matchday squad, but did not play","On matchday squad, but did not play","On matchday squad, but did not play","On matchday squad, but did not play","On matchday squad, but did not play","On matchday squad, but did not play","On matchday squad, but did not play","On matchday squad, but did not play","On matchday squad, but did not play","On matchday squad, but did not play","On matchday squad, but did not play","On matchday squad, but did not play","On matchday squad, but did not play","On matchday squad, but did not play","On matchday squad, but did not play","On matchday squad, but did not play","On matchday squad, but did not play",Match Report,"On matchday squad, but did not play","On matchday squad, but did not play","On matchday squad, but did not play","On matchday squad, but did not play","On matchday squad, but did not play","On matchday squad, but did not play","On matchday squad, but did not play","On matchday squad, but did not play","On matchday squad, but did not play","On matchday squad, but did not play","On matchday squad, but did not play","On matchday squad, but did not play","On matchday squad, but did not play","On matchday squad, but did not play","On matchday squad, but did not play","On matchday squad, but did not play","On matchday squad, but did not play","On matchday squad, but did not play","On matchday squad, but did not play","On matchday squad, but did not play","On matchday squad, but did not play","On matchday squad, but did not play","On matchday squad, but did not play","On matchday squad, but did not play","On matchday squad, but did not play","On matchday squad, but did not play","On matchday squad, but did not play","On matchday squad, but did not play","On matchday squad, but did not play","On matchday squad, but did not play","On matchday squad, but did not play","On matchday squad, but did not play","On matchday squad, but did not play","On matchday squad, but did not play","On matchday squad, but did not play","On matchday squad, but did not play","On matchday squad, but did not play","On matchday squad, but did not play","On matchday squad, but did not play","On matchday squad, but did not play","On matchday squad, but did not play","On matchday squad, but did not play","On matchday squad, but did not play","On matchday squad, but did not play","On matchday squad, but did not play","On matchday squad, but did not play","On matchday squad, but did not play","On matchday squad, but did not play","On matchday squad, but did not play","On matchday squad, but did not play","On matchday squad, but did not play","On matchday squad, but did not play","On matchday squad, but did not play","On matchday squad, but did not play","On matchday squad, but did not play","On matchday squad, but did not play","On matchday squad, but did not play","On matchday squad, but did not play","On matchday squad, but did not play","On matchday squad, but did not play","On matchday squad, but did not play","On matchday squad, but did not play","On matchday squad, but did not play","On matchday squad, but did not play","On matchday squad, but did not play","On matchday squad, but did not play","On matchday squad, but did not play","On matchday squad, but did not play","On matchday squad, but did not play","On matchday squad, but did not play","On matchday squad, but did not play","On matchday squad, but did not play","On matchday squad, but did not play","On matchday squad, but did not play","On matchday squad, but did not play","On matchday squad, but did not play","On matchday squad, but did not play","On matchday squad, but did not play","On matchday squad, but did not play","On matchday squad, but did not play","On matchday squad, but did not play","On matchday squad, but did not play","On matchday squad, but did not play","On matchday squad, but did not play","On matchday squad, but did not play","On matchday squad, but did not play","On matchday squad, but did not play","On matchday squad, but did not play","On matchday squad, but did not play",Aston Villa,Robin-Olsen,e7ee38c3
2024-12-21,Sat,Matchweek 17,Home,W 2–1,Aston Villa,Manchester City,N,"On matchday squad, but did not play","On matchday squad, but did not play","On matchday squad, but did not play","On matchday squad, but did not play","On matchday squad, but did not play","On matchday squad, but did not play","On matchday squad, but did not play","On matchday squad, but did not play","On matchday squad, but did not play","On matchday squad, but did not play","On matchday squad, but did not play","On matchday squad, but did not play","On matchday squad, but did not play","On matchday squad, but did not play","On matchday squad, but did not play","On matchday squad, but did not play","On matchday squad, but did not play","On matchday squad, but did not play","On matchday squad, but did not play","On matchday squad, but did not play","On matchday squad, but did not play","On matchday squad, but did not play","On matchday squad, but did not play","On matchday squad, but did not play","On matchday squad, but did not play","On matchday squad, but did not play","On matchday squad, but did not play",Match Report,"On matchday squad, but did not play","On matchday squad, but did not play","On matchday squad, but did not play","On matchday squad, but did not play","On matchday squad, but did not play","On matchday squad, but did not play","On matchday squad, but did not play","On matchday squad, but did not play","On matchday squad, but did not play","On matchday squad, but did not play","On matchday squad, but did not play","On matchday squad, but did not play","On matchday squad, but did not play","On matchday squad, but did not play","On matchday squad, but did not play","On matchday squad, but did not play","On matchday squad, but did not play","On matchday squad, but did not play","On matchday squad, but did not play","On matchday squad, but did not play","On matchday squad, but did not play","On matchday squad, but did not play","On matchday squad, but did not play","On matchday squad, but did not play","On matchday squad, but did not play","On matchday squad, but did not play","On matchday squad, but did not play","On matchday squad, but did not play","On matchday squad, but did not play","On matchday squad, but did not play","On matchday squad, but did not play","On matchday squad, but did not play","On matchday squad, but did not play","On matchday squad, but did not play","On matchday squad, but did not play","On matchday squad, but did not play","On matchday squad, but did not play","On matchday squad, but did not play","On matchday squad, but did not play","On matchday squad, but did not play","On matchday squad, but did not play","On matchday squad, but did not play","On matchday squad, but did not play","On matchday squad, but did not play","On matchday squad, but did not play","On matchday squad, but did not play","On matchday squad, but did not play","On matchday squad, but did not play","On matchday squad, but did not play","On matchday squad, but did not play","On matchday squad, but did not play","On matchday squad, but did not play","On matchday squad, but did not play","On matchday squad, but did not play","On matchday squad, but did not play","On matchday squad, but did not play","On matchday squad, but did not play","On matchday squad, but did not play","On matchday squad, but did not play","On matchday squad, but did not play","On matchday squad, but did not play","On matchday squad, but did not play","On matchday squad, but did not play","On matchday squad, but did not play","On matchday squad, but did not play","On matchday squad, but did not play","On matchday squad, but did not play","On matchday squad, but did not play","On matchday squad, but did not play","On matchday squad, but did not play","On matchday squad, but did not play","On matchday squad, but did not play","On matchday squad, but did not play","On matchday squad, but did not play","On matchday squad, but did not play","On matchday squad, but did not play","On matchday squad, but did not play","On matchday squad, but did not play","On matchday squad, but did not play","On matchday squad, but did not play","On matchday squad, but did not play","On matchday squad, but did not play","On matchday squad, but did not play","On matchday squad, but did not play","On matchday squad, but did not play","On matchday squad, but did not play","On matchday squad, but did not play","On matchday squad, but did not play","On matchday squad, but did not play",Aston Villa,Robin-Olsen,e7ee38c3
2024-12-26,Thu,Matchweek 18,Away,L 0–3,Aston Villa,Newcastle Utd,N,"On matchday squad, but did not play","On matchday squad, but did not play","On matchday squad, but did not play","On matchday squad, but did not play","On matchday squad, but did not play","On matchday squad, but did not play","On matchday squad, but did not play","On matchday squad, but did not play","On matchday squad, but did not play","On matchday squad, but did not play","On matchday squad, but did not play","On matchday squad, but did not play","On matchday squad, but did not play","On matchday squad, but did not play","On matchday squad, but did not play","On matchday squad, but did not play","On matchday squad, but did not play","On matchday squad, but did not play","On matchday squad, but did not play","On matchday squad, but did not play","On matchday squad, but did not play","On matchday squad, but did not play","On matchday squad, but did not play","On matchday squad, but did not play","On matchday squad, but did not play","On matchday squad, but did not play","On matchday squad, but did not play",Match Report,"On matchday squad, but did not play","On matchday squad, but did not play","On matchday squad, but did not play","On matchday squad, but did not play","On matchday squad, but did not play","On matchday squad, but did not play","On matchday squad, but did not play","On matchday squad, but did not play","On matchday squad, but did not play","On matchday squad, but did not play","On matchday squad, but did not play","On matchday squad, but did not play","On matchday squad, but did not play","On matchday squad, but did not play","On matchday squad, but did not play","On matchday squad, but did not play","On matchday squad, but did not play","On matchday squad, but did not play","On matchday squad, but did not play","On matchday squad, but did not play","On matchday squad, but did not play","On matchday squad, but did not play","On matchday squad, but did not play","On matchday squad, but did not play","On matchday squad, but did not play","On matchday squad, but did not play","On matchday squad, but did not play","On matchday squad, but did not play","On matchday squad, but did not play","On matchday squad, but did not play","On matchday squad, but did not play","On matchday squad, but did not play","On matchday squad, but did not play","On matchday squad, but did not play","On matchday squad, but did not play","On matchday squad, but did not play","On matchday squad, but did not play","On matchday squad, but did not play","On matchday squad, but did not play","On matchday squad, but did not play","On matchday squad, but did not play","On matchday squad, but did not play","On matchday squad, but did not play","On matchday squad, but did not play","On matchday squad, but did not play","On matchday squad, but did not play","On matchday squad, but did not play","On matchday squad, but did not play","On matchday squad, but did not play","On matchday squad, but did not play","On matchday squad, but did not play","On matchday squad, but did not play","On matchday squad, but did not play","On matchday squad, but did not play","On matchday squad, but did not play","On matchday squad, but did not play","On matchday squad, but did not play","On matchday squad, but did not play","On matchday squad, but did not play","On matchday squad, but did not play","On matchday squad, but did not play","On matchday squad, but did not play","On matchday squad, but did not play","On matchday squad, but did not play","On matchday squad, but did not play","On matchday squad, but did not play","On matchday squad, but did not play","On matchday squad, but did not play","On matchday squad, but did not play","On matchday squad, but did not play","On matchday squad, but did not play","On matchday squad, but did not play","On matchday squad, but did not play","On matchday squad, but did not play","On matchday squad, but did not play","On matchday squad, but did not play","On matchday squad, but did not play","On matchday squad, but did not play","On matchday squad, but did not play","On matchday squad, but did not play","On matchday squad, but did not play","On matchday squad, but did not play","On matchday squad, but did not play","On matchday squad, but did not play","On matchday squad, but did not play","On matchday squad, but did not play","On matchday squad, but did not play","On matchday squad, but did not play","On matchday squad, but did not play",Aston Villa,Robin-Olsen,e7ee38c3
2024-12-30,Mon,Matchweek 19,Home,D 2–2,Aston Villa,Brighton,N,"On matchday squad, but did not play","On matchday squad, but did not play","On matchday squad, but did not play","On matchday squad, but did not play","On matchday squad, but did not play","On matchday squad, but did not play","On matchday squad, but did not play","On matchday squad, but did not play","On matchday squad, but did not play","On matchday squad, but did not play","On matchday squad, but did not play","On matchday squad, but did not play","On matchday squad, but did not play","On matchday squad, but did not play","On matchday squad, but did not play","On matchday squad, but did not play","On matchday squad, but did not play","On matchday squad, but did not play","On matchday squad, but did not play","On matchday squad, but did not play","On matchday squad, but did not play","On matchday squad, but did not play","On matchday squad, but did not play","On matchday squad, but did not play","On matchday squad, but did not play","On matchday squad, but did not play","On matchday squad, but did not play",Match Report,"On matchday squad, but did not play","On matchday squad, but did not play","On matchday squad, but did not play","On matchday squad, but did not play","On matchday squad, but did not play","On matchday squad, but did not play","On matchday squad, but did not play","On matchday squad, but did not play","On matchday squad, but did not play","On matchday squad, but did not play","On matchday squad, but did not play","On matchday squad, but did not play","On matchday squad, but did not play","On matchday squad, but did not play","On matchday squad, but did not play","On matchday squad, but did not play","On matchday squad, but did not play","On matchday squad, but did not play","On matchday squad, but did not play","On matchday squad, but did not play","On matchday squad, but did not play","On matchday squad, but did not play","On matchday squad, but did not play","On matchday squad, but did not play","On matchday squad, but did not play","On matchday squad, but did not play","On matchday squad, but did not play","On matchday squad, but did not play","On matchday squad, but did not play","On matchday squad, but did not play","On matchday squad, but did not play","On matchday squad, but did not play","On matchday squad, but did not play","On matchday squad, but did not play","On matchday squad, but did not play","On matchday squad, but did not play","On matchday squad, but did not play","On matchday squad, but did not play","On matchday squad, but did not play","On matchday squad, but did not play","On matchday squad, but did not play","On matchday squad, but did not play","On matchday squad, but did not play","On matchday squad, but did not play","On matchday squad, but did not play","On matchday squad, but did not play","On matchday squad, but did not play","On matchday squad, but did not play","On matchday squad, but did not play","On matchday squad, but did not play","On matchday squad, but did not play","On matchday squad, but did not play","On matchday squad, but did not play","On matchday squad, but did not play","On matchday squad, but did not play","On matchday squad, but did not play","On matchday squad, but did not play","On matchday squad, but did not play","On matchday squad, but did not play","On matchday squad, but did not play","On matchday squad, but did not play","On matchday squad, but did not play","On matchday squad, but did not play","On matchday squad, but did not play","On matchday squad, but did not play","On matchday squad, but did not play","On matchday squad, but did not play","On matchday squad, but did not play","On matchday squad, but did not play","On matchday squad, but did not play","On matchday squad, but did not play","On matchday squad, but did not play","On matchday squad, but did not play","On matchday squad, but did not play","On matchday squad, but did not play","On matchday squad, but did not play","On matchday squad, but did not play","On matchday squad, but did not play","On matchday squad, but did not play","On matchday squad, but did not play","On matchday squad, but did not play","On matchday squad, but did not play","On matchday squad, but did not play","On matchday squad, but did not play","On matchday squad, but did not play","On matchday squad, but did not play","On matchday squad, but did not play","On matchday squad, but did not play","On matchday squad, but did not play",Aston Villa,Robin-Olsen,e7ee38c3
2025-01-04,Sat,Matchweek 20,Home,W 2–1,Aston Villa,Leicester City,N,"On matchday squad, but did not play","On matchday squad, but did not play","On matchday squad, but did not play","On matchday squad, but did not play","On matchday squad, but did not play","On matchday squad, but did not play","On matchday squad, but did not play","On matchday squad, but did not play","On matchday squad, but did not play","On matchday squad, but did not play","On matchday squad, but did not play","On matchday squad, but did not play","On matchday squad, but did not play","On matchday squad, but did not play","On matchday squad, but did not play","On matchday squad, but did not play","On matchday squad, but did not play","On matchday squad, but did not play","On matchday squad, but did not play","On matchday squad, but did not play","On matchday squad, but did not play","On matchday squad, but did not play","On matchday squad, but did not play","On matchday squad, but did not play","On matchday squad, but did not play","On matchday squad, but did not play","On matchday squad, but did not play",Match Report,"On matchday squad, but did not play","On matchday squad, but did not play","On matchday squad, but did not play","On matchday squad, but did not play","On matchday squad, but did not play","On matchday squad, but did not play","On matchday squad, but did not play","On matchday squad, but did not play","On matchday squad, but did not play","On matchday squad, but did not play","On matchday squad, but did not play","On matchday squad, but did not play","On matchday squad, but did not play","On matchday squad, but did not play","On matchday squad, but did not play","On matchday squad, but did not play","On matchday squad, but did not play","On matchday squad, but did not play","On matchday squad, but did not play","On matchday squad, but did not play","On matchday squad, but did not play","On matchday squad, but did not play","On matchday squad, but did not play","On matchday squad, but did not play","On matchday squad, but did not play","On matchday squad, but did not play","On matchday squad, but did not play","On matchday squad, but did not play","On matchday squad, but did not play","On matchday squad, but did not play","On matchday squad, but did not play","On matchday squad, but did not play","On matchday squad, but did not play","On matchday squad, but did not play","On matchday squad, but did not play","On matchday squad, but did not play","On matchday squad, but did not play","On matchday squad, but did not play","On matchday squad, but did not play","On matchday squad, but did not play","On matchday squad, but did not play","On matchday squad, but did not play","On matchday squad, but did not play","On matchday squad, but did not play","On matchday squad, but did not play","On matchday squad, but did not play","On matchday squad, but did not play","On matchday squad, but did not play","On matchday squad, but did not play","On matchday squad, but did not play","On matchday squad, but did not play","On matchday squad, but did not play","On matchday squad, but did not play","On matchday squad, but did not play","On matchday squad, but did not play","On matchday squad, but did not play","On matchday squad, but did not play","On matchday squad, but did not play","On matchday squad, but did not play","On matchday squad, but did not play","On matchday squad, but did not play","On matchday squad, but did not play","On matchday squad, but did not play","On matchday squad, but did not play","On matchday squad, but did not play","On matchday squad, but did not play","On matchday squad, but did not play","On matchday squad, but did not play","On matchday squad, but did not play","On matchday squad, but did not play","On matchday squad, but did not play","On matchday squad, but did not play","On matchday squad, but did not play","On matchday squad, but did not play","On matchday squad, but did not play","On matchday squad, but did not play","On matchday squad, but did not play","On matchday squad, but did not play","On matchday squad, but did not play","On matchday squad, but did not play","On matchday squad, but did not play","On matchday squad, but did not play","On matchday squad, but did not play","On matchday squad, but did not play","On matchday squad, but did not play","On matchday squad, but did not play","On matchday squad, but did not play","On matchday squad, but did not play","On matchday squad, but did not play",Aston Villa,Robin-Olsen,e7ee38c3
2025-01-15,Wed,Matchweek 21,Away,W 1–0,Aston Villa,Everton,N,"On matchday squad, but did not play","On matchday squad, but did not play","On matchday squad, but did not play","On matchday squad, but did not play","On matchday squad, but did not play","On matchday squad, but did not play","On matchday squad, but did not play","On matchday squad, but did not play","On matchday squad, but did not play","On matchday squad, but did not play","On matchday squad, but did not play","On matchday squad, but did not play","On matchday squad, but did not play","On matchday squad, but did not play","On matchday squad, but did not play","On matchday squad, but did not play","On matchday squad, but did not play","On matchday squad, but did not play","On matchday squad, but did not play","On matchday squad, but did not play","On matchday squad, but did not play","On matchday squad, but did not play","On matchday squad, but did not play","On matchday squad, but did not play","On matchday squad, but did not play","On matchday squad, but did not play","On matchday squad, but did not play",Match Report,"On matchday squad, but did not play","On matchday squad, but did not play","On matchday squad, but did not play","On matchday squad, but did not play","On matchday squad, but did not play","On matchday squad, but did not play","On matchday squad, but did not play","On matchday squad, but did not play","On matchday squad, but did not play","On matchday squad, but did not play","On matchday squad, but did not play","On matchday squad, but did not play","On matchday squad, but did not play","On matchday squad, but did not play","On matchday squad, but did not play","On matchday squad, but did not play","On matchday squad, but did not play","On matchday squad, but did not play","On matchday squad, but did not play","On matchday squad, but did not play","On matchday squad, but did not play","On matchday squad, but did not play","On matchday squad, but did not play","On matchday squad, but did not play","On matchday squad, but did not play","On matchday squad, but did not play","On matchday squad, but did not play","On matchday squad, but did not play","On matchday squad, but did not play","On matchday squad, but did not play","On matchday squad, but did not play","On matchday squad, but did not play","On matchday squad, but did not play","On matchday squad, but did not play","On matchday squad, but did not play","On matchday squad, but did not play","On matchday squad, but did not play","On matchday squad, but did not play","On matchday squad, but did not play","On matchday squad, but did not play","On matchday squad, but did not play","On matchday squad, but did not play","On matchday squad, but did not play","On matchday squad, but did not play","On matchday squad, but did not play","On matchday squad, but did not play","On matchday squad, but did not play","On matchday squad, but did not play","On matchday squad, but did not play","On matchday squad, but did not play","On matchday squad, but did not play","On matchday squad, but did not play","On matchday squad, but did not play","On matchday squad, but did not play","On matchday squad, but did not play","On matchday squad, but did not play","On matchday squad, but did not play","On matchday squad, but did not play","On matchday squad, but did not play","On matchday squad, but did not play","On matchday squad, but did not play","On matchday squad, but did not play","On matchday squad, but did not play","On matchday squad, but did not play","On matchday squad, but did not play","On matchday squad, but did not play","On matchday squad, but did not play","On matchday squad, but did not play","On matchday squad, but did not play","On matchday squad, but did not play","On matchday squad, but did not play","On matchday squad, but did not play","On matchday squad, but did not play","On matchday squad, but did not play","On matchday squad, but did not play","On matchday squad, but did not play","On matchday squad, but did not play","On matchday squad, but did not play","On matchday squad, but did not play","On matchday squad, but did not play","On matchday squad, but did not play","On matchday squad, but did not play","On matchday squad, but did not play","On matchday squad, but did not play","On matchday squad, but did not play","On matchday squad, but did not play","On matchday squad, but did not play","On matchday squad, but did not play","On matchday squad, but did not play",Aston Villa,Robin-Olsen,e7ee38c3
2025-01-18,Sat,Matchweek 22,Away,D 2–2,Aston Villa,Arsenal,N,"On matchday squad, but did not play","On matchday squad, but did not play","On matchday squad, but did not play","On matchday squad, but did not play","On matchday squad, but did not play","On matchday squad, but did not play","On matchday squad, but did not play","On matchday squad, but did not play","On matchday squad, but did not play","On matchday squad, but did not play","On matchday squad, but did not play","On matchday squad, but did not play","On matchday squad, but did not play","On matchday squad, but did not play","On matchday squad, but did not play","On matchday squad, but did not play","On matchday squad, but did not play","On matchday squad, but did not play","On matchday squad, but did not play","On matchday squad, but did not play","On matchday squad, but did not play","On matchday squad, but did not play","On matchday squad, but did not play","On matchday squad, but did not play","On matchday squad, but did not play","On matchday squad, but did not play","On matchday squad, but did not play",Match Report,"On matchday squad, but did not play","On matchday squad, but did not play","On matchday squad, but did not play","On matchday squad, but did not play","On matchday squad, but did not play","On matchday squad, but did not play","On matchday squad, but did not play","On matchday squad, but did not play","On matchday squad, but did not play","On matchday squad, but did not play","On matchday squad, but did not play","On matchday squad, but did not play","On matchday squad, but did not play","On matchday squad, but did not play","On matchday squad, but did not play","On matchday squad, but did not play","On matchday squad, but did not play","On matchday squad, but did not play","On matchday squad, but did not play","On matchday squad, but did not play","On matchday squad, but did not play","On matchday squad, but did not play","On matchday squad, but did not play","On matchday squad, but did not play","On matchday squad, but did not play","On matchday squad, but did not play","On matchday squad, but did not play","On matchday squad, but did not play","On matchday squad, but did not play","On matchday squad, but did not play","On matchday squad, but did not play","On matchday squad, but did not play","On matchday squad, but did not play","On matchday squad, but did not play","On matchday squad, but did not play","On matchday squad, but did not play","On matchday squad, but did not play","On matchday squad, but did not play","On matchday squad, but did not play","On matchday squad, but did not play","On matchday squad, but did not play","On matchday squad, but did not play","On matchday squad, but did not play","On matchday squad, but did not play","On matchday squad, but did not play","On matchday squad, but did not play","On matchday squad, but did not play","On matchday squad, but did not play","On matchday squad, but did not play","On matchday squad, but did not play","On matchday squad, but did not play","On matchday squad, but did not play","On matchday squad, but did not play","On matchday squad, but did not play","On matchday squad, but did not play","On matchday squad, but did not play","On matchday squad, but did not play","On matchday squad, but did not play","On matchday squad, but did not play","On matchday squad, but did not play","On matchday squad, but did not play","On matchday squad, but did not play","On matchday squad, but did not play","On matchday squad, but did not play","On matchday squad, but did not play","On matchday squad, but did not play","On matchday squad, but did not play","On matchday squad, but did not play","On matchday squad, but did not play","On matchday squad, but did not play","On matchday squad, but did not play","On matchday squad, but did not play","On matchday squad, but did not play","On matchday squad, but did not play","On matchday squad, but did not play","On matchday squad, but did not play","On matchday squad, but did not play","On matchday squad, but did not play","On matchday squad, but did not play","On matchday squad, but did not play","On matchday squad, but did not play","On matchday squad, but did not play","On matchday squad, but did not play","On matchday squad, but did not play","On matchday squad, but did not play","On matchday squad, but did not play","On matchday squad, but did not play","On matchday squad, but did not play","On matchday squad, but did not play",Aston Villa,Robin-Olsen,e7ee38c3
2025-01-26,Sun,Matchweek 23,Home,D 1–1,Aston Villa,West Ham,N,"On matchday squad, but did not play","On matchday squad, but did not play","On matchday squad, but did not play","On matchday squad, but did not play","On matchday squad, but did not play","On matchday squad, but did not play","On matchday squad, but did not play","On matchday squad, but did not play","On matchday squad, but did not play","On matchday squad, but did not play","On matchday squad, but did not play","On matchday squad, but did not play","On matchday squad, but did not play","On matchday squad, but did not play","On matchday squad, but did not play","On matchday squad, but did not play","On matchday squad, but did not play","On matchday squad, but did not play","On matchday squad, but did not play","On matchday squad, but did not play","On matchday squad, but did not play","On matchday squad, but did not play","On matchday squad, but did not play","On matchday squad, but did not play","On matchday squad, but did not play","On matchday squad, but did not play","On matchday squad, but did not play",Match Report,"On matchday squad, but did not play","On matchday squad, but did not play","On matchday squad, but did not play","On matchday squad, but did not play","On matchday squad, but did not play","On matchday squad, but did not play","On matchday squad, but did not play","On matchday squad, but did not play","On matchday squad, but did not play","On matchday squad, but did not play","On matchday squad, but did not play","On matchday squad, but did not play","On matchday squad, but did not play","On matchday squad, but did not play","On matchday squad, but did not play","On matchday squad, but did not play","On matchday squad, but did not play","On matchday squad, but did not play","On matchday squad, but did not play","On matchday squad, but did not play","On matchday squad, but did not play","On matchday squad, but did not play","On matchday squad, but did not play","On matchday squad, but did not play","On matchday squad, but did not play","On matchday squad, but did not play","On matchday squad, but did not play","On matchday squad, but did not play","On matchday squad, but did not play","On matchday squad, but did not play","On matchday squad, but did not play","On matchday squad, but did not play","On matchday squad, but did not play","On matchday squad, but did not play","On matchday squad, but did not play","On matchday squad, but did not play","On matchday squad, but did not play","On matchday squad, but did not play","On matchday squad, but did not play","On matchday squad, but did not play","On matchday squad, but did not play","On matchday squad, but did not play","On matchday squad, but did not play","On matchday squad, but did not play","On matchday squad, but did not play","On matchday squad, but did not play","On matchday squad, but did not play","On matchday squad, but did not play","On matchday squad, but did not play","On matchday squad, but did not play","On matchday squad, but did not play","On matchday squad, but did not play","On matchday squad, but did not play","On matchday squad, but did not play","On matchday squad, but did not play","On matchday squad, but did not play","On matchday squad, but did not play","On matchday squad, but did not play","On matchday squad, but did not play","On matchday squad, but did not play","On matchday squad, but did not play","On matchday squad, but did not play","On matchday squad, but did not play","On matchday squad, but did not play","On matchday squad, but did not play","On matchday squad, but did not play","On matchday squad, but did not play","On matchday squad, but did not play","On matchday squad, but did not play","On matchday squad, but did not play","On matchday squad, but did not play","On matchday squad, but did not play","On matchday squad, but did not play","On matchday squad, but did not play","On matchday squad, but did not play","On matchday squad, but did not play","On matchday squad, but did not play","On matchday squad, but did not play","On matchday squad, but did not play","On matchday squad, but did not play","On matchday squad, but did not play","On matchday squad, but did not play","On matchday squad, but did not play","On matchday squad, but did not play","On matchday squad, but did not play","On matchday squad, but did not play","On matchday squad, but did not play","On matchday squad, but did not play","On matchday squad, but did not play",Aston Villa,Robin-Olsen,e7ee38c3
2025-02-01,Sat,Matchweek 24,Away,L 0–2,Aston Villa,Wolves,N,"On matchday squad, but did not play","On matchday squad, but did not play","On matchday squad, but did not play","On matchday squad, but did not play","On matchday squad, but did not play","On matchday squad, but did not play","On matchday squad, but did not play","On matchday squad, but did not play","On matchday squad, but did not play","On matchday squad, but did not play","On matchday squad, but did not play","On matchday squad, but did not play","On matchday squad, but did not play","On matchday squad, but did not play","On matchday squad, but did not play","On matchday squad, but did not play","On matchday squad, but did not play","On matchday squad, but did not play","On matchday squad, but did not play","On matchday squad, but did not play","On matchday squad, but did not play","On matchday squad, but did not play","On matchday squad, but did not play","On matchday squad, but did not play","On matchday squad, but did not play","On matchday squad, but did not play","On matchday squad, but did not play",Match Report,"On matchday squad, but did not play","On matchday squad, but did not play","On matchday squad, but did not play","On matchday squad, but did not play","On matchday squad, but did not play","On matchday squad, but did not play","On matchday squad, but did not play","On matchday squad, but did not play","On matchday squad, but did not play","On matchday squad, but did not play","On matchday squad, but did not play","On matchday squad, but did not play","On matchday squad, but did not play","On matchday squad, but did not play","On matchday squad, but did not play","On matchday squad, but did not play","On matchday squad, but did not play","On matchday squad, but did not play","On matchday squad, but did not play","On matchday squad, but did not play","On matchday squad, but did not play","On matchday squad, but did not play","On matchday squad, but did not play","On matchday squad, but did not play","On matchday squad, but did not play","On matchday squad, but did not play","On matchday squad, but did not play","On matchday squad, but did not play","On matchday squad, but did not play","On matchday squad, but did not play","On matchday squad, but did not play","On matchday squad, but did not play","On matchday squad, but did not play","On matchday squad, but did not play","On matchday squad, but did not play","On matchday squad, but did not play","On matchday squad, but did not play","On matchday squad, but did not play","On matchday squad, but did not play","On matchday squad, but did not play","On matchday squad, but did not play","On matchday squad, but did not play","On matchday squad, but did not play","On matchday squad, but did not play","On matchday squad, but did not play","On matchday squad, but did not play","On matchday squad, but did not play","On matchday squad, but did not play","On matchday squad, but did not play","On matchday squad, but did not play","On matchday squad, but did not play","On matchday squad, but did not play","On matchday squad, but did not play","On matchday squad, but did not play","On matchday squad, but did not play","On matchday squad, but did not play","On matchday squad, but did not play","On matchday squad, but did not play","On matchday squad, but did not play","On matchday squad, but did not play","On matchday squad, but did not play","On matchday squad, but did not play","On matchday squad, but did not play","On matchday squad, but did not play","On matchday squad, but did not play","On matchday squad, but did not play","On matchday squad, but did not play","On matchday squad, but did not play","On matchday squad, but did not play","On matchday squad, but did not play","On matchday squad, but did not play","On matchday squad, but did not play","On matchday squad, but did not play","On matchday squad, but did not play","On matchday squad, but did not play","On matchday squad, but did not play","On matchday squad, but did not play","On matchday squad, but did not play","On matchday squad, but did not play","On matchday squad, but did not play","On matchday squad, but did not play","On matchday squad, but did not play","On matchday squad, but did not play","On matchday squad, but did not play","On matchday squad, but did not play","On matchday squad, but did not play","On matchday squad, but did not play","On matchday squad, but did not play","On matchday squad, but did not play",Aston Villa,Robin-Olsen,e7ee38c3
2025-02-15,Sat,Matchweek 25,Home,D 1–1,Aston Villa,Ipswich Town,N,"On matchday squad, but did not play","On matchday squad, but did not play","On matchday squad, but did not play","On matchday squad, but did not play","On matchday squad, but did not play","On matchday squad, but did not play","On matchday squad, but did not play","On matchday squad, but did not play","On matchday squad, but did not play","On matchday squad, but did not play","On matchday squad, but did not play","On matchday squad, but did not play","On matchday squad, but did not play","On matchday squad, but did not play","On matchday squad, but did not play","On matchday squad, but did not play","On matchday squad, but did not play","On matchday squad, but did not play","On matchday squad, but did not play","On matchday squad, but did not play","On matchday squad, but did not play","On matchday squad, but did not play","On matchday squad, but did not play","On matchday squad, but did not play","On matchday squad, but did not play","On matchday squad, but did not play","On matchday squad, but did not play",Match Report,"On matchday squad, but did not play","On matchday squad, but did not play","On matchday squad, but did not play","On matchday squad, but did not play","On matchday squad, but did not play","On matchday squad, but did not play","On matchday squad, but did not play","On matchday squad, but did not play","On matchday squad, but did not play","On matchday squad, but did not play","On matchday squad, but did not play","On matchday squad, but did not play","On matchday squad, but did not play","On matchday squad, but did not play","On matchday squad, but did not play","On matchday squad, but did not play","On matchday squad, but did not play","On matchday squad, but did not play","On matchday squad, but did not play","On matchday squad, but did not play","On matchday squad, but did not play","On matchday squad, but did not play","On matchday squad, but did not play","On matchday squad, but did not play","On matchday squad, but did not play","On matchday squad, but did not play","On matchday squad, but did not play","On matchday squad, but did not play","On matchday squad, but did not play","On matchday squad, but did not play","On matchday squad, but did not play","On matchday squad, but did not play","On matchday squad, but did not play","On matchday squad, but did not play","On matchday squad, but did not play","On matchday squad, but did not play","On matchday squad, but did not play","On matchday squad, but did not play","On matchday squad, but did not play","On matchday squad, but did not play","On matchday squad, but did not play","On matchday squad, but did not play","On matchday squad, but did not play","On matchday squad, but did not play","On matchday squad, but did not play","On matchday squad, but did not play","On matchday squad, but did not play","On matchday squad, but did not play","On matchday squad, but did not play","On matchday squad, but did not play","On matchday squad, but did not play","On matchday squad, but did not play","On matchday squad, but did not play","On matchday squad, but did not play","On matchday squad, but did not play","On matchday squad, but did not play","On matchday squad, but did not play","On matchday squad, but did not play","On matchday squad, but did not play","On matchday squad, but did not play","On matchday squad, but did not play","On matchday squad, but did not play","On matchday squad, but did not play","On matchday squad, but did not play","On matchday squad, but did not play","On matchday squad, but did not play","On matchday squad, but did not play","On matchday squad, but did not play","On matchday squad, but did not play","On matchday squad, but did not play","On matchday squad, but did not play","On matchday squad, but did not play","On matchday squad, but did not play","On matchday squad, but did not play","On matchday squad, but did not play","On matchday squad, but did not play","On matchday squad, but did not play","On matchday squad, but did not play","On matchday squad, but did not play","On matchday squad, but did not play","On matchday squad, but did not play","On matchday squad, but did not play","On matchday squad, but did not play","On matchday squad, but did not play","On matchday squad, but did not play","On matchday squad, but did not play","On matchday squad, but did not play","On matchday squad, but did not play","On matchday squad, but did not play",Aston Villa,Robin-Olsen,e7ee38c3
2025-02-19,Wed,Matchweek 29,Home,D 2–2,Aston Villa,Liverpool,N,"On matchday squad, but did not play","On matchday squad, but did not play","On matchday squad, but did not play","On matchday squad, but did not play","On matchday squad, but did not play","On matchday squad, but did not play","On matchday squad, but did not play","On matchday squad, but did not play","On matchday squad, but did not play","On matchday squad, but did not play","On matchday squad, but did not play","On matchday squad, but did not play","On matchday squad, but did not play","On matchday squad, but did not play","On matchday squad, but did not play","On matchday squad, but did not play","On matchday squad, but did not play","On matchday squad, but did not play","On matchday squad, but did not play","On matchday squad, but did not play","On matchday squad, but did not play","On matchday squad, but did not play","On matchday squad, but did not play","On matchday squad, but did not play","On matchday squad, but did not play","On matchday squad, but did not play","On matchday squad, but did not play",Match Report,"On matchday squad, but did not play","On matchday squad, but did not play","On matchday squad, but did not play","On matchday squad, but did not play","On matchday squad, but did not play","On matchday squad, but did not play","On matchday squad, but did not play","On matchday squad, but did not play","On matchday squad, but did not play","On matchday squad, but did not play","On matchday squad, but did not play","On matchday squad, but did not play","On matchday squad, but did not play","On matchday squad, but did not play","On matchday squad, but did not play","On matchday squad, but did not play","On matchday squad, but did not play","On matchday squad, but did not play","On matchday squad, but did not play","On matchday squad, but did not play","On matchday squad, but did not play","On matchday squad, but did not play","On matchday squad, but did not play","On matchday squad, but did not play","On matchday squad, but did not play","On matchday squad, but did not play","On matchday squad, but did not play","On matchday squad, but did not play","On matchday squad, but did not play","On matchday squad, but did not play","On matchday squad, but did not play","On matchday squad, but did not play","On matchday squad, but did not play","On matchday squad, but did not play","On matchday squad, but did not play","On matchday squad, but did not play","On matchday squad, but did not play","On matchday squad, but did not play","On matchday squad, but did not play","On matchday squad, but did not play","On matchday squad, but did not play","On matchday squad, but did not play","On matchday squad, but did not play","On matchday squad, but did not play","On matchday squad, but did not play","On matchday squad, but did not play","On matchday squad, but did not play","On matchday squad, but did not play","On matchday squad, but did not play","On matchday squad, but did not play","On matchday squad, but did not play","On matchday squad, but did not play","On matchday squad, but did not play","On matchday squad, but did not play","On matchday squad, but did not play","On matchday squad, but did not play","On matchday squad, but did not play","On matchday squad, but did not play","On matchday squad, but did not play","On matchday squad, but did not play","On matchday squad, but did not play","On matchday squad, but did not play","On matchday squad, but did not play","On matchday squad, but did not play","On matchday squad, but did not play","On matchday squad, but did not play","On matchday squad, but did not play","On matchday squad, but did not play","On matchday squad, but did not play","On matchday squad, but did not play","On matchday squad, but did not play","On matchday squad, but did not play","On matchday squad, but did not play","On matchday squad, but did not play","On matchday squad, but did not play","On matchday squad, but did not play","On matchday squad, but did not play","On matchday squad, but did not play","On matchday squad, but did not play","On matchday squad, but did not play","On matchday squad, but did not play","On matchday squad, but did not play","On matchday squad, but did not play","On matchday squad, but did not play","On matchday squad, but did not play","On matchday squad, but did not play","On matchday squad, but did not play","On matchday squad, but did not play","On matchday squad, but did not play",Aston Villa,Robin-Olsen,e7ee38c3
2025-02-22,Sat,Matchweek 26,Home,W 2–1,Aston Villa,Chelsea,N,"On matchday squad, but did not play","On matchday squad, but did not play","On matchday squad, but did not play","On matchday squad, but did not play","On matchday squad, but did not play","On matchday squad, but did not play","On matchday squad, but did not play","On matchday squad, but did not play","On matchday squad, but did not play","On matchday squad, but did not play","On matchday squad, but did not play","On matchday squad, but did not play","On matchday squad, but did not play","On matchday squad, but did not play","On matchday squad, but did not play","On matchday squad, but did not play","On matchday squad, but did not play","On matchday squad, but did not play","On matchday squad, but did not play","On matchday squad, but did not play","On matchday squad, but did not play","On matchday squad, but did not play","On matchday squad, but did not play","On matchday squad, but did not play","On matchday squad, but did not play","On matchday squad, but did not play","On matchday squad, but did not play",Match Report,"On matchday squad, but did not play","On matchday squad, but did not play","On matchday squad, but did not play","On matchday squad, but did not play","On matchday squad, but did not play","On matchday squad, but did not play","On matchday squad, but did not play","On matchday squad, but did not play","On matchday squad, but did not play","On matchday squad, but did not play","On matchday squad, but did not play","On matchday squad, but did not play","On matchday squad, but did not play","On matchday squad, but did not play","On matchday squad, but did not play","On matchday squad, but did not play","On matchday squad, but did not play","On matchday squad, but did not play","On matchday squad, but did not play","On matchday squad, but did not play","On matchday squad, but did not play","On matchday squad, but did not play","On matchday squad, but did not play","On matchday squad, but did not play","On matchday squad, but did not play","On matchday squad, but did not play","On matchday squad, but did not play","On matchday squad, but did not play","On matchday squad, but did not play","On matchday squad, but did not play","On matchday squad, but did not play","On matchday squad, but did not play","On matchday squad, but did not play","On matchday squad, but did not play","On matchday squad, but did not play","On matchday squad, but did not play","On matchday squad, but did not play","On matchday squad, but did not play","On matchday squad, but did not play","On matchday squad, but did not play","On matchday squad, but did not play","On matchday squad, but did not play","On matchday squad, but did not play","On matchday squad, but did not play","On matchday squad, but did not play","On matchday squad, but did not play","On matchday squad, but did not play","On matchday squad, but did not play","On matchday squad, but did not play","On matchday squad, but did not play","On matchday squad, but did not play","On matchday squad, but did not play","On matchday squad, but did not play","On matchday squad, but did not play","On matchday squad, but did not play","On matchday squad, but did not play","On matchday squad, but did not play","On matchday squad, but did not play","On matchday squad, but did not play","On matchday squad, but did not play","On matchday squad, but did not play","On matchday squad, but did not play","On matchday squad, but did not play","On matchday squad, but did not play","On matchday squad, but did not play","On matchday squad, but did not play","On matchday squad, but did not play","On matchday squad, but did not play","On matchday squad, but did not play","On matchday squad, but did not play","On matchday squad, but did not play","On matchday squad, but did not play","On matchday squad, but did not play","On matchday squad, but did not play","On matchday squad, but did not play","On matchday squad, but did not play","On matchday squad, but did not play","On matchday squad, but did not play","On matchday squad, but did not play","On matchday squad, but did not play","On matchday squad, but did not play","On matchday squad, but did not play","On matchday squad, but did not play","On matchday squad, but did not play","On matchday squad, but did not play","On matchday squad, but did not play","On matchday squad, but did not play","On matchday squad, but did not play","On matchday squad, but did not play",Aston Villa,Robin-Olsen,e7ee38c3
2025-02-25,Tue,Matchweek 27,Away,L 1–4,Aston Villa,Crystal Palace,N,GK,45,0,0,0,0,0,0,0,0,17,0,0,0,0.0,0.0,0.0,1,1,17,17,100.0,0,6,0,0,0,Match Report,17,17,100.0,493,321,2,2,100.0,10,10,100.0,5,5,100.0,0,0.0,0.0,0,0,0,0,0,17,9,8,2,0,0,0,0,0,0,0,0,17,0,0,1,0,1,0,0,0,0,1,0,1,0,0,0,0,17,17,17,0,0,0,17,0,0,,0,,6,20,10,0,0,0,0,0,8,0,0,0,0,0,0,0,0,,0,0,0,0,0,0,0,0,Aston Villa,Robin-Olsen,e7ee38c3
2025-03-08,Sat,Matchweek 28,Away,W 1–0,Aston Villa,Brentford,Y,GK,90,0,0,0,0,0,0,0,0,41,0,0,0,0.0,0.0,0.0,0,0,21,38,55.3,0,27,0,0,0,Match Report,21,38,55.3,615,445,2,2,100.0,13,13,100.0,6,23,26.1,0,0.0,0.0,0,2,0,0,0,38,30,8,4,0,0,0,0,0,0,0,0,21,0,0,0,0,0,0,0,0,0,0,0,0,0,0,0,0,41,36,40,1,0,0,41,0,0,,0,,27,161,66,0,0,0,0,0,17,0,0,0,0,0,0,0,0,,0,0,0,0,0,0,1,1,Aston Villa,Robin-Olsen,e7ee38c3
2025-04-02,Wed,Matchweek 30,Away,W 3–0,Aston Villa,Brighton,N,"On matchday squad, but did not play","On matchday squad, but did not play","On matchday squad, but did not play","On matchday squad, but did not play","On matchday squad, but did not play","On matchday squad, but did not play","On matchday squad, but did not play","On matchday squad, but did not play","On matchday squad, but did not play","On matchday squad, but did not play","On matchday squad, but did not play","On matchday squad, but did not play","On matchday squad, but did not play","On matchday squad, but did not play","On matchday squad, but did not play","On matchday squad, but did not play","On matchday squad, but did not play","On matchday squad, but did not play","On matchday squad, but did not play","On matchday squad, but did not play","On matchday squad, but did not play","On matchday squad, but did not play","On matchday squad, but did not play","On matchday squad, but did not play","On matchday squad, but did not play","On matchday squad, but did not play","On matchday squad, but did not play",Match Report,"On matchday squad, but did not play","On matchday squad, but did not play","On matchday squad, but did not play","On matchday squad, but did not play","On matchday squad, but did not play","On matchday squad, but did not play","On matchday squad, but did not play","On matchday squad, but did not play","On matchday squad, but did not play","On matchday squad, but did not play","On matchday squad, but did not play","On matchday squad, but did not play","On matchday squad, but did not play","On matchday squad, but did not play","On matchday squad, but did not play","On matchday squad, but did not play","On matchday squad, but did not play","On matchday squad, but did not play","On matchday squad, but did not play","On matchday squad, but did not play","On matchday squad, but did not play","On matchday squad, but did not play","On matchday squad, but did not play","On matchday squad, but did not play","On matchday squad, but did not play","On matchday squad, but did not play","On matchday squad, but did not play","On matchday squad, but did not play","On matchday squad, but did not play","On matchday squad, but did not play","On matchday squad, but did not play","On matchday squad, but did not play","On matchday squad, but did not play","On matchday squad, but did not play","On matchday squad, but did not play","On matchday squad, but did not play","On matchday squad, but did not play","On matchday squad, but did not play","On matchday squad, but did not play","On matchday squad, but did not play","On matchday squad, but did not play","On matchday squad, but did not play","On matchday squad, but did not play","On matchday squad, but did not play","On matchday squad, but did not play","On matchday squad, but did not play","On matchday squad, but did not play","On matchday squad, but did not play","On matchday squad, but did not play","On matchday squad, but did not play","On matchday squad, but did not play","On matchday squad, but did not play","On matchday squad, but did not play","On matchday squad, but did not play","On matchday squad, but did not play","On matchday squad, but did not play","On matchday squad, but did not play","On matchday squad, but did not play","On matchday squad, but did not play","On matchday squad, but did not play","On matchday squad, but did not play","On matchday squad, but did not play","On matchday squad, but did not play","On matchday squad, but did not play","On matchday squad, but did not play","On matchday squad, but did not play","On matchday squad, but did not play","On matchday squad, but did not play","On matchday squad, but did not play","On matchday squad, but did not play","On matchday squad, but did not play","On matchday squad, but did not play","On matchday squad, but did not play","On matchday squad, but did not play","On matchday squad, but did not play","On matchday squad, but did not play","On matchday squad, but did not play","On matchday squad, but did not play","On matchday squad, but did not play","On matchday squad, but did not play","On matchday squad, but did not play","On matchday squad, but did not play","On matchday squad, but did not play","On matchday squad, but did not play","On matchday squad, but did not play","On matchday squad, but did not play","On matchday squad, but did not play","On matchday squad, but did not play","On matchday squad, but did not play",Aston Villa,Robin-Olsen,e7ee38c3
2025-04-05,Sat,Matchweek 31,Home,W 2–1,Aston Villa,Nott'ham Forest,N,"On matchday squad, but did not play","On matchday squad, but did not play","On matchday squad, but did not play","On matchday squad, but did not play","On matchday squad, but did not play","On matchday squad, but did not play","On matchday squad, but did not play","On matchday squad, but did not play","On matchday squad, but did not play","On matchday squad, but did not play","On matchday squad, but did not play","On matchday squad, but did not play","On matchday squad, but did not play","On matchday squad, but did not play","On matchday squad, but did not play","On matchday squad, but did not play","On matchday squad, but did not play","On matchday squad, but did not play","On matchday squad, but did not play","On matchday squad, but did not play","On matchday squad, but did not play","On matchday squad, but did not play","On matchday squad, but did not play","On matchday squad, but did not play","On matchday squad, but did not play","On matchday squad, but did not play","On matchday squad, but did not play",Match Report,"On matchday squad, but did not play","On matchday squad, but did not play","On matchday squad, but did not play","On matchday squad, but did not play","On matchday squad, but did not play","On matchday squad, but did not play","On matchday squad, but did not play","On matchday squad, but did not play","On matchday squad, but did not play","On matchday squad, but did not play","On matchday squad, but did not play","On matchday squad, but did not play","On matchday squad, but did not play","On matchday squad, but did not play","On matchday squad, but did not play","On matchday squad, but did not play","On matchday squad, but did not play","On matchday squad, but did not play","On matchday squad, but did not play","On matchday squad, but did not play","On matchday squad, but did not play","On matchday squad, but did not play","On matchday squad, but did not play","On matchday squad, but did not play","On matchday squad, but did not play","On matchday squad, but did not play","On matchday squad, but did not play","On matchday squad, but did not play","On matchday squad, but did not play","On matchday squad, but did not play","On matchday squad, but did not play","On matchday squad, but did not play","On matchday squad, but did not play","On matchday squad, but did not play","On matchday squad, but did not play","On matchday squad, but did not play","On matchday squad, but did not play","On matchday squad, but did not play","On matchday squad, but did not play","On matchday squad, but did not play","On matchday squad, but did not play","On matchday squad, but did not play","On matchday squad, but did not play","On matchday squad, but did not play","On matchday squad, but did not play","On matchday squad, but did not play","On matchday squad, but did not play","On matchday squad, but did not play","On matchday squad, but did not play","On matchday squad, but did not play","On matchday squad, but did not play","On matchday squad, but did not play","On matchday squad, but did not play","On matchday squad, but did not play","On matchday squad, but did not play","On matchday squad, but did not play","On matchday squad, but did not play","On matchday squad, but did not play","On matchday squad, but did not play","On matchday squad, but did not play","On matchday squad, but did not play","On matchday squad, but did not play","On matchday squad, but did not play","On matchday squad, but did not play","On matchday squad, but did not play","On matchday squad, but did not play","On matchday squad, but did not play","On matchday squad, but did not play","On matchday squad, but did not play","On matchday squad, but did not play","On matchday squad, but did not play","On matchday squad, but did not play","On matchday squad, but did not play","On matchday squad, but did not play","On matchday squad, but did not play","On matchday squad, but did not play","On matchday squad, but did not play","On matchday squad, but did not play","On matchday squad, but did not play","On matchday squad, but did not play","On matchday squad, but did not play","On matchday squad, but did not play","On matchday squad, but did not play","On matchday squad, but did not play","On matchday squad, but did not play","On matchday squad, but did not play","On matchday squad, but did not play","On matchday squad, but did not play","On matchday squad, but did not play",Aston Villa,Robin-Olsen,e7ee38c3
2025-04-12,Sat,Matchweek 32,Away,W 3–0,Aston Villa,Southampton,N,"On matchday squad, but did not play","On matchday squad, but did not play","On matchday squad, but did not play","On matchday squad, but did not play","On matchday squad, but did not play","On matchday squad, but did not play","On matchday squad, but did not play","On matchday squad, but did not play","On matchday squad, but did not play","On matchday squad, but did not play","On matchday squad, but did not play","On matchday squad, but did not play","On matchday squad, but did not play","On matchday squad, but did not play","On matchday squad, but did not play","On matchday squad, but did not play","On matchday squad, but did not play","On matchday squad, but did not play","On matchday squad, but did not play","On matchday squad, but did not play","On matchday squad, but did not play","On matchday squad, but did not play","On matchday squad, but did not play","On matchday squad, but did not play","On matchday squad, but did not play","On matchday squad, but did not play","On matchday squad, but did not play",Match Report,"On matchday squad, but did not play","On matchday squad, but did not play","On matchday squad, but did not play","On matchday squad, but did not play","On matchday squad, but did not play","On matchday squad, but did not play","On matchday squad, but did not play","On matchday squad, but did not play","On matchday squad, but did not play","On matchday squad, but did not play","On matchday squad, but did not play","On matchday squad, but did not play","On matchday squad, but did not play","On matchday squad, but did not play","On matchday squad, but did not play","On matchday squad, but did not play","On matchday squad, but did not play","On matchday squad, but did not play","On matchday squad, but did not play","On matchday squad, but did not play","On matchday squad, but did not play","On matchday squad, but did not play","On matchday squad, but did not play","On matchday squad, but did not play","On matchday squad, but did not play","On matchday squad, but did not play","On matchday squad, but did not play","On matchday squad, but did not play","On matchday squad, but did not play","On matchday squad, but did not play","On matchday squad, but did not play","On matchday squad, but did not play","On matchday squad, but did not play","On matchday squad, but did not play","On matchday squad, but did not play","On matchday squad, but did not play","On matchday squad, but did not play","On matchday squad, but did not play","On matchday squad, but did not play","On matchday squad, but did not play","On matchday squad, but did not play","On matchday squad, but did not play","On matchday squad, but did not play","On matchday squad, but did not play","On matchday squad, but did not play","On matchday squad, but did not play","On matchday squad, but did not play","On matchday squad, but did not play","On matchday squad, but did not play","On matchday squad, but did not play","On matchday squad, but did not play","On matchday squad, but did not play","On matchday squad, but did not play","On matchday squad, but did not play","On matchday squad, but did not play","On matchday squad, but did not play","On matchday squad, but did not play","On matchday squad, but did not play","On matchday squad, but did not play","On matchday squad, but did not play","On matchday squad, but did not play","On matchday squad, but did not play","On matchday squad, but did not play","On matchday squad, but did not play","On matchday squad, but did not play","On matchday squad, but did not play","On matchday squad, but did not play","On matchday squad, but did not play","On matchday squad, but did not play","On matchday squad, but did not play","On matchday squad, but did not play","On matchday squad, but did not play","On matchday squad, but did not play","On matchday squad, but did not play","On matchday squad, but did not play","On matchday squad, but did not play","On matchday squad, but did not play","On matchday squad, but did not play","On matchday squad, but did not play","On matchday squad, but did not play","On matchday squad, but did not play","On matchday squad, but did not play","On matchday squad, but did not play","On matchday squad, but did not play","On matchday squad, but did not play","On matchday squad, but did not play","On matchday squad, but did not play","On matchday squad, but did not play","On matchday squad, but did not play",Aston Villa,Robin-Olsen,e7ee38c3
2025-04-19,Sat,Matchweek 33,Home,W 4–1,Aston Villa,Newcastle Utd,N,"On matchday squad, but did not play","On matchday squad, but did not play","On matchday squad, but did not play","On matchday squad, but did not play","On matchday squad, but did not play","On matchday squad, but did not play","On matchday squad, but did not play","On matchday squad, but did not play","On matchday squad, but did not play","On matchday squad, but did not play","On matchday squad, but did not play","On matchday squad, but did not play","On matchday squad, but did not play","On matchday squad, but did not play","On matchday squad, but did not play","On matchday squad, but did not play","On matchday squad, but did not play","On matchday squad, but did not play","On matchday squad, but did not play","On matchday squad, but did not play","On matchday squad, but did not play","On matchday squad, but did not play","On matchday squad, but did not play","On matchday squad, but did not play","On matchday squad, but did not play","On matchday squad, but did not play","On matchday squad, but did not play",Match Report,"On matchday squad, but did not play","On matchday squad, but did not play","On matchday squad, but did not play","On matchday squad, but did not play","On matchday squad, but did not play","On matchday squad, but did not play","On matchday squad, but did not play","On matchday squad, but did not play","On matchday squad, but did not play","On matchday squad, but did not play","On matchday squad, but did not play","On matchday squad, but did not play","On matchday squad, but did not play","On matchday squad, but did not play","On matchday squad, but did not play","On matchday squad, but did not play","On matchday squad, but did not play","On matchday squad, but did not play","On matchday squad, but did not play","On matchday squad, but did not play","On matchday squad, but did not play","On matchday squad, but did not play","On matchday squad, but did not play","On matchday squad, but did not play","On matchday squad, but did not play","On matchday squad, but did not play","On matchday squad, but did not play","On matchday squad, but did not play","On matchday squad, but did not play","On matchday squad, but did not play","On matchday squad, but did not play","On matchday squad, but did not play","On matchday squad, but did not play","On matchday squad, but did not play","On matchday squad, but did not play","On matchday squad, but did not play","On matchday squad, but did not play","On matchday squad, but did not play","On matchday squad, but did not play","On matchday squad, but did not play","On matchday squad, but did not play","On matchday squad, but did not play","On matchday squad, but did not play","On matchday squad, but did not play","On matchday squad, but did not play","On matchday squad, but did not play","On matchday squad, but did not play","On matchday squad, but did not play","On matchday squad, but did not play","On matchday squad, but did not play","On matchday squad, but did not play","On matchday squad, but did not play","On matchday squad, but did not play","On matchday squad, but did not play","On matchday squad, but did not play","On matchday squad, but did not play","On matchday squad, but did not play","On matchday squad, but did not play","On matchday squad, but did not play","On matchday squad, but did not play","On matchday squad, but did not play","On matchday squad, but did not play","On matchday squad, but did not play","On matchday squad, but did not play","On matchday squad, but did not play","On matchday squad, but did not play","On matchday squad, but did not play","On matchday squad, but did not play","On matchday squad, but did not play","On matchday squad, but did not play","On matchday squad, but did not play","On matchday squad, but did not play","On matchday squad, but did not play","On matchday squad, but did not play","On matchday squad, but did not play","On matchday squad, but did not play","On matchday squad, but did not play","On matchday squad, but did not play","On matchday squad, but did not play","On matchday squad, but did not play","On matchday squad, but did not play","On matchday squad, but did not play","On matchday squad, but did not play","On matchday squad, but did not play","On matchday squad, but did not play","On matchday squad, but did not play","On matchday squad, but did not play","On matchday squad, but did not play","On matchday squad, but did not play",Aston Villa,Robin-Olsen,e7ee38c3
2025-04-22,Tue,Matchweek 34,Away,L 1–2,Aston Villa,Manchester City,N,"On matchday squad, but did not play","On matchday squad, but did not play","On matchday squad, but did not play","On matchday squad, but did not play","On matchday squad, but did not play","On matchday squad, but did not play","On matchday squad, but did not play","On matchday squad, but did not play","On matchday squad, but did not play","On matchday squad, but did not play","On matchday squad, but did not play","On matchday squad, but did not play","On matchday squad, but did not play","On matchday squad, but did not play","On matchday squad, but did not play","On matchday squad, but did not play","On matchday squad, but did not play","On matchday squad, but did not play","On matchday squad, but did not play","On matchday squad, but did not play","On matchday squad, but did not play","On matchday squad, but did not play","On matchday squad, but did not play","On matchday squad, but did not play","On matchday squad, but did not play","On matchday squad, but did not play","On matchday squad, but did not play",Match Report,"On matchday squad, but did not play","On matchday squad, but did not play","On matchday squad, but did not play","On matchday squad, but did not play","On matchday squad, but did not play","On matchday squad, but did not play","On matchday squad, but did not play","On matchday squad, but did not play","On matchday squad, but did not play","On matchday squad, but did not play","On matchday squad, but did not play","On matchday squad, but did not play","On matchday squad, but did not play","On matchday squad, but did not play","On matchday squad, but did not play","On matchday squad, but did not play","On matchday squad, but did not play","On matchday squad, but did not play","On matchday squad, but did not play","On matchday squad, but did not play","On matchday squad, but did not play","On matchday squad, but did not play","On matchday squad, but did not play","On matchday squad, but did not play","On matchday squad, but did not play","On matchday squad, but did not play","On matchday squad, but did not play","On matchday squad, but did not play","On matchday squad, but did not play","On matchday squad, but did not play","On matchday squad, but did not play","On matchday squad, but did not play","On matchday squad, but did not play","On matchday squad, but did not play","On matchday squad, but did not play","On matchday squad, but did not play","On matchday squad, but did not play","On matchday squad, but did not play","On matchday squad, but did not play","On matchday squad, but did not play","On matchday squad, but did not play","On matchday squad, but did not play","On matchday squad, but did not play","On matchday squad, but did not play","On matchday squad, but did not play","On matchday squad, but did not play","On matchday squad, but did not play","On matchday squad, but did not play","On matchday squad, but did not play","On matchday squad, but did not play","On matchday squad, but did not play","On matchday squad, but did not play","On matchday squad, but did not play","On matchday squad, but did not play","On matchday squad, but did not play","On matchday squad, but did not play","On matchday squad, but did not play","On matchday squad, but did not play","On matchday squad, but did not play","On matchday squad, but did not play","On matchday squad, but did not play","On matchday squad, but did not play","On matchday squad, but did not play","On matchday squad, but did not play","On matchday squad, but did not play","On matchday squad, but did not play","On matchday squad, but did not play","On matchday squad, but did not play","On matchday squad, but did not play","On matchday squad, but did not play","On matchday squad, but did not play","On matchday squad, but did not play","On matchday squad, but did not play","On matchday squad, but did not play","On matchday squad, but did not play","On matchday squad, but did not play","On matchday squad, but did not play","On matchday squad, but did not play","On matchday squad, but did not play","On matchday squad, but did not play","On matchday squad, but did not play","On matchday squad, but did not play","On matchday squad, but did not play","On matchday squad, but did not play","On matchday squad, but did not play","On matchday squad, but did not play","On matchday squad, but did not play","On matchday squad, but did not play","On matchday squad, but did not play",Aston Villa,Robin-Olsen,e7ee38c3
2025-05-03,Sat,Matchweek 35,Home,W 1–0,Aston Villa,Fulham,N,"On matchday squad, but did not play","On matchday squad, but did not play","On matchday squad, but did not play","On matchday squad, but did not play","On matchday squad, but did not play","On matchday squad, but did not play","On matchday squad, but did not play","On matchday squad, but did not play","On matchday squad, but did not play","On matchday squad, but did not play","On matchday squad, but did not play","On matchday squad, but did not play","On matchday squad, but did not play","On matchday squad, but did not play","On matchday squad, but did not play","On matchday squad, but did not play","On matchday squad, but did not play","On matchday squad, but did not play","On matchday squad, but did not play","On matchday squad, but did not play","On matchday squad, but did not play","On matchday squad, but did not play","On matchday squad, but did not play","On matchday squad, but did not play","On matchday squad, but did not play","On matchday squad, but did not play","On matchday squad, but did not play",Match Report,"On matchday squad, but did not play","On matchday squad, but did not play","On matchday squad, but did not play","On matchday squad, but did not play","On matchday squad, but did not play","On matchday squad, but did not play","On matchday squad, but did not play","On matchday squad, but did not play","On matchday squad, but did not play","On matchday squad, but did not play","On matchday squad, but did not play","On matchday squad, but did not play","On matchday squad, but did not play","On matchday squad, but did not play","On matchday squad, but did not play","On matchday squad, but did not play","On matchday squad, but did not play","On matchday squad, but did not play","On matchday squad, but did not play","On matchday squad, but did not play","On matchday squad, but did not play","On matchday squad, but did not play","On matchday squad, but did not play","On matchday squad, but did not play","On matchday squad, but did not play","On matchday squad, but did not play","On matchday squad, but did not play","On matchday squad, but did not play","On matchday squad, but did not play","On matchday squad, but did not play","On matchday squad, but did not play","On matchday squad, but did not play","On matchday squad, but did not play","On matchday squad, but did not play","On matchday squad, but did not play","On matchday squad, but did not play","On matchday squad, but did not play","On matchday squad, but did not play","On matchday squad, but did not play","On matchday squad, but did not play","On matchday squad, but did not play","On matchday squad, but did not play","On matchday squad, but did not play","On matchday squad, but did not play","On matchday squad, but did not play","On matchday squad, but did not play","On matchday squad, but did not play","On matchday squad, but did not play","On matchday squad, but did not play","On matchday squad, but did not play","On matchday squad, but did not play","On matchday squad, but did not play","On matchday squad, but did not play","On matchday squad, but did not play","On matchday squad, but did not play","On matchday squad, but did not play","On matchday squad, but did not play","On matchday squad, but did not play","On matchday squad, but did not play","On matchday squad, but did not play","On matchday squad, but did not play","On matchday squad, but did not play","On matchday squad, but did not play","On matchday squad, but did not play","On matchday squad, but did not play","On matchday squad, but did not play","On matchday squad, but did not play","On matchday squad, but did not play","On matchday squad, but did not play","On matchday squad, but did not play","On matchday squad, but did not play","On matchday squad, but did not play","On matchday squad, but did not play","On matchday squad, but did not play","On matchday squad, but did not play","On matchday squad, but did not play","On matchday squad, but did not play","On matchday squad, but did not play","On matchday squad, but did not play","On matchday squad, but did not play","On matchday squad, but did not play","On matchday squad, but did not play","On matchday squad, but did not play","On matchday squad, but did not play","On matchday squad, but did not play","On matchday squad, but did not play","On matchday squad, but did not play","On matchday squad, but did not play","On matchday squad, but did not play",Aston Villa,Robin-Olsen,e7ee38c3
2025-05-10,Sat,Matchweek 36,Away,W 1–0,Aston Villa,Bournemouth,N,"On matchday squad, but did not play","On matchday squad, but did not play","On matchday squad, but did not play","On matchday squad, but did not play","On matchday squad, but did not play","On matchday squad, but did not play","On matchday squad, but did not play","On matchday squad, but did not play","On matchday squad, but did not play","On matchday squad, but did not play","On matchday squad, but did not play","On matchday squad, but did not play","On matchday squad, but did not play","On matchday squad, but did not play","On matchday squad, but did not play","On matchday squad, but did not play","On matchday squad, but did not play","On matchday squad, but did not play","On matchday squad, but did not play","On matchday squad, but did not play","On matchday squad, but did not play","On matchday squad, but did not play","On matchday squad, but did not play","On matchday squad, but did not play","On matchday squad, but did not play","On matchday squad, but did not play","On matchday squad, but did not play",Match Report,"On matchday squad, but did not play","On matchday squad, but did not play","On matchday squad, but did not play","On matchday squad, but did not play","On matchday squad, but did not play","On matchday squad, but did not play","On matchday squad, but did not play","On matchday squad, but did not play","On matchday squad, but did not play","On matchday squad, but did not play","On matchday squad, but did not play","On matchday squad, but did not play","On matchday squad, but did not play","On matchday squad, but did not play","On matchday squad, but did not play","On matchday squad, but did not play","On matchday squad, but did not play","On matchday squad, but did not play","On matchday squad, but did not play","On matchday squad, but did not play","On matchday squad, but did not play","On matchday squad, but did not play","On matchday squad, but did not play","On matchday squad, but did not play","On matchday squad, but did not play","On matchday squad, but did not play","On matchday squad, but did not play","On matchday squad, but did not play","On matchday squad, but did not play","On matchday squad, but did not play","On matchday squad, but did not play","On matchday squad, but did not play","On matchday squad, but did not play","On matchday squad, but did not play","On matchday squad, but did not play","On matchday squad, but did not play","On matchday squad, but did not play","On matchday squad, but did not play","On matchday squad, but did not play","On matchday squad, but did not play","On matchday squad, but did not play","On matchday squad, but did not play","On matchday squad, but did not play","On matchday squad, but did not play","On matchday squad, but did not play","On matchday squad, but did not play","On matchday squad, but did not play","On matchday squad, but did not play","On matchday squad, but did not play","On matchday squad, but did not play","On matchday squad, but did not play","On matchday squad, but did not play","On matchday squad, but did not play","On matchday squad, but did not play","On matchday squad, but did not play","On matchday squad, but did not play","On matchday squad, but did not play","On matchday squad, but did not play","On matchday squad, but did not play","On matchday squad, but did not play","On matchday squad, but did not play","On matchday squad, but did not play","On matchday squad, but did not play","On matchday squad, but did not play","On matchday squad, but did not play","On matchday squad, but did not play","On matchday squad, but did not play","On matchday squad, but did not play","On matchday squad, but did not play","On matchday squad, but did not play","On matchday squad, but did not play","On matchday squad, but did not play","On matchday squad, but did not play","On matchday squad, but did not play","On matchday squad, but did not play","On matchday squad, but did not play","On matchday squad, but did not play","On matchday squad, but did not play","On matchday squad, but did not play","On matchday squad, but did not play","On matchday squad, but did not play","On matchday squad, but did not play","On matchday squad, but did not play","On matchday squad, but did not play","On matchday squad, but did not play","On matchday squad, but did not play","On matchday squad, but did not play","On matchday squad, but did not play","On matchday squad, but did not play",Aston Villa,Robin-Olsen,e7ee38c3
2025-05-16,Fri,Matchweek 37,Home,W 2–0,Aston Villa,Tottenham,N,"On matchday squad, but did not play","On matchday squad, but did not play","On matchday squad, but did not play","On matchday squad, but did not play","On matchday squad, but did not play","On matchday squad, but did not play","On matchday squad, but did not play","On matchday squad, but did not play","On matchday squad, but did not play","On matchday squad, but did not play","On matchday squad, but did not play","On matchday squad, but did not play","On matchday squad, but did not play","On matchday squad, but did not play","On matchday squad, but did not play","On matchday squad, but did not play","On matchday squad, but did not play","On matchday squad, but did not play","On matchday squad, but did not play","On matchday squad, but did not play","On matchday squad, but did not play","On matchday squad, but did not play","On matchday squad, but did not play","On matchday squad, but did not play","On matchday squad, but did not play","On matchday squad, but did not play","On matchday squad, but did not play",Match Report,"On matchday squad, but did not play","On matchday squad, but did not play","On matchday squad, but did not play","On matchday squad, but did not play","On matchday squad, but did not play","On matchday squad, but did not play","On matchday squad, but did not play","On matchday squad, but did not play","On matchday squad, but did not play","On matchday squad, but did not play","On matchday squad, but did not play","On matchday squad, but did not play","On matchday squad, but did not play","On matchday squad, but did not play","On matchday squad, but did not play","On matchday squad, but did not play","On matchday squad, but did not play","On matchday squad, but did not play","On matchday squad, but did not play","On matchday squad, but did not play","On matchday squad, but did not play","On matchday squad, but did not play","On matchday squad, but did not play","On matchday squad, but did not play","On matchday squad, but did not play","On matchday squad, but did not play","On matchday squad, but did not play","On matchday squad, but did not play","On matchday squad, but did not play","On matchday squad, but did not play","On matchday squad, but did not play","On matchday squad, but did not play","On matchday squad, but did not play","On matchday squad, but did not play","On matchday squad, but did not play","On matchday squad, but did not play","On matchday squad, but did not play","On matchday squad, but did not play","On matchday squad, but did not play","On matchday squad, but did not play","On matchday squad, but did not play","On matchday squad, but did not play","On matchday squad, but did not play","On matchday squad, but did not play","On matchday squad, but did not play","On matchday squad, but did not play","On matchday squad, but did not play","On matchday squad, but did not play","On matchday squad, but did not play","On matchday squad, but did not play","On matchday squad, but did not play","On matchday squad, but did not play","On matchday squad, but did not play","On matchday squad, but did not play","On matchday squad, but did not play","On matchday squad, but did not play","On matchday squad, but did not play","On matchday squad, but did not play","On matchday squad, but did not play","On matchday squad, but did not play","On matchday squad, but did not play","On matchday squad, but did not play","On matchday squad, but did not play","On matchday squad, but did not play","On matchday squad, but did not play","On matchday squad, but did not play","On matchday squad, but did not play","On matchday squad, but did not play","On matchday squad, but did not play","On matchday squad, but did not play","On matchday squad, but did not play","On matchday squad, but did not play","On matchday squad, but did not play","On matchday squad, but did not play","On matchday squad, but did not play","On matchday squad, but did not play","On matchday squad, but did not play","On matchday squad, but did not play","On matchday squad, but did not play","On matchday squad, but did not play","On matchday squad, but did not play","On matchday squad, but did not play","On matchday squad, but did not play","On matchday squad, but did not play","On matchday squad, but did not play","On matchday squad, but did not play","On matchday squad, but did not play","On matchday squad, but did not play","On matchday squad, but did not play",Aston Villa,Robin-Olsen,e7ee38c3
2025-05-25,Sun,Matchweek 38,Away,L 0–2,Aston Villa,Manchester Utd,N,GK,46,0,0,0,0,0,0,0,0,27,0,0,0,0.0,0.0,0.0,0,0,11,25,44.0,0,6,0,0,0,Match Report,11,25,44.0,617,607,1,1,100.0,1,1,100.0,9,23,39.1,0,0.0,0.0,0,2,0,0,0,25,8,17,3,0,0,0,0,0,0,0,0,11,0,0,0,0,0,0,0,0,0,0,0,0,0,0,0,0,27,21,27,0,0,0,27,0,0,,0,,6,44,23,0,0,0,0,0,5,0,0,0,0,0,0,0,0,,0,0,0,0,0,0,0,0,Aston Villa,Robin-Olsen,e7ee38c3
2024-08-17,Sat,Matchweek 1,Away,W 2–1,Aston Villa,West Ham,N,RB,9,0,0,0,0,0,0,0,0,11,1,0,1,0.0,0.0,0.0,0,0,6,7,85.7,1,4,0,0,0,Match Report,6,7,85.7,121,28,1,1,100.0,5,6,83.3,0,0,,0,0.0,0.0,0,1,0,0,1,7,6,1,0,0,0,0,1,0,0,0,0,6,0,0,0,0,0,0,0,0,0,0,0,0,0,0,0,0,11,2,3,7,1,0,11,0,0,,0,,4,5,0,0,0,0,1,0,5,0,1,1,1,0,0,0,0,,0,1,0,1,0,1,2,0,Aston Villa,Kosta-Nedeljkovic,c70be9cf
2024-08-24,Sat,Matchweek 2,Home,L 0–2,Aston Villa,Arsenal,N,RB,75,0,0,0,0,0,0,0,0,31,5,0,0,0.0,0.0,0.0,0,0,20,23,87.0,1,14,1,2,1,Match Report,20,23,87.0,356,68,11,12,91.7,6,7,85.7,3,4,75.0,0,0.0,0.0,0,3,0,0,1,23,18,5,1,0,0,1,4,0,0,0,0,20,0,0,0,0,0,0,0,0,0,0,0,0,0,0,0,0,31,2,6,16,9,0,31,2,1,50.0,1,50.0,14,69,28,1,0,0,0,0,15,0,5,3,0,2,3,1,2,50.0,1,0,0,0,0,5,1,0,Aston Villa,Kosta-Nedeljkovic,c70be9cf
2024-08-31,Sat,Matchweek 3,Away,W 2–1,Aston Villa,Leicester City,N,RB,12,0,0,0,0,0,0,0,0,7,1,0,0,0.0,0.0,0.0,0,0,5,6,83.3,1,2,0,0,0,Match Report,5,6,83.3,71,38,4,4,100.0,1,2,50.0,0,0,,0,0.0,0.0,0,0,0,0,1,6,4,2,0,0,0,0,2,0,0,0,0,5,0,0,0,0,0,0,0,0,0,0,0,0,0,0,0,0,7,0,1,1,5,0,7,0,0,,0,,2,1,0,0,0,0,0,0,3,0,1,1,0,1,0,1,1,100.0,0,0,0,0,0,1,0,0,Aston Villa,Kosta-Nedeljkovic,c70be9cf
2024-09-14,Sat,Matchweek 4,Home,W 3–2,Aston Villa,Everton,N,"On matchday squad, but did not play","On matchday squad, but did not play","On matchday squad, but did not play","On matchday squad, but did not play","On matchday squad, but did not play","On matchday squad, but did not play","On matchday squad, but did not play","On matchday squad, but did not play","On matchday squad, but did not play","On matchday squad, but did not play","On matchday squad, but did not play","On matchday squad, but did not play","On matchday squad, but did not play","On matchday squad, but did not play","On matchday squad, but did not play","On matchday squad, but did not play","On matchday squad, but did not play","On matchday squad, but did not play","On matchday squad, but did not play","On matchday squad, but did not play","On matchday squad, but did not play","On matchday squad, but did not play","On matchday squad, but did not play","On matchday squad, but did not play","On matchday squad, but did not play","On matchday squad, but did not play","On matchday squad, but did not play",Match Report,"On matchday squad, but did not play","On matchday squad, but did not play","On matchday squad, but did not play","On matchday squad, but did not play","On matchday squad, but did not play","On matchday squad, but did not play","On matchday squad, but did not play","On matchday squad, but did not play","On matchday squad, but did not play","On matchday squad, but did not play","On matchday squad, but did not play","On matchday squad, but did not play","On matchday squad, but did not play","On matchday squad, but did not play","On matchday squad, but did not play","On matchday squad, but did not play","On matchday squad, but did not play","On matchday squad, but did not play","On matchday squad, but did not play","On matchday squad, but did not play","On matchday squad, but did not play","On matchday squad, but did not play","On matchday squad, but did not play","On matchday squad, but did not play","On matchday squad, but did not play","On matchday squad, but did not play","On matchday squad, but did not play","On matchday squad, but did not play","On matchday squad, but did not play","On matchday squad, but did not play","On matchday squad, but did not play","On matchday squad, but did not play","On matchday squad, but did not play","On matchday squad, but did not play","On matchday squad, but did not play","On matchday squad, but did not play","On matchday squad, but did not play","On matchday squad, but did not play","On matchday squad, but did not play","On matchday squad, but did not play","On matchday squad, but did not play","On matchday squad, but did not play","On matchday squad, but did not play","On matchday squad, but did not play","On matchday squad, but did not play","On matchday squad, but did not play","On matchday squad, but did not play","On matchday squad, but did not play","On matchday squad, but did not play","On matchday squad, but did not play","On matchday squad, but did not play","On matchday squad, but did not play","On matchday squad, but did not play","On matchday squad, but did not play","On matchday squad, but did not play","On matchday squad, but did not play","On matchday squad, but did not play","On matchday squad, but did not play","On matchday squad, but did not play","On matchday squad, but did not play","On matchday squad, but did not play","On matchday squad, but did not play","On matchday squad, but did not play","On matchday squad, but did not play","On matchday squad, but did not play","On matchday squad, but did not play","On matchday squad, but did not play","On matchday squad, but did not play","On matchday squad, but did not play","On matchday squad, but did not play","On matchday squad, but did not play","On matchday squad, but did not play","On matchday squad, but did not play","On matchday squad, but did not play","On matchday squad, but did not play","On matchday squad, but did not play","On matchday squad, but did not play","On matchday squad, but did not play","On matchday squad, but did not play","On matchday squad, but did not play","On matchday squad, but did not play","On matchday squad, but did not play","On matchday squad, but did not play","On matchday squad, but did not play","On matchday squad, but did not play","On matchday squad, but did not play","On matchday squad, but did not play","On matchday squad, but did not play","On matchday squad, but did not play",Aston Villa,Kosta-Nedeljkovic,c70be9cf
2024-09-21,Sat,Matchweek 5,Home,W 3–1,Aston Villa,Wolves,N,"On matchday squad, but did not play","On matchday squad, but did not play","On matchday squad, but did not play","On matchday squad, but did not play","On matchday squad, but did not play","On matchday squad, but did not play","On matchday squad, but did not play","On matchday squad, but did not play","On matchday squad, but did not play","On matchday squad, but did not play","On matchday squad, but did not play","On matchday squad, but did not play","On matchday squad, but did not play","On matchday squad, but did not play","On matchday squad, but did not play","On matchday squad, but did not play","On matchday squad, but did not play","On matchday squad, but did not play","On matchday squad, but did not play","On matchday squad, but did not play","On matchday squad, but did not play","On matchday squad, but did not play","On matchday squad, but did not play","On matchday squad, but did not play","On matchday squad, but did not play","On matchday squad, but did not play","On matchday squad, but did not play",Match Report,"On matchday squad, but did not play","On matchday squad, but did not play","On matchday squad, but did not play","On matchday squad, but did not play","On matchday squad, but did not play","On matchday squad, but did not play","On matchday squad, but did not play","On matchday squad, but did not play","On matchday squad, but did not play","On matchday squad, but did not play","On matchday squad, but did not play","On matchday squad, but did not play","On matchday squad, but did not play","On matchday squad, but did not play","On matchday squad, but did not play","On matchday squad, but did not play","On matchday squad, but did not play","On matchday squad, but did not play","On matchday squad, but did not play","On matchday squad, but did not play","On matchday squad, but did not play","On matchday squad, but did not play","On matchday squad, but did not play","On matchday squad, but did not play","On matchday squad, but did not play","On matchday squad, but did not play","On matchday squad, but did not play","On matchday squad, but did not play","On matchday squad, but did not play","On matchday squad, but did not play","On matchday squad, but did not play","On matchday squad, but did not play","On matchday squad, but did not play","On matchday squad, but did not play","On matchday squad, but did not play","On matchday squad, but did not play","On matchday squad, but did not play","On matchday squad, but did not play","On matchday squad, but did not play","On matchday squad, but did not play","On matchday squad, but did not play","On matchday squad, but did not play","On matchday squad, but did not play","On matchday squad, but did not play","On matchday squad, but did not play","On matchday squad, but did not play","On matchday squad, but did not play","On matchday squad, but did not play","On matchday squad, but did not play","On matchday squad, but did not play","On matchday squad, but did not play","On matchday squad, but did not play","On matchday squad, but did not play","On matchday squad, but did not play","On matchday squad, but did not play","On matchday squad, but did not play","On matchday squad, but did not play","On matchday squad, but did not play","On matchday squad, but did not play","On matchday squad, but did not play","On matchday squad, but did not play","On matchday squad, but did not play","On matchday squad, but did not play","On matchday squad, but did not play","On matchday squad, but did not play","On matchday squad, but did not play","On matchday squad, but did not play","On matchday squad, but did not play","On matchday squad, but did not play","On matchday squad, but did not play","On matchday squad, but did not play","On matchday squad, but did not play","On matchday squad, but did not play","On matchday squad, but did not play","On matchday squad, but did not play","On matchday squad, but did not play","On matchday squad, but did not play","On matchday squad, but did not play","On matchday squad, but did not play","On matchday squad, but did not play","On matchday squad, but did not play","On matchday squad, but did not play","On matchday squad, but did not play","On matchday squad, but did not play","On matchday squad, but did not play","On matchday squad, but did not play","On matchday squad, but did not play","On matchday squad, but did not play","On matchday squad, but did not play",Aston Villa,Kosta-Nedeljkovic,c70be9cf
2024-09-29,Sun,Matchweek 6,Away,D 2–2,Aston Villa,Ipswich Town,N,"On matchday squad, but did not play","On matchday squad, but did not play","On matchday squad, but did not play","On matchday squad, but did not play","On matchday squad, but did not play","On matchday squad, but did not play","On matchday squad, but did not play","On matchday squad, but did not play","On matchday squad, but did not play","On matchday squad, but did not play","On matchday squad, but did not play","On matchday squad, but did not play","On matchday squad, but did not play","On matchday squad, but did not play","On matchday squad, but did not play","On matchday squad, but did not play","On matchday squad, but did not play","On matchday squad, but did not play","On matchday squad, but did not play","On matchday squad, but did not play","On matchday squad, but did not play","On matchday squad, but did not play","On matchday squad, but did not play","On matchday squad, but did not play","On matchday squad, but did not play","On matchday squad, but did not play","On matchday squad, but did not play",Match Report,"On matchday squad, but did not play","On matchday squad, but did not play","On matchday squad, but did not play","On matchday squad, but did not play","On matchday squad, but did not play","On matchday squad, but did not play","On matchday squad, but did not play","On matchday squad, but did not play","On matchday squad, but did not play","On matchday squad, but did not play","On matchday squad, but did not play","On matchday squad, but did not play","On matchday squad, but did not play","On matchday squad, but did not play","On matchday squad, but did not play","On matchday squad, but did not play","On matchday squad, but did not play","On matchday squad, but did not play","On matchday squad, but did not play","On matchday squad, but did not play","On matchday squad, but did not play","On matchday squad, but did not play","On matchday squad, but did not play","On matchday squad, but did not play","On matchday squad, but did not play","On matchday squad, but did not play","On matchday squad, but did not play","On matchday squad, but did not play","On matchday squad, but did not play","On matchday squad, but did not play","On matchday squad, but did not play","On matchday squad, but did not play","On matchday squad, but did not play","On matchday squad, but did not play","On matchday squad, but did not play","On matchday squad, but did not play","On matchday squad, but did not play","On matchday squad, but did not play","On matchday squad, but did not play","On matchday squad, but did not play","On matchday squad, but did not play","On matchday squad, but did not play","On matchday squad, but did not play","On matchday squad, but did not play","On matchday squad, but did not play","On matchday squad, but did not play","On matchday squad, but did not play","On matchday squad, but did not play","On matchday squad, but did not play","On matchday squad, but did not play","On matchday squad, but did not play","On matchday squad, but did not play","On matchday squad, but did not play","On matchday squad, but did not play","On matchday squad, but did not play","On matchday squad, but did not play","On matchday squad, but did not play","On matchday squad, but did not play","On matchday squad, but did not play","On matchday squad, but did not play","On matchday squad, but did not play","On matchday squad, but did not play","On matchday squad, but did not play","On matchday squad, but did not play","On matchday squad, but did not play","On matchday squad, but did not play","On matchday squad, but did not play","On matchday squad, but did not play","On matchday squad, but did not play","On matchday squad, but did not play","On matchday squad, but did not play","On matchday squad, but did not play","On matchday squad, but did not play","On matchday squad, but did not play","On matchday squad, but did not play","On matchday squad, but did not play","On matchday squad, but did not play","On matchday squad, but did not play","On matchday squad, but did not play","On matchday squad, but did not play","On matchday squad, but did not play","On matchday squad, but did not play","On matchday squad, but did not play","On matchday squad, but did not play","On matchday squad, but did not play","On matchday squad, but did not play","On matchday squad, but did not play","On matchday squad, but did not play","On matchday squad, but did not play",Aston Villa,Kosta-Nedeljkovic,c70be9cf
2024-10-06,Sun,Matchweek 7,Home,D 0–0,Aston Villa,Manchester Utd,N,"On matchday squad, but did not play","On matchday squad, but did not play","On matchday squad, but did not play","On matchday squad, but did not play","On matchday squad, but did not play","On matchday squad, but did not play","On matchday squad, but did not play","On matchday squad, but did not play","On matchday squad, but did not play","On matchday squad, but did not play","On matchday squad, but did not play","On matchday squad, but did not play","On matchday squad, but did not play","On matchday squad, but did not play","On matchday squad, but did not play","On matchday squad, but did not play","On matchday squad, but did not play","On matchday squad, but did not play","On matchday squad, but did not play","On matchday squad, but did not play","On matchday squad, but did not play","On matchday squad, but did not play","On matchday squad, but did not play","On matchday squad, but did not play","On matchday squad, but did not play","On matchday squad, but did not play","On matchday squad, but did not play",Match Report,"On matchday squad, but did not play","On matchday squad, but did not play","On matchday squad, but did not play","On matchday squad, but did not play","On matchday squad, but did not play","On matchday squad, but did not play","On matchday squad, but did not play","On matchday squad, but did not play","On matchday squad, but did not play","On matchday squad, but did not play","On matchday squad, but did not play","On matchday squad, but did not play","On matchday squad, but did not play","On matchday squad, but did not play","On matchday squad, but did not play","On matchday squad, but did not play","On matchday squad, but did not play","On matchday squad, but did not play","On matchday squad, but did not play","On matchday squad, but did not play","On matchday squad, but did not play","On matchday squad, but did not play","On matchday squad, but did not play","On matchday squad, but did not play","On matchday squad, but did not play","On matchday squad, but did not play","On matchday squad, but did not play","On matchday squad, but did not play","On matchday squad, but did not play","On matchday squad, but did not play","On matchday squad, but did not play","On matchday squad, but did not play","On matchday squad, but did not play","On matchday squad, but did not play","On matchday squad, but did not play","On matchday squad, but did not play","On matchday squad, but did not play","On matchday squad, but did not play","On matchday squad, but did not play","On matchday squad, but did not play","On matchday squad, but did not play","On matchday squad, but did not play","On matchday squad, but did not play","On matchday squad, but did not play","On matchday squad, but did not play","On matchday squad, but did not play","On matchday squad, but did not play","On matchday squad, but did not play","On matchday squad, but did not play","On matchday squad, but did not play","On matchday squad, but did not play","On matchday squad, but did not play","On matchday squad, but did not play","On matchday squad, but did not play","On matchday squad, but did not play","On matchday squad, but did not play","On matchday squad, but did not play","On matchday squad, but did not play","On matchday squad, but did not play","On matchday squad, but did not play","On matchday squad, but did not play","On matchday squad, but did not play","On matchday squad, but did not play","On matchday squad, but did not play","On matchday squad, but did not play","On matchday squad, but did not play","On matchday squad, but did not play","On matchday squad, but did not play","On matchday squad, but did not play","On matchday squad, but did not play","On matchday squad, but did not play","On matchday squad, but did not play","On matchday squad, but did not play","On matchday squad, but did not play","On matchday squad, but did not play","On matchday squad, but did not play","On matchday squad, but did not play","On matchday squad, but did not play","On matchday squad, but did not play","On matchday squad, but did not play","On matchday squad, but did not play","On matchday squad, but did not play","On matchday squad, but did not play","On matchday squad, but did not play","On matchday squad, but did not play","On matchday squad, but did not play","On matchday squad, but did not play","On matchday squad, but did not play","On matchday squad, but did not play",Aston Villa,Kosta-Nedeljkovic,c70be9cf
2024-11-23,Sat,Matchweek 12,Home,D 2–2,Aston Villa,Crystal Palace,N,"On matchday squad, but did not play","On matchday squad, but did not play","On matchday squad, but did not play","On matchday squad, but did not play","On matchday squad, but did not play","On matchday squad, but did not play","On matchday squad, but did not play","On matchday squad, but did not play","On matchday squad, but did not play","On matchday squad, but did not play","On matchday squad, but did not play","On matchday squad, but did not play","On matchday squad, but did not play","On matchday squad, but did not play","On matchday squad, but did not play","On matchday squad, but did not play","On matchday squad, but did not play","On matchday squad, but did not play","On matchday squad, but did not play","On matchday squad, but did not play","On matchday squad, but did not play","On matchday squad, but did not play","On matchday squad, but did not play","On matchday squad, but did not play","On matchday squad, but did not play","On matchday squad, but did not play","On matchday squad, but did not play",Match Report,"On matchday squad, but did not play","On matchday squad, but did not play","On matchday squad, but did not play","On matchday squad, but did not play","On matchday squad, but did not play","On matchday squad, but did not play","On matchday squad, but did not play","On matchday squad, but did not play","On matchday squad, but did not play","On matchday squad, but did not play","On matchday squad, but did not play","On matchday squad, but did not play","On matchday squad, but did not play","On matchday squad, but did not play","On matchday squad, but did not play","On matchday squad, but did not play","On matchday squad, but did not play","On matchday squad, but did not play","On matchday squad, but did not play","On matchday squad, but did not play","On matchday squad, but did not play","On matchday squad, but did not play","On matchday squad, but did not play","On matchday squad, but did not play","On matchday squad, but did not play","On matchday squad, but did not play","On matchday squad, but did not play","On matchday squad, but did not play","On matchday squad, but did not play","On matchday squad, but did not play","On matchday squad, but did not play","On matchday squad, but did not play","On matchday squad, but did not play","On matchday squad, but did not play","On matchday squad, but did not play","On matchday squad, but did not play","On matchday squad, but did not play","On matchday squad, but did not play","On matchday squad, but did not play","On matchday squad, but did not play","On matchday squad, but did not play","On matchday squad, but did not play","On matchday squad, but did not play","On matchday squad, but did not play","On matchday squad, but did not play","On matchday squad, but did not play","On matchday squad, but did not play","On matchday squad, but did not play","On matchday squad, but did not play","On matchday squad, but did not play","On matchday squad, but did not play","On matchday squad, but did not play","On matchday squad, but did not play","On matchday squad, but did not play","On matchday squad, but did not play","On matchday squad, but did not play","On matchday squad, but did not play","On matchday squad, but did not play","On matchday squad, but did not play","On matchday squad, but did not play","On matchday squad, but did not play","On matchday squad, but did not play","On matchday squad, but did not play","On matchday squad, but did not play","On matchday squad, but did not play","On matchday squad, but did not play","On matchday squad, but did not play","On matchday squad, but did not play","On matchday squad, but did not play","On matchday squad, but did not play","On matchday squad, but did not play","On matchday squad, but did not play","On matchday squad, but did not play","On matchday squad, but did not play","On matchday squad, but did not play","On matchday squad, but did not play","On matchday squad, but did not play","On matchday squad, but did not play","On matchday squad, but did not play","On matchday squad, but did not play","On matchday squad, but did not play","On matchday squad, but did not play","On matchday squad, but did not play","On matchday squad, but did not play","On matchday squad, but did not play","On matchday squad, but did not play","On matchday squad, but did not play","On matchday squad, but did not play","On matchday squad, but did not play",Aston Villa,Kosta-Nedeljkovic,c70be9cf
2024-12-14,Sat,Matchweek 16,Away,L 1–2,Aston Villa,Nott'ham Forest,N,"On matchday squad, but did not play","On matchday squad, but did not play","On matchday squad, but did not play","On matchday squad, but did not play","On matchday squad, but did not play","On matchday squad, but did not play","On matchday squad, but did not play","On matchday squad, but did not play","On matchday squad, but did not play","On matchday squad, but did not play","On matchday squad, but did not play","On matchday squad, but did not play","On matchday squad, but did not play","On matchday squad, but did not play","On matchday squad, but did not play","On matchday squad, but did not play","On matchday squad, but did not play","On matchday squad, but did not play","On matchday squad, but did not play","On matchday squad, but did not play","On matchday squad, but did not play","On matchday squad, but did not play","On matchday squad, but did not play","On matchday squad, but did not play","On matchday squad, but did not play","On matchday squad, but did not play","On matchday squad, but did not play",Match Report,"On matchday squad, but did not play","On matchday squad, but did not play","On matchday squad, but did not play","On matchday squad, but did not play","On matchday squad, but did not play","On matchday squad, but did not play","On matchday squad, but did not play","On matchday squad, but did not play","On matchday squad, but did not play","On matchday squad, but did not play","On matchday squad, but did not play","On matchday squad, but did not play","On matchday squad, but did not play","On matchday squad, but did not play","On matchday squad, but did not play","On matchday squad, but did not play","On matchday squad, but did not play","On matchday squad, but did not play","On matchday squad, but did not play","On matchday squad, but did not play","On matchday squad, but did not play","On matchday squad, but did not play","On matchday squad, but did not play","On matchday squad, but did not play","On matchday squad, but did not play","On matchday squad, but did not play","On matchday squad, but did not play","On matchday squad, but did not play","On matchday squad, but did not play","On matchday squad, but did not play","On matchday squad, but did not play","On matchday squad, but did not play","On matchday squad, but did not play","On matchday squad, but did not play","On matchday squad, but did not play","On matchday squad, but did not play","On matchday squad, but did not play","On matchday squad, but did not play","On matchday squad, but did not play","On matchday squad, but did not play","On matchday squad, but did not play","On matchday squad, but did not play","On matchday squad, but did not play","On matchday squad, but did not play","On matchday squad, but did not play","On matchday squad, but did not play","On matchday squad, but did not play","On matchday squad, but did not play","On matchday squad, but did not play","On matchday squad, but did not play","On matchday squad, but did not play","On matchday squad, but did not play","On matchday squad, but did not play","On matchday squad, but did not play","On matchday squad, but did not play","On matchday squad, but did not play","On matchday squad, but did not play","On matchday squad, but did not play","On matchday squad, but did not play","On matchday squad, but did not play","On matchday squad, but did not play","On matchday squad, but did not play","On matchday squad, but did not play","On matchday squad, but did not play","On matchday squad, but did not play","On matchday squad, but did not play","On matchday squad, but did not play","On matchday squad, but did not play","On matchday squad, but did not play","On matchday squad, but did not play","On matchday squad, but did not play","On matchday squad, but did not play","On matchday squad, but did not play","On matchday squad, but did not play","On matchday squad, but did not play","On matchday squad, but did not play","On matchday squad, but did not play","On matchday squad, but did not play","On matchday squad, but did not play","On matchday squad, but did not play","On matchday squad, but did not play","On matchday squad, but did not play","On matchday squad, but did not play","On matchday squad, but did not play","On matchday squad, but did not play","On matchday squad, but did not play","On matchday squad, but did not play","On matchday squad, but did not play","On matchday squad, but did not play",Aston Villa,Kosta-Nedeljkovic,c70be9cf
2024-12-21,Sat,Matchweek 17,Home,W 2–1,Aston Villa,Manchester City,N,"On matchday squad, but did not play","On matchday squad, but did not play","On matchday squad, but did not play","On matchday squad, but did not play","On matchday squad, but did not play","On matchday squad, but did not play","On matchday squad, but did not play","On matchday squad, but did not play","On matchday squad, but did not play","On matchday squad, but did not play","On matchday squad, but did not play","On matchday squad, but did not play","On matchday squad, but did not play","On matchday squad, but did not play","On matchday squad, but did not play","On matchday squad, but did not play","On matchday squad, but did not play","On matchday squad, but did not play","On matchday squad, but did not play","On matchday squad, but did not play","On matchday squad, but did not play","On matchday squad, but did not play","On matchday squad, but did not play","On matchday squad, but did not play","On matchday squad, but did not play","On matchday squad, but did not play","On matchday squad, but did not play",Match Report,"On matchday squad, but did not play","On matchday squad, but did not play","On matchday squad, but did not play","On matchday squad, but did not play","On matchday squad, but did not play","On matchday squad, but did not play","On matchday squad, but did not play","On matchday squad, but did not play","On matchday squad, but did not play","On matchday squad, but did not play","On matchday squad, but did not play","On matchday squad, but did not play","On matchday squad, but did not play","On matchday squad, but did not play","On matchday squad, but did not play","On matchday squad, but did not play","On matchday squad, but did not play","On matchday squad, but did not play","On matchday squad, but did not play","On matchday squad, but did not play","On matchday squad, but did not play","On matchday squad, but did not play","On matchday squad, but did not play","On matchday squad, but did not play","On matchday squad, but did not play","On matchday squad, but did not play","On matchday squad, but did not play","On matchday squad, but did not play","On matchday squad, but did not play","On matchday squad, but did not play","On matchday squad, but did not play","On matchday squad, but did not play","On matchday squad, but did not play","On matchday squad, but did not play","On matchday squad, but did not play","On matchday squad, but did not play","On matchday squad, but did not play","On matchday squad, but did not play","On matchday squad, but did not play","On matchday squad, but did not play","On matchday squad, but did not play","On matchday squad, but did not play","On matchday squad, but did not play","On matchday squad, but did not play","On matchday squad, but did not play","On matchday squad, but did not play","On matchday squad, but did not play","On matchday squad, but did not play","On matchday squad, but did not play","On matchday squad, but did not play","On matchday squad, but did not play","On matchday squad, but did not play","On matchday squad, but did not play","On matchday squad, but did not play","On matchday squad, but did not play","On matchday squad, but did not play","On matchday squad, but did not play","On matchday squad, but did not play","On matchday squad, but did not play","On matchday squad, but did not play","On matchday squad, but did not play","On matchday squad, but did not play","On matchday squad, but did not play","On matchday squad, but did not play","On matchday squad, but did not play","On matchday squad, but did not play","On matchday squad, but did not play","On matchday squad, but did not play","On matchday squad, but did not play","On matchday squad, but did not play","On matchday squad, but did not play","On matchday squad, but did not play","On matchday squad, but did not play","On matchday squad, but did not play","On matchday squad, but did not play","On matchday squad, but did not play","On matchday squad, but did not play","On matchday squad, but did not play","On matchday squad, but did not play","On matchday squad, but did not play","On matchday squad, but did not play","On matchday squad, but did not play","On matchday squad, but did not play","On matchday squad, but did not play","On matchday squad, but did not play","On matchday squad, but did not play","On matchday squad, but did not play","On matchday squad, but did not play","On matchday squad, but did not play",Aston Villa,Kosta-Nedeljkovic,c70be9cf
2024-12-26,Thu,Matchweek 18,Away,L 0–3,Aston Villa,Newcastle Utd,N,RB,22,0,0,0,0,0,0,0,0,6,0,0,0,0.0,0.0,0.0,0,0,5,6,83.3,0,2,0,0,0,Match Report,5,6,83.3,130,0,0,0,,4,5,80.0,1,1,100.0,0,0.0,0.0,0,0,0,0,0,6,5,1,0,0,0,0,1,0,0,0,0,5,0,0,0,0,0,0,0,0,0,0,0,0,0,0,0,0,6,0,3,2,1,0,6,0,0,,0,,2,10,0,0,0,0,0,0,3,0,0,0,0,0,0,0,0,,0,0,0,0,0,0,0,0,Aston Villa,Kosta-Nedeljkovic,c70be9cf
2024-12-30,Mon,Matchweek 19,Home,D 2–2,Aston Villa,Brighton,N,"On matchday squad, but did not play","On matchday squad, but did not play","On matchday squad, but did not play","On matchday squad, but did not play","On matchday squad, but did not play","On matchday squad, but did not play","On matchday squad, but did not play","On matchday squad, but did not play","On matchday squad, but did not play","On matchday squad, but did not play","On matchday squad, but did not play","On matchday squad, but did not play","On matchday squad, but did not play","On matchday squad, but did not play","On matchday squad, but did not play","On matchday squad, but did not play","On matchday squad, but did not play","On matchday squad, but did not play","On matchday squad, but did not play","On matchday squad, but did not play","On matchday squad, but did not play","On matchday squad, but did not play","On matchday squad, but did not play","On matchday squad, but did not play","On matchday squad, but did not play","On matchday squad, but did not play","On matchday squad, but did not play",Match Report,"On matchday squad, but did not play","On matchday squad, but did not play","On matchday squad, but did not play","On matchday squad, but did not play","On matchday squad, but did not play","On matchday squad, but did not play","On matchday squad, but did not play","On matchday squad, but did not play","On matchday squad, but did not play","On matchday squad, but did not play","On matchday squad, but did not play","On matchday squad, but did not play","On matchday squad, but did not play","On matchday squad, but did not play","On matchday squad, but did not play","On matchday squad, but did not play","On matchday squad, but did not play","On matchday squad, but did not play","On matchday squad, but did not play","On matchday squad, but did not play","On matchday squad, but did not play","On matchday squad, but did not play","On matchday squad, but did not play","On matchday squad, but did not play","On matchday squad, but did not play","On matchday squad, but did not play","On matchday squad, but did not play","On matchday squad, but did not play","On matchday squad, but did not play","On matchday squad, but did not play","On matchday squad, but did not play","On matchday squad, but did not play","On matchday squad, but did not play","On matchday squad, but did not play","On matchday squad, but did not play","On matchday squad, but did not play","On matchday squad, but did not play","On matchday squad, but did not play","On matchday squad, but did not play","On matchday squad, but did not play","On matchday squad, but did not play","On matchday squad, but did not play","On matchday squad, but did not play","On matchday squad, but did not play","On matchday squad, but did not play","On matchday squad, but did not play","On matchday squad, but did not play","On matchday squad, but did not play","On matchday squad, but did not play","On matchday squad, but did not play","On matchday squad, but did not play","On matchday squad, but did not play","On matchday squad, but did not play","On matchday squad, but did not play","On matchday squad, but did not play","On matchday squad, but did not play","On matchday squad, but did not play","On matchday squad, but did not play","On matchday squad, but did not play","On matchday squad, but did not play","On matchday squad, but did not play","On matchday squad, but did not play","On matchday squad, but did not play","On matchday squad, but did not play","On matchday squad, but did not play","On matchday squad, but did not play","On matchday squad, but did not play","On matchday squad, but did not play","On matchday squad, but did not play","On matchday squad, but did not play","On matchday squad, but did not play","On matchday squad, but did not play","On matchday squad, but did not play","On matchday squad, but did not play","On matchday squad, but did not play","On matchday squad, but did not play","On matchday squad, but did not play","On matchday squad, but did not play","On matchday squad, but did not play","On matchday squad, but did not play","On matchday squad, but did not play","On matchday squad, but did not play","On matchday squad, but did not play","On matchday squad, but did not play","On matchday squad, but did not play","On matchday squad, but did not play","On matchday squad, but did not play","On matchday squad, but did not play","On matchday squad, but did not play",Aston Villa,Kosta-Nedeljkovic,c70be9cf
2025-01-04,Sat,Matchweek 20,Home,W 2–1,Aston Villa,Leicester City,N,"On matchday squad, but did not play","On matchday squad, but did not play","On matchday squad, but did not play","On matchday squad, but did not play","On matchday squad, but did not play","On matchday squad, but did not play","On matchday squad, but did not play","On matchday squad, but did not play","On matchday squad, but did not play","On matchday squad, but did not play","On matchday squad, but did not play","On matchday squad, but did not play","On matchday squad, but did not play","On matchday squad, but did not play","On matchday squad, but did not play","On matchday squad, but did not play","On matchday squad, but did not play","On matchday squad, but did not play","On matchday squad, but did not play","On matchday squad, but did not play","On matchday squad, but did not play","On matchday squad, but did not play","On matchday squad, but did not play","On matchday squad, but did not play","On matchday squad, but did not play","On matchday squad, but did not play","On matchday squad, but did not play",Match Report,"On matchday squad, but did not play","On matchday squad, but did not play","On matchday squad, but did not play","On matchday squad, but did not play","On matchday squad, but did not play","On matchday squad, but did not play","On matchday squad, but did not play","On matchday squad, but did not play","On matchday squad, but did not play","On matchday squad, but did not play","On matchday squad, but did not play","On matchday squad, but did not play","On matchday squad, but did not play","On matchday squad, but did not play","On matchday squad, but did not play","On matchday squad, but did not play","On matchday squad, but did not play","On matchday squad, but did not play","On matchday squad, but did not play","On matchday squad, but did not play","On matchday squad, but did not play","On matchday squad, but did not play","On matchday squad, but did not play","On matchday squad, but did not play","On matchday squad, but did not play","On matchday squad, but did not play","On matchday squad, but did not play","On matchday squad, but did not play","On matchday squad, but did not play","On matchday squad, but did not play","On matchday squad, but did not play","On matchday squad, but did not play","On matchday squad, but did not play","On matchday squad, but did not play","On matchday squad, but did not play","On matchday squad, but did not play","On matchday squad, but did not play","On matchday squad, but did not play","On matchday squad, but did not play","On matchday squad, but did not play","On matchday squad, but did not play","On matchday squad, but did not play","On matchday squad, but did not play","On matchday squad, but did not play","On matchday squad, but did not play","On matchday squad, but did not play","On matchday squad, but did not play","On matchday squad, but did not play","On matchday squad, but did not play","On matchday squad, but did not play","On matchday squad, but did not play","On matchday squad, but did not play","On matchday squad, but did not play","On matchday squad, but did not play","On matchday squad, but did not play","On matchday squad, but did not play","On matchday squad, but did not play","On matchday squad, but did not play","On matchday squad, but did not play","On matchday squad, but did not play","On matchday squad, but did not play","On matchday squad, but did not play","On matchday squad, but did not play","On matchday squad, but did not play","On matchday squad, but did not play","On matchday squad, but did not play","On matchday squad, but did not play","On matchday squad, but did not play","On matchday squad, but did not play","On matchday squad, but did not play","On matchday squad, but did not play","On matchday squad, but did not play","On matchday squad, but did not play","On matchday squad, but did not play","On matchday squad, but did not play","On matchday squad, but did not play","On matchday squad, but did not play","On matchday squad, but did not play","On matchday squad, but did not play","On matchday squad, but did not play","On matchday squad, but did not play","On matchday squad, but did not play","On matchday squad, but did not play","On matchday squad, but did not play","On matchday squad, but did not play","On matchday squad, but did not play","On matchday squad, but did not play","On matchday squad, but did not play","On matchday squad, but did not play",Aston Villa,Kosta-Nedeljkovic,c70be9cf
2025-01-15,Wed,Matchweek 21,Away,W 1–0,Aston Villa,Everton,N,"On matchday squad, but did not play","On matchday squad, but did not play","On matchday squad, but did not play","On matchday squad, but did not play","On matchday squad, but did not play","On matchday squad, but did not play","On matchday squad, but did not play","On matchday squad, but did not play","On matchday squad, but did not play","On matchday squad, but did not play","On matchday squad, but did not play","On matchday squad, but did not play","On matchday squad, but did not play","On matchday squad, but did not play","On matchday squad, but did not play","On matchday squad, but did not play","On matchday squad, but did not play","On matchday squad, but did not play","On matchday squad, but did not play","On matchday squad, but did not play","On matchday squad, but did not play","On matchday squad, but did not play","On matchday squad, but did not play","On matchday squad, but did not play","On matchday squad, but did not play","On matchday squad, but did not play","On matchday squad, but did not play",Match Report,"On matchday squad, but did not play","On matchday squad, but did not play","On matchday squad, but did not play","On matchday squad, but did not play","On matchday squad, but did not play","On matchday squad, but did not play","On matchday squad, but did not play","On matchday squad, but did not play","On matchday squad, but did not play","On matchday squad, but did not play","On matchday squad, but did not play","On matchday squad, but did not play","On matchday squad, but did not play","On matchday squad, but did not play","On matchday squad, but did not play","On matchday squad, but did not play","On matchday squad, but did not play","On matchday squad, but did not play","On matchday squad, but did not play","On matchday squad, but did not play","On matchday squad, but did not play","On matchday squad, but did not play","On matchday squad, but did not play","On matchday squad, but did not play","On matchday squad, but did not play","On matchday squad, but did not play","On matchday squad, but did not play","On matchday squad, but did not play","On matchday squad, but did not play","On matchday squad, but did not play","On matchday squad, but did not play","On matchday squad, but did not play","On matchday squad, but did not play","On matchday squad, but did not play","On matchday squad, but did not play","On matchday squad, but did not play","On matchday squad, but did not play","On matchday squad, but did not play","On matchday squad, but did not play","On matchday squad, but did not play","On matchday squad, but did not play","On matchday squad, but did not play","On matchday squad, but did not play","On matchday squad, but did not play","On matchday squad, but did not play","On matchday squad, but did not play","On matchday squad, but did not play","On matchday squad, but did not play","On matchday squad, but did not play","On matchday squad, but did not play","On matchday squad, but did not play","On matchday squad, but did not play","On matchday squad, but did not play","On matchday squad, but did not play","On matchday squad, but did not play","On matchday squad, but did not play","On matchday squad, but did not play","On matchday squad, but did not play","On matchday squad, but did not play","On matchday squad, but did not play","On matchday squad, but did not play","On matchday squad, but did not play","On matchday squad, but did not play","On matchday squad, but did not play","On matchday squad, but did not play","On matchday squad, but did not play","On matchday squad, but did not play","On matchday squad, but did not play","On matchday squad, but did not play","On matchday squad, but did not play","On matchday squad, but did not play","On matchday squad, but did not play","On matchday squad, but did not play","On matchday squad, but did not play","On matchday squad, but did not play","On matchday squad, but did not play","On matchday squad, but did not play","On matchday squad, but did not play","On matchday squad, but did not play","On matchday squad, but did not play","On matchday squad, but did not play","On matchday squad, but did not play","On matchday squad, but did not play","On matchday squad, but did not play","On matchday squad, but did not play","On matchday squad, but did not play","On matchday squad, but did not play","On matchday squad, but did not play","On matchday squad, but did not play",Aston Villa,Kosta-Nedeljkovic,c70be9cf
2025-01-18,Sat,Matchweek 22,Away,D 2–2,Aston Villa,Arsenal,N,"On matchday squad, but did not play","On matchday squad, but did not play","On matchday squad, but did not play","On matchday squad, but did not play","On matchday squad, but did not play","On matchday squad, but did not play","On matchday squad, but did not play","On matchday squad, but did not play","On matchday squad, but did not play","On matchday squad, but did not play","On matchday squad, but did not play","On matchday squad, but did not play","On matchday squad, but did not play","On matchday squad, but did not play","On matchday squad, but did not play","On matchday squad, but did not play","On matchday squad, but did not play","On matchday squad, but did not play","On matchday squad, but did not play","On matchday squad, but did not play","On matchday squad, but did not play","On matchday squad, but did not play","On matchday squad, but did not play","On matchday squad, but did not play","On matchday squad, but did not play","On matchday squad, but did not play","On matchday squad, but did not play",Match Report,"On matchday squad, but did not play","On matchday squad, but did not play","On matchday squad, but did not play","On matchday squad, but did not play","On matchday squad, but did not play","On matchday squad, but did not play","On matchday squad, but did not play","On matchday squad, but did not play","On matchday squad, but did not play","On matchday squad, but did not play","On matchday squad, but did not play","On matchday squad, but did not play","On matchday squad, but did not play","On matchday squad, but did not play","On matchday squad, but did not play","On matchday squad, but did not play","On matchday squad, but did not play","On matchday squad, but did not play","On matchday squad, but did not play","On matchday squad, but did not play","On matchday squad, but did not play","On matchday squad, but did not play","On matchday squad, but did not play","On matchday squad, but did not play","On matchday squad, but did not play","On matchday squad, but did not play","On matchday squad, but did not play","On matchday squad, but did not play","On matchday squad, but did not play","On matchday squad, but did not play","On matchday squad, but did not play","On matchday squad, but did not play","On matchday squad, but did not play","On matchday squad, but did not play","On matchday squad, but did not play","On matchday squad, but did not play","On matchday squad, but did not play","On matchday squad, but did not play","On matchday squad, but did not play","On matchday squad, but did not play","On matchday squad, but did not play","On matchday squad, but did not play","On matchday squad, but did not play","On matchday squad, but did not play","On matchday squad, but did not play","On matchday squad, but did not play","On matchday squad, but did not play","On matchday squad, but did not play","On matchday squad, but did not play","On matchday squad, but did not play","On matchday squad, but did not play","On matchday squad, but did not play","On matchday squad, but did not play","On matchday squad, but did not play","On matchday squad, but did not play","On matchday squad, but did not play","On matchday squad, but did not play","On matchday squad, but did not play","On matchday squad, but did not play","On matchday squad, but did not play","On matchday squad, but did not play","On matchday squad, but did not play","On matchday squad, but did not play","On matchday squad, but did not play","On matchday squad, but did not play","On matchday squad, but did not play","On matchday squad, but did not play","On matchday squad, but did not play","On matchday squad, but did not play","On matchday squad, but did not play","On matchday squad, but did not play","On matchday squad, but did not play","On matchday squad, but did not play","On matchday squad, but did not play","On matchday squad, but did not play","On matchday squad, but did not play","On matchday squad, but did not play","On matchday squad, but did not play","On matchday squad, but did not play","On matchday squad, but did not play","On matchday squad, but did not play","On matchday squad, but did not play","On matchday squad, but did not play","On matchday squad, but did not play","On matchday squad, but did not play","On matchday squad, but did not play","On matchday squad, but did not play","On matchday squad, but did not play","On matchday squad, but did not play",Aston Villa,Kosta-Nedeljkovic,c70be9cf
2025-02-01,Sat,Matchweek 24,Away,L 0–2,Aston Villa,Wolves,N,RB,8,0,0,0,0,0,0,0,0,11,0,0,0,0.0,0.0,0.0,0,0,11,11,100.0,3,5,0,0,0,Match Report,11,11,100.0,175,51,6,6,100.0,5,5,100.0,0,0,,0,0.0,0.0,0,1,0,0,3,11,8,3,0,0,0,0,3,0,0,0,0,11,0,0,0,0,0,0,0,0,0,0,0,0,0,0,0,0,11,0,2,6,3,0,11,0,0,,0,,5,16,5,0,0,0,0,0,6,0,0,0,0,0,0,0,0,,0,0,0,0,0,0,0,0,Aston Villa,Kosta-Nedeljkovic,c70be9cf
2024-08-17,Sat,Matchweek 1,Away,W 2–1,Aston Villa,West Ham,N,"On matchday squad, but did not play","On matchday squad, but did not play","On matchday squad, but did not play","On matchday squad, but did not play","On matchday squad, but did not play","On matchday squad, but did not play","On matchday squad, but did not play","On matchday squad, but did not play","On matchday squad, but did not play","On matchday squad, but did not play","On matchday squad, but did not play","On matchday squad, but did not play","On matchday squad, but did not play","On matchday squad, but did not play","On matchday squad, but did not play","On matchday squad, but did not play","On matchday squad, but did not play","On matchday squad, but did not play","On matchday squad, but did not play","On matchday squad, but did not play","On matchday squad, but did not play","On matchday squad, but did not play","On matchday squad, but did not play","On matchday squad, but did not play","On matchday squad, but did not play","On matchday squad, but did not play","On matchday squad, but did not play",Match Report,"On matchday squad, but did not play","On matchday squad, but did not play","On matchday squad, but did not play","On matchday squad, but did not play","On matchday squad, but did not play","On matchday squad, but did not play","On matchday squad, but did not play","On matchday squad, but did not play","On matchday squad, but did not play","On matchday squad, but did not play","On matchday squad, but did not play","On matchday squad, but did not play","On matchday squad, but did not play","On matchday squad, but did not play","On matchday squad, but did not play","On matchday squad, but did not play","On matchday squad, but did not play","On matchday squad, but did not play","On matchday squad, but did not play","On matchday squad, but did not play","On matchday squad, but did not play","On matchday squad, but did not play","On matchday squad, but did not play","On matchday squad, but did not play","On matchday squad, but did not play","On matchday squad, but did not play","On matchday squad, but did not play","On matchday squad, but did not play","On matchday squad, but did not play","On matchday squad, but did not play","On matchday squad, but did not play","On matchday squad, but did not play","On matchday squad, but did not play","On matchday squad, but did not play","On matchday squad, but did not play","On matchday squad, but did not play","On matchday squad, but did not play","On matchday squad, but did not play","On matchday squad, but did not play","On matchday squad, but did not play","On matchday squad, but did not play","On matchday squad, but did not play","On matchday squad, but did not play","On matchday squad, but did not play","On matchday squad, but did not play","On matchday squad, but did not play","On matchday squad, but did not play","On matchday squad, but did not play","On matchday squad, but did not play","On matchday squad, but did not play","On matchday squad, but did not play","On matchday squad, but did not play","On matchday squad, but did not play","On matchday squad, but did not play","On matchday squad, but did not play","On matchday squad, but did not play","On matchday squad, but did not play","On matchday squad, but did not play","On matchday squad, but did not play","On matchday squad, but did not play","On matchday squad, but did not play","On matchday squad, but did not play","On matchday squad, but did not play","On matchday squad, but did not play","On matchday squad, but did not play","On matchday squad, but did not play","On matchday squad, but did not play","On matchday squad, but did not play","On matchday squad, but did not play","On matchday squad, but did not play","On matchday squad, but did not play","On matchday squad, but did not play","On matchday squad, but did not play","On matchday squad, but did not play","On matchday squad, but did not play","On matchday squad, but did not play","On matchday squad, but did not play","On matchday squad, but did not play","On matchday squad, but did not play","On matchday squad, but did not play","On matchday squad, but did not play","On matchday squad, but did not play","On matchday squad, but did not play","On matchday squad, but did not play","On matchday squad, but did not play","On matchday squad, but did not play","On matchday squad, but did not play","On matchday squad, but did not play","On matchday squad, but did not play",Aston Villa,Emi-Buendia,66b76d44
2024-08-24,Sat,Matchweek 2,Home,L 0–2,Aston Villa,Arsenal,N,"On matchday squad, but did not play","On matchday squad, but did not play","On matchday squad, but did not play","On matchday squad, but did not play","On matchday squad, but did not play","On matchday squad, but did not play","On matchday squad, but did not play","On matchday squad, but did not play","On matchday squad, but did not play","On matchday squad, but did not play","On matchday squad, but did not play","On matchday squad, but did not play","On matchday squad, but did not play","On matchday squad, but did not play","On matchday squad, but did not play","On matchday squad, but did not play","On matchday squad, but did not play","On matchday squad, but did not play","On matchday squad, but did not play","On matchday squad, but did not play","On matchday squad, but did not play","On matchday squad, but did not play","On matchday squad, but did not play","On matchday squad, but did not play","On matchday squad, but did not play","On matchday squad, but did not play","On matchday squad, but did not play",Match Report,"On matchday squad, but did not play","On matchday squad, but did not play","On matchday squad, but did not play","On matchday squad, but did not play","On matchday squad, but did not play","On matchday squad, but did not play","On matchday squad, but did not play","On matchday squad, but did not play","On matchday squad, but did not play","On matchday squad, but did not play","On matchday squad, but did not play","On matchday squad, but did not play","On matchday squad, but did not play","On matchday squad, but did not play","On matchday squad, but did not play","On matchday squad, but did not play","On matchday squad, but did not play","On matchday squad, but did not play","On matchday squad, but did not play","On matchday squad, but did not play","On matchday squad, but did not play","On matchday squad, but did not play","On matchday squad, but did not play","On matchday squad, but did not play","On matchday squad, but did not play","On matchday squad, but did not play","On matchday squad, but did not play","On matchday squad, but did not play","On matchday squad, but did not play","On matchday squad, but did not play","On matchday squad, but did not play","On matchday squad, but did not play","On matchday squad, but did not play","On matchday squad, but did not play","On matchday squad, but did not play","On matchday squad, but did not play","On matchday squad, but did not play","On matchday squad, but did not play","On matchday squad, but did not play","On matchday squad, but did not play","On matchday squad, but did not play","On matchday squad, but did not play","On matchday squad, but did not play","On matchday squad, but did not play","On matchday squad, but did not play","On matchday squad, but did not play","On matchday squad, but did not play","On matchday squad, but did not play","On matchday squad, but did not play","On matchday squad, but did not play","On matchday squad, but did not play","On matchday squad, but did not play","On matchday squad, but did not play","On matchday squad, but did not play","On matchday squad, but did not play","On matchday squad, but did not play","On matchday squad, but did not play","On matchday squad, but did not play","On matchday squad, but did not play","On matchday squad, but did not play","On matchday squad, but did not play","On matchday squad, but did not play","On matchday squad, but did not play","On matchday squad, but did not play","On matchday squad, but did not play","On matchday squad, but did not play","On matchday squad, but did not play","On matchday squad, but did not play","On matchday squad, but did not play","On matchday squad, but did not play","On matchday squad, but did not play","On matchday squad, but did not play","On matchday squad, but did not play","On matchday squad, but did not play","On matchday squad, but did not play","On matchday squad, but did not play","On matchday squad, but did not play","On matchday squad, but did not play","On matchday squad, but did not play","On matchday squad, but did not play","On matchday squad, but did not play","On matchday squad, but did not play","On matchday squad, but did not play","On matchday squad, but did not play","On matchday squad, but did not play","On matchday squad, but did not play","On matchday squad, but did not play","On matchday squad, but did not play","On matchday squad, but did not play",Aston Villa,Emi-Buendia,66b76d44
2024-08-31,Sat,Matchweek 3,Away,W 2–1,Aston Villa,Leicester City,N,"On matchday squad, but did not play","On matchday squad, but did not play","On matchday squad, but did not play","On matchday squad, but did not play","On matchday squad, but did not play","On matchday squad, but did not play","On matchday squad, but did not play","On matchday squad, but did not play","On matchday squad, but did not play","On matchday squad, but did not play","On matchday squad, but did not play","On matchday squad, but did not play","On matchday squad, but did not play","On matchday squad, but did not play","On matchday squad, but did not play","On matchday squad, but did not play","On matchday squad, but did not play","On matchday squad, but did not play","On matchday squad, but did not play","On matchday squad, but did not play","On matchday squad, but did not play","On matchday squad, but did not play","On matchday squad, but did not play","On matchday squad, but did not play","On matchday squad, but did not play","On matchday squad, but did not play","On matchday squad, but did not play",Match Report,"On matchday squad, but did not play","On matchday squad, but did not play","On matchday squad, but did not play","On matchday squad, but did not play","On matchday squad, but did not play","On matchday squad, but did not play","On matchday squad, but did not play","On matchday squad, but did not play","On matchday squad, but did not play","On matchday squad, but did not play","On matchday squad, but did not play","On matchday squad, but did not play","On matchday squad, but did not play","On matchday squad, but did not play","On matchday squad, but did not play","On matchday squad, but did not play","On matchday squad, but did not play","On matchday squad, but did not play","On matchday squad, but did not play","On matchday squad, but did not play","On matchday squad, but did not play","On matchday squad, but did not play","On matchday squad, but did not play","On matchday squad, but did not play","On matchday squad, but did not play","On matchday squad, but did not play","On matchday squad, but did not play","On matchday squad, but did not play","On matchday squad, but did not play","On matchday squad, but did not play","On matchday squad, but did not play","On matchday squad, but did not play","On matchday squad, but did not play","On matchday squad, but did not play","On matchday squad, but did not play","On matchday squad, but did not play","On matchday squad, but did not play","On matchday squad, but did not play","On matchday squad, but did not play","On matchday squad, but did not play","On matchday squad, but did not play","On matchday squad, but did not play","On matchday squad, but did not play","On matchday squad, but did not play","On matchday squad, but did not play","On matchday squad, but did not play","On matchday squad, but did not play","On matchday squad, but did not play","On matchday squad, but did not play","On matchday squad, but did not play","On matchday squad, but did not play","On matchday squad, but did not play","On matchday squad, but did not play","On matchday squad, but did not play","On matchday squad, but did not play","On matchday squad, but did not play","On matchday squad, but did not play","On matchday squad, but did not play","On matchday squad, but did not play","On matchday squad, but did not play","On matchday squad, but did not play","On matchday squad, but did not play","On matchday squad, but did not play","On matchday squad, but did not play","On matchday squad, but did not play","On matchday squad, but did not play","On matchday squad, but did not play","On matchday squad, but did not play","On matchday squad, but did not play","On matchday squad, but did not play","On matchday squad, but did not play","On matchday squad, but did not play","On matchday squad, but did not play","On matchday squad, but did not play","On matchday squad, but did not play","On matchday squad, but did not play","On matchday squad, but did not play","On matchday squad, but did not play","On matchday squad, but did not play","On matchday squad, but did not play","On matchday squad, but did not play","On matchday squad, but did not play","On matchday squad, but did not play","On matchday squad, but did not play","On matchday squad, but did not play","On matchday squad, but did not play","On matchday squad, but did not play","On matchday squad, but did not play","On matchday squad, but did not play",Aston Villa,Emi-Buendia,66b76d44
2024-09-14,Sat,Matchweek 4,Home,W 3–2,Aston Villa,Everton,N,AM,7,0,0,0,0,0,0,0,0,4,0,0,1,0.0,0.0,0.0,0,0,4,4,100.0,1,2,0,0,0,Match Report,4,4,100.0,42,23,4,4,100.0,0,0,,0,0,,0,0.0,0.0,0,1,0,0,1,4,4,0,0,0,0,0,0,0,0,0,0,4,0,0,0,0,0,0,0,0,0,0,0,0,0,0,0,0,4,0,0,4,1,0,4,0,0,,0,,2,1,0,0,0,0,0,0,3,1,0,0,0,0,0,0,1,0.0,1,1,0,1,0,0,0,0,Aston Villa,Emi-Buendia,66b76d44
2024-09-21,Sat,Matchweek 5,Home,W 3–1,Aston Villa,Wolves,N,FW,1,0,0,0,0,0,0,0,0,4,0,0,0,0.0,0.0,0.0,0,0,4,4,100.0,0,5,0,0,0,Match Report,4,4,100.0,36,2,4,4,100.0,0,0,,0,0,,0,0.0,0.0,0,1,0,0,0,4,4,0,0,0,0,0,0,0,0,0,0,4,0,0,0,0,0,0,0,0,0,0,0,0,0,0,0,0,4,0,0,3,1,0,4,0,0,,0,,5,7,5,0,0,0,0,1,5,1,0,0,0,0,0,0,0,,0,0,0,0,0,0,0,0,Aston Villa,Emi-Buendia,66b76d44
2024-09-29,Sun,Matchweek 6,Away,D 2–2,Aston Villa,Ipswich Town,N,AM,7,0,0,0,0,1,0,0,0,8,1,0,1,0.1,0.1,0.0,0,0,4,5,80.0,1,5,2,0,0,Match Report,4,5,80.0,32,7,3,3,100.0,0,1,0.0,0,0,,0,0.0,0.0,0,0,0,0,1,5,5,0,0,1,0,0,0,0,0,0,0,4,0,0,0,0,0,0,0,0,0,0,0,0,0,0,0,0,8,0,1,2,5,0,8,0,0,,0,,5,29,28,2,2,0,1,0,5,2,1,1,1,0,0,0,0,,0,1,0,1,0,1,0,0,Aston Villa,Emi-Buendia,66b76d44
2024-10-06,Sun,Matchweek 7,Home,D 0–0,Aston Villa,Manchester Utd,N,"On matchday squad, but did not play","On matchday squad, but did not play","On matchday squad, but did not play","On matchday squad, but did not play","On matchday squad, but did not play","On matchday squad, but did not play","On matchday squad, but did not play","On matchday squad, but did not play","On matchday squad, but did not play","On matchday squad, but did not play","On matchday squad, but did not play","On matchday squad, but did not play","On matchday squad, but did not play","On matchday squad, but did not play","On matchday squad, but did not play","On matchday squad, but did not play","On matchday squad, but did not play","On matchday squad, but did not play","On matchday squad, but did not play","On matchday squad, but did not play","On matchday squad, but did not play","On matchday squad, but did not play","On matchday squad, but did not play","On matchday squad, but did not play","On matchday squad, but did not play","On matchday squad, but did not play","On matchday squad, but did not play",Match Report,"On matchday squad, but did not play","On matchday squad, but did not play","On matchday squad, but did not play","On matchday squad, but did not play","On matchday squad, but did not play","On matchday squad, but did not play","On matchday squad, but did not play","On matchday squad, but did not play","On matchday squad, but did not play","On matchday squad, but did not play","On matchday squad, but did not play","On matchday squad, but did not play","On matchday squad, but did not play","On matchday squad, but did not play","On matchday squad, but did not play","On matchday squad, but did not play","On matchday squad, but did not play","On matchday squad, but did not play","On matchday squad, but did not play","On matchday squad, but did not play","On matchday squad, but did not play","On matchday squad, but did not play","On matchday squad, but did not play","On matchday squad, but did not play","On matchday squad, but did not play","On matchday squad, but did not play","On matchday squad, but did not play","On matchday squad, but did not play","On matchday squad, but did not play","On matchday squad, but did not play","On matchday squad, but did not play","On matchday squad, but did not play","On matchday squad, but did not play","On matchday squad, but did not play","On matchday squad, but did not play","On matchday squad, but did not play","On matchday squad, but did not play","On matchday squad, but did not play","On matchday squad, but did not play","On matchday squad, but did not play","On matchday squad, but did not play","On matchday squad, but did not play","On matchday squad, but did not play","On matchday squad, but did not play","On matchday squad, but did not play","On matchday squad, but did not play","On matchday squad, but did not play","On matchday squad, but did not play","On matchday squad, but did not play","On matchday squad, but did not play","On matchday squad, but did not play","On matchday squad, but did not play","On matchday squad, but did not play","On matchday squad, but did not play","On matchday squad, but did not play","On matchday squad, but did not play","On matchday squad, but did not play","On matchday squad, but did not play","On matchday squad, but did not play","On matchday squad, but did not play","On matchday squad, but did not play","On matchday squad, but did not play","On matchday squad, but did not play","On matchday squad, but did not play","On matchday squad, but did not play","On matchday squad, but did not play","On matchday squad, but did not play","On matchday squad, but did not play","On matchday squad, but did not play","On matchday squad, but did not play","On matchday squad, but did not play","On matchday squad, but did not play","On matchday squad, but did not play","On matchday squad, but did not play","On matchday squad, but did not play","On matchday squad, but did not play","On matchday squad, but did not play","On matchday squad, but did not play","On matchday squad, but did not play","On matchday squad, but did not play","On matchday squad, but did not play","On matchday squad, but did not play","On matchday squad, but did not play","On matchday squad, but did not play","On matchday squad, but did not play","On matchday squad, but did not play","On matchday squad, but did not play","On matchday squad, but did not play","On matchday squad, but did not play",Aston Villa,Emi-Buendia,66b76d44
2024-10-19,Sat,Matchweek 8,Away,W 3–1,Aston Villa,Fulham,N,"AM,RW",8,0,0,0,0,0,0,0,0,9,1,0,0,0.0,0.0,0.0,1,0,7,8,87.5,1,8,0,0,0,Match Report,7,8,87.5,130,45,4,5,80.0,2,2,100.0,1,1,100.0,0,0.0,0.0,0,1,0,0,1,8,8,0,0,0,0,0,0,0,0,0,0,7,0,0,1,1,0,0,0,0,0,0,0,0,0,0,0,0,9,0,1,6,2,0,9,0,0,,0,,8,31,15,0,1,0,0,0,9,0,1,1,0,1,0,0,1,0.0,1,0,0,0,0,1,0,0,Aston Villa,Emi-Buendia,66b76d44
2024-10-26,Sat,Matchweek 9,Home,D 1–1,Aston Villa,Bournemouth,N,"On matchday squad, but did not play","On matchday squad, but did not play","On matchday squad, but did not play","On matchday squad, but did not play","On matchday squad, but did not play","On matchday squad, but did not play","On matchday squad, but did not play","On matchday squad, but did not play","On matchday squad, but did not play","On matchday squad, but did not play","On matchday squad, but did not play","On matchday squad, but did not play","On matchday squad, but did not play","On matchday squad, but did not play","On matchday squad, but did not play","On matchday squad, but did not play","On matchday squad, but did not play","On matchday squad, but did not play","On matchday squad, but did not play","On matchday squad, but did not play","On matchday squad, but did not play","On matchday squad, but did not play","On matchday squad, but did not play","On matchday squad, but did not play","On matchday squad, but did not play","On matchday squad, but did not play","On matchday squad, but did not play",Match Report,"On matchday squad, but did not play","On matchday squad, but did not play","On matchday squad, but did not play","On matchday squad, but did not play","On matchday squad, but did not play","On matchday squad, but did not play","On matchday squad, but did not play","On matchday squad, but did not play","On matchday squad, but did not play","On matchday squad, but did not play","On matchday squad, but did not play","On matchday squad, but did not play","On matchday squad, but did not play","On matchday squad, but did not play","On matchday squad, but did not play","On matchday squad, but did not play","On matchday squad, but did not play","On matchday squad, but did not play","On matchday squad, but did not play","On matchday squad, but did not play","On matchday squad, but did not play","On matchday squad, but did not play","On matchday squad, but did not play","On matchday squad, but did not play","On matchday squad, but did not play","On matchday squad, but did not play","On matchday squad, but did not play","On matchday squad, but did not play","On matchday squad, but did not play","On matchday squad, but did not play","On matchday squad, but did not play","On matchday squad, but did not play","On matchday squad, but did not play","On matchday squad, but did not play","On matchday squad, but did not play","On matchday squad, but did not play","On matchday squad, but did not play","On matchday squad, but did not play","On matchday squad, but did not play","On matchday squad, but did not play","On matchday squad, but did not play","On matchday squad, but did not play","On matchday squad, but did not play","On matchday squad, but did not play","On matchday squad, but did not play","On matchday squad, but did not play","On matchday squad, but did not play","On matchday squad, but did not play","On matchday squad, but did not play","On matchday squad, but did not play","On matchday squad, but did not play","On matchday squad, but did not play","On matchday squad, but did not play","On matchday squad, but did not play","On matchday squad, but did not play","On matchday squad, but did not play","On matchday squad, but did not play","On matchday squad, but did not play","On matchday squad, but did not play","On matchday squad, but did not play","On matchday squad, but did not play","On matchday squad, but did not play","On matchday squad, but did not play","On matchday squad, but did not play","On matchday squad, but did not play","On matchday squad, but did not play","On matchday squad, but did not play","On matchday squad, but did not play","On matchday squad, but did not play","On matchday squad, but did not play","On matchday squad, but did not play","On matchday squad, but did not play","On matchday squad, but did not play","On matchday squad, but did not play","On matchday squad, but did not play","On matchday squad, but did not play","On matchday squad, but did not play","On matchday squad, but did not play","On matchday squad, but did not play","On matchday squad, but did not play","On matchday squad, but did not play","On matchday squad, but did not play","On matchday squad, but did not play","On matchday squad, but did not play","On matchday squad, but did not play","On matchday squad, but did not play","On matchday squad, but did not play","On matchday squad, but did not play","On matchday squad, but did not play",Aston Villa,Emi-Buendia,66b76d44
2024-11-03,Sun,Matchweek 10,Away,L 1–4,Aston Villa,Tottenham,N,"On matchday squad, but did not play","On matchday squad, but did not play","On matchday squad, but did not play","On matchday squad, but did not play","On matchday squad, but did not play","On matchday squad, but did not play","On matchday squad, but did not play","On matchday squad, but did not play","On matchday squad, but did not play","On matchday squad, but did not play","On matchday squad, but did not play","On matchday squad, but did not play","On matchday squad, but did not play","On matchday squad, but did not play","On matchday squad, but did not play","On matchday squad, but did not play","On matchday squad, but did not play","On matchday squad, but did not play","On matchday squad, but did not play","On matchday squad, but did not play","On matchday squad, but did not play","On matchday squad, but did not play","On matchday squad, but did not play","On matchday squad, but did not play","On matchday squad, but did not play","On matchday squad, but did not play","On matchday squad, but did not play",Match Report,"On matchday squad, but did not play","On matchday squad, but did not play","On matchday squad, but did not play","On matchday squad, but did not play","On matchday squad, but did not play","On matchday squad, but did not play","On matchday squad, but did not play","On matchday squad, but did not play","On matchday squad, but did not play","On matchday squad, but did not play","On matchday squad, but did not play","On matchday squad, but did not play","On matchday squad, but did not play","On matchday squad, but did not play","On matchday squad, but did not play","On matchday squad, but did not play","On matchday squad, but did not play","On matchday squad, but did not play","On matchday squad, but did not play","On matchday squad, but did not play","On matchday squad, but did not play","On matchday squad, but did not play","On matchday squad, but did not play","On matchday squad, but did not play","On matchday squad, but did not play","On matchday squad, but did not play","On matchday squad, but did not play","On matchday squad, but did not play","On matchday squad, but did not play","On matchday squad, but did not play","On matchday squad, but did not play","On matchday squad, but did not play","On matchday squad, but did not play","On matchday squad, but did not play","On matchday squad, but did not play","On matchday squad, but did not play","On matchday squad, but did not play","On matchday squad, but did not play","On matchday squad, but did not play","On matchday squad, but did not play","On matchday squad, but did not play","On matchday squad, but did not play","On matchday squad, but did not play","On matchday squad, but did not play","On matchday squad, but did not play","On matchday squad, but did not play","On matchday squad, but did not play","On matchday squad, but did not play","On matchday squad, but did not play","On matchday squad, but did not play","On matchday squad, but did not play","On matchday squad, but did not play","On matchday squad, but did not play","On matchday squad, but did not play","On matchday squad, but did not play","On matchday squad, but did not play","On matchday squad, but did not play","On matchday squad, but did not play","On matchday squad, but did not play","On matchday squad, but did not play","On matchday squad, but did not play","On matchday squad, but did not play","On matchday squad, but did not play","On matchday squad, but did not play","On matchday squad, but did not play","On matchday squad, but did not play","On matchday squad, but did not play","On matchday squad, but did not play","On matchday squad, but did not play","On matchday squad, but did not play","On matchday squad, but did not play","On matchday squad, but did not play","On matchday squad, but did not play","On matchday squad, but did not play","On matchday squad, but did not play","On matchday squad, but did not play","On matchday squad, but did not play","On matchday squad, but did not play","On matchday squad, but did not play","On matchday squad, but did not play","On matchday squad, but did not play","On matchday squad, but did not play","On matchday squad, but did not play","On matchday squad, but did not play","On matchday squad, but did not play","On matchday squad, but did not play","On matchday squad, but did not play","On matchday squad, but did not play","On matchday squad, but did not play",Aston Villa,Emi-Buendia,66b76d44
2024-11-09,Sat,Matchweek 11,Away,L 0–2,Aston Villa,Liverpool,N,"On matchday squad, but did not play","On matchday squad, but did not play","On matchday squad, but did not play","On matchday squad, but did not play","On matchday squad, but did not play","On matchday squad, but did not play","On matchday squad, but did not play","On matchday squad, but did not play","On matchday squad, but did not play","On matchday squad, but did not play","On matchday squad, but did not play","On matchday squad, but did not play","On matchday squad, but did not play","On matchday squad, but did not play","On matchday squad, but did not play","On matchday squad, but did not play","On matchday squad, but did not play","On matchday squad, but did not play","On matchday squad, but did not play","On matchday squad, but did not play","On matchday squad, but did not play","On matchday squad, but did not play","On matchday squad, but did not play","On matchday squad, but did not play","On matchday squad, but did not play","On matchday squad, but did not play","On matchday squad, but did not play",Match Report,"On matchday squad, but did not play","On matchday squad, but did not play","On matchday squad, but did not play","On matchday squad, but did not play","On matchday squad, but did not play","On matchday squad, but did not play","On matchday squad, but did not play","On matchday squad, but did not play","On matchday squad, but did not play","On matchday squad, but did not play","On matchday squad, but did not play","On matchday squad, but did not play","On matchday squad, but did not play","On matchday squad, but did not play","On matchday squad, but did not play","On matchday squad, but did not play","On matchday squad, but did not play","On matchday squad, but did not play","On matchday squad, but did not play","On matchday squad, but did not play","On matchday squad, but did not play","On matchday squad, but did not play","On matchday squad, but did not play","On matchday squad, but did not play","On matchday squad, but did not play","On matchday squad, but did not play","On matchday squad, but did not play","On matchday squad, but did not play","On matchday squad, but did not play","On matchday squad, but did not play","On matchday squad, but did not play","On matchday squad, but did not play","On matchday squad, but did not play","On matchday squad, but did not play","On matchday squad, but did not play","On matchday squad, but did not play","On matchday squad, but did not play","On matchday squad, but did not play","On matchday squad, but did not play","On matchday squad, but did not play","On matchday squad, but did not play","On matchday squad, but did not play","On matchday squad, but did not play","On matchday squad, but did not play","On matchday squad, but did not play","On matchday squad, but did not play","On matchday squad, but did not play","On matchday squad, but did not play","On matchday squad, but did not play","On matchday squad, but did not play","On matchday squad, but did not play","On matchday squad, but did not play","On matchday squad, but did not play","On matchday squad, but did not play","On matchday squad, but did not play","On matchday squad, but did not play","On matchday squad, but did not play","On matchday squad, but did not play","On matchday squad, but did not play","On matchday squad, but did not play","On matchday squad, but did not play","On matchday squad, but did not play","On matchday squad, but did not play","On matchday squad, but did not play","On matchday squad, but did not play","On matchday squad, but did not play","On matchday squad, but did not play","On matchday squad, but did not play","On matchday squad, but did not play","On matchday squad, but did not play","On matchday squad, but did not play","On matchday squad, but did not play","On matchday squad, but did not play","On matchday squad, but did not play","On matchday squad, but did not play","On matchday squad, but did not play","On matchday squad, but did not play","On matchday squad, but did not play","On matchday squad, but did not play","On matchday squad, but did not play","On matchday squad, but did not play","On matchday squad, but did not play","On matchday squad, but did not play","On matchday squad, but did not play","On matchday squad, but did not play","On matchday squad, but did not play","On matchday squad, but did not play","On matchday squad, but did not play","On matchday squad, but did not play",Aston Villa,Emi-Buendia,66b76d44
2024-11-23,Sat,Matchweek 12,Home,D 2–2,Aston Villa,Crystal Palace,N,AM,9,0,0,0,0,0,0,1,0,12,0,0,2,0.0,0.0,0.0,1,0,5,8,62.5,1,4,0,0,0,Match Report,5,8,62.5,64,19,3,5,60.0,2,2,100.0,0,1,0.0,0,0.0,0.0,1,1,0,0,1,8,8,0,0,0,0,0,0,0,0,0,0,5,0,0,1,1,0,0,0,0,0,0,0,0,0,0,0,0,12,0,4,5,3,0,12,0,0,,0,,4,4,3,0,0,0,1,0,6,1,0,0,0,0,0,0,0,,0,2,0,2,0,0,1,0,Aston Villa,Emi-Buendia,66b76d44
2024-12-01,Sun,Matchweek 13,Away,L 0–3,Aston Villa,Chelsea,N,"LM,FW",7,0,0,0,0,0,0,0,0,4,1,0,0,0.0,0.0,0.0,0,0,3,3,100.0,0,3,0,0,0,Match Report,3,3,100.0,27,3,1,1,100.0,1,1,100.0,0,0,,0,0.0,0.0,0,0,0,0,0,3,2,1,1,0,0,0,0,0,0,0,0,3,0,0,0,0,0,0,0,0,0,0,0,0,0,0,0,0,4,0,1,2,1,0,4,0,0,,0,,3,14,9,0,0,0,0,0,3,0,1,1,1,0,0,0,0,,0,0,0,0,0,1,0,0,Aston Villa,Emi-Buendia,66b76d44
2024-12-04,Wed,Matchweek 14,Home,W 3–1,Aston Villa,Brentford,N,"AM,LW",4,0,0,0,0,0,0,0,0,7,0,0,0,0.0,0.0,0.0,0,0,4,6,66.7,1,5,0,0,0,Match Report,4,6,66.7,51,18,2,2,100.0,1,1,100.0,0,2,0.0,0,0.0,0.0,0,0,0,0,1,6,6,0,0,0,0,0,0,0,0,0,0,4,0,0,0,0,0,0,0,0,0,0,0,0,0,0,0,0,7,0,1,3,3,0,7,0,0,,0,,5,35,25,0,2,0,0,0,7,0,0,0,0,0,0,0,0,,0,0,0,0,0,0,0,0,Aston Villa,Emi-Buendia,66b76d44
2024-12-07,Sat,Matchweek 15,Home,W 1–0,Aston Villa,Southampton,N,"On matchday squad, but did not play","On matchday squad, but did not play","On matchday squad, but did not play","On matchday squad, but did not play","On matchday squad, but did not play","On matchday squad, but did not play","On matchday squad, but did not play","On matchday squad, but did not play","On matchday squad, but did not play","On matchday squad, but did not play","On matchday squad, but did not play","On matchday squad, but did not play","On matchday squad, but did not play","On matchday squad, but did not play","On matchday squad, but did not play","On matchday squad, but did not play","On matchday squad, but did not play","On matchday squad, but did not play","On matchday squad, but did not play","On matchday squad, but did not play","On matchday squad, but did not play","On matchday squad, but did not play","On matchday squad, but did not play","On matchday squad, but did not play","On matchday squad, but did not play","On matchday squad, but did not play","On matchday squad, but did not play",Match Report,"On matchday squad, but did not play","On matchday squad, but did not play","On matchday squad, but did not play","On matchday squad, but did not play","On matchday squad, but did not play","On matchday squad, but did not play","On matchday squad, but did not play","On matchday squad, but did not play","On matchday squad, but did not play","On matchday squad, but did not play","On matchday squad, but did not play","On matchday squad, but did not play","On matchday squad, but did not play","On matchday squad, but did not play","On matchday squad, but did not play","On matchday squad, but did not play","On matchday squad, but did not play","On matchday squad, but did not play","On matchday squad, but did not play","On matchday squad, but did not play","On matchday squad, but did not play","On matchday squad, but did not play","On matchday squad, but did not play","On matchday squad, but did not play","On matchday squad, but did not play","On matchday squad, but did not play","On matchday squad, but did not play","On matchday squad, but did not play","On matchday squad, but did not play","On matchday squad, but did not play","On matchday squad, but did not play","On matchday squad, but did not play","On matchday squad, but did not play","On matchday squad, but did not play","On matchday squad, but did not play","On matchday squad, but did not play","On matchday squad, but did not play","On matchday squad, but did not play","On matchday squad, but did not play","On matchday squad, but did not play","On matchday squad, but did not play","On matchday squad, but did not play","On matchday squad, but did not play","On matchday squad, but did not play","On matchday squad, but did not play","On matchday squad, but did not play","On matchday squad, but did not play","On matchday squad, but did not play","On matchday squad, but did not play","On matchday squad, but did not play","On matchday squad, but did not play","On matchday squad, but did not play","On matchday squad, but did not play","On matchday squad, but did not play","On matchday squad, but did not play","On matchday squad, but did not play","On matchday squad, but did not play","On matchday squad, but did not play","On matchday squad, but did not play","On matchday squad, but did not play","On matchday squad, but did not play","On matchday squad, but did not play","On matchday squad, but did not play","On matchday squad, but did not play","On matchday squad, but did not play","On matchday squad, but did not play","On matchday squad, but did not play","On matchday squad, but did not play","On matchday squad, but did not play","On matchday squad, but did not play","On matchday squad, but did not play","On matchday squad, but did not play","On matchday squad, but did not play","On matchday squad, but did not play","On matchday squad, but did not play","On matchday squad, but did not play","On matchday squad, but did not play","On matchday squad, but did not play","On matchday squad, but did not play","On matchday squad, but did not play","On matchday squad, but did not play","On matchday squad, but did not play","On matchday squad, but did not play","On matchday squad, but did not play","On matchday squad, but did not play","On matchday squad, but did not play","On matchday squad, but did not play","On matchday squad, but did not play","On matchday squad, but did not play",Aston Villa,Emi-Buendia,66b76d44
2024-12-14,Sat,Matchweek 16,Away,L 1–2,Aston Villa,Nott'ham Forest,N,"On matchday squad, but did not play","On matchday squad, but did not play","On matchday squad, but did not play","On matchday squad, but did not play","On matchday squad, but did not play","On matchday squad, but did not play","On matchday squad, but did not play","On matchday squad, but did not play","On matchday squad, but did not play","On matchday squad, but did not play","On matchday squad, but did not play","On matchday squad, but did not play","On matchday squad, but did not play","On matchday squad, but did not play","On matchday squad, but did not play","On matchday squad, but did not play","On matchday squad, but did not play","On matchday squad, but did not play","On matchday squad, but did not play","On matchday squad, but did not play","On matchday squad, but did not play","On matchday squad, but did not play","On matchday squad, but did not play","On matchday squad, but did not play","On matchday squad, but did not play","On matchday squad, but did not play","On matchday squad, but did not play",Match Report,"On matchday squad, but did not play","On matchday squad, but did not play","On matchday squad, but did not play","On matchday squad, but did not play","On matchday squad, but did not play","On matchday squad, but did not play","On matchday squad, but did not play","On matchday squad, but did not play","On matchday squad, but did not play","On matchday squad, but did not play","On matchday squad, but did not play","On matchday squad, but did not play","On matchday squad, but did not play","On matchday squad, but did not play","On matchday squad, but did not play","On matchday squad, but did not play","On matchday squad, but did not play","On matchday squad, but did not play","On matchday squad, but did not play","On matchday squad, but did not play","On matchday squad, but did not play","On matchday squad, but did not play","On matchday squad, but did not play","On matchday squad, but did not play","On matchday squad, but did not play","On matchday squad, but did not play","On matchday squad, but did not play","On matchday squad, but did not play","On matchday squad, but did not play","On matchday squad, but did not play","On matchday squad, but did not play","On matchday squad, but did not play","On matchday squad, but did not play","On matchday squad, but did not play","On matchday squad, but did not play","On matchday squad, but did not play","On matchday squad, but did not play","On matchday squad, but did not play","On matchday squad, but did not play","On matchday squad, but did not play","On matchday squad, but did not play","On matchday squad, but did not play","On matchday squad, but did not play","On matchday squad, but did not play","On matchday squad, but did not play","On matchday squad, but did not play","On matchday squad, but did not play","On matchday squad, but did not play","On matchday squad, but did not play","On matchday squad, but did not play","On matchday squad, but did not play","On matchday squad, but did not play","On matchday squad, but did not play","On matchday squad, but did not play","On matchday squad, but did not play","On matchday squad, but did not play","On matchday squad, but did not play","On matchday squad, but did not play","On matchday squad, but did not play","On matchday squad, but did not play","On matchday squad, but did not play","On matchday squad, but did not play","On matchday squad, but did not play","On matchday squad, but did not play","On matchday squad, but did not play","On matchday squad, but did not play","On matchday squad, but did not play","On matchday squad, but did not play","On matchday squad, but did not play","On matchday squad, but did not play","On matchday squad, but did not play","On matchday squad, but did not play","On matchday squad, but did not play","On matchday squad, but did not play","On matchday squad, but did not play","On matchday squad, but did not play","On matchday squad, but did not play","On matchday squad, but did not play","On matchday squad, but did not play","On matchday squad, but did not play","On matchday squad, but did not play","On matchday squad, but did not play","On matchday squad, but did not play","On matchday squad, but did not play","On matchday squad, but did not play","On matchday squad, but did not play","On matchday squad, but did not play","On matchday squad, but did not play","On matchday squad, but did not play",Aston Villa,Emi-Buendia,66b76d44
2024-12-21,Sat,Matchweek 17,Home,W 2–1,Aston Villa,Manchester City,N,LW,1,0,0,0,0,0,0,0,0,0,0,0,0,0.0,0.0,0.0,0,0,0,0,,0,0,0,0,0,Match Report,0,0,,0,0,0,0,,0,0,,0,0,,0,0.0,0.0,0,0,0,0,0,0,0,0,0,0,0,0,0,0,0,0,0,0,0,0,0,0,0,0,0,0,0,0,0,0,0,0,0,0,0,0,0,0,0,0,0,0,0,,0,,0,0,0,0,0,0,0,0,0,0,0,0,0,0,0,0,0,,0,0,0,0,0,0,0,0,Aston Villa,Emi-Buendia,66b76d44
2024-12-26,Thu,Matchweek 18,Away,L 0–3,Aston Villa,Newcastle Utd,N,LM,11,0,0,0,0,0,0,0,0,9,2,0,1,0.0,0.0,0.0,0,0,7,7,100.0,0,3,0,0,0,Match Report,7,7,100.0,83,0,5,5,100.0,2,2,100.0,0,0,,0,0.0,0.0,0,0,0,0,0,7,7,0,0,0,0,0,0,0,0,0,0,7,0,0,0,0,0,0,0,0,0,0,0,0,0,0,0,0,9,0,3,2,4,1,9,0,0,,0,,3,2,0,0,0,0,0,1,6,0,2,2,0,1,1,0,0,,0,1,1,0,0,2,0,0,Aston Villa,Emi-Buendia,66b76d44
2024-12-30,Mon,Matchweek 19,Home,D 2–2,Aston Villa,Brighton,N,"On matchday squad, but did not play","On matchday squad, but did not play","On matchday squad, but did not play","On matchday squad, but did not play","On matchday squad, but did not play","On matchday squad, but did not play","On matchday squad, but did not play","On matchday squad, but did not play","On matchday squad, but did not play","On matchday squad, but did not play","On matchday squad, but did not play","On matchday squad, but did not play","On matchday squad, but did not play","On matchday squad, but did not play","On matchday squad, but did not play","On matchday squad, but did not play","On matchday squad, but did not play","On matchday squad, but did not play","On matchday squad, but did not play","On matchday squad, but did not play","On matchday squad, but did not play","On matchday squad, but did not play","On matchday squad, but did not play","On matchday squad, but did not play","On matchday squad, but did not play","On matchday squad, but did not play","On matchday squad, but did not play",Match Report,"On matchday squad, but did not play","On matchday squad, but did not play","On matchday squad, but did not play","On matchday squad, but did not play","On matchday squad, but did not play","On matchday squad, but did not play","On matchday squad, but did not play","On matchday squad, but did not play","On matchday squad, but did not play","On matchday squad, but did not play","On matchday squad, but did not play","On matchday squad, but did not play","On matchday squad, but did not play","On matchday squad, but did not play","On matchday squad, but did not play","On matchday squad, but did not play","On matchday squad, but did not play","On matchday squad, but did not play","On matchday squad, but did not play","On matchday squad, but did not play","On matchday squad, but did not play","On matchday squad, but did not play","On matchday squad, but did not play","On matchday squad, but did not play","On matchday squad, but did not play","On matchday squad, but did not play","On matchday squad, but did not play","On matchday squad, but did not play","On matchday squad, but did not play","On matchday squad, but did not play","On matchday squad, but did not play","On matchday squad, but did not play","On matchday squad, but did not play","On matchday squad, but did not play","On matchday squad, but did not play","On matchday squad, but did not play","On matchday squad, but did not play","On matchday squad, but did not play","On matchday squad, but did not play","On matchday squad, but did not play","On matchday squad, but did not play","On matchday squad, but did not play","On matchday squad, but did not play","On matchday squad, but did not play","On matchday squad, but did not play","On matchday squad, but did not play","On matchday squad, but did not play","On matchday squad, but did not play","On matchday squad, but did not play","On matchday squad, but did not play","On matchday squad, but did not play","On matchday squad, but did not play","On matchday squad, but did not play","On matchday squad, but did not play","On matchday squad, but did not play","On matchday squad, but did not play","On matchday squad, but did not play","On matchday squad, but did not play","On matchday squad, but did not play","On matchday squad, but did not play","On matchday squad, but did not play","On matchday squad, but did not play","On matchday squad, but did not play","On matchday squad, but did not play","On matchday squad, but did not play","On matchday squad, but did not play","On matchday squad, but did not play","On matchday squad, but did not play","On matchday squad, but did not play","On matchday squad, but did not play","On matchday squad, but did not play","On matchday squad, but did not play","On matchday squad, but did not play","On matchday squad, but did not play","On matchday squad, but did not play","On matchday squad, but did not play","On matchday squad, but did not play","On matchday squad, but did not play","On matchday squad, but did not play","On matchday squad, but did not play","On matchday squad, but did not play","On matchday squad, but did not play","On matchday squad, but did not play","On matchday squad, but did not play","On matchday squad, but did not play","On matchday squad, but did not play","On matchday squad, but did not play","On matchday squad, but did not play","On matchday squad, but did not play",Aston Villa,Emi-Buendia,66b76d44
2025-01-04,Sat,Matchweek 20,Home,W 2–1,Aston Villa,Leicester City,N,AM,15,0,0,0,0,3,0,0,0,10,0,0,0,0.5,0.5,0.0,1,0,4,6,66.7,0,6,0,0,0,Match Report,4,6,66.7,47,5,3,3,100.0,1,1,100.0,0,0,,0,0.0,0.0,0,0,0,0,0,6,6,0,0,0,0,0,0,0,0,0,0,4,0,0,1,0,0,0,1,0,0,0,0,0,0,0,0,0,10,0,2,3,5,2,10,0,0,,0,,6,11,9,0,0,0,0,1,7,0,0,0,0,0,0,0,1,0.0,1,0,0,0,0,0,1,0,Aston Villa,Emi-Buendia,66b76d44
2025-01-15,Wed,Matchweek 21,Away,W 1–0,Aston Villa,Everton,N,LW,10,0,0,0,0,0,0,0,0,4,0,0,0,0.0,0.0,0.0,0,0,2,3,66.7,0,6,0,0,0,Match Report,2,3,66.7,39,28,1,1,100.0,1,1,100.0,0,1,0.0,0,0.0,0.0,0,0,0,0,0,3,3,0,0,0,0,0,0,0,0,0,0,2,0,0,0,0,0,0,0,0,0,0,0,0,0,0,0,0,4,0,1,2,1,0,4,0,0,,0,,6,13,2,0,0,0,1,0,6,0,0,0,0,0,0,0,0,,0,0,0,0,0,0,0,0,Aston Villa,Emi-Buendia,66b76d44
2025-01-18,Sat,Matchweek 22,Away,D 2–2,Aston Villa,Arsenal,N,"On matchday squad, but did not play","On matchday squad, but did not play","On matchday squad, but did not play","On matchday squad, but did not play","On matchday squad, but did not play","On matchday squad, but did not play","On matchday squad, but did not play","On matchday squad, but did not play","On matchday squad, but did not play","On matchday squad, but did not play","On matchday squad, but did not play","On matchday squad, but did not play","On matchday squad, but did not play","On matchday squad, but did not play","On matchday squad, but did not play","On matchday squad, but did not play","On matchday squad, but did not play","On matchday squad, but did not play","On matchday squad, but did not play","On matchday squad, but did not play","On matchday squad, but did not play","On matchday squad, but did not play","On matchday squad, but did not play","On matchday squad, but did not play","On matchday squad, but did not play","On matchday squad, but did not play","On matchday squad, but did not play",Match Report,"On matchday squad, but did not play","On matchday squad, but did not play","On matchday squad, but did not play","On matchday squad, but did not play","On matchday squad, but did not play","On matchday squad, but did not play","On matchday squad, but did not play","On matchday squad, but did not play","On matchday squad, but did not play","On matchday squad, but did not play","On matchday squad, but did not play","On matchday squad, but did not play","On matchday squad, but did not play","On matchday squad, but did not play","On matchday squad, but did not play","On matchday squad, but did not play","On matchday squad, but did not play","On matchday squad, but did not play","On matchday squad, but did not play","On matchday squad, but did not play","On matchday squad, but did not play","On matchday squad, but did not play","On matchday squad, but did not play","On matchday squad, but did not play","On matchday squad, but did not play","On matchday squad, but did not play","On matchday squad, but did not play","On matchday squad, but did not play","On matchday squad, but did not play","On matchday squad, but did not play","On matchday squad, but did not play","On matchday squad, but did not play","On matchday squad, but did not play","On matchday squad, but did not play","On matchday squad, but did not play","On matchday squad, but did not play","On matchday squad, but did not play","On matchday squad, but did not play","On matchday squad, but did not play","On matchday squad, but did not play","On matchday squad, but did not play","On matchday squad, but did not play","On matchday squad, but did not play","On matchday squad, but did not play","On matchday squad, but did not play","On matchday squad, but did not play","On matchday squad, but did not play","On matchday squad, but did not play","On matchday squad, but did not play","On matchday squad, but did not play","On matchday squad, but did not play","On matchday squad, but did not play","On matchday squad, but did not play","On matchday squad, but did not play","On matchday squad, but did not play","On matchday squad, but did not play","On matchday squad, but did not play","On matchday squad, but did not play","On matchday squad, but did not play","On matchday squad, but did not play","On matchday squad, but did not play","On matchday squad, but did not play","On matchday squad, but did not play","On matchday squad, but did not play","On matchday squad, but did not play","On matchday squad, but did not play","On matchday squad, but did not play","On matchday squad, but did not play","On matchday squad, but did not play","On matchday squad, but did not play","On matchday squad, but did not play","On matchday squad, but did not play","On matchday squad, but did not play","On matchday squad, but did not play","On matchday squad, but did not play","On matchday squad, but did not play","On matchday squad, but did not play","On matchday squad, but did not play","On matchday squad, but did not play","On matchday squad, but did not play","On matchday squad, but did not play","On matchday squad, but did not play","On matchday squad, but did not play","On matchday squad, but did not play","On matchday squad, but did not play","On matchday squad, but did not play","On matchday squad, but did not play","On matchday squad, but did not play","On matchday squad, but did not play",Aston Villa,Emi-Buendia,66b76d44
2025-01-26,Sun,Matchweek 23,Home,D 1–1,Aston Villa,West Ham,N,LW,18,0,0,0,0,1,0,0,0,11,1,0,0,0.0,0.0,0.0,0,0,5,6,83.3,2,6,1,2,0,Match Report,5,6,83.3,73,16,3,3,100.0,2,3,66.7,0,0,,0,0.0,0.0,0,0,1,0,2,6,6,0,0,0,0,0,0,0,0,0,0,5,0,0,0,0,0,0,0,0,0,0,0,0,0,0,0,0,11,0,3,3,5,0,11,2,0,0.0,2,100.0,6,38,23,1,0,0,1,0,7,1,1,1,1,0,0,0,2,0.0,2,0,0,0,0,1,0,0,Aston Villa,Emi-Buendia,66b76d44
