Date,Day,Round,Venue,Result,Squad,Opponent,Start,Pos,Min,Performance Gls,Performance Ast,Performance PK,Performance PKatt,Performance Sh,Performance SoT,Performance CrdY,Performance CrdR,Performance Touches,Performance Tkl,Performance Int,Performance Blocks,Expected xG,Expected npxG,Expected xAG,SCA SCA,SCA GCA,Passes Cmp,Passes Att,Passes Cmp%,Passes PrgP,Carries Carries_x,Carries PrgC_x,Take-Ons Att_x,Take-Ons Succ_x,Report,Total Cmp,Total Att,Total Cmp%,Total TotDist,Total PrgDist,Short Cmp,Short Att,Short Cmp%,Medium Cmp,Medium Att,Medium Cmp%,Long Cmp,Long Att,Long Cmp%,Ast,xAG,xA,KP,1/3,PPA,CrsPA,PrgP,Att,Pass Types Live,Pass Types Dead,Pass Types FK,Pass Types TB,Pass Types Sw,Pass Types Crs,Pass Types TI,Pass Types CK,Corner Kicks In,Corner Kicks Out,Corner Kicks Str,Outcomes Cmp,Outcomes Off,Outcomes Blocks,SCA Types SCA,SCA Types PassLive,SCA Types PassDead,SCA Types TO,SCA Types Sh,SCA Types Fld,SCA Types Def,GCA Types GCA,GCA Types PassLive,GCA Types PassDead,GCA Types TO,GCA Types Sh,GCA Types Fld,GCA Types Def,Touches Touches,Touches Def Pen,Touches Def 3rd,Touches Mid 3rd,Touches Att 3rd,Touches Att Pen,Touches Live,Take-Ons Att_y,Take-Ons Succ_y,Take-Ons Succ%,Take-Ons Tkld,Take-Ons Tkld%,Carries Carries_y,Carries TotDist,Carries PrgDist,Carries PrgC_y,Carries 1/3,Carries CPA,Carries Mis,Carries Dis,Receiving Rec,Receiving PrgR,Tackles Tkl,Tackles TklW,Tackles Def 3rd,Tackles Mid 3rd,Tackles Att 3rd,Challenges Tkl,Challenges Att,Challenges Tkl%,Challenges Lost,Blocks Blocks,Blocks Sh,Blocks Pass,Int,Tkl+Int,Clr,Err,team,player_name,player_id
2024-08-17,Sat,Matchweek 1,Home,L 0–3,Everton,Brighton,Y,GK,90.0,0.0,0.0,0.0,0.0,0.0,0.0,0.0,0.0,51.0,0.0,0.0,0.0,0.0,0.0,0.0,0.0,0.0,33.0,47.0,70.2,0.0,33.0,0.0,0.0,0.0,Match Report,33.0,47.0,70.2,1366.0,1178.0,3.0,3.0,100.0,10.0,10.0,100.0,20.0,34.0,58.8,0.0,0.0,0.0,0.0,6.0,2.0,0.0,0.0,47.0,39.0,8.0,4.0,0.0,0.0,0.0,0.0,0.0,0.0,0.0,0.0,33.0,0.0,0.0,0.0,0.0,0.0,0.0,0.0,0.0,0.0,0.0,0.0,0.0,0.0,0.0,0.0,0.0,51.0,26.0,48.0,3.0,0.0,0.0,51.0,0.0,0.0,,0.0,,33.0,234.0,151.0,0.0,0.0,0.0,0.0,0.0,30.0,0.0,0.0,0.0,0.0,0.0,0.0,0.0,0.0,,0.0,0.0,0.0,0.0,0.0,0.0,2.0,0.0,Everton,Jordan-Pickford,4806ec67
2024-08-24,Sat,Matchweek 2,Away,L 0–4,Everton,Tottenham,Y,GK,90.0,0.0,0.0,0.0,0.0,0.0,0.0,0.0,0.0,40.0,0.0,0.0,0.0,0.0,0.0,0.0,0.0,0.0,23.0,34.0,67.6,0.0,21.0,0.0,0.0,0.0,Match Report,23.0,34.0,67.6,822.0,686.0,2.0,2.0,100.0,9.0,9.0,100.0,12.0,22.0,54.5,0.0,0.0,0.0,0.0,0.0,0.0,0.0,0.0,34.0,21.0,12.0,6.0,0.0,0.0,0.0,0.0,0.0,0.0,0.0,0.0,23.0,1.0,0.0,0.0,0.0,0.0,0.0,0.0,0.0,0.0,0.0,0.0,0.0,0.0,0.0,0.0,0.0,40.0,27.0,38.0,2.0,0.0,0.0,40.0,0.0,0.0,,0.0,,21.0,75.0,33.0,0.0,0.0,0.0,1.0,0.0,19.0,0.0,0.0,0.0,0.0,0.0,0.0,0.0,0.0,,0.0,0.0,0.0,0.0,0.0,0.0,2.0,1.0,Everton,Jordan-Pickford,4806ec67
2024-08-31,Sat,Matchweek 3,Home,L 2–3,Everton,Bournemouth,Y,GK,90.0,0.0,0.0,0.0,0.0,0.0,0.0,0.0,0.0,43.0,0.0,0.0,0.0,0.0,0.0,0.0,0.0,0.0,16.0,38.0,42.1,0.0,22.0,0.0,0.0,0.0,Match Report,16.0,38.0,42.1,795.0,719.0,0.0,0.0,,2.0,2.0,100.0,14.0,35.0,40.0,0.0,0.0,0.0,0.0,1.0,0.0,0.0,0.0,38.0,24.0,13.0,7.0,0.0,0.0,0.0,0.0,0.0,0.0,0.0,0.0,16.0,1.0,0.0,0.0,0.0,0.0,0.0,0.0,0.0,0.0,0.0,0.0,0.0,0.0,0.0,0.0,0.0,43.0,29.0,40.0,3.0,0.0,0.0,43.0,0.0,0.0,,0.0,,22.0,122.0,46.0,0.0,0.0,0.0,0.0,0.0,20.0,0.0,0.0,0.0,0.0,0.0,0.0,0.0,0.0,,0.0,0.0,0.0,0.0,0.0,0.0,1.0,0.0,Everton,Jordan-Pickford,4806ec67
2024-09-14,Sat,Matchweek 4,Away,L 2–3,Everton,Aston Villa,Y,GK,90.0,0.0,0.0,0.0,0.0,0.0,0.0,0.0,0.0,38.0,0.0,0.0,0.0,0.0,0.0,0.0,0.0,0.0,26.0,36.0,72.2,0.0,16.0,0.0,0.0,0.0,Match Report,26.0,36.0,72.2,1021.0,813.0,2.0,2.0,100.0,9.0,10.0,90.0,15.0,23.0,65.2,0.0,0.0,0.0,0.0,3.0,1.0,0.0,0.0,36.0,20.0,15.0,5.0,0.0,0.0,0.0,0.0,0.0,0.0,0.0,0.0,26.0,1.0,0.0,0.0,0.0,0.0,0.0,0.0,0.0,0.0,0.0,0.0,0.0,0.0,0.0,0.0,0.0,38.0,25.0,37.0,1.0,0.0,0.0,38.0,0.0,0.0,,0.0,,16.0,127.0,98.0,0.0,0.0,0.0,0.0,0.0,10.0,0.0,0.0,0.0,0.0,0.0,0.0,0.0,0.0,,0.0,0.0,0.0,0.0,0.0,0.0,0.0,0.0,Everton,Jordan-Pickford,4806ec67
2024-09-21,Sat,Matchweek 5,Away,D 1–1,Everton,Leicester City,Y,GK,90.0,0.0,0.0,0.0,0.0,0.0,0.0,0.0,0.0,34.0,0.0,0.0,0.0,0.0,0.0,0.0,0.0,0.0,23.0,34.0,67.6,0.0,12.0,0.0,0.0,0.0,Match Report,23.0,34.0,67.6,934.0,794.0,3.0,3.0,100.0,4.0,5.0,80.0,16.0,26.0,61.5,0.0,0.0,0.0,0.0,2.0,0.0,0.0,0.0,34.0,17.0,17.0,6.0,0.0,0.0,0.0,0.0,0.0,0.0,0.0,0.0,23.0,0.0,0.0,0.0,0.0,0.0,0.0,0.0,0.0,0.0,0.0,0.0,0.0,0.0,0.0,0.0,0.0,34.0,23.0,33.0,1.0,0.0,0.0,34.0,0.0,0.0,,0.0,,12.0,79.0,53.0,0.0,0.0,0.0,0.0,0.0,10.0,0.0,0.0,0.0,0.0,0.0,0.0,0.0,0.0,,0.0,0.0,0.0,0.0,0.0,0.0,1.0,0.0,Everton,Jordan-Pickford,4806ec67
2024-09-28,Sat,Matchweek 6,Home,W 2–1,Everton,Crystal Palace,Y,GK,90.0,0.0,0.0,0.0,0.0,0.0,0.0,1.0,0.0,44.0,0.0,0.0,0.0,0.0,0.0,0.0,0.0,0.0,29.0,43.0,67.4,0.0,28.0,0.0,0.0,0.0,Match Report,29.0,43.0,67.4,1067.0,857.0,6.0,6.0,100.0,6.0,6.0,100.0,17.0,31.0,54.8,0.0,0.0,0.0,0.0,3.0,0.0,0.0,0.0,43.0,30.0,13.0,5.0,0.0,0.0,0.0,0.0,0.0,0.0,0.0,0.0,29.0,0.0,0.0,0.0,0.0,0.0,0.0,0.0,0.0,0.0,0.0,0.0,0.0,0.0,0.0,0.0,0.0,44.0,31.0,39.0,5.0,0.0,0.0,44.0,0.0,0.0,,0.0,,28.0,169.0,104.0,0.0,0.0,0.0,0.0,0.0,18.0,0.0,0.0,0.0,0.0,0.0,0.0,0.0,0.0,,0.0,0.0,0.0,0.0,0.0,0.0,1.0,0.0,Everton,Jordan-Pickford,4806ec67
2024-10-05,Sat,Matchweek 7,Home,D 0–0,Everton,Newcastle Utd,Y,GK,90.0,0.0,0.0,0.0,0.0,0.0,0.0,0.0,0.0,42.0,0.0,0.0,0.0,0.0,0.0,0.0,0.0,0.0,21.0,40.0,52.5,0.0,17.0,0.0,0.0,0.0,Match Report,21.0,40.0,52.5,616.0,472.0,3.0,3.0,100.0,12.0,12.0,100.0,6.0,25.0,24.0,0.0,0.0,0.0,0.0,1.0,0.0,0.0,0.0,40.0,23.0,17.0,8.0,0.0,1.0,0.0,0.0,0.0,0.0,0.0,0.0,21.0,0.0,0.0,0.0,0.0,0.0,0.0,0.0,0.0,0.0,0.0,0.0,0.0,0.0,0.0,0.0,0.0,42.0,28.0,40.0,3.0,0.0,0.0,42.0,0.0,0.0,,0.0,,17.0,99.0,60.0,0.0,0.0,0.0,0.0,0.0,15.0,0.0,0.0,0.0,0.0,0.0,0.0,0.0,0.0,,0.0,0.0,0.0,0.0,0.0,0.0,0.0,0.0,Everton,Jordan-Pickford,4806ec67
2024-10-19,Sat,Matchweek 8,Away,W 2–0,Everton,Ipswich Town,Y,GK,90.0,0.0,0.0,0.0,0.0,0.0,0.0,0.0,0.0,45.0,0.0,0.0,0.0,0.0,0.0,0.0,1.0,0.0,20.0,44.0,45.5,0.0,29.0,0.0,0.0,0.0,Match Report,20.0,44.0,45.5,566.0,433.0,4.0,4.0,100.0,10.0,10.0,100.0,6.0,30.0,20.0,0.0,0.0,0.0,0.0,0.0,0.0,0.0,0.0,44.0,31.0,13.0,4.0,0.0,0.0,0.0,0.0,0.0,0.0,0.0,0.0,20.0,0.0,0.0,1.0,1.0,0.0,0.0,0.0,0.0,0.0,0.0,0.0,0.0,0.0,0.0,0.0,0.0,45.0,35.0,44.0,1.0,0.0,0.0,45.0,0.0,0.0,,0.0,,29.0,192.0,89.0,0.0,0.0,0.0,0.0,0.0,22.0,0.0,0.0,0.0,0.0,0.0,0.0,0.0,0.0,,0.0,0.0,0.0,0.0,0.0,0.0,1.0,0.0,Everton,Jordan-Pickford,4806ec67
2024-10-26,Sat,Matchweek 9,Home,D 1–1,Everton,Fulham,Y,GK,90.0,0.0,0.0,0.0,0.0,0.0,0.0,0.0,0.0,47.0,0.0,0.0,0.0,0.0,0.0,0.0,1.0,0.0,29.0,42.0,69.0,0.0,24.0,0.0,0.0,0.0,Match Report,29.0,42.0,69.0,977.0,801.0,3.0,3.0,100.0,14.0,14.0,100.0,12.0,23.0,52.2,0.0,0.0,0.0,0.0,5.0,0.0,0.0,0.0,42.0,26.0,14.0,3.0,0.0,0.0,0.0,0.0,0.0,0.0,0.0,0.0,29.0,2.0,0.0,1.0,1.0,0.0,0.0,0.0,0.0,0.0,0.0,0.0,0.0,0.0,0.0,0.0,0.0,47.0,36.0,47.0,0.0,0.0,0.0,47.0,0.0,0.0,,0.0,,24.0,181.0,136.0,0.0,0.0,0.0,0.0,0.0,22.0,0.0,0.0,0.0,0.0,0.0,0.0,0.0,0.0,,0.0,0.0,0.0,0.0,0.0,0.0,4.0,0.0,Everton,Jordan-Pickford,4806ec67
2024-11-02,Sat,Matchweek 10,Away,L 0–1,Everton,Southampton,Y,GK,90.0,0.0,0.0,0.0,0.0,0.0,0.0,0.0,0.0,34.0,0.0,1.0,0.0,0.0,0.0,0.0,0.0,0.0,21.0,33.0,63.6,0.0,13.0,0.0,0.0,0.0,Match Report,21.0,33.0,63.6,617.0,428.0,2.0,2.0,100.0,10.0,10.0,100.0,9.0,21.0,42.9,0.0,0.0,0.0,0.0,1.0,0.0,0.0,0.0,33.0,19.0,14.0,7.0,0.0,0.0,0.0,0.0,0.0,0.0,0.0,0.0,21.0,0.0,0.0,0.0,0.0,0.0,0.0,0.0,0.0,0.0,0.0,0.0,0.0,0.0,0.0,0.0,0.0,34.0,22.0,32.0,2.0,0.0,0.0,34.0,0.0,0.0,,0.0,,13.0,83.0,46.0,0.0,0.0,0.0,0.0,0.0,17.0,0.0,0.0,0.0,0.0,0.0,0.0,0.0,0.0,,0.0,0.0,0.0,0.0,1.0,1.0,0.0,0.0,Everton,Jordan-Pickford,4806ec67
2024-11-09,Sat,Matchweek 11,Away,D 0–0,Everton,West Ham,Y,GK,90.0,0.0,0.0,0.0,0.0,0.0,0.0,0.0,0.0,45.0,0.0,0.0,0.0,0.0,0.0,0.0,0.0,0.0,26.0,39.0,66.7,0.0,17.0,0.0,0.0,0.0,Match Report,26.0,39.0,66.7,786.0,529.0,3.0,3.0,100.0,10.0,10.0,100.0,13.0,26.0,50.0,0.0,0.0,0.0,0.0,1.0,0.0,0.0,0.0,39.0,28.0,11.0,6.0,0.0,0.0,0.0,0.0,0.0,0.0,0.0,0.0,26.0,0.0,0.0,0.0,0.0,0.0,0.0,0.0,0.0,0.0,0.0,0.0,0.0,0.0,0.0,0.0,0.0,45.0,34.0,42.0,3.0,0.0,0.0,45.0,0.0,0.0,,0.0,,17.0,117.0,83.0,0.0,0.0,0.0,0.0,0.0,21.0,0.0,0.0,0.0,0.0,0.0,0.0,0.0,0.0,,0.0,0.0,0.0,0.0,0.0,0.0,0.0,0.0,Everton,Jordan-Pickford,4806ec67
2024-11-23,Sat,Matchweek 12,Home,D 0–0,Everton,Brentford,Y,GK,90.0,0.0,0.0,0.0,0.0,0.0,0.0,0.0,0.0,33.0,0.0,0.0,0.0,0.0,0.0,0.0,1.0,0.0,24.0,31.0,77.4,0.0,18.0,0.0,0.0,0.0,Match Report,24.0,31.0,77.4,578.0,376.0,6.0,6.0,100.0,11.0,11.0,100.0,7.0,13.0,53.8,0.0,0.0,0.0,0.0,1.0,0.0,0.0,0.0,31.0,24.0,6.0,2.0,0.0,0.0,0.0,0.0,0.0,0.0,0.0,0.0,24.0,1.0,0.0,1.0,1.0,0.0,0.0,0.0,0.0,0.0,0.0,0.0,0.0,0.0,0.0,0.0,0.0,33.0,19.0,30.0,3.0,0.0,0.0,33.0,0.0,0.0,,0.0,,18.0,164.0,114.0,0.0,0.0,0.0,0.0,0.0,16.0,0.0,0.0,0.0,0.0,0.0,0.0,0.0,0.0,,0.0,0.0,0.0,0.0,0.0,0.0,0.0,0.0,Everton,Jordan-Pickford,4806ec67
2024-12-01,Sun,Matchweek 13,Away,L 0–4,Everton,Manchester Utd,Y,GK,90.0,0.0,0.0,0.0,0.0,0.0,0.0,0.0,0.0,47.0,1.0,0.0,0.0,0.0,0.0,0.0,0.0,0.0,34.0,46.0,73.9,0.0,36.0,0.0,0.0,0.0,Match Report,34.0,46.0,73.9,870.0,532.0,8.0,8.0,100.0,16.0,16.0,100.0,10.0,22.0,45.5,0.0,0.0,0.0,0.0,2.0,0.0,0.0,0.0,46.0,39.0,7.0,4.0,0.0,1.0,0.0,0.0,0.0,0.0,0.0,0.0,34.0,0.0,0.0,0.0,0.0,0.0,0.0,0.0,0.0,0.0,0.0,0.0,0.0,0.0,0.0,0.0,0.0,47.0,18.0,44.0,3.0,0.0,0.0,47.0,0.0,0.0,,0.0,,36.0,185.0,108.0,0.0,0.0,0.0,0.0,0.0,32.0,0.0,1.0,0.0,1.0,0.0,0.0,1.0,1.0,100.0,0.0,0.0,0.0,0.0,0.0,1.0,1.0,0.0,Everton,Jordan-Pickford,4806ec67
2024-12-04,Wed,Matchweek 14,Home,W 4–0,Everton,Wolves,Y,GK,90.0,0.0,0.0,0.0,0.0,0.0,0.0,0.0,0.0,54.0,0.0,0.0,0.0,0.0,0.0,0.0,1.0,0.0,33.0,50.0,66.0,0.0,27.0,0.0,0.0,0.0,Match Report,33.0,50.0,66.0,1082.0,732.0,4.0,4.0,100.0,15.0,15.0,100.0,14.0,31.0,45.2,0.0,0.0,0.0,1.0,3.0,1.0,0.0,0.0,50.0,38.0,12.0,3.0,0.0,1.0,0.0,0.0,0.0,0.0,0.0,0.0,33.0,0.0,0.0,1.0,1.0,0.0,0.0,0.0,0.0,0.0,0.0,0.0,0.0,0.0,0.0,0.0,0.0,54.0,26.0,53.0,1.0,0.0,0.0,54.0,0.0,0.0,,0.0,,27.0,207.0,105.0,0.0,0.0,0.0,0.0,0.0,27.0,0.0,0.0,0.0,0.0,0.0,0.0,0.0,0.0,,0.0,0.0,0.0,0.0,0.0,0.0,2.0,0.0,Everton,Jordan-Pickford,4806ec67
2024-12-14,Sat,Matchweek 16,Away,D 0–0,Everton,Arsenal,Y,GK,90.0,0.0,0.0,0.0,0.0,0.0,0.0,1.0,0.0,42.0,0.0,0.0,0.0,0.0,0.0,0.0,0.0,0.0,16.0,36.0,44.4,0.0,15.0,0.0,0.0,0.0,Match Report,16.0,36.0,44.4,453.0,365.0,3.0,3.0,100.0,6.0,6.0,100.0,6.0,24.0,25.0,0.0,0.0,0.0,0.0,1.0,0.0,0.0,0.0,36.0,21.0,13.0,7.0,0.0,0.0,0.0,0.0,0.0,0.0,0.0,0.0,16.0,2.0,0.0,0.0,0.0,0.0,0.0,0.0,0.0,0.0,0.0,0.0,0.0,0.0,0.0,0.0,0.0,42.0,32.0,40.0,2.0,0.0,0.0,42.0,0.0,0.0,,0.0,,15.0,126.0,74.0,0.0,0.0,0.0,0.0,0.0,12.0,0.0,0.0,0.0,0.0,0.0,0.0,0.0,0.0,,0.0,0.0,0.0,0.0,0.0,0.0,3.0,0.0,Everton,Jordan-Pickford,4806ec67
2024-12-22,Sun,Matchweek 17,Home,D 0–0,Everton,Chelsea,Y,GK,90.0,0.0,0.0,0.0,0.0,0.0,0.0,1.0,0.0,43.0,0.0,0.0,0.0,0.0,0.0,0.0,0.0,0.0,21.0,41.0,51.2,0.0,21.0,0.0,0.0,0.0,Match Report,21.0,41.0,51.2,744.0,584.0,5.0,5.0,100.0,8.0,8.0,100.0,8.0,28.0,28.6,0.0,0.0,0.0,0.0,2.0,0.0,0.0,0.0,41.0,24.0,17.0,6.0,0.0,0.0,0.0,0.0,0.0,0.0,0.0,0.0,21.0,0.0,0.0,0.0,0.0,0.0,0.0,0.0,0.0,0.0,0.0,0.0,0.0,0.0,0.0,0.0,0.0,43.0,34.0,40.0,3.0,0.0,0.0,43.0,0.0,0.0,,0.0,,21.0,142.0,44.0,0.0,0.0,0.0,0.0,0.0,17.0,0.0,0.0,0.0,0.0,0.0,0.0,0.0,0.0,,0.0,0.0,0.0,0.0,0.0,0.0,0.0,0.0,Everton,Jordan-Pickford,4806ec67
2024-12-26,Thu,Matchweek 18,Away,D 1–1,Everton,Manchester City,Y,GK,90.0,0.0,0.0,0.0,0.0,0.0,0.0,0.0,0.0,63.0,0.0,0.0,0.0,0.0,0.0,0.0,0.0,0.0,41.0,59.0,69.5,0.0,27.0,0.0,0.0,0.0,Match Report,41.0,59.0,69.5,1149.0,882.0,11.0,11.0,100.0,15.0,15.0,100.0,15.0,33.0,45.5,0.0,0.0,0.0,0.0,2.0,0.0,0.0,0.0,59.0,43.0,16.0,6.0,0.0,0.0,0.0,0.0,0.0,0.0,0.0,0.0,41.0,0.0,0.0,0.0,0.0,0.0,0.0,0.0,0.0,0.0,0.0,0.0,0.0,0.0,0.0,0.0,0.0,63.0,44.0,61.0,2.0,0.0,0.0,63.0,0.0,0.0,,0.0,,27.0,157.0,94.0,0.0,0.0,0.0,0.0,0.0,33.0,0.0,0.0,0.0,0.0,0.0,0.0,0.0,1.0,0.0,1.0,0.0,0.0,0.0,0.0,0.0,1.0,0.0,Everton,Jordan-Pickford,4806ec67
2024-12-29,Sun,Matchweek 19,Home,L 0–2,Everton,Nott'ham Forest,Y,GK,90.0,0.0,0.0,0.0,0.0,0.0,0.0,1.0,0.0,54.0,0.0,0.0,0.0,0.0,0.0,0.0,1.0,0.0,36.0,49.0,73.5,0.0,32.0,0.0,0.0,0.0,Match Report,36.0,49.0,73.5,943.0,636.0,7.0,7.0,100.0,18.0,18.0,100.0,11.0,24.0,45.8,0.0,0.0,0.0,0.0,3.0,0.0,0.0,0.0,49.0,38.0,11.0,7.0,0.0,0.0,0.0,0.0,0.0,0.0,0.0,0.0,36.0,0.0,0.0,1.0,1.0,0.0,0.0,0.0,0.0,0.0,0.0,0.0,0.0,0.0,0.0,0.0,0.0,54.0,26.0,52.0,2.0,0.0,0.0,54.0,0.0,0.0,,0.0,,32.0,186.0,148.0,0.0,0.0,0.0,0.0,0.0,25.0,0.0,0.0,0.0,0.0,0.0,0.0,0.0,0.0,,0.0,0.0,0.0,0.0,0.0,0.0,0.0,0.0,Everton,Jordan-Pickford,4806ec67
2025-01-04,Sat,Matchweek 20,Away,L 0–1,Everton,Bournemouth,Y,GK,90.0,0.0,0.0,0.0,0.0,0.0,0.0,0.0,0.0,50.0,0.0,0.0,0.0,0.0,0.0,0.0,0.0,0.0,23.0,46.0,50.0,0.0,26.0,0.0,0.0,0.0,Match Report,23.0,46.0,50.0,1011.0,873.0,0.0,0.0,,8.0,8.0,100.0,15.0,38.0,39.5,0.0,0.0,0.0,0.0,2.0,1.0,0.0,0.0,46.0,29.0,17.0,11.0,0.0,0.0,0.0,0.0,0.0,0.0,0.0,0.0,23.0,0.0,0.0,0.0,0.0,0.0,0.0,0.0,0.0,0.0,0.0,0.0,0.0,0.0,0.0,0.0,0.0,50.0,33.0,44.0,6.0,0.0,0.0,50.0,0.0,0.0,,0.0,,26.0,195.0,108.0,0.0,0.0,0.0,0.0,0.0,15.0,0.0,0.0,0.0,0.0,0.0,0.0,0.0,0.0,,0.0,0.0,0.0,0.0,0.0,0.0,0.0,0.0,Everton,Jordan-Pickford,4806ec67
2025-01-15,Wed,Matchweek 21,Home,L 0–1,Everton,Aston Villa,Y,GK,90.0,0.0,0.0,0.0,0.0,0.0,0.0,1.0,0.0,52.0,0.0,0.0,0.0,0.0,0.0,0.0,0.0,0.0,38.0,50.0,76.0,0.0,31.0,0.0,0.0,0.0,Match Report,38.0,50.0,76.0,1030.0,660.0,8.0,9.0,88.9,20.0,20.0,100.0,10.0,20.0,50.0,0.0,0.0,0.0,0.0,3.0,0.0,0.0,0.0,50.0,41.0,8.0,5.0,0.0,0.0,0.0,0.0,0.0,0.0,0.0,0.0,38.0,1.0,0.0,0.0,0.0,0.0,0.0,0.0,0.0,0.0,0.0,0.0,0.0,0.0,0.0,0.0,0.0,52.0,28.0,48.0,4.0,0.0,0.0,52.0,0.0,0.0,,0.0,,31.0,203.0,116.0,0.0,0.0,0.0,0.0,0.0,31.0,0.0,0.0,0.0,0.0,0.0,0.0,0.0,0.0,,0.0,0.0,0.0,0.0,0.0,0.0,0.0,0.0,Everton,Jordan-Pickford,4806ec67
2025-01-19,Sun,Matchweek 22,Home,W 3–2,Everton,Tottenham,Y,GK,90.0,0.0,0.0,0.0,0.0,0.0,0.0,0.0,0.0,42.0,0.0,0.0,0.0,0.0,0.0,0.0,0.0,0.0,29.0,39.0,74.4,0.0,25.0,0.0,0.0,0.0,Match Report,29.0,39.0,74.4,1038.0,838.0,2.0,2.0,100.0,14.0,14.0,100.0,13.0,23.0,56.5,0.0,0.0,0.0,0.0,4.0,0.0,0.0,0.0,39.0,29.0,10.0,5.0,0.0,0.0,0.0,0.0,0.0,0.0,0.0,0.0,29.0,0.0,0.0,0.0,0.0,0.0,0.0,0.0,0.0,0.0,0.0,0.0,0.0,0.0,0.0,0.0,0.0,42.0,30.0,41.0,1.0,0.0,0.0,42.0,0.0,0.0,,0.0,,25.0,129.0,57.0,0.0,0.0,0.0,0.0,0.0,23.0,0.0,0.0,0.0,0.0,0.0,0.0,0.0,0.0,,0.0,0.0,0.0,0.0,0.0,0.0,1.0,0.0,Everton,Jordan-Pickford,4806ec67
2025-01-25,Sat,Matchweek 23,Away,W 1–0,Everton,Brighton,Y,GK,90.0,0.0,0.0,0.0,0.0,0.0,0.0,1.0,0.0,50.0,0.0,0.0,0.0,0.0,0.0,0.0,0.0,0.0,27.0,49.0,55.1,0.0,23.0,0.0,0.0,0.0,Match Report,27.0,49.0,55.1,852.0,634.0,0.0,0.0,,18.0,18.0,100.0,9.0,31.0,29.0,0.0,0.0,0.0,0.0,1.0,0.0,0.0,0.0,49.0,31.0,18.0,6.0,0.0,0.0,0.0,0.0,0.0,0.0,0.0,0.0,27.0,0.0,0.0,0.0,0.0,0.0,0.0,0.0,0.0,0.0,0.0,0.0,0.0,0.0,0.0,0.0,0.0,50.0,37.0,50.0,0.0,0.0,0.0,50.0,0.0,0.0,,0.0,,23.0,125.0,71.0,0.0,0.0,0.0,0.0,0.0,25.0,0.0,0.0,0.0,0.0,0.0,0.0,0.0,0.0,,0.0,0.0,0.0,0.0,0.0,0.0,0.0,0.0,Everton,Jordan-Pickford,4806ec67
2025-02-01,Sat,Matchweek 24,Home,W 4–0,Everton,Leicester City,Y,GK,90.0,0.0,1.0,0.0,0.0,0.0,0.0,0.0,0.0,33.0,0.0,0.0,0.0,0.0,0.0,0.3,1.0,1.0,28.0,32.0,87.5,0.0,26.0,0.0,0.0,0.0,Match Report,28.0,32.0,87.5,910.0,623.0,3.0,3.0,100.0,11.0,11.0,100.0,14.0,18.0,77.8,1.0,0.3,0.0,1.0,1.0,1.0,0.0,0.0,32.0,25.0,7.0,4.0,0.0,1.0,0.0,0.0,0.0,0.0,0.0,0.0,28.0,0.0,0.0,1.0,1.0,0.0,0.0,0.0,0.0,0.0,1.0,1.0,0.0,0.0,0.0,0.0,0.0,33.0,25.0,33.0,0.0,0.0,0.0,33.0,0.0,0.0,,0.0,,26.0,104.0,42.0,0.0,0.0,0.0,0.0,0.0,23.0,0.0,0.0,0.0,0.0,0.0,0.0,0.0,0.0,,0.0,0.0,0.0,0.0,0.0,0.0,1.0,0.0,Everton,Jordan-Pickford,4806ec67
2025-02-12,Wed,Matchweek 15,Home,D 2–2,Everton,Liverpool,Y,GK,90.0,0.0,0.0,0.0,0.0,0.0,0.0,0.0,0.0,41.0,0.0,0.0,0.0,0.0,0.0,0.0,0.0,0.0,21.0,39.0,53.8,0.0,22.0,0.0,0.0,0.0,Match Report,21.0,39.0,53.8,764.0,613.0,1.0,1.0,100.0,9.0,11.0,81.8,11.0,27.0,40.7,0.0,0.0,0.0,0.0,2.0,0.0,0.0,0.0,39.0,26.0,13.0,11.0,0.0,0.0,0.0,0.0,0.0,0.0,0.0,0.0,21.0,0.0,0.0,0.0,0.0,0.0,0.0,0.0,0.0,0.0,0.0,0.0,0.0,0.0,0.0,0.0,0.0,41.0,24.0,37.0,4.0,0.0,0.0,41.0,0.0,0.0,,0.0,,22.0,98.0,61.0,0.0,0.0,0.0,0.0,0.0,19.0,0.0,0.0,0.0,0.0,0.0,0.0,0.0,0.0,,0.0,0.0,0.0,0.0,0.0,0.0,0.0,0.0,Everton,Jordan-Pickford,4806ec67
2025-02-15,Sat,Matchweek 25,Away,W 2–1,Everton,Crystal Palace,Y,GK,90.0,0.0,0.0,0.0,0.0,0.0,0.0,0.0,0.0,53.0,0.0,0.0,0.0,0.0,0.0,0.0,0.0,0.0,35.0,49.0,71.4,0.0,37.0,0.0,0.0,0.0,Match Report,35.0,49.0,71.4,1154.0,918.0,5.0,5.0,100.0,13.0,13.0,100.0,17.0,31.0,54.8,0.0,0.0,0.0,0.0,1.0,0.0,0.0,0.0,49.0,38.0,11.0,4.0,0.0,0.0,0.0,0.0,0.0,0.0,0.0,0.0,35.0,0.0,0.0,0.0,0.0,0.0,0.0,0.0,0.0,0.0,0.0,0.0,0.0,0.0,0.0,0.0,0.0,53.0,35.0,51.0,2.0,0.0,0.0,53.0,0.0,0.0,,0.0,,37.0,229.0,123.0,0.0,0.0,0.0,0.0,0.0,27.0,0.0,0.0,0.0,0.0,0.0,0.0,0.0,0.0,,0.0,0.0,0.0,0.0,0.0,0.0,2.0,0.0,Everton,Jordan-Pickford,4806ec67
2025-02-22,Sat,Matchweek 26,Home,D 2–2,Everton,Manchester Utd,Y,GK,90.0,0.0,0.0,0.0,0.0,0.0,0.0,0.0,0.0,46.0,0.0,0.0,0.0,0.0,0.0,0.0,0.0,0.0,30.0,44.0,68.2,0.0,28.0,0.0,0.0,0.0,Match Report,30.0,44.0,68.2,1009.0,738.0,4.0,4.0,100.0,12.0,12.0,100.0,14.0,28.0,50.0,0.0,0.0,0.0,0.0,3.0,0.0,0.0,0.0,44.0,34.0,10.0,7.0,0.0,1.0,0.0,0.0,0.0,0.0,0.0,0.0,30.0,0.0,0.0,0.0,0.0,0.0,0.0,0.0,0.0,0.0,0.0,0.0,0.0,0.0,0.0,0.0,0.0,46.0,24.0,43.0,3.0,0.0,0.0,46.0,0.0,0.0,,0.0,,28.0,173.0,94.0,0.0,0.0,0.0,0.0,0.0,25.0,0.0,0.0,0.0,0.0,0.0,0.0,0.0,0.0,,0.0,0.0,0.0,0.0,0.0,0.0,1.0,0.0,Everton,Jordan-Pickford,4806ec67
2025-02-26,Wed,Matchweek 27,Away,D 1–1,Everton,Brentford,Y,GK,90.0,0.0,0.0,0.0,0.0,0.0,0.0,0.0,0.0,41.0,0.0,0.0,0.0,0.0,0.0,0.0,2.0,0.0,30.0,40.0,75.0,0.0,26.0,0.0,0.0,0.0,Match Report,30.0,40.0,75.0,880.0,679.0,6.0,6.0,100.0,9.0,10.0,90.0,15.0,24.0,62.5,0.0,0.0,0.0,0.0,2.0,0.0,0.0,0.0,40.0,33.0,7.0,3.0,0.0,0.0,0.0,0.0,0.0,0.0,0.0,0.0,30.0,0.0,0.0,2.0,2.0,0.0,0.0,0.0,0.0,0.0,0.0,0.0,0.0,0.0,0.0,0.0,0.0,41.0,30.0,39.0,2.0,0.0,0.0,41.0,0.0,0.0,,0.0,,26.0,146.0,98.0,0.0,0.0,0.0,0.0,0.0,25.0,0.0,0.0,0.0,0.0,0.0,0.0,0.0,0.0,,0.0,0.0,0.0,0.0,0.0,0.0,0.0,0.0,Everton,Jordan-Pickford,4806ec67
2025-03-08,Sat,Matchweek 28,Away,D 1–1,Everton,Wolves,Y,GK,90.0,0.0,0.0,0.0,0.0,0.0,0.0,0.0,0.0,46.0,0.0,0.0,0.0,0.0,0.0,0.0,1.0,0.0,31.0,43.0,72.1,0.0,31.0,0.0,0.0,0.0,Match Report,31.0,43.0,72.1,1007.0,783.0,2.0,2.0,100.0,15.0,15.0,100.0,14.0,26.0,53.8,0.0,0.0,0.0,0.0,2.0,1.0,0.0,0.0,43.0,34.0,9.0,1.0,0.0,0.0,0.0,0.0,0.0,0.0,0.0,0.0,31.0,0.0,0.0,1.0,0.0,1.0,0.0,0.0,0.0,0.0,0.0,0.0,0.0,0.0,0.0,0.0,0.0,46.0,35.0,46.0,0.0,0.0,0.0,46.0,0.0,0.0,,0.0,,31.0,109.0,44.0,0.0,0.0,0.0,0.0,0.0,27.0,0.0,0.0,0.0,0.0,0.0,0.0,0.0,0.0,,0.0,0.0,0.0,0.0,0.0,0.0,1.0,0.0,Everton,Jordan-Pickford,4806ec67
2025-03-15,Sat,Matchweek 29,Home,D 1–1,Everton,West Ham,Y,GK,90.0,0.0,0.0,0.0,0.0,0.0,0.0,0.0,0.0,49.0,0.0,0.0,0.0,0.0,0.0,0.0,1.0,0.0,33.0,43.0,76.7,0.0,38.0,0.0,0.0,0.0,Match Report,33.0,43.0,76.7,795.0,435.0,10.0,10.0,100.0,11.0,12.0,91.7,12.0,21.0,57.1,0.0,0.0,0.0,0.0,0.0,0.0,0.0,0.0,43.0,39.0,4.0,1.0,0.0,0.0,0.0,0.0,0.0,0.0,0.0,0.0,33.0,0.0,0.0,1.0,1.0,0.0,0.0,0.0,0.0,0.0,0.0,0.0,0.0,0.0,0.0,0.0,0.0,49.0,30.0,47.0,2.0,0.0,0.0,49.0,0.0,0.0,,0.0,,38.0,177.0,124.0,0.0,0.0,0.0,0.0,0.0,31.0,0.0,0.0,0.0,0.0,0.0,0.0,0.0,0.0,,0.0,0.0,0.0,0.0,0.0,0.0,2.0,0.0,Everton,Jordan-Pickford,4806ec67
2025-04-02,Wed,Matchweek 30,Away,L 0–1,Everton,Liverpool,Y,GK,90.0,0.0,0.0,0.0,0.0,0.0,0.0,0.0,0.0,37.0,0.0,0.0,0.0,0.0,0.0,0.0,0.0,0.0,20.0,35.0,57.1,0.0,23.0,0.0,0.0,0.0,Match Report,20.0,35.0,57.1,618.0,402.0,1.0,1.0,100.0,11.0,11.0,100.0,8.0,23.0,34.8,0.0,0.0,0.0,0.0,1.0,0.0,0.0,0.0,35.0,22.0,13.0,6.0,0.0,0.0,0.0,0.0,0.0,0.0,0.0,0.0,20.0,0.0,0.0,0.0,0.0,0.0,0.0,0.0,0.0,0.0,0.0,0.0,0.0,0.0,0.0,0.0,0.0,37.0,29.0,37.0,0.0,0.0,0.0,37.0,0.0,0.0,,0.0,,23.0,182.0,91.0,0.0,0.0,0.0,0.0,0.0,12.0,0.0,0.0,0.0,0.0,0.0,0.0,0.0,0.0,,0.0,0.0,0.0,0.0,0.0,0.0,1.0,0.0,Everton,Jordan-Pickford,4806ec67
2025-04-05,Sat,Matchweek 31,Home,D 1–1,Everton,Arsenal,Y,GK,90.0,0.0,0.0,0.0,0.0,0.0,0.0,0.0,0.0,39.0,0.0,0.0,0.0,0.0,0.0,0.0,1.0,1.0,20.0,35.0,57.1,0.0,18.0,0.0,0.0,0.0,Match Report,20.0,35.0,57.1,767.0,609.0,3.0,3.0,100.0,8.0,8.0,100.0,9.0,24.0,37.5,0.0,0.0,0.0,0.0,3.0,1.0,0.0,0.0,35.0,19.0,16.0,3.0,0.0,0.0,0.0,0.0,0.0,0.0,0.0,0.0,20.0,0.0,0.0,1.0,1.0,0.0,0.0,0.0,0.0,0.0,1.0,1.0,0.0,0.0,0.0,0.0,0.0,39.0,26.0,39.0,0.0,0.0,0.0,39.0,0.0,0.0,,0.0,,18.0,105.0,50.0,0.0,0.0,0.0,1.0,0.0,17.0,0.0,0.0,0.0,0.0,0.0,0.0,0.0,0.0,,0.0,0.0,0.0,0.0,0.0,0.0,0.0,0.0,Everton,Jordan-Pickford,4806ec67
2025-04-12,Sat,Matchweek 32,Away,W 1–0,Everton,Nott'ham Forest,Y,GK,90.0,0.0,0.0,0.0,0.0,0.0,0.0,0.0,0.0,40.0,0.0,0.0,0.0,0.0,0.0,0.0,1.0,0.0,27.0,39.0,69.2,0.0,26.0,0.0,0.0,0.0,Match Report,27.0,39.0,69.2,618.0,396.0,6.0,6.0,100.0,17.0,17.0,100.0,4.0,16.0,25.0,0.0,0.0,0.0,0.0,0.0,0.0,0.0,0.0,39.0,35.0,4.0,1.0,0.0,1.0,0.0,0.0,0.0,0.0,0.0,0.0,27.0,0.0,0.0,1.0,1.0,0.0,0.0,0.0,0.0,0.0,0.0,0.0,0.0,0.0,0.0,0.0,0.0,40.0,23.0,40.0,0.0,0.0,0.0,40.0,0.0,0.0,,0.0,,26.0,195.0,135.0,0.0,0.0,0.0,0.0,0.0,24.0,0.0,0.0,0.0,0.0,0.0,0.0,0.0,0.0,,0.0,0.0,0.0,0.0,0.0,0.0,0.0,0.0,Everton,Jordan-Pickford,4806ec67
2025-04-19,Sat,Matchweek 33,Home,L 0–2,Everton,Manchester City,Y,GK,90.0,0.0,0.0,0.0,0.0,0.0,0.0,1.0,0.0,48.0,0.0,0.0,0.0,0.0,0.0,0.0,0.0,0.0,35.0,45.0,77.8,0.0,34.0,0.0,0.0,0.0,Match Report,35.0,45.0,77.8,1147.0,870.0,5.0,5.0,100.0,15.0,15.0,100.0,15.0,25.0,60.0,0.0,0.0,0.0,0.0,4.0,0.0,0.0,0.0,45.0,41.0,4.0,2.0,0.0,0.0,0.0,0.0,0.0,0.0,0.0,0.0,35.0,0.0,0.0,0.0,0.0,0.0,0.0,0.0,0.0,0.0,0.0,0.0,0.0,0.0,0.0,0.0,0.0,48.0,31.0,46.0,2.0,0.0,0.0,48.0,0.0,0.0,,0.0,,34.0,228.0,140.0,0.0,0.0,0.0,0.0,0.0,33.0,0.0,0.0,0.0,0.0,0.0,0.0,0.0,0.0,,0.0,0.0,0.0,0.0,0.0,0.0,1.0,0.0,Everton,Jordan-Pickford,4806ec67
2025-04-26,Sat,Matchweek 34,Away,L 0–1,Everton,Chelsea,Y*,GK,90.0,0.0,0.0,0.0,0.0,0.0,0.0,0.0,0.0,52.0,0.0,0.0,0.0,0.0,0.0,0.0,0.0,0.0,40.0,48.0,83.3,0.0,39.0,0.0,0.0,0.0,Match Report,40.0,48.0,83.3,930.0,513.0,10.0,10.0,100.0,20.0,21.0,95.2,10.0,17.0,58.8,0.0,0.0,0.0,0.0,0.0,0.0,0.0,0.0,48.0,44.0,4.0,2.0,0.0,0.0,0.0,0.0,0.0,0.0,0.0,0.0,40.0,0.0,0.0,0.0,0.0,0.0,0.0,0.0,0.0,0.0,0.0,0.0,0.0,0.0,0.0,0.0,0.0,52.0,34.0,50.0,2.0,0.0,0.0,52.0,0.0,0.0,,0.0,,39.0,241.0,159.0,0.0,0.0,0.0,0.0,0.0,33.0,0.0,0.0,0.0,0.0,0.0,0.0,0.0,0.0,,0.0,0.0,0.0,0.0,0.0,0.0,0.0,1.0,Everton,Jordan-Pickford,4806ec67
2025-05-03,Sat,Matchweek 35,Home,D 2–2,Everton,Ipswich Town,Y*,GK,90.0,0.0,0.0,0.0,0.0,0.0,0.0,0.0,0.0,43.0,0.0,0.0,0.0,0.0,0.0,0.0,0.0,0.0,32.0,43.0,74.4,0.0,34.0,0.0,0.0,0.0,Match Report,32.0,43.0,74.4,936.0,590.0,2.0,2.0,100.0,23.0,23.0,100.0,7.0,18.0,38.9,0.0,0.0,0.0,0.0,2.0,0.0,0.0,0.0,43.0,38.0,5.0,5.0,0.0,0.0,0.0,0.0,0.0,0.0,0.0,0.0,32.0,0.0,0.0,0.0,0.0,0.0,0.0,0.0,0.0,0.0,0.0,0.0,0.0,0.0,0.0,0.0,0.0,43.0,20.0,43.0,0.0,0.0,0.0,43.0,0.0,0.0,,0.0,,34.0,222.0,147.0,0.0,0.0,0.0,0.0,0.0,32.0,0.0,0.0,0.0,0.0,0.0,0.0,0.0,0.0,,0.0,0.0,0.0,0.0,0.0,0.0,0.0,0.0,Everton,Jordan-Pickford,4806ec67
2025-05-10,Sat,Matchweek 36,Away,W 3–1,Everton,Fulham,Y*,GK,90.0,0.0,0.0,0.0,0.0,0.0,0.0,0.0,0.0,47.0,0.0,0.0,0.0,0.0,0.0,0.0,0.0,0.0,30.0,44.0,68.2,0.0,28.0,0.0,0.0,0.0,Match Report,30.0,44.0,68.2,908.0,638.0,2.0,2.0,100.0,19.0,19.0,100.0,9.0,23.0,39.1,0.0,0.0,0.0,0.0,3.0,0.0,0.0,0.0,44.0,31.0,13.0,6.0,0.0,0.0,0.0,0.0,0.0,0.0,0.0,0.0,30.0,0.0,0.0,0.0,0.0,0.0,0.0,0.0,0.0,0.0,0.0,0.0,0.0,0.0,0.0,0.0,0.0,47.0,36.0,46.0,1.0,0.0,0.0,47.0,0.0,0.0,,0.0,,28.0,138.0,95.0,0.0,0.0,0.0,0.0,0.0,24.0,0.0,0.0,0.0,0.0,0.0,0.0,0.0,0.0,,0.0,0.0,0.0,0.0,0.0,0.0,0.0,0.0,Everton,Jordan-Pickford,4806ec67
2025-05-18,Sun,Matchweek 37,Home,W 2–0,Everton,Southampton,Y,GK,90.0,0.0,0.0,0.0,0.0,0.0,0.0,0.0,0.0,47.0,0.0,0.0,0.0,0.0,0.0,0.0,0.0,0.0,31.0,44.0,70.5,0.0,33.0,0.0,0.0,0.0,Match Report,31.0,44.0,70.5,788.0,507.0,7.0,7.0,100.0,14.0,14.0,100.0,10.0,23.0,43.5,0.0,0.0,0.0,0.0,0.0,0.0,0.0,0.0,44.0,36.0,8.0,4.0,0.0,1.0,0.0,0.0,0.0,0.0,0.0,0.0,31.0,0.0,0.0,0.0,0.0,0.0,0.0,0.0,0.0,0.0,0.0,0.0,0.0,0.0,0.0,0.0,0.0,47.0,29.0,47.0,0.0,0.0,0.0,47.0,0.0,0.0,,0.0,,33.0,143.0,91.0,0.0,0.0,0.0,0.0,0.0,33.0,0.0,0.0,0.0,0.0,0.0,0.0,0.0,0.0,,0.0,0.0,0.0,0.0,0.0,0.0,0.0,0.0,Everton,Jordan-Pickford,4806ec67
2025-05-25,Sun,Matchweek 38,Away,W 1–0,Everton,Newcastle Utd,Y*,GK,90.0,0.0,0.0,0.0,0.0,0.0,0.0,0.0,0.0,53.0,0.0,0.0,0.0,0.0,0.0,0.0,1.0,0.0,25.0,46.0,54.3,0.0,33.0,0.0,0.0,0.0,Match Report,25.0,46.0,54.3,1144.0,985.0,0.0,0.0,,7.0,7.0,100.0,18.0,39.0,46.2,0.0,0.0,0.0,0.0,3.0,0.0,0.0,0.0,46.0,37.0,9.0,5.0,0.0,0.0,0.0,0.0,0.0,0.0,0.0,0.0,25.0,0.0,0.0,1.0,1.0,0.0,0.0,0.0,0.0,0.0,0.0,0.0,0.0,0.0,0.0,0.0,0.0,53.0,42.0,53.0,0.0,0.0,0.0,53.0,0.0,0.0,,0.0,,33.0,202.0,136.0,0.0,0.0,0.0,0.0,0.0,26.0,0.0,0.0,0.0,0.0,0.0,0.0,0.0,0.0,,0.0,0.0,0.0,0.0,0.0,0.0,1.0,0.0,Everton,Jordan-Pickford,4806ec67
2024-08-17,Sat,Matchweek 1,Home,L 0–3,Everton,Brighton,Y,LB,90.0,0.0,0.0,0.0,0.0,0.0,0.0,0.0,0.0,52.0,0.0,1.0,1.0,0.0,0.0,0.0,1.0,0.0,33.0,42.0,78.6,2.0,23.0,1.0,3.0,0.0,Match Report,33.0,42.0,78.6,476.0,108.0,14.0,15.0,93.3,15.0,19.0,78.9,1.0,3.0,33.3,0.0,0.0,0.0,0.0,2.0,0.0,0.0,2.0,42.0,30.0,11.0,1.0,0.0,0.0,3.0,10.0,0.0,0.0,0.0,0.0,33.0,1.0,0.0,1.0,1.0,0.0,0.0,0.0,0.0,0.0,0.0,0.0,0.0,0.0,0.0,0.0,0.0,52.0,2.0,17.0,25.0,11.0,1.0,52.0,3.0,0.0,0.0,3.0,100.0,23.0,95.0,30.0,1.0,1.0,0.0,1.0,0.0,24.0,2.0,0.0,0.0,0.0,0.0,0.0,0.0,1.0,0.0,1.0,1.0,0.0,1.0,1.0,1.0,2.0,0.0,Everton,Vitaliy-Mykolenko,30d4a2e5
2024-08-24,Sat,Matchweek 2,Away,L 0–4,Everton,Tottenham,Y,LB,90.0,0.0,0.0,0.0,0.0,0.0,0.0,0.0,0.0,45.0,2.0,2.0,1.0,0.0,0.0,0.0,0.0,0.0,29.0,34.0,85.3,4.0,19.0,0.0,1.0,0.0,Match Report,29.0,34.0,85.3,521.0,195.0,10.0,11.0,90.9,17.0,19.0,89.5,1.0,3.0,33.3,0.0,0.0,0.0,0.0,2.0,1.0,0.0,4.0,34.0,24.0,10.0,0.0,0.0,0.0,0.0,10.0,0.0,0.0,0.0,0.0,29.0,0.0,0.0,0.0,0.0,0.0,0.0,0.0,0.0,0.0,0.0,0.0,0.0,0.0,0.0,0.0,0.0,45.0,6.0,20.0,15.0,10.0,0.0,45.0,1.0,0.0,0.0,0.0,0.0,19.0,55.0,25.0,0.0,0.0,0.0,0.0,0.0,19.0,1.0,2.0,2.0,2.0,0.0,0.0,2.0,3.0,66.7,1.0,1.0,0.0,1.0,2.0,4.0,4.0,0.0,Everton,Vitaliy-Mykolenko,30d4a2e5
2024-08-31,Sat,Matchweek 3,Home,L 2–3,Everton,Bournemouth,Y,LB,90.0,0.0,0.0,0.0,0.0,0.0,0.0,0.0,0.0,39.0,0.0,1.0,1.0,0.0,0.0,0.0,1.0,0.0,19.0,29.0,65.5,1.0,8.0,1.0,0.0,0.0,Match Report,19.0,29.0,65.5,363.0,170.0,6.0,8.0,75.0,12.0,14.0,85.7,1.0,5.0,20.0,0.0,0.0,0.0,1.0,1.0,1.0,1.0,1.0,29.0,18.0,10.0,2.0,0.0,0.0,2.0,8.0,0.0,0.0,0.0,0.0,19.0,1.0,1.0,1.0,1.0,0.0,0.0,0.0,0.0,0.0,0.0,0.0,0.0,0.0,0.0,0.0,0.0,39.0,8.0,17.0,15.0,7.0,1.0,39.0,0.0,0.0,,0.0,,8.0,52.0,23.0,1.0,1.0,0.0,0.0,1.0,10.0,3.0,0.0,0.0,0.0,0.0,0.0,0.0,0.0,,0.0,1.0,1.0,0.0,1.0,1.0,8.0,0.0,Everton,Vitaliy-Mykolenko,30d4a2e5
2024-09-14,Sat,Matchweek 4,Away,L 2–3,Everton,Aston Villa,Y,LB,25.0,0.0,0.0,0.0,0.0,0.0,0.0,0.0,0.0,6.0,1.0,0.0,0.0,0.0,0.0,0.0,0.0,0.0,1.0,4.0,25.0,0.0,1.0,0.0,0.0,0.0,Match Report,1.0,4.0,25.0,10.0,6.0,1.0,3.0,33.3,0.0,1.0,0.0,0.0,0.0,,0.0,0.0,0.0,0.0,0.0,0.0,0.0,0.0,4.0,2.0,2.0,0.0,0.0,0.0,0.0,2.0,0.0,0.0,0.0,0.0,1.0,0.0,1.0,0.0,0.0,0.0,0.0,0.0,0.0,0.0,0.0,0.0,0.0,0.0,0.0,0.0,0.0,6.0,2.0,4.0,1.0,1.0,0.0,6.0,0.0,0.0,,0.0,,1.0,3.0,0.0,0.0,0.0,0.0,0.0,0.0,1.0,0.0,1.0,0.0,1.0,0.0,0.0,0.0,1.0,0.0,1.0,0.0,0.0,0.0,0.0,1.0,1.0,0.0,Everton,Vitaliy-Mykolenko,30d4a2e5
2024-09-28,Sat,Matchweek 6,Home,W 2–1,Everton,Crystal Palace,Y,LB,90.0,0.0,0.0,0.0,0.0,1.0,0.0,0.0,0.0,40.0,1.0,0.0,0.0,0.0,0.0,0.1,1.0,0.0,25.0,34.0,73.5,5.0,16.0,1.0,0.0,0.0,Match Report,25.0,34.0,73.5,386.0,197.0,16.0,17.0,94.1,7.0,12.0,58.3,2.0,5.0,40.0,0.0,0.1,0.1,1.0,5.0,1.0,1.0,5.0,34.0,30.0,4.0,0.0,0.0,0.0,3.0,4.0,0.0,0.0,0.0,0.0,25.0,0.0,0.0,1.0,1.0,0.0,0.0,0.0,0.0,0.0,0.0,0.0,0.0,0.0,0.0,0.0,0.0,40.0,2.0,12.0,16.0,12.0,1.0,40.0,0.0,0.0,,0.0,,16.0,68.0,41.0,1.0,0.0,0.0,0.0,0.0,25.0,4.0,1.0,0.0,0.0,1.0,0.0,0.0,1.0,0.0,1.0,0.0,0.0,0.0,0.0,1.0,4.0,0.0,Everton,Vitaliy-Mykolenko,30d4a2e5
2024-10-19,Sat,Matchweek 8,Away,W 2–0,Everton,Ipswich Town,Y,LB,90.0,0.0,0.0,0.0,0.0,0.0,0.0,0.0,0.0,54.0,3.0,1.0,1.0,0.0,0.0,0.0,1.0,0.0,42.0,47.0,89.4,4.0,34.0,0.0,0.0,0.0,Match Report,42.0,47.0,89.4,692.0,244.0,25.0,27.0,92.6,11.0,13.0,84.6,5.0,5.0,100.0,0.0,0.0,0.0,0.0,2.0,0.0,0.0,4.0,47.0,44.0,3.0,0.0,0.0,0.0,1.0,3.0,0.0,0.0,0.0,0.0,42.0,0.0,1.0,1.0,1.0,0.0,0.0,0.0,0.0,0.0,0.0,0.0,0.0,0.0,0.0,0.0,0.0,54.0,4.0,20.0,31.0,5.0,0.0,54.0,0.0,0.0,,0.0,,34.0,116.0,70.0,0.0,0.0,0.0,1.0,0.0,36.0,2.0,3.0,3.0,2.0,1.0,0.0,2.0,2.0,100.0,0.0,1.0,1.0,0.0,1.0,4.0,5.0,0.0,Everton,Vitaliy-Mykolenko,30d4a2e5
2024-10-26,Sat,Matchweek 9,Home,D 1–1,Everton,Fulham,Y,LB,90.0,0.0,0.0,0.0,0.0,0.0,0.0,0.0,0.0,54.0,1.0,1.0,1.0,0.0,0.0,0.1,2.0,0.0,35.0,48.0,72.9,4.0,25.0,1.0,1.0,1.0,Match Report,35.0,48.0,72.9,534.0,177.0,17.0,19.0,89.5,14.0,21.0,66.7,2.0,4.0,50.0,0.0,0.1,0.1,2.0,2.0,2.0,2.0,4.0,48.0,34.0,14.0,1.0,0.0,0.0,4.0,13.0,0.0,0.0,0.0,0.0,35.0,0.0,1.0,2.0,2.0,0.0,0.0,0.0,0.0,0.0,0.0,0.0,0.0,0.0,0.0,0.0,0.0,54.0,3.0,20.0,22.0,12.0,1.0,54.0,1.0,1.0,100.0,0.0,0.0,25.0,87.0,37.0,1.0,2.0,0.0,0.0,0.0,25.0,4.0,1.0,1.0,1.0,0.0,0.0,0.0,0.0,,0.0,1.0,0.0,1.0,1.0,2.0,3.0,1.0,Everton,Vitaliy-Mykolenko,30d4a2e5
2024-11-02,Sat,Matchweek 10,Away,L 0–1,Everton,Southampton,Y,LB,90.0,0.0,0.0,0.0,0.0,1.0,0.0,0.0,0.0,46.0,3.0,1.0,0.0,0.0,0.0,0.0,1.0,0.0,26.0,38.0,68.4,4.0,24.0,2.0,0.0,0.0,Match Report,26.0,38.0,68.4,445.0,139.0,13.0,15.0,86.7,12.0,14.0,85.7,1.0,9.0,11.1,0.0,0.0,0.0,0.0,2.0,1.0,0.0,4.0,38.0,33.0,5.0,1.0,0.0,0.0,5.0,4.0,0.0,0.0,0.0,0.0,26.0,0.0,2.0,1.0,1.0,0.0,0.0,0.0,0.0,0.0,0.0,0.0,0.0,0.0,0.0,0.0,0.0,46.0,3.0,15.0,20.0,11.0,2.0,46.0,0.0,0.0,,0.0,,24.0,68.0,43.0,2.0,0.0,0.0,0.0,0.0,26.0,2.0,3.0,2.0,2.0,1.0,0.0,1.0,1.0,100.0,0.0,0.0,0.0,0.0,1.0,4.0,3.0,0.0,Everton,Vitaliy-Mykolenko,30d4a2e5
2024-11-09,Sat,Matchweek 11,Away,D 0–0,Everton,West Ham,Y,LB,90.0,0.0,0.0,0.0,0.0,2.0,0.0,0.0,0.0,74.0,1.0,0.0,0.0,0.0,0.0,0.0,3.0,0.0,48.0,68.0,70.6,4.0,21.0,1.0,0.0,0.0,Match Report,48.0,68.0,70.6,740.0,300.0,26.0,28.0,92.9,20.0,31.0,64.5,2.0,7.0,28.6,0.0,0.0,0.0,1.0,9.0,0.0,0.0,4.0,68.0,50.0,17.0,0.0,0.0,0.0,4.0,17.0,0.0,0.0,0.0,0.0,48.0,1.0,1.0,3.0,3.0,0.0,0.0,0.0,0.0,0.0,0.0,0.0,0.0,0.0,0.0,0.0,0.0,74.0,3.0,19.0,37.0,18.0,1.0,74.0,0.0,0.0,,0.0,,21.0,86.0,65.0,1.0,1.0,0.0,1.0,0.0,38.0,2.0,1.0,0.0,1.0,0.0,0.0,1.0,2.0,50.0,1.0,0.0,0.0,0.0,0.0,1.0,2.0,0.0,Everton,Vitaliy-Mykolenko,30d4a2e5
2024-11-23,Sat,Matchweek 12,Home,D 0–0,Everton,Brentford,Y,LB,90.0,0.0,0.0,0.0,0.0,3.0,0.0,0.0,0.0,69.0,2.0,1.0,0.0,0.2,0.2,0.0,3.0,0.0,42.0,55.0,76.4,5.0,30.0,2.0,1.0,1.0,Match Report,42.0,55.0,76.4,739.0,201.0,22.0,23.0,95.7,16.0,21.0,76.2,4.0,7.0,57.1,0.0,0.0,0.0,2.0,2.0,2.0,0.0,5.0,55.0,46.0,9.0,1.0,0.0,0.0,7.0,8.0,0.0,0.0,0.0,0.0,42.0,0.0,3.0,3.0,3.0,0.0,0.0,0.0,0.0,0.0,0.0,0.0,0.0,0.0,0.0,0.0,0.0,69.0,1.0,11.0,21.0,37.0,4.0,69.0,1.0,1.0,100.0,0.0,0.0,30.0,175.0,110.0,2.0,2.0,0.0,0.0,1.0,41.0,7.0,2.0,2.0,0.0,0.0,2.0,1.0,2.0,50.0,1.0,0.0,0.0,0.0,1.0,3.0,3.0,0.0,Everton,Vitaliy-Mykolenko,30d4a2e5
2024-12-01,Sun,Matchweek 13,Away,L 0–4,Everton,Manchester Utd,Y,LB,90.0,0.0,0.0,0.0,0.0,0.0,0.0,1.0,0.0,31.0,0.0,1.0,1.0,0.0,0.0,0.0,0.0,0.0,23.0,27.0,85.2,2.0,13.0,0.0,0.0,0.0,Match Report,23.0,27.0,85.2,344.0,140.0,13.0,16.0,81.3,10.0,10.0,100.0,0.0,1.0,0.0,0.0,0.0,0.0,0.0,1.0,0.0,0.0,2.0,27.0,23.0,4.0,0.0,0.0,0.0,0.0,4.0,0.0,0.0,0.0,0.0,23.0,0.0,0.0,0.0,0.0,0.0,0.0,0.0,0.0,0.0,0.0,0.0,0.0,0.0,0.0,0.0,0.0,31.0,1.0,4.0,20.0,7.0,0.0,31.0,0.0,0.0,,0.0,,13.0,34.0,10.0,0.0,0.0,0.0,2.0,1.0,19.0,1.0,0.0,0.0,0.0,0.0,0.0,0.0,1.0,0.0,1.0,1.0,1.0,0.0,1.0,1.0,0.0,0.0,Everton,Vitaliy-Mykolenko,30d4a2e5
2024-12-04,Wed,Matchweek 14,Home,W 4–0,Everton,Wolves,Y,LB,90.0,0.0,0.0,0.0,0.0,1.0,0.0,0.0,0.0,53.0,1.0,1.0,1.0,0.0,0.0,0.0,2.0,1.0,31.0,41.0,75.6,3.0,13.0,0.0,0.0,0.0,Match Report,31.0,41.0,75.6,562.0,311.0,15.0,18.0,83.3,11.0,15.0,73.3,5.0,6.0,83.3,0.0,0.0,0.0,1.0,2.0,1.0,0.0,3.0,41.0,30.0,11.0,0.0,0.0,0.0,0.0,11.0,0.0,0.0,0.0,0.0,31.0,0.0,1.0,2.0,1.0,0.0,0.0,1.0,0.0,0.0,1.0,0.0,0.0,0.0,1.0,0.0,0.0,53.0,3.0,17.0,19.0,17.0,1.0,53.0,0.0,0.0,,0.0,,13.0,47.0,35.0,0.0,1.0,0.0,1.0,0.0,22.0,1.0,1.0,0.0,0.0,0.0,1.0,1.0,1.0,100.0,0.0,1.0,0.0,1.0,1.0,2.0,5.0,0.0,Everton,Vitaliy-Mykolenko,30d4a2e5
2024-12-14,Sat,Matchweek 16,Away,D 0–0,Everton,Arsenal,Y,LB,90.0,0.0,0.0,0.0,0.0,1.0,0.0,0.0,0.0,34.0,4.0,2.0,0.0,0.0,0.0,0.0,0.0,0.0,12.0,20.0,60.0,1.0,8.0,1.0,2.0,0.0,Match Report,12.0,20.0,60.0,226.0,148.0,7.0,8.0,87.5,4.0,8.0,50.0,1.0,3.0,33.3,0.0,0.0,0.0,0.0,1.0,1.0,0.0,1.0,20.0,13.0,7.0,0.0,0.0,0.0,0.0,7.0,0.0,0.0,0.0,0.0,12.0,0.0,1.0,0.0,0.0,0.0,0.0,0.0,0.0,0.0,0.0,0.0,0.0,0.0,0.0,0.0,0.0,34.0,5.0,19.0,14.0,1.0,0.0,34.0,2.0,0.0,0.0,2.0,100.0,8.0,38.0,31.0,1.0,0.0,0.0,0.0,0.0,7.0,0.0,4.0,4.0,4.0,0.0,0.0,2.0,5.0,40.0,3.0,0.0,0.0,0.0,2.0,6.0,6.0,0.0,Everton,Vitaliy-Mykolenko,30d4a2e5
2024-12-22,Sun,Matchweek 17,Home,D 0–0,Everton,Chelsea,Y,LB,90.0,0.0,0.0,0.0,0.0,0.0,0.0,0.0,0.0,40.0,5.0,3.0,2.0,0.0,0.0,0.0,0.0,0.0,20.0,24.0,83.3,2.0,10.0,0.0,0.0,0.0,Match Report,20.0,24.0,83.3,326.0,201.0,7.0,7.0,100.0,9.0,10.0,90.0,2.0,4.0,50.0,0.0,0.0,0.0,0.0,5.0,0.0,0.0,2.0,24.0,19.0,5.0,0.0,0.0,0.0,0.0,5.0,0.0,0.0,0.0,0.0,20.0,0.0,0.0,0.0,0.0,0.0,0.0,0.0,0.0,0.0,0.0,0.0,0.0,0.0,0.0,0.0,0.0,40.0,6.0,18.0,17.0,6.0,0.0,40.0,0.0,0.0,,0.0,,10.0,21.0,6.0,0.0,0.0,0.0,0.0,0.0,12.0,0.0,5.0,1.0,2.0,3.0,0.0,3.0,6.0,50.0,3.0,2.0,1.0,1.0,3.0,8.0,6.0,0.0,Everton,Vitaliy-Mykolenko,30d4a2e5
2024-12-26,Thu,Matchweek 18,Away,D 1–1,Everton,Manchester City,Y,LB,90.0,0.0,0.0,0.0,0.0,0.0,0.0,1.0,0.0,42.0,2.0,1.0,2.0,0.0,0.0,0.0,0.0,0.0,26.0,31.0,83.9,6.0,10.0,0.0,0.0,0.0,Match Report,26.0,31.0,83.9,424.0,171.0,14.0,14.0,100.0,11.0,13.0,84.6,1.0,4.0,25.0,0.0,0.0,0.0,0.0,4.0,0.0,0.0,6.0,31.0,27.0,4.0,0.0,0.0,0.0,0.0,4.0,0.0,0.0,0.0,0.0,26.0,0.0,0.0,0.0,0.0,0.0,0.0,0.0,0.0,0.0,0.0,0.0,0.0,0.0,0.0,0.0,0.0,42.0,6.0,19.0,20.0,3.0,0.0,42.0,0.0,0.0,,0.0,,10.0,29.0,8.0,0.0,0.0,0.0,0.0,0.0,22.0,0.0,2.0,2.0,1.0,1.0,0.0,2.0,5.0,40.0,3.0,2.0,2.0,0.0,1.0,3.0,5.0,0.0,Everton,Vitaliy-Mykolenko,30d4a2e5
2024-12-29,Sun,Matchweek 19,Home,L 0–2,Everton,Nott'ham Forest,Y,LB,90.0,0.0,0.0,0.0,0.0,0.0,0.0,0.0,0.0,65.0,3.0,2.0,0.0,0.0,0.0,0.2,4.0,0.0,40.0,54.0,74.1,6.0,31.0,4.0,1.0,1.0,Match Report,40.0,54.0,74.1,656.0,271.0,25.0,30.0,83.3,11.0,13.0,84.6,4.0,10.0,40.0,0.0,0.2,0.2,3.0,8.0,4.0,3.0,6.0,54.0,41.0,13.0,0.0,0.0,0.0,10.0,13.0,0.0,0.0,0.0,0.0,40.0,0.0,0.0,4.0,4.0,0.0,0.0,0.0,0.0,0.0,0.0,0.0,0.0,0.0,0.0,0.0,0.0,65.0,2.0,12.0,29.0,24.0,1.0,65.0,1.0,1.0,100.0,0.0,0.0,31.0,219.0,150.0,4.0,1.0,0.0,1.0,1.0,38.0,9.0,3.0,1.0,2.0,0.0,1.0,0.0,1.0,0.0,1.0,0.0,0.0,0.0,2.0,5.0,2.0,0.0,Everton,Vitaliy-Mykolenko,30d4a2e5
2025-01-04,Sat,Matchweek 20,Away,L 0–1,Everton,Bournemouth,Y,LB,90.0,0.0,0.0,0.0,0.0,1.0,0.0,0.0,0.0,50.0,1.0,2.0,1.0,0.0,0.0,0.0,0.0,0.0,20.0,32.0,62.5,3.0,15.0,1.0,0.0,0.0,Match Report,20.0,32.0,62.5,305.0,122.0,9.0,13.0,69.2,9.0,14.0,64.3,1.0,3.0,33.3,0.0,0.0,0.0,0.0,2.0,1.0,1.0,3.0,32.0,26.0,6.0,0.0,0.0,0.0,1.0,6.0,0.0,0.0,0.0,0.0,20.0,0.0,1.0,0.0,0.0,0.0,0.0,0.0,0.0,0.0,0.0,0.0,0.0,0.0,0.0,0.0,0.0,50.0,5.0,18.0,20.0,13.0,0.0,50.0,0.0,0.0,,0.0,,15.0,53.0,19.0,1.0,0.0,0.0,1.0,0.0,19.0,3.0,1.0,0.0,0.0,0.0,1.0,1.0,1.0,100.0,0.0,1.0,0.0,1.0,2.0,3.0,8.0,0.0,Everton,Vitaliy-Mykolenko,30d4a2e5
2025-01-15,Wed,Matchweek 21,Home,L 0–1,Everton,Aston Villa,Y,LB,90.0,0.0,0.0,0.0,0.0,0.0,0.0,0.0,0.0,52.0,4.0,1.0,0.0,0.0,0.0,0.3,3.0,0.0,34.0,44.0,77.3,6.0,27.0,2.0,0.0,0.0,Match Report,34.0,44.0,77.3,634.0,342.0,14.0,17.0,82.4,16.0,19.0,84.2,4.0,7.0,57.1,0.0,0.3,0.1,2.0,5.0,2.0,2.0,6.0,44.0,36.0,8.0,2.0,0.0,0.0,6.0,6.0,0.0,0.0,0.0,0.0,34.0,0.0,1.0,3.0,3.0,0.0,0.0,0.0,0.0,0.0,0.0,0.0,0.0,0.0,0.0,0.0,0.0,52.0,2.0,15.0,26.0,12.0,1.0,52.0,0.0,0.0,,0.0,,27.0,84.0,55.0,2.0,2.0,0.0,1.0,1.0,32.0,4.0,4.0,2.0,3.0,1.0,0.0,2.0,2.0,100.0,0.0,0.0,0.0,0.0,1.0,5.0,2.0,0.0,Everton,Vitaliy-Mykolenko,30d4a2e5
2025-01-19,Sun,Matchweek 22,Home,W 3–2,Everton,Tottenham,Y,LB,90.0,0.0,0.0,0.0,0.0,1.0,0.0,0.0,0.0,45.0,2.0,1.0,0.0,0.1,0.1,0.0,0.0,0.0,26.0,35.0,74.3,5.0,24.0,2.0,1.0,1.0,Match Report,26.0,35.0,74.3,424.0,121.0,13.0,13.0,100.0,10.0,14.0,71.4,3.0,7.0,42.9,0.0,0.0,0.0,0.0,3.0,0.0,0.0,5.0,35.0,27.0,8.0,1.0,0.0,0.0,2.0,7.0,0.0,0.0,0.0,0.0,26.0,0.0,0.0,0.0,0.0,0.0,0.0,0.0,0.0,0.0,0.0,0.0,0.0,0.0,0.0,0.0,0.0,45.0,4.0,9.0,22.0,14.0,0.0,45.0,1.0,1.0,100.0,0.0,0.0,24.0,84.0,43.0,2.0,0.0,0.0,1.0,0.0,24.0,2.0,2.0,2.0,0.0,2.0,0.0,2.0,2.0,100.0,0.0,0.0,0.0,0.0,1.0,3.0,5.0,0.0,Everton,Vitaliy-Mykolenko,30d4a2e5
2025-01-25,Sat,Matchweek 23,Away,W 1–0,Everton,Brighton,Y,"LB,CB",90.0,0.0,0.0,0.0,0.0,0.0,0.0,0.0,0.0,39.0,2.0,2.0,1.0,0.0,0.0,0.0,0.0,0.0,14.0,22.0,63.6,2.0,8.0,0.0,1.0,0.0,Match Report,14.0,22.0,63.6,227.0,44.0,7.0,8.0,87.5,7.0,11.0,63.6,0.0,2.0,0.0,0.0,0.0,0.0,0.0,0.0,0.0,0.0,2.0,22.0,12.0,10.0,1.0,0.0,0.0,2.0,9.0,0.0,0.0,0.0,0.0,14.0,0.0,1.0,0.0,0.0,0.0,0.0,0.0,0.0,0.0,0.0,0.0,0.0,0.0,0.0,0.0,0.0,39.0,9.0,20.0,9.0,10.0,0.0,39.0,1.0,0.0,0.0,1.0,100.0,8.0,38.0,16.0,0.0,1.0,0.0,0.0,0.0,10.0,1.0,2.0,1.0,1.0,0.0,1.0,1.0,1.0,100.0,0.0,1.0,1.0,0.0,2.0,4.0,9.0,0.0,Everton,Vitaliy-Mykolenko,30d4a2e5
2025-02-01,Sat,Matchweek 24,Home,W 4–0,Everton,Leicester City,Y,LB,87.0,0.0,0.0,0.0,0.0,0.0,0.0,0.0,0.0,50.0,1.0,0.0,0.0,0.0,0.0,0.4,2.0,0.0,26.0,44.0,59.1,2.0,20.0,3.0,2.0,0.0,Match Report,26.0,44.0,59.1,406.0,108.0,17.0,19.0,89.5,5.0,14.0,35.7,3.0,7.0,42.9,0.0,0.4,0.4,1.0,1.0,2.0,1.0,2.0,44.0,36.0,8.0,1.0,1.0,1.0,3.0,7.0,0.0,0.0,0.0,0.0,26.0,0.0,1.0,2.0,2.0,0.0,0.0,0.0,0.0,0.0,0.0,0.0,0.0,0.0,0.0,0.0,0.0,50.0,2.0,15.0,23.0,12.0,3.0,50.0,2.0,0.0,0.0,0.0,0.0,20.0,131.0,65.0,3.0,0.0,0.0,0.0,1.0,30.0,3.0,1.0,0.0,1.0,0.0,0.0,0.0,0.0,,0.0,0.0,0.0,0.0,0.0,1.0,3.0,0.0,Everton,Vitaliy-Mykolenko,30d4a2e5
2025-02-12,Wed,Matchweek 15,Home,D 2–2,Everton,Liverpool,Y,LB,90.0,0.0,0.0,0.0,0.0,0.0,0.0,0.0,0.0,56.0,1.0,3.0,2.0,0.0,0.0,0.0,1.0,1.0,27.0,37.0,73.0,5.0,21.0,0.0,2.0,1.0,Match Report,27.0,37.0,73.0,482.0,201.0,14.0,15.0,93.3,9.0,11.0,81.8,4.0,11.0,36.4,0.0,0.0,0.1,0.0,5.0,1.0,1.0,5.0,37.0,27.0,10.0,0.0,0.0,0.0,3.0,10.0,0.0,0.0,0.0,0.0,27.0,0.0,0.0,1.0,1.0,0.0,0.0,0.0,0.0,0.0,1.0,1.0,0.0,0.0,0.0,0.0,0.0,56.0,1.0,17.0,24.0,16.0,0.0,56.0,2.0,1.0,50.0,1.0,50.0,21.0,51.0,33.0,0.0,1.0,0.0,2.0,0.0,25.0,1.0,1.0,1.0,1.0,0.0,0.0,0.0,0.0,,0.0,2.0,0.0,2.0,3.0,4.0,8.0,0.0,Everton,Vitaliy-Mykolenko,30d4a2e5
2025-02-15,Sat,Matchweek 25,Away,W 2–1,Everton,Crystal Palace,Y,LB,90.0,0.0,0.0,0.0,0.0,0.0,0.0,0.0,0.0,40.0,1.0,0.0,0.0,0.0,0.0,0.0,0.0,0.0,21.0,35.0,60.0,4.0,21.0,0.0,0.0,0.0,Match Report,21.0,35.0,60.0,392.0,266.0,9.0,12.0,75.0,6.0,11.0,54.5,4.0,8.0,50.0,0.0,0.0,0.0,0.0,4.0,1.0,0.0,4.0,35.0,29.0,6.0,0.0,0.0,0.0,1.0,6.0,0.0,0.0,0.0,0.0,21.0,0.0,1.0,0.0,0.0,0.0,0.0,0.0,0.0,0.0,0.0,0.0,0.0,0.0,0.0,0.0,0.0,40.0,4.0,15.0,16.0,9.0,0.0,40.0,0.0,0.0,,0.0,,21.0,47.0,25.0,0.0,1.0,0.0,1.0,1.0,24.0,1.0,1.0,0.0,1.0,0.0,0.0,0.0,0.0,,0.0,0.0,0.0,0.0,0.0,1.0,3.0,0.0,Everton,Vitaliy-Mykolenko,30d4a2e5
2025-02-22,Sat,Matchweek 26,Home,D 2–2,Everton,Manchester Utd,Y,LB,90.0,0.0,0.0,0.0,0.0,0.0,0.0,0.0,0.0,43.0,2.0,1.0,1.0,0.0,0.0,0.0,1.0,0.0,23.0,33.0,69.7,4.0,18.0,0.0,0.0,0.0,Match Report,23.0,33.0,69.7,412.0,191.0,12.0,14.0,85.7,9.0,10.0,90.0,2.0,8.0,25.0,0.0,0.0,0.0,0.0,1.0,3.0,1.0,4.0,33.0,28.0,5.0,0.0,0.0,0.0,1.0,5.0,0.0,0.0,0.0,0.0,23.0,0.0,0.0,1.0,1.0,0.0,0.0,0.0,0.0,0.0,0.0,0.0,0.0,0.0,0.0,0.0,0.0,43.0,5.0,15.0,20.0,8.0,0.0,43.0,0.0,0.0,,0.0,,18.0,81.0,35.0,0.0,0.0,0.0,0.0,0.0,21.0,1.0,2.0,1.0,0.0,0.0,2.0,0.0,1.0,0.0,1.0,1.0,0.0,1.0,1.0,3.0,5.0,0.0,Everton,Vitaliy-Mykolenko,30d4a2e5
2025-02-26,Wed,Matchweek 27,Away,D 1–1,Everton,Brentford,Y,LB,90.0,0.0,1.0,0.0,0.0,0.0,0.0,0.0,0.0,46.0,1.0,1.0,1.0,0.0,0.0,0.3,2.0,1.0,27.0,38.0,71.1,1.0,21.0,4.0,1.0,0.0,Match Report,27.0,38.0,71.1,375.0,129.0,19.0,22.0,86.4,8.0,13.0,61.5,0.0,2.0,0.0,1.0,0.3,0.2,2.0,0.0,3.0,2.0,1.0,38.0,31.0,7.0,0.0,0.0,0.0,5.0,7.0,0.0,0.0,0.0,0.0,27.0,0.0,0.0,2.0,2.0,0.0,0.0,0.0,0.0,0.0,1.0,1.0,0.0,0.0,0.0,0.0,0.0,46.0,3.0,9.0,17.0,21.0,1.0,46.0,1.0,0.0,0.0,1.0,100.0,21.0,136.0,100.0,4.0,3.0,1.0,1.0,0.0,29.0,7.0,1.0,1.0,0.0,1.0,0.0,0.0,1.0,0.0,1.0,1.0,1.0,0.0,1.0,2.0,3.0,0.0,Everton,Vitaliy-Mykolenko,30d4a2e5
2025-03-08,Sat,Matchweek 28,Away,D 1–1,Everton,Wolves,Y,LB,90.0,0.0,0.0,0.0,0.0,0.0,0.0,0.0,0.0,37.0,4.0,0.0,1.0,0.0,0.0,0.0,0.0,0.0,17.0,25.0,68.0,0.0,19.0,0.0,0.0,0.0,Match Report,17.0,25.0,68.0,314.0,85.0,8.0,9.0,88.9,6.0,11.0,54.5,3.0,4.0,75.0,0.0,0.0,0.0,0.0,0.0,0.0,0.0,0.0,25.0,23.0,2.0,0.0,0.0,0.0,2.0,2.0,0.0,0.0,0.0,0.0,17.0,0.0,0.0,0.0,0.0,0.0,0.0,0.0,0.0,0.0,0.0,0.0,0.0,0.0,0.0,0.0,0.0,37.0,4.0,17.0,16.0,5.0,1.0,37.0,0.0,0.0,,0.0,,19.0,67.0,42.0,0.0,2.0,0.0,1.0,0.0,18.0,1.0,4.0,1.0,3.0,1.0,0.0,1.0,1.0,100.0,0.0,1.0,0.0,1.0,0.0,4.0,5.0,0.0,Everton,Vitaliy-Mykolenko,30d4a2e5
2025-03-15,Sat,Matchweek 29,Home,D 1–1,Everton,West Ham,Y,LB,90.0,0.0,0.0,0.0,0.0,0.0,0.0,0.0,0.0,72.0,0.0,2.0,3.0,0.0,0.0,0.0,3.0,0.0,47.0,59.0,79.7,4.0,37.0,0.0,0.0,0.0,Match Report,47.0,59.0,79.7,797.0,356.0,27.0,29.0,93.1,13.0,18.0,72.2,6.0,10.0,60.0,0.0,0.0,0.1,2.0,6.0,3.0,2.0,4.0,59.0,46.0,13.0,1.0,0.0,0.0,6.0,12.0,0.0,0.0,0.0,0.0,47.0,0.0,0.0,3.0,3.0,0.0,0.0,0.0,0.0,0.0,0.0,0.0,0.0,0.0,0.0,0.0,0.0,72.0,1.0,9.0,34.0,30.0,2.0,72.0,0.0,0.0,,0.0,,37.0,120.0,41.0,0.0,1.0,0.0,2.0,1.0,38.0,6.0,0.0,0.0,0.0,0.0,0.0,0.0,1.0,0.0,1.0,3.0,0.0,3.0,2.0,2.0,5.0,0.0,Everton,Vitaliy-Mykolenko,30d4a2e5
2025-04-02,Wed,Matchweek 30,Away,L 0–1,Everton,Liverpool,Y,LB,90.0,0.0,0.0,0.0,0.0,0.0,0.0,0.0,0.0,37.0,4.0,1.0,1.0,0.0,0.0,0.0,0.0,0.0,12.0,21.0,57.1,0.0,8.0,1.0,0.0,0.0,Match Report,12.0,21.0,57.1,210.0,109.0,5.0,5.0,100.0,4.0,7.0,57.1,2.0,7.0,28.6,0.0,0.0,0.0,0.0,1.0,0.0,0.0,0.0,21.0,16.0,5.0,0.0,0.0,0.0,4.0,5.0,0.0,0.0,0.0,0.0,12.0,0.0,1.0,0.0,0.0,0.0,0.0,0.0,0.0,0.0,0.0,0.0,0.0,0.0,0.0,0.0,0.0,37.0,6.0,18.0,10.0,9.0,1.0,37.0,0.0,0.0,,0.0,,8.0,30.0,20.0,1.0,1.0,0.0,1.0,0.0,10.0,1.0,4.0,4.0,3.0,1.0,0.0,2.0,3.0,66.7,1.0,1.0,1.0,0.0,1.0,5.0,8.0,0.0,Everton,Vitaliy-Mykolenko,30d4a2e5
2025-04-12,Sat,Matchweek 32,Away,W 1–0,Everton,Nott'ham Forest,Y,LB,90.0,0.0,0.0,0.0,0.0,0.0,0.0,0.0,0.0,72.0,1.0,0.0,0.0,0.0,0.0,0.0,1.0,0.0,58.0,66.0,87.9,7.0,38.0,1.0,0.0,0.0,Match Report,58.0,66.0,87.9,959.0,423.0,32.0,32.0,100.0,17.0,22.0,77.3,7.0,10.0,70.0,0.0,0.0,0.1,0.0,15.0,1.0,1.0,7.0,66.0,59.0,7.0,0.0,1.0,0.0,3.0,7.0,0.0,0.0,0.0,0.0,58.0,0.0,0.0,1.0,1.0,0.0,0.0,0.0,0.0,0.0,0.0,0.0,0.0,0.0,0.0,0.0,0.0,72.0,1.0,14.0,40.0,18.0,0.0,72.0,0.0,0.0,,0.0,,38.0,218.0,109.0,1.0,1.0,0.0,1.0,0.0,54.0,4.0,1.0,1.0,0.0,1.0,0.0,0.0,0.0,,0.0,0.0,0.0,0.0,0.0,1.0,3.0,0.0,Everton,Vitaliy-Mykolenko,30d4a2e5
2025-04-19,Sat,Matchweek 33,Home,L 0–2,Everton,Manchester City,Y,LB,90.0,0.0,0.0,0.0,0.0,1.0,0.0,0.0,0.0,50.0,1.0,2.0,2.0,0.0,0.0,0.0,3.0,0.0,32.0,40.0,80.0,3.0,18.0,1.0,2.0,2.0,Match Report,32.0,40.0,80.0,718.0,334.0,8.0,10.0,80.0,18.0,20.0,90.0,6.0,9.0,66.7,0.0,0.0,0.1,1.0,4.0,4.0,2.0,3.0,40.0,33.0,7.0,0.0,0.0,1.0,2.0,7.0,0.0,0.0,0.0,0.0,32.0,0.0,1.0,3.0,2.0,0.0,1.0,0.0,0.0,0.0,0.0,0.0,0.0,0.0,0.0,0.0,0.0,50.0,6.0,20.0,19.0,12.0,2.0,50.0,2.0,2.0,100.0,0.0,0.0,18.0,85.0,61.0,1.0,1.0,0.0,0.0,0.0,22.0,2.0,1.0,0.0,1.0,0.0,0.0,1.0,1.0,100.0,0.0,2.0,0.0,2.0,2.0,3.0,3.0,0.0,Everton,Vitaliy-Mykolenko,30d4a2e5
2025-04-26,Sat,Matchweek 34,Away,L 0–1,Everton,Chelsea,Y,LB,90.0,0.0,0.0,0.0,0.0,0.0,0.0,0.0,0.0,56.0,0.0,2.0,0.0,0.0,0.0,0.2,2.0,0.0,38.0,49.0,77.6,3.0,27.0,2.0,2.0,1.0,Match Report,38.0,49.0,77.6,637.0,216.0,19.0,23.0,82.6,15.0,19.0,78.9,3.0,6.0,50.0,0.0,0.2,0.1,1.0,1.0,2.0,2.0,3.0,49.0,41.0,8.0,0.0,0.0,0.0,6.0,8.0,0.0,0.0,0.0,0.0,38.0,0.0,0.0,2.0,2.0,0.0,0.0,0.0,0.0,0.0,0.0,0.0,0.0,0.0,0.0,0.0,0.0,56.0,2.0,16.0,23.0,17.0,2.0,56.0,2.0,1.0,50.0,1.0,50.0,27.0,135.0,68.0,2.0,3.0,0.0,1.0,2.0,32.0,8.0,0.0,0.0,0.0,0.0,0.0,0.0,4.0,0.0,4.0,0.0,0.0,0.0,2.0,2.0,2.0,0.0,Everton,Vitaliy-Mykolenko,30d4a2e5
2025-05-03,Sat,Matchweek 35,Home,D 2–2,Everton,Ipswich Town,Y,LB,90.0,0.0,0.0,0.0,0.0,0.0,0.0,1.0,0.0,52.0,1.0,1.0,0.0,0.0,0.0,0.0,1.0,0.0,34.0,44.0,77.3,3.0,28.0,0.0,0.0,0.0,Match Report,34.0,44.0,77.3,448.0,160.0,23.0,25.0,92.0,10.0,13.0,76.9,0.0,2.0,0.0,0.0,0.0,0.1,0.0,0.0,0.0,0.0,3.0,44.0,36.0,8.0,1.0,0.0,0.0,5.0,7.0,0.0,0.0,0.0,0.0,34.0,0.0,2.0,1.0,1.0,0.0,0.0,0.0,0.0,0.0,0.0,0.0,0.0,0.0,0.0,0.0,0.0,52.0,3.0,9.0,15.0,28.0,4.0,52.0,0.0,0.0,,0.0,,28.0,64.0,16.0,0.0,1.0,0.0,1.0,0.0,30.0,7.0,1.0,1.0,1.0,0.0,0.0,1.0,1.0,100.0,0.0,0.0,0.0,0.0,1.0,2.0,4.0,0.0,Everton,Vitaliy-Mykolenko,30d4a2e5
2025-05-10,Sat,Matchweek 36,Away,W 3–1,Everton,Fulham,Y,LB,90.0,1.0,0.0,0.0,0.0,1.0,1.0,0.0,0.0,30.0,0.0,2.0,1.0,0.0,0.0,0.0,0.0,0.0,17.0,23.0,73.9,2.0,19.0,0.0,0.0,0.0,Match Report,17.0,23.0,73.9,320.0,77.0,9.0,10.0,90.0,6.0,8.0,75.0,2.0,3.0,66.7,0.0,0.0,0.0,0.0,1.0,0.0,0.0,2.0,23.0,21.0,2.0,0.0,0.0,1.0,2.0,2.0,0.0,0.0,0.0,0.0,17.0,0.0,1.0,0.0,0.0,0.0,0.0,0.0,0.0,0.0,0.0,0.0,0.0,0.0,0.0,0.0,0.0,30.0,3.0,8.0,15.0,8.0,0.0,30.0,0.0,0.0,,0.0,,19.0,57.0,10.0,0.0,0.0,0.0,0.0,1.0,16.0,2.0,0.0,0.0,0.0,0.0,0.0,0.0,1.0,0.0,1.0,1.0,1.0,0.0,2.0,2.0,2.0,1.0,Everton,Vitaliy-Mykolenko,30d4a2e5
2025-05-18,Sun,Matchweek 37,Home,W 2–0,Everton,Southampton,Y,LB,90.0,0.0,0.0,0.0,0.0,1.0,0.0,0.0,0.0,70.0,7.0,3.0,0.0,0.0,0.0,0.8,2.0,0.0,38.0,50.0,76.0,3.0,28.0,2.0,0.0,0.0,Match Report,38.0,50.0,76.0,532.0,150.0,23.0,24.0,95.8,12.0,19.0,63.2,2.0,6.0,33.3,0.0,0.8,0.0,2.0,4.0,1.0,0.0,3.0,50.0,43.0,7.0,0.0,0.0,0.0,4.0,7.0,0.0,0.0,0.0,0.0,38.0,0.0,0.0,2.0,1.0,0.0,0.0,1.0,0.0,0.0,0.0,0.0,0.0,0.0,0.0,0.0,0.0,70.0,4.0,24.0,27.0,19.0,2.0,70.0,0.0,0.0,,0.0,,28.0,109.0,52.0,2.0,1.0,0.0,1.0,0.0,38.0,6.0,7.0,5.0,6.0,0.0,1.0,3.0,4.0,75.0,1.0,0.0,0.0,0.0,3.0,10.0,5.0,0.0,Everton,Vitaliy-Mykolenko,30d4a2e5
2025-05-25,Sun,Matchweek 38,Away,W 1–0,Everton,Newcastle Utd,Y,LB,90.0,0.0,1.0,0.0,0.0,0.0,0.0,1.0,0.0,37.0,1.0,2.0,0.0,0.0,0.0,0.1,3.0,1.0,23.0,29.0,79.3,0.0,14.0,0.0,0.0,0.0,Match Report,23.0,29.0,79.3,434.0,166.0,11.0,12.0,91.7,9.0,12.0,75.0,3.0,5.0,60.0,1.0,0.1,0.2,2.0,1.0,2.0,2.0,0.0,29.0,26.0,3.0,0.0,0.0,0.0,4.0,3.0,0.0,0.0,0.0,0.0,23.0,0.0,1.0,3.0,3.0,0.0,0.0,0.0,0.0,0.0,1.0,1.0,0.0,0.0,0.0,0.0,0.0,37.0,3.0,13.0,15.0,9.0,0.0,37.0,0.0,0.0,,0.0,,14.0,42.0,12.0,0.0,0.0,0.0,1.0,0.0,23.0,1.0,1.0,0.0,0.0,0.0,1.0,0.0,0.0,,0.0,0.0,0.0,0.0,2.0,3.0,3.0,0.0,Everton,Vitaliy-Mykolenko,30d4a2e5
2024-08-17,Sat,Matchweek 1,Home,L 0–3,Everton,Brighton,Y,DM,90.0,0.0,0.0,0.0,0.0,1.0,0.0,0.0,0.0,45.0,2.0,0.0,3.0,0.0,0.0,0.0,1.0,0.0,29.0,35.0,82.9,4.0,22.0,1.0,2.0,0.0,Match Report,29.0,35.0,82.9,529.0,105.0,10.0,12.0,83.3,17.0,17.0,100.0,2.0,5.0,40.0,0.0,0.0,0.0,0.0,3.0,0.0,0.0,4.0,35.0,33.0,2.0,1.0,0.0,0.0,0.0,0.0,0.0,0.0,0.0,0.0,29.0,0.0,0.0,1.0,1.0,0.0,0.0,0.0,0.0,0.0,0.0,0.0,0.0,0.0,0.0,0.0,0.0,45.0,1.0,6.0,31.0,8.0,1.0,45.0,2.0,0.0,0.0,2.0,100.0,22.0,107.0,48.0,1.0,0.0,0.0,0.0,2.0,27.0,1.0,2.0,1.0,0.0,2.0,0.0,0.0,0.0,,0.0,3.0,0.0,3.0,0.0,2.0,0.0,0.0,Everton,Idrissa-Gana-Gueye,72c812f3
2024-08-24,Sat,Matchweek 2,Away,L 0–4,Everton,Tottenham,Y,DM,89.0,0.0,0.0,0.0,0.0,0.0,0.0,0.0,0.0,39.0,8.0,1.0,1.0,0.0,0.0,0.0,2.0,0.0,24.0,28.0,85.7,4.0,16.0,1.0,1.0,0.0,Match Report,24.0,28.0,85.7,409.0,55.0,13.0,14.0,92.9,8.0,10.0,80.0,3.0,4.0,75.0,0.0,0.0,0.0,0.0,3.0,0.0,0.0,4.0,28.0,26.0,2.0,0.0,1.0,0.0,0.0,0.0,0.0,0.0,0.0,0.0,24.0,0.0,0.0,2.0,1.0,0.0,0.0,0.0,1.0,0.0,0.0,0.0,0.0,0.0,0.0,0.0,0.0,39.0,4.0,13.0,20.0,7.0,0.0,39.0,1.0,0.0,0.0,1.0,100.0,16.0,92.0,67.0,1.0,0.0,0.0,0.0,0.0,19.0,2.0,8.0,4.0,5.0,1.0,2.0,2.0,3.0,66.7,1.0,1.0,0.0,1.0,1.0,9.0,1.0,0.0,Everton,Idrissa-Gana-Gueye,72c812f3
2024-08-31,Sat,Matchweek 3,Home,L 2–3,Everton,Bournemouth,Y,DM,90.0,0.0,0.0,0.0,0.0,2.0,1.0,0.0,0.0,54.0,2.0,3.0,2.0,0.1,0.1,0.0,2.0,0.0,38.0,42.0,90.5,5.0,25.0,0.0,1.0,0.0,Match Report,38.0,42.0,90.5,608.0,162.0,22.0,23.0,95.7,12.0,12.0,100.0,4.0,5.0,80.0,0.0,0.0,0.1,0.0,5.0,1.0,0.0,5.0,42.0,42.0,0.0,0.0,0.0,0.0,0.0,0.0,0.0,0.0,0.0,0.0,38.0,0.0,1.0,2.0,2.0,0.0,0.0,0.0,0.0,0.0,0.0,0.0,0.0,0.0,0.0,0.0,0.0,54.0,3.0,9.0,34.0,11.0,3.0,54.0,1.0,0.0,0.0,1.0,100.0,25.0,95.0,35.0,0.0,2.0,1.0,2.0,3.0,30.0,0.0,2.0,2.0,1.0,1.0,0.0,1.0,2.0,50.0,1.0,2.0,1.0,1.0,3.0,5.0,0.0,0.0,Everton,Idrissa-Gana-Gueye,72c812f3
2024-09-14,Sat,Matchweek 4,Away,L 2–3,Everton,Aston Villa,Y,DM,63.0,0.0,0.0,0.0,0.0,0.0,0.0,0.0,0.0,18.0,2.0,2.0,1.0,0.0,0.0,0.0,0.0,0.0,8.0,10.0,80.0,0.0,3.0,0.0,0.0,0.0,Match Report,8.0,10.0,80.0,86.0,28.0,7.0,7.0,100.0,1.0,2.0,50.0,0.0,1.0,0.0,0.0,0.0,0.0,0.0,0.0,0.0,0.0,0.0,10.0,10.0,0.0,0.0,0.0,0.0,0.0,0.0,0.0,0.0,0.0,0.0,8.0,0.0,0.0,0.0,0.0,0.0,0.0,0.0,0.0,0.0,0.0,0.0,0.0,0.0,0.0,0.0,0.0,18.0,2.0,6.0,12.0,0.0,0.0,18.0,0.0,0.0,,0.0,,3.0,10.0,2.0,0.0,0.0,0.0,0.0,1.0,4.0,0.0,2.0,1.0,0.0,2.0,0.0,0.0,1.0,0.0,1.0,1.0,0.0,1.0,2.0,4.0,3.0,0.0,Everton,Idrissa-Gana-Gueye,72c812f3
2024-09-28,Sat,Matchweek 6,Home,W 2–1,Everton,Crystal Palace,N,"DM,AM",8.0,0.0,0.0,0.0,0.0,1.0,0.0,0.0,0.0,5.0,0.0,0.0,0.0,0.0,0.0,0.0,0.0,0.0,3.0,3.0,100.0,2.0,2.0,0.0,0.0,0.0,Match Report,3.0,3.0,100.0,74.0,28.0,0.0,0.0,,1.0,1.0,100.0,1.0,1.0,100.0,0.0,0.0,0.0,0.0,1.0,1.0,0.0,2.0,3.0,3.0,0.0,0.0,0.0,0.0,0.0,0.0,0.0,0.0,0.0,0.0,3.0,0.0,0.0,0.0,0.0,0.0,0.0,0.0,0.0,0.0,0.0,0.0,0.0,0.0,0.0,0.0,0.0,5.0,0.0,0.0,2.0,3.0,0.0,5.0,0.0,0.0,,0.0,,2.0,5.0,2.0,0.0,0.0,0.0,0.0,0.0,3.0,0.0,0.0,0.0,0.0,0.0,0.0,0.0,0.0,,0.0,0.0,0.0,0.0,0.0,0.0,0.0,0.0,Everton,Idrissa-Gana-Gueye,72c812f3
2024-10-05,Sat,Matchweek 7,Home,D 0–0,Everton,Newcastle Utd,N,DM,34.0,0.0,0.0,0.0,0.0,2.0,0.0,0.0,0.0,27.0,1.0,1.0,1.0,0.4,0.4,0.0,1.0,0.0,13.0,20.0,65.0,3.0,10.0,0.0,1.0,1.0,Match Report,13.0,20.0,65.0,236.0,76.0,5.0,8.0,62.5,7.0,7.0,100.0,1.0,2.0,50.0,0.0,0.0,0.0,0.0,2.0,0.0,0.0,3.0,20.0,20.0,0.0,0.0,0.0,0.0,0.0,0.0,0.0,0.0,0.0,0.0,13.0,0.0,2.0,1.0,1.0,0.0,0.0,0.0,0.0,0.0,0.0,0.0,0.0,0.0,0.0,0.0,0.0,27.0,3.0,9.0,15.0,4.0,1.0,27.0,1.0,1.0,100.0,0.0,0.0,10.0,65.0,35.0,0.0,0.0,0.0,0.0,0.0,12.0,0.0,1.0,1.0,1.0,0.0,0.0,0.0,0.0,,0.0,1.0,1.0,0.0,1.0,2.0,1.0,0.0,Everton,Idrissa-Gana-Gueye,72c812f3
2024-10-19,Sat,Matchweek 8,Away,W 2–0,Everton,Ipswich Town,Y,DM,90.0,0.0,0.0,0.0,0.0,0.0,0.0,0.0,0.0,43.0,2.0,1.0,1.0,0.0,0.0,0.0,0.0,0.0,36.0,40.0,90.0,2.0,25.0,3.0,0.0,0.0,Match Report,36.0,40.0,90.0,560.0,132.0,21.0,22.0,95.5,12.0,15.0,80.0,2.0,2.0,100.0,0.0,0.0,0.0,0.0,3.0,0.0,0.0,2.0,40.0,40.0,0.0,0.0,0.0,0.0,0.0,0.0,0.0,0.0,0.0,0.0,36.0,0.0,0.0,0.0,0.0,0.0,0.0,0.0,0.0,0.0,0.0,0.0,0.0,0.0,0.0,0.0,0.0,43.0,1.0,19.0,19.0,6.0,1.0,43.0,0.0,0.0,,0.0,,25.0,152.0,85.0,3.0,2.0,0.0,1.0,0.0,31.0,1.0,2.0,2.0,2.0,0.0,0.0,1.0,2.0,50.0,1.0,1.0,0.0,1.0,1.0,3.0,0.0,0.0,Everton,Idrissa-Gana-Gueye,72c812f3
2024-10-26,Sat,Matchweek 9,Home,D 1–1,Everton,Fulham,Y,DM,90.0,0.0,0.0,0.0,0.0,1.0,0.0,0.0,0.0,56.0,5.0,2.0,1.0,0.0,0.0,0.0,0.0,0.0,41.0,48.0,85.4,7.0,28.0,1.0,2.0,2.0,Match Report,41.0,48.0,85.4,611.0,194.0,21.0,22.0,95.5,19.0,23.0,82.6,0.0,0.0,,0.0,0.0,0.0,0.0,5.0,0.0,0.0,7.0,48.0,46.0,1.0,1.0,0.0,0.0,1.0,0.0,0.0,0.0,0.0,0.0,41.0,1.0,1.0,0.0,0.0,0.0,0.0,0.0,0.0,0.0,0.0,0.0,0.0,0.0,0.0,0.0,0.0,56.0,3.0,17.0,29.0,10.0,0.0,56.0,2.0,2.0,100.0,0.0,0.0,28.0,149.0,81.0,1.0,1.0,0.0,1.0,1.0,32.0,0.0,5.0,4.0,4.0,0.0,1.0,3.0,3.0,100.0,0.0,1.0,0.0,1.0,2.0,7.0,0.0,0.0,Everton,Idrissa-Gana-Gueye,72c812f3
2024-11-02,Sat,Matchweek 10,Away,L 0–1,Everton,Southampton,Y,"DM,CM",90.0,0.0,0.0,0.0,0.0,1.0,0.0,0.0,0.0,53.0,6.0,1.0,1.0,0.0,0.0,0.1,4.0,0.0,38.0,40.0,95.0,6.0,22.0,1.0,0.0,0.0,Match Report,38.0,40.0,95.0,636.0,169.0,19.0,20.0,95.0,17.0,18.0,94.4,2.0,2.0,100.0,0.0,0.1,0.1,1.0,4.0,0.0,0.0,6.0,40.0,39.0,1.0,0.0,0.0,0.0,0.0,0.0,0.0,0.0,0.0,0.0,38.0,0.0,1.0,4.0,3.0,0.0,0.0,0.0,0.0,1.0,0.0,0.0,0.0,0.0,0.0,0.0,0.0,53.0,2.0,12.0,31.0,12.0,2.0,53.0,0.0,0.0,,0.0,,22.0,105.0,49.0,1.0,3.0,0.0,1.0,2.0,31.0,1.0,6.0,1.0,4.0,0.0,2.0,4.0,5.0,80.0,1.0,1.0,0.0,1.0,1.0,7.0,2.0,0.0,Everton,Idrissa-Gana-Gueye,72c812f3
2024-11-09,Sat,Matchweek 11,Away,D 0–0,Everton,West Ham,Y,DM,90.0,0.0,0.0,0.0,0.0,2.0,0.0,1.0,0.0,79.0,2.0,0.0,1.0,0.1,0.1,0.3,5.0,0.0,53.0,67.0,79.1,4.0,39.0,1.0,1.0,0.0,Match Report,53.0,67.0,79.1,913.0,226.0,25.0,29.0,86.2,24.0,28.0,85.7,4.0,6.0,66.7,0.0,0.3,0.3,3.0,7.0,2.0,1.0,4.0,67.0,64.0,3.0,0.0,1.0,0.0,2.0,2.0,0.0,0.0,0.0,0.0,53.0,0.0,3.0,5.0,4.0,0.0,0.0,1.0,0.0,0.0,0.0,0.0,0.0,0.0,0.0,0.0,0.0,79.0,0.0,10.0,48.0,21.0,3.0,79.0,1.0,0.0,0.0,1.0,100.0,39.0,137.0,51.0,1.0,1.0,0.0,4.0,3.0,52.0,0.0,2.0,2.0,0.0,2.0,0.0,1.0,4.0,25.0,3.0,1.0,0.0,1.0,0.0,2.0,1.0,0.0,Everton,Idrissa-Gana-Gueye,72c812f3
2024-11-23,Sat,Matchweek 12,Home,D 0–0,Everton,Brentford,Y,DM,90.0,0.0,0.0,0.0,0.0,4.0,1.0,0.0,0.0,89.0,5.0,0.0,1.0,0.1,0.1,0.2,7.0,0.0,64.0,75.0,85.3,13.0,43.0,4.0,1.0,1.0,Match Report,64.0,75.0,85.3,1285.0,394.0,26.0,29.0,89.7,25.0,28.0,89.3,12.0,15.0,80.0,0.0,0.2,0.2,4.0,16.0,1.0,1.0,13.0,75.0,74.0,1.0,1.0,0.0,2.0,1.0,0.0,0.0,0.0,0.0,0.0,64.0,0.0,2.0,7.0,5.0,0.0,0.0,1.0,1.0,0.0,0.0,0.0,0.0,0.0,0.0,0.0,0.0,89.0,1.0,12.0,40.0,37.0,1.0,89.0,1.0,1.0,100.0,0.0,0.0,43.0,268.0,145.0,4.0,2.0,1.0,2.0,2.0,61.0,3.0,5.0,1.0,3.0,2.0,0.0,1.0,1.0,100.0,0.0,1.0,0.0,1.0,0.0,5.0,0.0,0.0,Everton,Idrissa-Gana-Gueye,72c812f3
2024-12-01,Sun,Matchweek 13,Away,L 0–4,Everton,Manchester Utd,Y,DM,66.0,0.0,0.0,0.0,0.0,0.0,0.0,1.0,0.0,50.0,3.0,1.0,4.0,0.0,0.0,0.0,1.0,0.0,35.0,41.0,85.4,4.0,30.0,1.0,0.0,0.0,Match Report,35.0,41.0,85.4,581.0,143.0,20.0,23.0,87.0,13.0,14.0,92.9,2.0,3.0,66.7,0.0,0.0,0.0,1.0,1.0,0.0,0.0,4.0,41.0,39.0,2.0,1.0,0.0,0.0,0.0,0.0,0.0,0.0,0.0,0.0,35.0,0.0,1.0,1.0,1.0,0.0,0.0,0.0,0.0,0.0,0.0,0.0,0.0,0.0,0.0,0.0,0.0,50.0,1.0,9.0,36.0,5.0,0.0,50.0,0.0,0.0,,0.0,,30.0,114.0,47.0,1.0,0.0,0.0,1.0,1.0,33.0,0.0,3.0,1.0,2.0,1.0,0.0,1.0,2.0,50.0,1.0,4.0,0.0,4.0,1.0,4.0,0.0,0.0,Everton,Idrissa-Gana-Gueye,72c812f3
2024-12-04,Wed,Matchweek 14,Home,W 4–0,Everton,Wolves,Y,DM,90.0,0.0,0.0,0.0,0.0,0.0,0.0,0.0,0.0,53.0,3.0,1.0,1.0,0.0,0.0,0.0,2.0,0.0,43.0,45.0,95.6,4.0,20.0,0.0,3.0,1.0,Match Report,43.0,45.0,95.6,688.0,145.0,22.0,23.0,95.7,17.0,17.0,100.0,3.0,3.0,100.0,0.0,0.0,0.0,0.0,7.0,0.0,0.0,4.0,45.0,44.0,1.0,0.0,0.0,0.0,0.0,0.0,0.0,0.0,0.0,0.0,43.0,0.0,1.0,2.0,2.0,0.0,0.0,0.0,0.0,0.0,0.0,0.0,0.0,0.0,0.0,0.0,0.0,53.0,0.0,7.0,39.0,7.0,0.0,53.0,3.0,1.0,33.3,2.0,66.7,20.0,71.0,36.0,0.0,0.0,0.0,0.0,1.0,31.0,0.0,3.0,2.0,0.0,3.0,0.0,2.0,3.0,66.7,1.0,1.0,0.0,1.0,1.0,4.0,0.0,0.0,Everton,Idrissa-Gana-Gueye,72c812f3
2024-12-14,Sat,Matchweek 16,Away,D 0–0,Everton,Arsenal,Y,CM,90.0,0.0,0.0,0.0,0.0,0.0,0.0,0.0,0.0,38.0,3.0,0.0,0.0,0.0,0.0,0.0,1.0,0.0,30.0,32.0,93.8,2.0,23.0,0.0,4.0,4.0,Match Report,30.0,32.0,93.8,488.0,139.0,16.0,17.0,94.1,12.0,13.0,92.3,2.0,2.0,100.0,0.0,0.0,0.0,0.0,0.0,0.0,0.0,2.0,32.0,31.0,1.0,0.0,0.0,0.0,0.0,0.0,0.0,0.0,0.0,0.0,30.0,0.0,0.0,1.0,1.0,0.0,0.0,0.0,0.0,0.0,0.0,0.0,0.0,0.0,0.0,0.0,0.0,38.0,7.0,13.0,21.0,4.0,0.0,38.0,4.0,4.0,100.0,0.0,0.0,23.0,68.0,20.0,0.0,0.0,0.0,0.0,3.0,22.0,0.0,3.0,2.0,1.0,1.0,1.0,2.0,2.0,100.0,0.0,0.0,0.0,0.0,0.0,3.0,0.0,0.0,Everton,Idrissa-Gana-Gueye,72c812f3
2024-12-22,Sun,Matchweek 17,Home,D 0–0,Everton,Chelsea,Y,CM,90.0,0.0,0.0,0.0,0.0,0.0,0.0,0.0,0.0,30.0,2.0,1.0,0.0,0.0,0.0,0.0,0.0,0.0,20.0,26.0,76.9,2.0,18.0,0.0,1.0,1.0,Match Report,20.0,26.0,76.9,363.0,102.0,7.0,9.0,77.8,10.0,10.0,100.0,2.0,5.0,40.0,0.0,0.0,0.0,0.0,2.0,0.0,0.0,2.0,26.0,25.0,1.0,0.0,0.0,0.0,0.0,0.0,0.0,0.0,0.0,0.0,20.0,0.0,1.0,0.0,0.0,0.0,0.0,0.0,0.0,0.0,0.0,0.0,0.0,0.0,0.0,0.0,0.0,30.0,0.0,9.0,17.0,4.0,0.0,30.0,1.0,1.0,100.0,0.0,0.0,18.0,86.0,27.0,0.0,1.0,0.0,1.0,1.0,16.0,0.0,2.0,1.0,0.0,2.0,0.0,2.0,5.0,40.0,3.0,0.0,0.0,0.0,1.0,3.0,0.0,0.0,Everton,Idrissa-Gana-Gueye,72c812f3
2024-12-26,Thu,Matchweek 18,Away,D 1–1,Everton,Manchester City,Y,CM,90.0,0.0,0.0,0.0,0.0,1.0,1.0,0.0,0.0,51.0,4.0,0.0,3.0,0.0,0.0,0.0,0.0,0.0,31.0,36.0,86.1,1.0,20.0,1.0,1.0,0.0,Match Report,31.0,36.0,86.1,618.0,153.0,15.0,15.0,100.0,12.0,13.0,92.3,4.0,5.0,80.0,0.0,0.0,0.0,0.0,4.0,0.0,0.0,1.0,36.0,33.0,2.0,0.0,0.0,1.0,0.0,0.0,0.0,0.0,0.0,0.0,31.0,1.0,1.0,0.0,0.0,0.0,0.0,0.0,0.0,0.0,0.0,0.0,0.0,0.0,0.0,0.0,0.0,51.0,3.0,26.0,20.0,5.0,2.0,51.0,1.0,0.0,0.0,1.0,100.0,20.0,99.0,44.0,1.0,0.0,0.0,1.0,0.0,28.0,1.0,4.0,3.0,3.0,1.0,0.0,1.0,1.0,100.0,0.0,3.0,1.0,2.0,0.0,4.0,2.0,0.0,Everton,Idrissa-Gana-Gueye,72c812f3
2024-12-29,Sun,Matchweek 19,Home,L 0–2,Everton,Nott'ham Forest,Y,CM,67.0,0.0,0.0,0.0,0.0,0.0,0.0,1.0,0.0,39.0,4.0,1.0,1.0,0.0,0.0,0.0,0.0,0.0,24.0,31.0,77.4,6.0,18.0,0.0,1.0,0.0,Match Report,24.0,31.0,77.4,376.0,127.0,14.0,16.0,87.5,9.0,12.0,75.0,1.0,3.0,33.3,0.0,0.0,0.0,0.0,5.0,0.0,0.0,6.0,31.0,29.0,2.0,0.0,0.0,0.0,0.0,1.0,0.0,0.0,0.0,0.0,24.0,0.0,0.0,0.0,0.0,0.0,0.0,0.0,0.0,0.0,0.0,0.0,0.0,0.0,0.0,0.0,0.0,39.0,1.0,3.0,28.0,8.0,0.0,39.0,1.0,0.0,0.0,1.0,100.0,18.0,74.0,53.0,0.0,2.0,0.0,0.0,0.0,24.0,2.0,4.0,4.0,1.0,3.0,0.0,2.0,2.0,100.0,0.0,1.0,0.0,1.0,1.0,5.0,0.0,0.0,Everton,Idrissa-Gana-Gueye,72c812f3
2025-01-04,Sat,Matchweek 20,Away,L 0–1,Everton,Bournemouth,Y,DM,80.0,0.0,0.0,0.0,0.0,1.0,0.0,0.0,0.0,50.0,4.0,5.0,0.0,0.0,0.0,0.0,0.0,0.0,28.0,35.0,80.0,4.0,18.0,0.0,0.0,0.0,Match Report,28.0,35.0,80.0,412.0,85.0,16.0,17.0,94.1,7.0,11.0,63.6,2.0,3.0,66.7,0.0,0.0,0.0,0.0,3.0,0.0,0.0,4.0,35.0,34.0,1.0,0.0,0.0,0.0,0.0,0.0,0.0,0.0,0.0,0.0,28.0,0.0,0.0,0.0,0.0,0.0,0.0,0.0,0.0,0.0,0.0,0.0,0.0,0.0,0.0,0.0,0.0,50.0,3.0,10.0,25.0,15.0,0.0,50.0,0.0,0.0,,0.0,,18.0,94.0,12.0,0.0,0.0,0.0,1.0,0.0,26.0,1.0,4.0,3.0,2.0,1.0,1.0,0.0,1.0,0.0,1.0,0.0,0.0,0.0,5.0,9.0,2.0,0.0,Everton,Idrissa-Gana-Gueye,72c812f3
2025-01-15,Wed,Matchweek 21,Home,L 0–1,Everton,Aston Villa,Y,DM,90.0,0.0,0.0,0.0,0.0,3.0,0.0,1.0,0.0,71.0,3.0,3.0,1.0,0.0,0.0,0.0,4.0,0.0,49.0,56.0,87.5,7.0,33.0,1.0,1.0,0.0,Match Report,49.0,56.0,87.5,851.0,168.0,21.0,23.0,91.3,23.0,24.0,95.8,4.0,6.0,66.7,0.0,0.0,0.0,0.0,6.0,0.0,0.0,7.0,56.0,55.0,0.0,0.0,0.0,1.0,0.0,0.0,0.0,0.0,0.0,0.0,49.0,1.0,2.0,4.0,4.0,0.0,0.0,0.0,0.0,0.0,0.0,0.0,0.0,0.0,0.0,0.0,0.0,71.0,2.0,16.0,44.0,11.0,0.0,71.0,1.0,0.0,0.0,0.0,0.0,33.0,161.0,45.0,1.0,3.0,1.0,2.0,1.0,47.0,0.0,3.0,2.0,1.0,2.0,0.0,3.0,4.0,75.0,1.0,1.0,0.0,1.0,3.0,6.0,1.0,0.0,Everton,Idrissa-Gana-Gueye,72c812f3
2025-01-19,Sun,Matchweek 22,Home,W 3–2,Everton,Tottenham,Y,"DM,CM",90.0,0.0,2.0,0.0,0.0,0.0,0.0,0.0,0.0,53.0,3.0,2.0,3.0,0.0,0.0,0.4,2.0,1.0,35.0,37.0,94.6,3.0,30.0,0.0,2.0,0.0,Match Report,35.0,37.0,94.6,569.0,173.0,18.0,18.0,100.0,16.0,16.0,100.0,1.0,2.0,50.0,2.0,0.4,0.2,2.0,6.0,1.0,0.0,3.0,37.0,36.0,1.0,1.0,0.0,0.0,0.0,0.0,0.0,0.0,0.0,0.0,35.0,0.0,0.0,2.0,2.0,0.0,0.0,0.0,0.0,0.0,1.0,1.0,0.0,0.0,0.0,0.0,0.0,53.0,4.0,16.0,26.0,11.0,0.0,53.0,2.0,0.0,0.0,2.0,100.0,30.0,141.0,34.0,0.0,0.0,0.0,1.0,0.0,30.0,0.0,3.0,2.0,1.0,1.0,1.0,2.0,2.0,100.0,0.0,3.0,1.0,2.0,2.0,5.0,2.0,0.0,Everton,Idrissa-Gana-Gueye,72c812f3
2025-01-25,Sat,Matchweek 23,Away,W 1–0,Everton,Brighton,Y,"DM,CM",90.0,0.0,0.0,0.0,0.0,0.0,0.0,0.0,0.0,48.0,8.0,2.0,1.0,0.0,0.0,0.0,1.0,0.0,31.0,36.0,86.1,2.0,20.0,0.0,1.0,1.0,Match Report,31.0,36.0,86.1,504.0,202.0,17.0,20.0,85.0,13.0,15.0,86.7,1.0,1.0,100.0,0.0,0.0,0.0,1.0,3.0,0.0,0.0,2.0,36.0,35.0,1.0,0.0,0.0,0.0,0.0,1.0,0.0,0.0,0.0,0.0,31.0,0.0,0.0,1.0,1.0,0.0,0.0,0.0,0.0,0.0,0.0,0.0,0.0,0.0,0.0,0.0,0.0,48.0,4.0,17.0,27.0,4.0,0.0,48.0,1.0,1.0,100.0,0.0,0.0,20.0,110.0,63.0,0.0,0.0,0.0,0.0,2.0,24.0,1.0,8.0,4.0,4.0,4.0,0.0,6.0,8.0,75.0,2.0,1.0,0.0,1.0,2.0,10.0,1.0,0.0,Everton,Idrissa-Gana-Gueye,72c812f3
2025-02-01,Sat,Matchweek 24,Home,W 4–0,Everton,Leicester City,Y,DM,90.0,0.0,0.0,0.0,0.0,1.0,0.0,0.0,0.0,52.0,2.0,0.0,2.0,0.0,0.0,0.0,3.0,1.0,38.0,42.0,90.5,2.0,29.0,0.0,0.0,0.0,Match Report,38.0,42.0,90.5,624.0,154.0,17.0,19.0,89.5,17.0,17.0,100.0,3.0,4.0,75.0,0.0,0.0,0.0,1.0,3.0,0.0,0.0,2.0,42.0,40.0,1.0,0.0,0.0,0.0,0.0,1.0,0.0,0.0,0.0,0.0,38.0,1.0,0.0,3.0,3.0,0.0,0.0,0.0,0.0,0.0,1.0,1.0,0.0,0.0,0.0,0.0,0.0,52.0,1.0,14.0,32.0,6.0,0.0,52.0,0.0,0.0,,0.0,,29.0,158.0,30.0,0.0,0.0,0.0,0.0,3.0,37.0,1.0,2.0,1.0,1.0,0.0,1.0,1.0,1.0,100.0,0.0,2.0,1.0,1.0,0.0,2.0,0.0,0.0,Everton,Idrissa-Gana-Gueye,72c812f3
2025-02-12,Wed,Matchweek 15,Home,D 2–2,Everton,Liverpool,Y,DM,76.0,0.0,0.0,0.0,0.0,0.0,0.0,1.0,0.0,40.0,4.0,1.0,0.0,0.0,0.0,0.0,1.0,0.0,24.0,30.0,80.0,1.0,18.0,1.0,2.0,1.0,Match Report,24.0,30.0,80.0,345.0,88.0,13.0,14.0,92.9,11.0,13.0,84.6,0.0,1.0,0.0,0.0,0.0,0.1,1.0,1.0,1.0,1.0,1.0,30.0,28.0,1.0,0.0,0.0,0.0,1.0,1.0,0.0,0.0,0.0,0.0,24.0,1.0,0.0,1.0,1.0,0.0,0.0,0.0,0.0,0.0,0.0,0.0,0.0,0.0,0.0,0.0,0.0,40.0,1.0,14.0,17.0,9.0,0.0,40.0,2.0,1.0,50.0,1.0,50.0,18.0,69.0,19.0,1.0,0.0,0.0,3.0,1.0,18.0,2.0,4.0,3.0,2.0,2.0,0.0,1.0,4.0,25.0,3.0,0.0,0.0,0.0,1.0,5.0,0.0,0.0,Everton,Idrissa-Gana-Gueye,72c812f3
2025-02-15,Sat,Matchweek 25,Away,W 2–1,Everton,Crystal Palace,Y,DM,90.0,0.0,0.0,0.0,0.0,1.0,0.0,0.0,0.0,46.0,6.0,1.0,1.0,0.0,0.0,0.0,1.0,0.0,30.0,38.0,78.9,5.0,16.0,0.0,0.0,0.0,Match Report,30.0,38.0,78.9,517.0,109.0,15.0,18.0,83.3,13.0,15.0,86.7,2.0,3.0,66.7,0.0,0.0,0.0,0.0,3.0,0.0,0.0,5.0,38.0,37.0,0.0,0.0,0.0,0.0,0.0,0.0,0.0,0.0,0.0,0.0,30.0,1.0,1.0,1.0,1.0,0.0,0.0,0.0,0.0,0.0,0.0,0.0,0.0,0.0,0.0,0.0,0.0,46.0,0.0,10.0,30.0,6.0,0.0,46.0,0.0,0.0,,0.0,,16.0,44.0,21.0,0.0,0.0,0.0,0.0,0.0,17.0,0.0,6.0,2.0,2.0,3.0,1.0,0.0,5.0,0.0,5.0,1.0,0.0,1.0,1.0,7.0,1.0,0.0,Everton,Idrissa-Gana-Gueye,72c812f3
2025-02-22,Sat,Matchweek 26,Home,D 2–2,Everton,Manchester Utd,Y,DM,90.0,0.0,0.0,0.0,0.0,1.0,1.0,1.0,0.0,47.0,11.0,2.0,1.0,0.0,0.0,0.0,0.0,0.0,27.0,31.0,87.1,1.0,21.0,0.0,1.0,0.0,Match Report,27.0,31.0,87.1,591.0,60.0,7.0,9.0,77.8,11.0,12.0,91.7,8.0,9.0,88.9,0.0,0.0,0.0,0.0,1.0,0.0,0.0,1.0,31.0,31.0,0.0,0.0,0.0,0.0,0.0,0.0,0.0,0.0,0.0,0.0,27.0,0.0,0.0,0.0,0.0,0.0,0.0,0.0,0.0,0.0,0.0,0.0,0.0,0.0,0.0,0.0,0.0,47.0,3.0,13.0,24.0,11.0,1.0,47.0,1.0,0.0,0.0,1.0,100.0,21.0,66.0,24.0,0.0,2.0,1.0,1.0,2.0,22.0,1.0,11.0,9.0,5.0,5.0,1.0,5.0,6.0,83.3,1.0,1.0,0.0,1.0,2.0,13.0,3.0,0.0,Everton,Idrissa-Gana-Gueye,72c812f3
2025-02-26,Wed,Matchweek 27,Away,D 1–1,Everton,Brentford,Y,DM,74.0,0.0,0.0,0.0,0.0,1.0,0.0,0.0,0.0,64.0,3.0,0.0,2.0,0.0,0.0,0.0,2.0,0.0,49.0,53.0,92.5,3.0,31.0,1.0,0.0,0.0,Match Report,49.0,53.0,92.5,811.0,201.0,25.0,27.0,92.6,20.0,20.0,100.0,4.0,6.0,66.7,0.0,0.0,0.0,0.0,7.0,0.0,0.0,3.0,53.0,53.0,0.0,0.0,0.0,0.0,0.0,0.0,0.0,0.0,0.0,0.0,49.0,0.0,1.0,2.0,2.0,0.0,0.0,0.0,0.0,0.0,0.0,0.0,0.0,0.0,0.0,0.0,0.0,64.0,2.0,15.0,42.0,7.0,0.0,64.0,0.0,0.0,,0.0,,31.0,121.0,69.0,1.0,1.0,0.0,1.0,0.0,46.0,1.0,3.0,1.0,3.0,0.0,0.0,3.0,4.0,75.0,1.0,2.0,0.0,2.0,0.0,3.0,1.0,0.0,Everton,Idrissa-Gana-Gueye,72c812f3
2025-03-08,Sat,Matchweek 28,Away,D 1–1,Everton,Wolves,Y,DM,90.0,0.0,0.0,0.0,0.0,1.0,0.0,0.0,0.0,57.0,8.0,2.0,3.0,0.0,0.0,0.0,2.0,0.0,35.0,40.0,87.5,5.0,25.0,0.0,2.0,1.0,Match Report,35.0,40.0,87.5,633.0,180.0,14.0,17.0,82.4,17.0,19.0,89.5,3.0,3.0,100.0,0.0,0.0,0.0,1.0,5.0,1.0,0.0,5.0,40.0,40.0,0.0,0.0,0.0,0.0,0.0,0.0,0.0,0.0,0.0,0.0,35.0,0.0,0.0,2.0,1.0,0.0,0.0,0.0,0.0,1.0,0.0,0.0,0.0,0.0,0.0,0.0,0.0,57.0,3.0,12.0,35.0,10.0,0.0,57.0,2.0,1.0,50.0,1.0,50.0,25.0,79.0,27.0,0.0,0.0,0.0,0.0,0.0,29.0,0.0,8.0,6.0,3.0,3.0,2.0,3.0,4.0,75.0,1.0,3.0,0.0,3.0,2.0,10.0,1.0,0.0,Everton,Idrissa-Gana-Gueye,72c812f3
2025-03-15,Sat,Matchweek 29,Home,D 1–1,Everton,West Ham,Y,"DM,CM",90.0,0.0,1.0,0.0,0.0,0.0,0.0,0.0,0.0,62.0,4.0,2.0,1.0,0.0,0.0,0.3,4.0,1.0,47.0,50.0,94.0,7.0,29.0,1.0,0.0,0.0,Match Report,47.0,50.0,94.0,646.0,180.0,29.0,31.0,93.5,16.0,17.0,94.1,1.0,1.0,100.0,1.0,0.3,0.6,1.0,9.0,0.0,0.0,7.0,50.0,50.0,0.0,0.0,0.0,0.0,0.0,0.0,0.0,0.0,0.0,0.0,47.0,0.0,0.0,4.0,4.0,0.0,0.0,0.0,0.0,0.0,1.0,1.0,0.0,0.0,0.0,0.0,0.0,62.0,1.0,10.0,33.0,19.0,3.0,62.0,0.0,0.0,,0.0,,29.0,124.0,52.0,1.0,1.0,0.0,2.0,1.0,41.0,2.0,4.0,1.0,1.0,1.0,2.0,1.0,3.0,33.3,2.0,1.0,1.0,0.0,2.0,6.0,1.0,0.0,Everton,Idrissa-Gana-Gueye,72c812f3
2025-04-02,Wed,Matchweek 30,Away,L 0–1,Everton,Liverpool,Y,DM,90.0,0.0,0.0,0.0,0.0,0.0,0.0,0.0,0.0,28.0,2.0,1.0,2.0,0.0,0.0,0.0,2.0,0.0,16.0,19.0,84.2,0.0,11.0,0.0,1.0,0.0,Match Report,16.0,19.0,84.2,216.0,47.0,12.0,12.0,100.0,3.0,5.0,60.0,1.0,1.0,100.0,0.0,0.0,0.0,0.0,0.0,0.0,0.0,0.0,19.0,19.0,0.0,0.0,0.0,0.0,0.0,0.0,0.0,0.0,0.0,0.0,16.0,0.0,0.0,2.0,1.0,0.0,0.0,0.0,1.0,0.0,0.0,0.0,0.0,0.0,0.0,0.0,0.0,28.0,3.0,11.0,11.0,6.0,0.0,28.0,1.0,0.0,0.0,0.0,0.0,11.0,50.0,26.0,0.0,0.0,0.0,0.0,0.0,7.0,0.0,2.0,2.0,2.0,0.0,0.0,2.0,3.0,66.7,1.0,2.0,1.0,1.0,1.0,3.0,1.0,0.0,Everton,Idrissa-Gana-Gueye,72c812f3
2025-04-05,Sat,Matchweek 31,Home,D 1–1,Everton,Arsenal,Y,DM,90.0,0.0,0.0,0.0,0.0,0.0,0.0,0.0,0.0,38.0,3.0,1.0,2.0,0.0,0.0,0.2,4.0,0.0,21.0,27.0,77.8,3.0,18.0,2.0,6.0,4.0,Match Report,21.0,27.0,77.8,363.0,139.0,10.0,15.0,66.7,8.0,8.0,100.0,2.0,2.0,100.0,0.0,0.2,0.0,3.0,2.0,0.0,0.0,3.0,27.0,27.0,0.0,0.0,0.0,0.0,0.0,0.0,0.0,0.0,0.0,0.0,21.0,0.0,1.0,4.0,3.0,0.0,1.0,0.0,0.0,0.0,0.0,0.0,0.0,0.0,0.0,0.0,0.0,38.0,4.0,12.0,15.0,11.0,1.0,38.0,6.0,4.0,66.7,2.0,33.3,18.0,138.0,78.0,2.0,0.0,0.0,0.0,2.0,17.0,1.0,3.0,1.0,1.0,2.0,0.0,1.0,1.0,100.0,0.0,2.0,1.0,1.0,1.0,4.0,2.0,1.0,Everton,Idrissa-Gana-Gueye,72c812f3
2025-04-12,Sat,Matchweek 32,Away,W 1–0,Everton,Nott'ham Forest,Y,DM,90.0,0.0,0.0,0.0,0.0,2.0,0.0,1.0,0.0,62.0,1.0,0.0,2.0,0.1,0.1,0.0,3.0,0.0,45.0,50.0,90.0,7.0,31.0,1.0,0.0,0.0,Match Report,45.0,50.0,90.0,903.0,257.0,18.0,19.0,94.7,18.0,21.0,85.7,9.0,10.0,90.0,0.0,0.0,0.1,0.0,7.0,1.0,0.0,7.0,50.0,50.0,0.0,0.0,0.0,2.0,1.0,0.0,0.0,0.0,0.0,0.0,45.0,0.0,0.0,3.0,3.0,0.0,0.0,0.0,0.0,0.0,0.0,0.0,0.0,0.0,0.0,0.0,0.0,62.0,3.0,8.0,40.0,14.0,0.0,62.0,0.0,0.0,,0.0,,31.0,114.0,45.0,1.0,2.0,0.0,2.0,1.0,34.0,0.0,1.0,1.0,0.0,1.0,0.0,0.0,0.0,,0.0,2.0,1.0,1.0,0.0,1.0,2.0,0.0,Everton,Idrissa-Gana-Gueye,72c812f3
2025-04-19,Sat,Matchweek 33,Home,L 0–2,Everton,Manchester City,Y,DM,78.0,0.0,0.0,0.0,0.0,0.0,0.0,1.0,0.0,35.0,3.0,3.0,0.0,0.0,0.0,0.0,1.0,0.0,25.0,27.0,92.6,3.0,13.0,2.0,0.0,0.0,Match Report,25.0,27.0,92.6,410.0,101.0,12.0,13.0,92.3,10.0,10.0,100.0,2.0,2.0,100.0,0.0,0.0,0.0,0.0,2.0,1.0,0.0,3.0,27.0,27.0,0.0,0.0,0.0,0.0,0.0,0.0,0.0,0.0,0.0,0.0,25.0,0.0,0.0,1.0,1.0,0.0,0.0,0.0,0.0,0.0,0.0,0.0,0.0,0.0,0.0,0.0,0.0,35.0,0.0,13.0,16.0,8.0,0.0,35.0,0.0,0.0,,0.0,,13.0,90.0,45.0,2.0,1.0,0.0,0.0,0.0,15.0,0.0,3.0,0.0,1.0,2.0,0.0,0.0,0.0,,0.0,0.0,0.0,0.0,3.0,6.0,1.0,0.0,Everton,Idrissa-Gana-Gueye,72c812f3
2025-04-26,Sat,Matchweek 34,Away,L 0–1,Everton,Chelsea,Y,DM,90.0,0.0,0.0,0.0,0.0,1.0,1.0,0.0,0.0,49.0,4.0,1.0,1.0,0.0,0.0,0.0,0.0,0.0,32.0,38.0,84.2,4.0,25.0,1.0,1.0,0.0,Match Report,32.0,38.0,84.2,615.0,207.0,17.0,17.0,100.0,9.0,10.0,90.0,6.0,9.0,66.7,0.0,0.0,0.0,0.0,4.0,0.0,0.0,4.0,38.0,36.0,1.0,1.0,0.0,1.0,1.0,0.0,0.0,0.0,0.0,0.0,32.0,1.0,1.0,0.0,0.0,0.0,0.0,0.0,0.0,0.0,0.0,0.0,0.0,0.0,0.0,0.0,0.0,49.0,2.0,11.0,32.0,7.0,0.0,49.0,1.0,0.0,0.0,1.0,100.0,25.0,169.0,84.0,1.0,1.0,0.0,3.0,0.0,29.0,2.0,4.0,4.0,1.0,3.0,0.0,3.0,5.0,60.0,2.0,1.0,0.0,1.0,1.0,5.0,1.0,0.0,Everton,Idrissa-Gana-Gueye,72c812f3
2025-05-03,Sat,Matchweek 35,Home,D 2–2,Everton,Ipswich Town,Y,DM,89.0,0.0,0.0,0.0,0.0,0.0,0.0,0.0,0.0,69.0,1.0,3.0,1.0,0.0,0.0,0.0,0.0,0.0,54.0,62.0,87.1,8.0,49.0,2.0,0.0,0.0,Match Report,54.0,62.0,87.1,743.0,292.0,36.0,38.0,94.7,18.0,19.0,94.7,0.0,4.0,0.0,0.0,0.0,0.0,0.0,6.0,0.0,0.0,8.0,62.0,62.0,0.0,0.0,0.0,0.0,0.0,0.0,0.0,0.0,0.0,0.0,54.0,0.0,1.0,0.0,0.0,0.0,0.0,0.0,0.0,0.0,0.0,0.0,0.0,0.0,0.0,0.0,0.0,69.0,1.0,3.0,52.0,14.0,1.0,69.0,0.0,0.0,,0.0,,49.0,185.0,110.0,2.0,2.0,0.0,2.0,0.0,48.0,1.0,1.0,0.0,0.0,0.0,1.0,0.0,3.0,0.0,3.0,1.0,0.0,1.0,3.0,4.0,0.0,0.0,Everton,Idrissa-Gana-Gueye,72c812f3
2025-05-10,Sat,Matchweek 36,Away,W 3–1,Everton,Fulham,Y,DM,89.0,0.0,0.0,0.0,0.0,0.0,0.0,0.0,0.0,40.0,1.0,0.0,3.0,0.0,0.0,0.0,0.0,0.0,27.0,33.0,81.8,2.0,19.0,0.0,0.0,0.0,Match Report,27.0,33.0,81.8,450.0,131.0,15.0,18.0,83.3,9.0,10.0,90.0,2.0,2.0,100.0,0.0,0.0,0.0,0.0,5.0,0.0,0.0,2.0,33.0,32.0,1.0,1.0,0.0,0.0,0.0,0.0,0.0,0.0,0.0,0.0,27.0,0.0,1.0,0.0,0.0,0.0,0.0,0.0,0.0,0.0,0.0,0.0,0.0,0.0,0.0,0.0,0.0,40.0,1.0,16.0,23.0,1.0,0.0,40.0,0.0,0.0,,0.0,,19.0,66.0,23.0,0.0,0.0,0.0,0.0,0.0,23.0,0.0,1.0,0.0,0.0,1.0,0.0,0.0,1.0,0.0,1.0,3.0,0.0,3.0,0.0,1.0,3.0,0.0,Everton,Idrissa-Gana-Gueye,72c812f3
2025-05-18,Sun,Matchweek 37,Home,W 2–0,Everton,Southampton,Y,DM,90.0,0.0,0.0,0.0,0.0,0.0,0.0,0.0,0.0,78.0,8.0,1.0,0.0,0.0,0.0,0.0,2.0,1.0,58.0,64.0,90.6,6.0,34.0,1.0,0.0,0.0,Match Report,58.0,64.0,90.6,950.0,265.0,24.0,25.0,96.0,28.0,29.0,96.6,4.0,6.0,66.7,0.0,0.0,0.0,0.0,7.0,0.0,0.0,6.0,64.0,64.0,0.0,0.0,0.0,0.0,0.0,0.0,0.0,0.0,0.0,0.0,58.0,0.0,0.0,2.0,2.0,0.0,0.0,0.0,0.0,0.0,1.0,1.0,0.0,0.0,0.0,0.0,0.0,78.0,1.0,18.0,54.0,8.0,1.0,78.0,0.0,0.0,,0.0,,34.0,204.0,69.0,1.0,0.0,0.0,0.0,3.0,50.0,0.0,8.0,6.0,4.0,3.0,1.0,4.0,8.0,50.0,4.0,0.0,0.0,0.0,1.0,9.0,1.0,0.0,Everton,Idrissa-Gana-Gueye,72c812f3
2025-05-25,Sun,Matchweek 38,Away,W 1–0,Everton,Newcastle Utd,Y,DM,90.0,0.0,0.0,0.0,0.0,0.0,0.0,1.0,0.0,43.0,0.0,3.0,0.0,0.0,0.0,0.0,2.0,0.0,29.0,35.0,82.9,3.0,27.0,0.0,3.0,1.0,Match Report,29.0,35.0,82.9,565.0,264.0,8.0,8.0,100.0,16.0,21.0,76.2,4.0,5.0,80.0,0.0,0.0,0.0,0.0,6.0,0.0,0.0,3.0,35.0,34.0,1.0,0.0,0.0,0.0,0.0,1.0,0.0,0.0,0.0,0.0,29.0,0.0,0.0,2.0,2.0,0.0,0.0,0.0,0.0,0.0,0.0,0.0,0.0,0.0,0.0,0.0,0.0,43.0,1.0,13.0,25.0,6.0,0.0,43.0,3.0,1.0,33.3,2.0,66.7,27.0,166.0,49.0,0.0,0.0,0.0,0.0,2.0,32.0,3.0,0.0,0.0,0.0,0.0,0.0,0.0,0.0,,0.0,0.0,0.0,0.0,3.0,3.0,2.0,0.0,Everton,Idrissa-Gana-Gueye,72c812f3
2024-08-17,Sat,Matchweek 1,Home,L 0–3,Everton,Brighton,Y*,CB,90.0,0.0,0.0,0.0,0.0,1.0,0.0,1.0,0.0,68.0,2.0,4.0,3.0,0.0,0.0,0.0,1.0,0.0,45.0,54.0,83.3,3.0,33.0,1.0,1.0,0.0,Match Report,45.0,54.0,83.3,1029.0,326.0,12.0,14.0,85.7,25.0,25.0,100.0,8.0,14.0,57.1,0.0,0.0,0.0,1.0,4.0,1.0,0.0,3.0,54.0,51.0,2.0,2.0,0.0,0.0,0.0,0.0,0.0,0.0,0.0,0.0,45.0,1.0,0.0,1.0,1.0,0.0,0.0,0.0,0.0,0.0,0.0,0.0,0.0,0.0,0.0,0.0,0.0,68.0,8.0,34.0,32.0,3.0,1.0,68.0,1.0,0.0,0.0,1.0,100.0,33.0,204.0,50.0,1.0,2.0,0.0,1.0,0.0,43.0,0.0,2.0,1.0,0.0,1.0,1.0,2.0,5.0,40.0,3.0,3.0,1.0,2.0,4.0,6.0,2.0,0.0,Everton,James-Tarkowski,15ea812b
2024-08-24,Sat,Matchweek 2,Away,L 0–4,Everton,Tottenham,Y*,CB,90.0,0.0,0.0,0.0,0.0,3.0,0.0,0.0,0.0,44.0,1.0,1.0,2.0,0.2,0.2,0.3,4.0,0.0,24.0,33.0,72.7,2.0,20.0,0.0,0.0,0.0,Match Report,24.0,33.0,72.7,495.0,265.0,8.0,8.0,100.0,13.0,14.0,92.9,3.0,7.0,42.9,0.0,0.3,0.2,1.0,2.0,1.0,0.0,2.0,33.0,31.0,2.0,2.0,0.0,0.0,0.0,0.0,0.0,0.0,0.0,0.0,24.0,0.0,1.0,4.0,1.0,0.0,0.0,3.0,0.0,0.0,0.0,0.0,0.0,0.0,0.0,0.0,0.0,44.0,7.0,26.0,11.0,7.0,5.0,44.0,0.0,0.0,,0.0,,20.0,63.0,27.0,0.0,0.0,0.0,0.0,0.0,26.0,0.0,1.0,1.0,1.0,0.0,0.0,1.0,1.0,100.0,0.0,2.0,1.0,1.0,1.0,2.0,0.0,0.0,Everton,James-Tarkowski,15ea812b
2024-08-31,Sat,Matchweek 3,Home,L 2–3,Everton,Bournemouth,Y,CB,90.0,0.0,0.0,0.0,0.0,1.0,0.0,0.0,0.0,50.0,5.0,1.0,1.0,0.1,0.1,0.1,1.0,0.0,25.0,35.0,71.4,2.0,23.0,0.0,1.0,0.0,Match Report,25.0,35.0,71.4,487.0,218.0,11.0,14.0,78.6,8.0,9.0,88.9,5.0,10.0,50.0,0.0,0.1,0.0,1.0,2.0,0.0,0.0,2.0,35.0,32.0,3.0,1.0,0.0,1.0,0.0,0.0,0.0,0.0,0.0,0.0,25.0,0.0,1.0,1.0,1.0,0.0,0.0,0.0,0.0,0.0,0.0,0.0,0.0,0.0,0.0,0.0,0.0,50.0,7.0,23.0,24.0,5.0,2.0,50.0,1.0,0.0,0.0,1.0,100.0,23.0,109.0,44.0,0.0,0.0,0.0,1.0,0.0,21.0,0.0,5.0,3.0,2.0,3.0,0.0,3.0,3.0,100.0,0.0,1.0,1.0,0.0,1.0,6.0,3.0,0.0,Everton,James-Tarkowski,15ea812b
2024-09-14,Sat,Matchweek 4,Away,L 2–3,Everton,Aston Villa,Y*,CB,90.0,0.0,0.0,0.0,0.0,0.0,0.0,0.0,0.0,29.0,5.0,1.0,1.0,0.0,0.0,0.0,0.0,0.0,16.0,20.0,80.0,0.0,9.0,0.0,0.0,0.0,Match Report,16.0,20.0,80.0,368.0,157.0,5.0,6.0,83.3,7.0,8.0,87.5,4.0,5.0,80.0,0.0,0.0,0.0,0.0,1.0,0.0,0.0,0.0,20.0,20.0,0.0,0.0,0.0,0.0,0.0,0.0,0.0,0.0,0.0,0.0,16.0,0.0,1.0,0.0,0.0,0.0,0.0,0.0,0.0,0.0,0.0,0.0,0.0,0.0,0.0,0.0,0.0,29.0,10.0,23.0,6.0,1.0,1.0,29.0,0.0,0.0,,0.0,,9.0,48.0,14.0,0.0,0.0,0.0,0.0,0.0,14.0,0.0,5.0,3.0,5.0,0.0,0.0,2.0,3.0,66.7,1.0,1.0,1.0,0.0,1.0,6.0,3.0,0.0,Everton,James-Tarkowski,15ea812b
2024-09-21,Sat,Matchweek 5,Away,D 1–1,Everton,Leicester City,Y*,CB,90.0,0.0,0.0,0.0,0.0,0.0,0.0,0.0,0.0,40.0,0.0,0.0,0.0,0.0,0.0,0.0,1.0,0.0,20.0,28.0,71.4,0.0,10.0,0.0,0.0,0.0,Match Report,20.0,28.0,71.4,384.0,125.0,6.0,6.0,100.0,12.0,17.0,70.6,2.0,5.0,40.0,0.0,0.0,0.0,0.0,0.0,0.0,0.0,0.0,28.0,27.0,1.0,1.0,0.0,0.0,0.0,0.0,0.0,0.0,0.0,0.0,20.0,0.0,0.0,1.0,0.0,1.0,0.0,0.0,0.0,0.0,0.0,0.0,0.0,0.0,0.0,0.0,0.0,40.0,14.0,23.0,16.0,1.0,1.0,40.0,0.0,0.0,,0.0,,10.0,26.0,15.0,0.0,0.0,0.0,1.0,0.0,18.0,0.0,0.0,0.0,0.0,0.0,0.0,0.0,0.0,,0.0,0.0,0.0,0.0,0.0,0.0,11.0,0.0,Everton,James-Tarkowski,15ea812b
2024-09-28,Sat,Matchweek 6,Home,W 2–1,Everton,Crystal Palace,Y*,CB,90.0,0.0,0.0,0.0,0.0,1.0,0.0,0.0,0.0,54.0,2.0,2.0,3.0,0.3,0.3,0.0,0.0,0.0,28.0,36.0,77.8,2.0,17.0,0.0,0.0,0.0,Match Report,28.0,36.0,77.8,456.0,193.0,10.0,13.0,76.9,16.0,18.0,88.9,1.0,2.0,50.0,0.0,0.0,0.0,0.0,1.0,0.0,0.0,2.0,36.0,36.0,0.0,0.0,0.0,0.0,0.0,0.0,0.0,0.0,0.0,0.0,28.0,0.0,0.0,0.0,0.0,0.0,0.0,0.0,0.0,0.0,0.0,0.0,0.0,0.0,0.0,0.0,0.0,54.0,13.0,27.0,21.0,7.0,4.0,54.0,0.0,0.0,,0.0,,17.0,65.0,48.0,0.0,0.0,0.0,0.0,0.0,22.0,0.0,2.0,0.0,1.0,1.0,0.0,1.0,2.0,50.0,1.0,3.0,3.0,0.0,2.0,4.0,10.0,0.0,Everton,James-Tarkowski,15ea812b
2024-10-05,Sat,Matchweek 7,Home,D 0–0,Everton,Newcastle Utd,Y*,CB,90.0,0.0,0.0,0.0,0.0,0.0,0.0,0.0,0.0,57.0,4.0,0.0,2.0,0.0,0.0,0.0,0.0,0.0,31.0,40.0,77.5,3.0,27.0,0.0,1.0,1.0,Match Report,31.0,40.0,77.5,735.0,317.0,9.0,9.0,100.0,15.0,17.0,88.2,7.0,13.0,53.8,0.0,0.0,0.0,0.0,3.0,0.0,0.0,3.0,40.0,38.0,2.0,2.0,0.0,1.0,0.0,0.0,0.0,0.0,0.0,0.0,31.0,0.0,1.0,0.0,0.0,0.0,0.0,0.0,0.0,0.0,0.0,0.0,0.0,0.0,0.0,0.0,0.0,57.0,15.0,31.0,24.0,2.0,1.0,57.0,1.0,1.0,100.0,0.0,0.0,27.0,130.0,102.0,0.0,0.0,0.0,0.0,0.0,29.0,0.0,4.0,3.0,1.0,2.0,1.0,2.0,2.0,100.0,0.0,2.0,2.0,0.0,0.0,4.0,10.0,0.0,Everton,James-Tarkowski,15ea812b
2024-10-19,Sat,Matchweek 8,Away,W 2–0,Everton,Ipswich Town,Y*,CB,90.0,0.0,0.0,0.0,0.0,0.0,0.0,0.0,0.0,45.0,2.0,0.0,0.0,0.0,0.0,0.0,1.0,0.0,28.0,34.0,82.4,0.0,18.0,0.0,1.0,1.0,Match Report,28.0,34.0,82.4,553.0,226.0,12.0,13.0,92.3,10.0,10.0,100.0,6.0,9.0,66.7,0.0,0.0,0.0,0.0,1.0,0.0,0.0,0.0,34.0,33.0,1.0,1.0,0.0,1.0,0.0,0.0,0.0,0.0,0.0,0.0,28.0,0.0,1.0,1.0,1.0,0.0,0.0,0.0,0.0,0.0,0.0,0.0,0.0,0.0,0.0,0.0,0.0,45.0,10.0,31.0,12.0,2.0,2.0,45.0,1.0,1.0,100.0,0.0,0.0,18.0,70.0,36.0,0.0,0.0,0.0,0.0,0.0,28.0,0.0,2.0,1.0,1.0,1.0,0.0,0.0,1.0,0.0,1.0,0.0,0.0,0.0,0.0,2.0,7.0,0.0,Everton,James-Tarkowski,15ea812b
2024-10-26,Sat,Matchweek 9,Home,D 1–1,Everton,Fulham,Y*,CB,90.0,0.0,0.0,0.0,0.0,0.0,0.0,1.0,0.0,59.0,2.0,0.0,1.0,0.0,0.0,0.1,3.0,0.0,42.0,49.0,85.7,3.0,25.0,0.0,0.0,0.0,Match Report,42.0,49.0,85.7,842.0,351.0,13.0,15.0,86.7,24.0,25.0,96.0,4.0,7.0,57.1,0.0,0.1,0.1,2.0,2.0,1.0,0.0,3.0,49.0,47.0,2.0,2.0,0.0,1.0,0.0,0.0,0.0,0.0,0.0,0.0,42.0,0.0,1.0,3.0,3.0,0.0,0.0,0.0,0.0,0.0,0.0,0.0,0.0,0.0,0.0,0.0,0.0,59.0,12.0,39.0,17.0,3.0,2.0,59.0,0.0,0.0,,0.0,,25.0,98.0,73.0,0.0,0.0,0.0,0.0,1.0,37.0,1.0,2.0,1.0,2.0,0.0,0.0,1.0,2.0,50.0,1.0,1.0,1.0,0.0,0.0,2.0,8.0,0.0,Everton,James-Tarkowski,15ea812b
2024-11-02,Sat,Matchweek 10,Away,L 0–1,Everton,Southampton,Y*,CB,90.0,0.0,0.0,0.0,0.0,1.0,0.0,1.0,0.0,45.0,2.0,0.0,2.0,0.0,0.0,0.7,1.0,0.0,29.0,35.0,82.9,1.0,17.0,0.0,0.0,0.0,Match Report,29.0,35.0,82.9,579.0,174.0,11.0,12.0,91.7,14.0,16.0,87.5,4.0,5.0,80.0,0.0,0.7,0.5,1.0,1.0,0.0,0.0,1.0,35.0,32.0,2.0,2.0,0.0,0.0,0.0,0.0,0.0,0.0,0.0,0.0,29.0,1.0,1.0,1.0,1.0,0.0,0.0,0.0,0.0,0.0,0.0,0.0,0.0,0.0,0.0,0.0,0.0,45.0,12.0,25.0,16.0,4.0,3.0,45.0,0.0,0.0,,0.0,,17.0,51.0,17.0,0.0,1.0,0.0,0.0,1.0,28.0,0.0,2.0,2.0,0.0,2.0,0.0,1.0,3.0,33.3,2.0,2.0,1.0,1.0,0.0,2.0,5.0,0.0,Everton,James-Tarkowski,15ea812b
2024-11-09,Sat,Matchweek 11,Away,D 0–0,Everton,West Ham,Y*,CB,90.0,0.0,0.0,0.0,0.0,1.0,1.0,0.0,0.0,64.0,2.0,2.0,2.0,0.1,0.1,0.0,0.0,0.0,44.0,53.0,83.0,1.0,25.0,1.0,1.0,1.0,Match Report,44.0,53.0,83.0,1003.0,409.0,10.0,12.0,83.3,27.0,30.0,90.0,7.0,10.0,70.0,0.0,0.0,0.0,0.0,3.0,0.0,0.0,1.0,53.0,52.0,1.0,1.0,0.0,2.0,0.0,0.0,0.0,0.0,0.0,0.0,44.0,0.0,0.0,0.0,0.0,0.0,0.0,0.0,0.0,0.0,0.0,0.0,0.0,0.0,0.0,0.0,0.0,64.0,10.0,35.0,26.0,4.0,2.0,64.0,1.0,1.0,100.0,0.0,0.0,25.0,153.0,89.0,1.0,0.0,0.0,0.0,0.0,38.0,0.0,2.0,1.0,1.0,1.0,0.0,0.0,0.0,,0.0,2.0,2.0,0.0,2.0,4.0,5.0,1.0,Everton,James-Tarkowski,15ea812b
2024-11-23,Sat,Matchweek 12,Home,D 0–0,Everton,Brentford,Y*,CB,90.0,0.0,0.0,0.0,0.0,0.0,0.0,0.0,0.0,65.0,0.0,0.0,3.0,0.0,0.0,0.1,7.0,0.0,50.0,55.0,90.9,8.0,23.0,0.0,1.0,1.0,Match Report,50.0,55.0,90.9,946.0,379.0,17.0,18.0,94.4,29.0,32.0,90.6,3.0,4.0,75.0,0.0,0.1,0.1,3.0,13.0,1.0,0.0,8.0,55.0,52.0,3.0,3.0,0.0,2.0,0.0,0.0,0.0,0.0,0.0,0.0,50.0,0.0,0.0,7.0,6.0,1.0,0.0,0.0,0.0,0.0,0.0,0.0,0.0,0.0,0.0,0.0,0.0,65.0,12.0,28.0,28.0,9.0,3.0,65.0,1.0,1.0,100.0,0.0,0.0,23.0,109.0,57.0,0.0,1.0,0.0,0.0,0.0,37.0,1.0,0.0,0.0,0.0,0.0,0.0,0.0,0.0,,0.0,3.0,3.0,0.0,0.0,0.0,8.0,0.0,Everton,James-Tarkowski,15ea812b
2024-12-01,Sun,Matchweek 13,Away,L 0–4,Everton,Manchester Utd,Y*,CB,81.0,0.0,0.0,0.0,0.0,0.0,0.0,0.0,0.0,59.0,4.0,1.0,2.0,0.0,0.0,0.0,1.0,0.0,49.0,51.0,96.1,5.0,36.0,0.0,0.0,0.0,Match Report,49.0,51.0,96.1,1008.0,408.0,17.0,17.0,100.0,25.0,27.0,92.6,7.0,7.0,100.0,0.0,0.0,0.1,0.0,3.0,0.0,0.0,5.0,51.0,49.0,2.0,2.0,0.0,0.0,0.0,0.0,0.0,0.0,0.0,0.0,49.0,0.0,0.0,1.0,1.0,0.0,0.0,0.0,0.0,0.0,0.0,0.0,0.0,0.0,0.0,0.0,0.0,59.0,7.0,22.0,36.0,1.0,1.0,59.0,0.0,0.0,,0.0,,36.0,158.0,63.0,0.0,0.0,0.0,0.0,1.0,43.0,0.0,4.0,3.0,1.0,3.0,0.0,2.0,2.0,100.0,0.0,2.0,2.0,0.0,1.0,5.0,3.0,1.0,Everton,James-Tarkowski,15ea812b
2024-12-04,Wed,Matchweek 14,Home,W 4–0,Everton,Wolves,Y*,CB,90.0,0.0,0.0,0.0,0.0,1.0,1.0,0.0,0.0,47.0,2.0,1.0,1.0,0.0,0.0,0.0,2.0,1.0,26.0,31.0,83.9,1.0,11.0,0.0,0.0,0.0,Match Report,26.0,31.0,83.9,597.0,164.0,5.0,6.0,83.3,15.0,15.0,100.0,6.0,8.0,75.0,0.0,0.0,0.0,0.0,2.0,0.0,0.0,1.0,31.0,30.0,0.0,0.0,0.0,0.0,0.0,0.0,0.0,0.0,0.0,0.0,26.0,1.0,1.0,2.0,2.0,0.0,0.0,0.0,0.0,0.0,1.0,1.0,0.0,0.0,0.0,0.0,0.0,47.0,9.0,32.0,14.0,1.0,1.0,47.0,0.0,0.0,,0.0,,11.0,28.0,7.0,0.0,0.0,0.0,0.0,0.0,23.0,0.0,2.0,1.0,2.0,0.0,0.0,1.0,1.0,100.0,0.0,1.0,0.0,1.0,1.0,3.0,9.0,0.0,Everton,James-Tarkowski,15ea812b
2024-12-14,Sat,Matchweek 16,Away,D 0–0,Everton,Arsenal,Y*,CB,90.0,0.0,0.0,0.0,0.0,0.0,0.0,0.0,0.0,30.0,1.0,0.0,3.0,0.0,0.0,0.0,0.0,0.0,12.0,17.0,70.6,0.0,7.0,0.0,0.0,0.0,Match Report,12.0,17.0,70.6,164.0,26.0,6.0,9.0,66.7,5.0,5.0,100.0,0.0,2.0,0.0,0.0,0.0,0.1,0.0,1.0,0.0,0.0,0.0,17.0,16.0,1.0,1.0,0.0,0.0,0.0,0.0,0.0,0.0,0.0,0.0,12.0,0.0,0.0,0.0,0.0,0.0,0.0,0.0,0.0,0.0,0.0,0.0,0.0,0.0,0.0,0.0,0.0,30.0,18.0,22.0,5.0,3.0,3.0,30.0,0.0,0.0,,0.0,,7.0,18.0,6.0,0.0,0.0,0.0,1.0,0.0,11.0,0.0,1.0,1.0,1.0,0.0,0.0,0.0,1.0,0.0,1.0,3.0,3.0,0.0,0.0,1.0,7.0,0.0,Everton,James-Tarkowski,15ea812b
2024-12-22,Sun,Matchweek 17,Home,D 0–0,Everton,Chelsea,Y*,CB,90.0,0.0,0.0,0.0,0.0,0.0,0.0,0.0,0.0,24.0,2.0,2.0,1.0,0.0,0.0,0.0,0.0,0.0,12.0,17.0,70.6,0.0,12.0,0.0,0.0,0.0,Match Report,12.0,17.0,70.6,264.0,60.0,4.0,5.0,80.0,6.0,6.0,100.0,2.0,3.0,66.7,0.0,0.0,0.0,0.0,1.0,0.0,0.0,0.0,17.0,16.0,0.0,0.0,0.0,0.0,0.0,0.0,0.0,0.0,0.0,0.0,12.0,1.0,1.0,0.0,0.0,0.0,0.0,0.0,0.0,0.0,0.0,0.0,0.0,0.0,0.0,0.0,0.0,24.0,5.0,11.0,12.0,1.0,1.0,24.0,0.0,0.0,,0.0,,12.0,46.0,9.0,0.0,0.0,0.0,0.0,2.0,12.0,0.0,2.0,1.0,2.0,0.0,0.0,1.0,2.0,50.0,1.0,1.0,1.0,0.0,2.0,4.0,1.0,0.0,Everton,James-Tarkowski,15ea812b
2024-12-26,Thu,Matchweek 18,Away,D 1–1,Everton,Manchester City,Y,CB,90.0,0.0,0.0,0.0,0.0,0.0,0.0,0.0,0.0,48.0,3.0,2.0,3.0,0.0,0.0,0.0,1.0,1.0,28.0,31.0,90.3,0.0,14.0,0.0,0.0,0.0,Match Report,28.0,31.0,90.3,490.0,112.0,12.0,12.0,100.0,15.0,15.0,100.0,1.0,4.0,25.0,0.0,0.0,0.0,0.0,0.0,0.0,0.0,0.0,31.0,30.0,1.0,1.0,0.0,0.0,0.0,0.0,0.0,0.0,0.0,0.0,28.0,0.0,0.0,1.0,1.0,0.0,0.0,0.0,0.0,0.0,1.0,1.0,0.0,0.0,0.0,0.0,0.0,48.0,21.0,35.0,10.0,3.0,0.0,48.0,0.0,0.0,,0.0,,14.0,70.0,44.0,0.0,0.0,0.0,0.0,0.0,25.0,0.0,3.0,3.0,2.0,1.0,0.0,1.0,1.0,100.0,0.0,3.0,3.0,0.0,2.0,5.0,10.0,0.0,Everton,James-Tarkowski,15ea812b
2024-12-29,Sun,Matchweek 19,Home,L 0–2,Everton,Nott'ham Forest,Y*,CB,90.0,0.0,0.0,0.0,0.0,0.0,0.0,1.0,0.0,76.0,3.0,1.0,0.0,0.0,0.0,0.0,2.0,0.0,53.0,69.0,76.8,10.0,38.0,2.0,1.0,1.0,Match Report,53.0,69.0,76.8,1313.0,592.0,16.0,19.0,84.2,22.0,23.0,95.7,14.0,24.0,58.3,0.0,0.0,0.1,0.0,11.0,3.0,0.0,10.0,69.0,68.0,1.0,1.0,0.0,1.0,0.0,0.0,0.0,0.0,0.0,0.0,53.0,0.0,0.0,2.0,2.0,0.0,0.0,0.0,0.0,0.0,0.0,0.0,0.0,0.0,0.0,0.0,0.0,76.0,2.0,29.0,43.0,5.0,1.0,76.0,1.0,1.0,100.0,0.0,0.0,38.0,246.0,182.0,2.0,1.0,0.0,1.0,0.0,38.0,0.0,3.0,2.0,2.0,0.0,1.0,1.0,1.0,100.0,0.0,0.0,0.0,0.0,1.0,4.0,4.0,0.0,Everton,James-Tarkowski,15ea812b
2025-01-04,Sat,Matchweek 20,Away,L 0–1,Everton,Bournemouth,Y*,CB,90.0,0.0,0.0,0.0,0.0,0.0,0.0,0.0,0.0,44.0,1.0,2.0,4.0,0.0,0.0,0.0,0.0,0.0,18.0,32.0,56.3,0.0,10.0,0.0,0.0,0.0,Match Report,18.0,32.0,56.3,372.0,158.0,9.0,16.0,56.3,6.0,10.0,60.0,3.0,6.0,50.0,0.0,0.0,0.0,0.0,0.0,0.0,0.0,0.0,32.0,30.0,2.0,1.0,0.0,0.0,0.0,0.0,0.0,0.0,0.0,0.0,18.0,0.0,0.0,0.0,0.0,0.0,0.0,0.0,0.0,0.0,0.0,0.0,0.0,0.0,0.0,0.0,0.0,44.0,8.0,23.0,17.0,5.0,1.0,44.0,0.0,0.0,,0.0,,10.0,36.0,4.0,0.0,0.0,0.0,0.0,0.0,15.0,0.0,1.0,0.0,1.0,0.0,0.0,0.0,0.0,,0.0,4.0,2.0,2.0,2.0,3.0,4.0,0.0,Everton,James-Tarkowski,15ea812b
2025-01-15,Wed,Matchweek 21,Home,L 0–1,Everton,Aston Villa,Y*,CB,90.0,0.0,0.0,0.0,0.0,0.0,0.0,0.0,0.0,77.0,3.0,2.0,3.0,0.0,0.0,0.1,2.0,0.0,52.0,61.0,85.2,4.0,29.0,0.0,0.0,0.0,Match Report,52.0,61.0,85.2,1067.0,255.0,19.0,22.0,86.4,21.0,23.0,91.3,11.0,13.0,84.6,0.0,0.1,0.0,1.0,3.0,1.0,0.0,4.0,61.0,56.0,4.0,1.0,0.0,0.0,0.0,0.0,0.0,0.0,0.0,0.0,52.0,1.0,1.0,2.0,2.0,0.0,0.0,0.0,0.0,0.0,0.0,0.0,0.0,0.0,0.0,0.0,0.0,77.0,14.0,40.0,33.0,5.0,1.0,77.0,0.0,0.0,,0.0,,29.0,114.0,80.0,0.0,2.0,0.0,2.0,1.0,45.0,1.0,3.0,0.0,2.0,1.0,0.0,1.0,1.0,100.0,0.0,3.0,2.0,1.0,2.0,5.0,7.0,0.0,Everton,James-Tarkowski,15ea812b
2025-01-19,Sun,Matchweek 22,Home,W 3–2,Everton,Tottenham,Y*,CB,90.0,0.0,0.0,0.0,0.0,1.0,1.0,0.0,0.0,54.0,3.0,2.0,2.0,0.2,0.2,0.5,1.0,0.0,34.0,42.0,81.0,4.0,27.0,0.0,0.0,0.0,Match Report,34.0,42.0,81.0,825.0,378.0,8.0,11.0,72.7,16.0,16.0,100.0,10.0,13.0,76.9,0.0,0.5,0.4,1.0,3.0,1.0,0.0,4.0,42.0,36.0,5.0,3.0,0.0,0.0,0.0,0.0,0.0,0.0,0.0,0.0,34.0,1.0,0.0,1.0,1.0,0.0,0.0,0.0,0.0,0.0,0.0,0.0,0.0,0.0,0.0,0.0,0.0,54.0,9.0,33.0,18.0,3.0,2.0,54.0,0.0,0.0,,0.0,,27.0,162.0,106.0,0.0,0.0,0.0,0.0,0.0,28.0,0.0,3.0,2.0,2.0,1.0,0.0,0.0,1.0,0.0,1.0,2.0,0.0,2.0,2.0,5.0,6.0,0.0,Everton,James-Tarkowski,15ea812b
2025-01-25,Sat,Matchweek 23,Away,W 1–0,Everton,Brighton,Y*,CB,90.0,0.0,0.0,0.0,0.0,0.0,0.0,0.0,0.0,51.0,1.0,1.0,2.0,0.0,0.0,0.0,0.0,0.0,29.0,34.0,85.3,2.0,22.0,0.0,0.0,0.0,Match Report,29.0,34.0,85.3,683.0,295.0,9.0,9.0,100.0,13.0,15.0,86.7,7.0,10.0,70.0,0.0,0.0,0.0,0.0,1.0,0.0,0.0,2.0,34.0,31.0,3.0,1.0,0.0,0.0,0.0,0.0,0.0,0.0,0.0,0.0,29.0,0.0,0.0,0.0,0.0,0.0,0.0,0.0,0.0,0.0,0.0,0.0,0.0,0.0,0.0,0.0,0.0,51.0,19.0,37.0,14.0,0.0,0.0,51.0,0.0,0.0,,0.0,,22.0,85.0,55.0,0.0,0.0,0.0,1.0,1.0,26.0,0.0,1.0,1.0,0.0,1.0,0.0,0.0,0.0,,0.0,2.0,1.0,1.0,1.0,2.0,13.0,0.0,Everton,James-Tarkowski,15ea812b
2025-02-01,Sat,Matchweek 24,Home,W 4–0,Everton,Leicester City,Y*,CB,90.0,0.0,1.0,0.0,0.0,1.0,0.0,0.0,0.0,70.0,1.0,1.0,2.0,0.0,0.0,0.2,1.0,1.0,45.0,53.0,84.9,2.0,35.0,0.0,0.0,0.0,Match Report,45.0,53.0,84.9,1008.0,408.0,13.0,18.0,72.2,22.0,23.0,95.7,9.0,11.0,81.8,1.0,0.2,0.2,1.0,2.0,1.0,0.0,2.0,53.0,47.0,6.0,2.0,1.0,2.0,0.0,0.0,0.0,0.0,0.0,0.0,45.0,0.0,1.0,1.0,1.0,0.0,0.0,0.0,0.0,0.0,1.0,1.0,0.0,0.0,0.0,0.0,0.0,70.0,14.0,45.0,23.0,2.0,1.0,70.0,0.0,0.0,,0.0,,35.0,157.0,63.0,0.0,0.0,0.0,1.0,0.0,43.0,0.0,1.0,1.0,1.0,0.0,0.0,1.0,1.0,100.0,0.0,2.0,2.0,0.0,1.0,2.0,10.0,1.0,Everton,James-Tarkowski,15ea812b
2025-02-12,Wed,Matchweek 15,Home,D 2–2,Everton,Liverpool,Y*,CB,90.0,1.0,0.0,0.0,0.0,1.0,1.0,0.0,0.0,44.0,1.0,1.0,0.0,0.1,0.1,0.0,1.0,0.0,25.0,31.0,80.6,3.0,18.0,0.0,0.0,0.0,Match Report,25.0,31.0,80.6,633.0,262.0,5.0,6.0,83.3,13.0,14.0,92.9,7.0,10.0,70.0,0.0,0.0,0.1,1.0,3.0,0.0,0.0,3.0,31.0,26.0,4.0,4.0,0.0,1.0,0.0,0.0,0.0,0.0,0.0,0.0,25.0,1.0,0.0,1.0,1.0,0.0,0.0,0.0,0.0,0.0,0.0,0.0,0.0,0.0,0.0,0.0,0.0,44.0,9.0,28.0,13.0,3.0,3.0,44.0,0.0,0.0,,0.0,,18.0,73.0,42.0,0.0,0.0,0.0,0.0,0.0,17.0,0.0,1.0,1.0,1.0,0.0,0.0,0.0,1.0,0.0,1.0,0.0,0.0,0.0,1.0,2.0,9.0,0.0,Everton,James-Tarkowski,15ea812b
2025-02-15,Sat,Matchweek 25,Away,W 2–1,Everton,Crystal Palace,Y*,CB,90.0,0.0,0.0,0.0,0.0,0.0,0.0,0.0,0.0,67.0,3.0,5.0,3.0,0.0,0.0,0.0,0.0,0.0,35.0,45.0,77.8,2.0,25.0,0.0,0.0,0.0,Match Report,35.0,45.0,77.8,763.0,242.0,9.0,13.0,69.2,21.0,22.0,95.5,5.0,10.0,50.0,0.0,0.0,0.0,0.0,2.0,0.0,0.0,2.0,45.0,40.0,5.0,3.0,0.0,0.0,0.0,1.0,0.0,0.0,0.0,0.0,35.0,0.0,0.0,0.0,0.0,0.0,0.0,0.0,0.0,0.0,0.0,0.0,0.0,0.0,0.0,0.0,0.0,67.0,13.0,47.0,18.0,2.0,0.0,67.0,0.0,0.0,,0.0,,25.0,141.0,63.0,0.0,0.0,0.0,1.0,0.0,30.0,0.0,3.0,1.0,2.0,1.0,0.0,0.0,0.0,,0.0,3.0,1.0,2.0,5.0,8.0,10.0,1.0,Everton,James-Tarkowski,15ea812b
2025-02-22,Sat,Matchweek 26,Home,D 2–2,Everton,Manchester Utd,Y*,CB,90.0,0.0,0.0,0.0,0.0,0.0,0.0,0.0,0.0,32.0,1.0,1.0,0.0,0.0,0.0,0.0,0.0,0.0,20.0,26.0,76.9,0.0,19.0,1.0,0.0,0.0,Match Report,20.0,26.0,76.9,451.0,178.0,4.0,6.0,66.7,13.0,14.0,92.9,3.0,4.0,75.0,0.0,0.0,0.0,0.0,1.0,0.0,0.0,0.0,26.0,23.0,3.0,0.0,0.0,1.0,0.0,1.0,0.0,0.0,0.0,0.0,20.0,0.0,1.0,0.0,0.0,0.0,0.0,0.0,0.0,0.0,0.0,0.0,0.0,0.0,0.0,0.0,0.0,32.0,4.0,19.0,11.0,2.0,1.0,32.0,0.0,0.0,,0.0,,19.0,110.0,40.0,1.0,0.0,0.0,0.0,0.0,20.0,0.0,1.0,1.0,1.0,0.0,0.0,0.0,1.0,0.0,1.0,0.0,0.0,0.0,1.0,2.0,3.0,0.0,Everton,James-Tarkowski,15ea812b
2025-02-26,Wed,Matchweek 27,Away,D 1–1,Everton,Brentford,Y*,CB,90.0,0.0,0.0,0.0,0.0,1.0,0.0,0.0,0.0,71.0,0.0,0.0,1.0,0.0,0.0,0.0,2.0,0.0,50.0,58.0,86.2,7.0,33.0,3.0,0.0,0.0,Match Report,50.0,58.0,86.2,894.0,317.0,23.0,24.0,95.8,20.0,21.0,95.2,6.0,12.0,50.0,0.0,0.0,0.0,1.0,6.0,0.0,0.0,7.0,58.0,54.0,4.0,0.0,0.0,0.0,0.0,0.0,0.0,0.0,0.0,0.0,50.0,0.0,0.0,2.0,1.0,0.0,0.0,1.0,0.0,0.0,0.0,0.0,0.0,0.0,0.0,0.0,0.0,71.0,17.0,33.0,32.0,6.0,2.0,71.0,0.0,0.0,,0.0,,33.0,224.0,143.0,3.0,3.0,0.0,1.0,0.0,46.0,0.0,0.0,0.0,0.0,0.0,0.0,0.0,1.0,0.0,1.0,1.0,1.0,0.0,0.0,0.0,9.0,0.0,Everton,James-Tarkowski,15ea812b
2025-03-08,Sat,Matchweek 28,Away,D 1–1,Everton,Wolves,Y*,CB,90.0,0.0,0.0,0.0,0.0,1.0,0.0,0.0,0.0,61.0,1.0,1.0,2.0,0.1,0.1,0.0,2.0,1.0,42.0,48.0,87.5,2.0,35.0,0.0,0.0,0.0,Match Report,42.0,48.0,87.5,803.0,273.0,15.0,17.0,88.2,22.0,22.0,100.0,4.0,8.0,50.0,0.0,0.0,0.0,0.0,3.0,0.0,0.0,2.0,48.0,42.0,6.0,3.0,0.0,0.0,0.0,0.0,0.0,0.0,0.0,0.0,42.0,0.0,0.0,2.0,2.0,0.0,0.0,0.0,0.0,0.0,1.0,1.0,0.0,0.0,0.0,0.0,0.0,61.0,16.0,46.0,13.0,2.0,2.0,61.0,0.0,0.0,,0.0,,35.0,131.0,83.0,0.0,0.0,0.0,0.0,0.0,38.0,0.0,1.0,1.0,1.0,0.0,0.0,1.0,1.0,100.0,0.0,2.0,2.0,0.0,1.0,2.0,6.0,0.0,Everton,James-Tarkowski,15ea812b
2025-03-15,Sat,Matchweek 29,Home,D 1–1,Everton,West Ham,Y*,CB,90.0,0.0,0.0,0.0,0.0,0.0,0.0,0.0,0.0,65.0,2.0,0.0,1.0,0.0,0.0,0.0,1.0,0.0,45.0,57.0,78.9,2.0,43.0,0.0,0.0,0.0,Match Report,45.0,57.0,78.9,1015.0,360.0,12.0,15.0,80.0,24.0,26.0,92.3,9.0,14.0,64.3,0.0,0.0,0.0,0.0,2.0,0.0,0.0,2.0,57.0,55.0,1.0,1.0,0.0,0.0,0.0,0.0,0.0,0.0,0.0,0.0,45.0,1.0,0.0,1.0,1.0,0.0,0.0,0.0,0.0,0.0,0.0,0.0,0.0,0.0,0.0,0.0,0.0,65.0,6.0,30.0,34.0,1.0,0.0,65.0,0.0,0.0,,0.0,,43.0,272.0,118.0,0.0,0.0,0.0,1.0,0.0,43.0,0.0,2.0,2.0,1.0,1.0,0.0,1.0,1.0,100.0,0.0,1.0,0.0,1.0,0.0,2.0,3.0,0.0,Everton,James-Tarkowski,15ea812b
2025-04-02,Wed,Matchweek 30,Away,L 0–1,Everton,Liverpool,Y*,CB,90.0,0.0,0.0,0.0,0.0,0.0,0.0,1.0,0.0,40.0,1.0,3.0,3.0,0.0,0.0,0.0,0.0,0.0,13.0,19.0,68.4,0.0,15.0,0.0,0.0,0.0,Match Report,13.0,19.0,68.4,288.0,84.0,4.0,5.0,80.0,6.0,7.0,85.7,3.0,6.0,50.0,0.0,0.0,0.0,0.0,0.0,0.0,0.0,0.0,19.0,18.0,0.0,0.0,0.0,0.0,0.0,0.0,0.0,0.0,0.0,0.0,13.0,1.0,0.0,0.0,0.0,0.0,0.0,0.0,0.0,0.0,0.0,0.0,0.0,0.0,0.0,0.0,0.0,40.0,17.0,32.0,5.0,3.0,2.0,40.0,0.0,0.0,,0.0,,15.0,77.0,48.0,0.0,0.0,0.0,0.0,0.0,16.0,0.0,1.0,1.0,1.0,0.0,0.0,0.0,0.0,,0.0,3.0,3.0,0.0,3.0,4.0,11.0,0.0,Everton,James-Tarkowski,15ea812b
2025-04-05,Sat,Matchweek 31,Home,D 1–1,Everton,Arsenal,Y*,CB,90.0,0.0,0.0,0.0,0.0,0.0,0.0,1.0,0.0,32.0,1.0,2.0,3.0,0.0,0.0,0.0,0.0,0.0,14.0,20.0,70.0,1.0,12.0,1.0,0.0,0.0,Match Report,14.0,20.0,70.0,338.0,90.0,3.0,4.0,75.0,9.0,12.0,75.0,2.0,3.0,66.7,0.0,0.0,0.0,0.0,1.0,1.0,0.0,1.0,20.0,19.0,1.0,1.0,0.0,0.0,1.0,0.0,0.0,0.0,0.0,0.0,14.0,0.0,0.0,0.0,0.0,0.0,0.0,0.0,0.0,0.0,0.0,0.0,0.0,0.0,0.0,0.0,0.0,32.0,8.0,19.0,10.0,3.0,1.0,32.0,0.0,0.0,,0.0,,12.0,76.0,44.0,1.0,0.0,0.0,0.0,0.0,15.0,0.0,1.0,0.0,1.0,0.0,0.0,0.0,0.0,,0.0,3.0,2.0,1.0,2.0,3.0,5.0,0.0,Everton,James-Tarkowski,15ea812b
2025-04-12,Sat,Matchweek 32,Away,W 1–0,Everton,Nott'ham Forest,Y*,CB,90.0,0.0,0.0,0.0,0.0,0.0,0.0,0.0,0.0,55.0,0.0,1.0,1.0,0.0,0.0,0.4,1.0,0.0,35.0,46.0,76.1,4.0,23.0,0.0,0.0,0.0,Match Report,35.0,46.0,76.1,742.0,245.0,12.0,16.0,75.0,16.0,18.0,88.9,7.0,12.0,58.3,0.0,0.4,0.2,1.0,2.0,0.0,0.0,4.0,46.0,40.0,6.0,3.0,1.0,0.0,0.0,1.0,0.0,0.0,0.0,0.0,35.0,0.0,0.0,1.0,1.0,0.0,0.0,0.0,0.0,0.0,0.0,0.0,0.0,0.0,0.0,0.0,0.0,55.0,4.0,27.0,24.0,4.0,4.0,55.0,0.0,0.0,,0.0,,23.0,186.0,144.0,0.0,0.0,0.0,1.0,0.0,26.0,0.0,0.0,0.0,0.0,0.0,0.0,0.0,0.0,,0.0,1.0,1.0,0.0,1.0,1.0,8.0,0.0,Everton,James-Tarkowski,15ea812b
2025-04-19,Sat,Matchweek 33,Home,L 0–2,Everton,Manchester City,Y*,CB,51.0,0.0,0.0,0.0,0.0,1.0,0.0,0.0,0.0,39.0,3.0,1.0,0.0,0.2,0.2,0.3,2.0,0.0,26.0,30.0,86.7,1.0,16.0,0.0,0.0,0.0,Match Report,26.0,30.0,86.7,524.0,182.0,8.0,9.0,88.9,15.0,16.0,93.8,3.0,5.0,60.0,0.0,0.3,0.2,1.0,3.0,0.0,0.0,1.0,30.0,27.0,3.0,1.0,0.0,0.0,0.0,0.0,0.0,0.0,0.0,0.0,26.0,0.0,0.0,2.0,2.0,0.0,0.0,0.0,0.0,0.0,0.0,0.0,0.0,0.0,0.0,0.0,0.0,39.0,5.0,19.0,17.0,3.0,3.0,39.0,0.0,0.0,,0.0,,16.0,74.0,27.0,0.0,0.0,0.0,0.0,0.0,26.0,0.0,3.0,2.0,1.0,2.0,0.0,1.0,1.0,100.0,0.0,0.0,0.0,0.0,1.0,4.0,3.0,0.0,Everton,James-Tarkowski,15ea812b
2024-08-17,Sat,Matchweek 1,Home,L 0–3,Everton,Brighton,Y,AM,62,0,0,0,0,1,0,0,0,21,1,0,0,0.1,0.1,0.0,1,0,12,19,63.2,0,10,2,1,1,Match Report,12,19,63.2,160,7,5,7,71.4,5,10,50.0,0,0,,0,0.0,0.0,0,0,0,0,0,19,17,2,0,0,0,2,0,0,0,0,0,12,0,0,1,1,0,0,0,0,0,0,0,0,0,0,0,0,21,0,2,12,7,1,21,1,1,100.0,0,0.0,10,73,49,2,0,0,0,1,16,4,1,0,1,0,0,1,1,100.0,0,0,0,0,0,1,0,0,Everton,Abdoulaye-Doucoure,02b29014
2024-08-24,Sat,Matchweek 2,Away,L 0–4,Everton,Tottenham,Y,AM,56,0,0,0,0,1,0,0,0,13,0,0,0,0.1,0.1,0.0,0,0,7,9,77.8,0,7,1,1,0,Match Report,7,9,77.8,177,10,2,2,100.0,1,1,100.0,4,6,66.7,0,0.0,0.0,0,0,0,0,0,9,6,3,0,0,0,0,0,0,0,0,0,7,0,0,0,0,0,0,0,0,0,0,0,0,0,0,0,0,13,1,5,5,3,2,13,1,0,0.0,1,100.0,7,36,15,1,1,0,0,0,6,2,0,0,0,0,0,0,0,,0,0,0,0,0,0,1,0,Everton,Abdoulaye-Doucoure,02b29014
2024-08-31,Sat,Matchweek 3,Home,L 2–3,Everton,Bournemouth,N,AM,8,0,0,0,0,0,0,0,0,9,0,0,0,0.0,0.0,0.0,0,0,7,9,77.8,0,3,0,1,1,Match Report,7,9,77.8,136,0,4,5,80.0,1,2,50.0,2,2,100.0,0,0.0,0.0,0,0,0,0,0,9,7,2,0,0,0,0,0,0,0,0,0,7,0,0,0,0,0,0,0,0,0,0,0,0,0,0,0,0,9,0,1,4,4,1,9,1,1,100.0,0,0.0,3,8,4,0,0,0,0,0,4,1,0,0,0,0,0,0,0,,0,0,0,0,0,0,0,0,Everton,Abdoulaye-Doucoure,02b29014
2024-09-14,Sat,Matchweek 4,Away,L 2–3,Everton,Aston Villa,N,"On matchday squad, but did not play","On matchday squad, but did not play","On matchday squad, but did not play","On matchday squad, but did not play","On matchday squad, but did not play","On matchday squad, but did not play","On matchday squad, but did not play","On matchday squad, but did not play","On matchday squad, but did not play","On matchday squad, but did not play","On matchday squad, but did not play","On matchday squad, but did not play","On matchday squad, but did not play","On matchday squad, but did not play","On matchday squad, but did not play","On matchday squad, but did not play","On matchday squad, but did not play","On matchday squad, but did not play","On matchday squad, but did not play","On matchday squad, but did not play","On matchday squad, but did not play","On matchday squad, but did not play","On matchday squad, but did not play","On matchday squad, but did not play","On matchday squad, but did not play","On matchday squad, but did not play","On matchday squad, but did not play",Match Report,"On matchday squad, but did not play","On matchday squad, but did not play","On matchday squad, but did not play","On matchday squad, but did not play","On matchday squad, but did not play","On matchday squad, but did not play","On matchday squad, but did not play","On matchday squad, but did not play","On matchday squad, but did not play","On matchday squad, but did not play","On matchday squad, but did not play","On matchday squad, but did not play","On matchday squad, but did not play","On matchday squad, but did not play","On matchday squad, but did not play","On matchday squad, but did not play","On matchday squad, but did not play","On matchday squad, but did not play","On matchday squad, but did not play","On matchday squad, but did not play","On matchday squad, but did not play","On matchday squad, but did not play","On matchday squad, but did not play","On matchday squad, but did not play","On matchday squad, but did not play","On matchday squad, but did not play","On matchday squad, but did not play","On matchday squad, but did not play","On matchday squad, but did not play","On matchday squad, but did not play","On matchday squad, but did not play","On matchday squad, but did not play","On matchday squad, but did not play","On matchday squad, but did not play","On matchday squad, but did not play","On matchday squad, but did not play","On matchday squad, but did not play","On matchday squad, but did not play","On matchday squad, but did not play","On matchday squad, but did not play","On matchday squad, but did not play","On matchday squad, but did not play","On matchday squad, but did not play","On matchday squad, but did not play","On matchday squad, but did not play","On matchday squad, but did not play","On matchday squad, but did not play","On matchday squad, but did not play","On matchday squad, but did not play","On matchday squad, but did not play","On matchday squad, but did not play","On matchday squad, but did not play","On matchday squad, but did not play","On matchday squad, but did not play","On matchday squad, but did not play","On matchday squad, but did not play","On matchday squad, but did not play","On matchday squad, but did not play","On matchday squad, but did not play","On matchday squad, but did not play","On matchday squad, but did not play","On matchday squad, but did not play","On matchday squad, but did not play","On matchday squad, but did not play","On matchday squad, but did not play","On matchday squad, but did not play","On matchday squad, but did not play","On matchday squad, but did not play","On matchday squad, but did not play","On matchday squad, but did not play","On matchday squad, but did not play","On matchday squad, but did not play","On matchday squad, but did not play","On matchday squad, but did not play","On matchday squad, but did not play","On matchday squad, but did not play","On matchday squad, but did not play","On matchday squad, but did not play","On matchday squad, but did not play","On matchday squad, but did not play","On matchday squad, but did not play","On matchday squad, but did not play","On matchday squad, but did not play","On matchday squad, but did not play","On matchday squad, but did not play","On matchday squad, but did not play","On matchday squad, but did not play","On matchday squad, but did not play","On matchday squad, but did not play",Everton,Abdoulaye-Doucoure,02b29014
2024-09-21,Sat,Matchweek 5,Away,D 1–1,Everton,Leicester City,Y,DM,90,0,0,0,0,1,0,0,0,53,3,2,3,0.0,0.0,0.0,1,0,32,37,86.5,4,28,0,0,0,Match Report,32,37,86.5,558,99,16,16,100.0,13,15,86.7,3,3,100.0,0,0.0,0.0,0,3,1,0,4,37,37,0,0,0,0,2,0,0,0,0,0,32,0,2,1,1,0,0,0,0,0,0,0,0,0,0,0,0,53,2,22,20,13,1,53,0,0,,0,,28,87,25,0,0,0,3,1,29,0,3,2,3,0,0,2,2,100.0,0,3,1,2,2,5,2,0,Everton,Abdoulaye-Doucoure,02b29014
2024-09-28,Sat,Matchweek 6,Home,W 2–1,Everton,Crystal Palace,Y,DM,90,0,0,0,0,0,0,0,0,43,2,0,1,0.0,0.0,0.0,2,1,28,38,73.7,4,19,1,0,0,Match Report,28,38,73.7,471,97,13,15,86.7,12,15,80.0,3,4,75.0,0,0.0,0.0,1,1,1,0,4,38,37,0,0,0,0,1,0,0,0,0,0,28,1,1,2,1,0,0,0,0,1,1,0,0,0,0,0,1,43,1,9,19,15,0,43,0,0,,0,,19,110,48,1,0,0,0,1,22,2,2,1,0,2,0,0,0,,0,1,1,0,0,2,0,0,Everton,Abdoulaye-Doucoure,02b29014
2024-10-05,Sat,Matchweek 7,Home,D 0–0,Everton,Newcastle Utd,Y,"DM,AM",90,0,0,0,0,0,0,0,0,40,3,0,2,0.0,0.0,0.1,3,0,23,31,74.2,5,20,1,2,1,Match Report,23,31,74.2,341,73,13,17,76.5,10,11,90.9,0,2,0.0,0,0.1,0.0,3,4,0,0,5,31,31,0,0,0,1,1,0,0,0,0,0,23,0,2,3,3,0,0,0,0,0,0,0,0,0,0,0,0,40,1,6,28,7,0,40,2,1,50.0,1,50.0,20,94,34,1,1,0,0,1,20,2,3,2,1,2,0,0,0,,0,2,0,2,0,3,0,0,Everton,Abdoulaye-Doucoure,02b29014
2024-10-19,Sat,Matchweek 8,Away,W 2–0,Everton,Ipswich Town,Y,"DM,AM",90,0,0,0,0,0,0,0,0,58,0,0,3,0.0,0.0,0.2,3,0,45,51,88.2,5,34,1,0,0,Match Report,45,51,88.2,823,203,15,17,88.2,23,24,95.8,6,6,100.0,0,0.2,0.1,2,4,2,0,5,51,50,1,1,0,0,0,0,0,0,0,0,45,0,3,3,3,0,0,0,0,0,0,0,0,0,0,0,0,58,4,21,29,8,0,58,0,0,,0,,34,144,66,1,1,0,0,1,39,0,0,0,0,0,0,0,0,,0,3,1,2,0,0,2,0,Everton,Abdoulaye-Doucoure,02b29014
2024-10-26,Sat,Matchweek 9,Home,D 1–1,Everton,Fulham,Y,DM,79,0,0,0,0,1,1,0,0,42,3,1,1,0.1,0.1,0.0,2,0,33,37,89.2,2,16,1,0,0,Match Report,33,37,89.2,481,114,17,20,85.0,11,11,100.0,1,1,100.0,0,0.0,0.0,1,1,0,0,2,37,36,1,1,0,0,0,0,0,0,0,0,33,0,1,2,2,0,0,0,0,0,0,0,0,0,0,0,0,42,1,18,17,7,2,42,0,0,,0,,16,112,68,1,2,0,0,1,27,1,3,1,2,1,0,1,1,100.0,0,1,0,1,1,4,0,0,Everton,Abdoulaye-Doucoure,02b29014
2024-11-09,Sat,Matchweek 11,Away,D 0–0,Everton,West Ham,Y,AM,85,0,0,0,0,1,0,0,0,39,0,0,1,0.2,0.2,0.1,6,0,32,35,91.4,4,20,1,1,1,Match Report,32,35,91.4,486,78,16,17,94.1,12,13,92.3,2,2,100.0,0,0.1,0.0,3,2,1,0,4,35,35,0,0,0,0,0,0,0,0,0,0,32,0,1,6,5,0,0,1,0,0,0,0,0,0,0,0,0,39,0,2,19,19,3,39,1,1,100.0,0,0.0,20,93,33,1,1,0,0,0,28,6,0,0,0,0,0,0,0,,0,1,0,1,0,0,0,0,Everton,Abdoulaye-Doucoure,02b29014
2024-11-23,Sat,Matchweek 12,Home,D 0–0,Everton,Brentford,Y,DM,71,0,0,0,0,0,0,0,0,38,1,0,1,0.0,0.0,0.0,3,0,28,34,82.4,2,26,0,0,0,Match Report,28,34,82.4,592,68,4,5,80.0,20,22,90.9,3,3,100.0,0,0.0,0.0,0,1,0,0,2,34,33,0,0,0,0,0,0,0,0,0,0,28,1,0,3,3,0,0,0,0,0,0,0,0,0,0,0,0,38,0,8,16,14,1,38,0,0,,0,,26,101,45,0,0,0,1,2,28,2,1,0,1,0,0,0,0,,0,1,0,1,0,1,1,0,Everton,Abdoulaye-Doucoure,02b29014
2024-12-01,Sun,Matchweek 13,Away,L 0–4,Everton,Manchester Utd,Y,DM,90,0,0,0,0,0,0,0,0,54,1,1,2,0.0,0.0,0.1,1,0,43,47,91.5,1,34,0,1,1,Match Report,43,47,91.5,655,92,24,27,88.9,18,19,94.7,1,1,100.0,0,0.1,0.2,2,1,0,0,1,47,46,1,1,0,0,0,0,0,0,0,0,43,0,0,1,1,0,0,0,0,0,0,0,0,0,0,0,0,54,1,8,34,12,1,54,1,1,100.0,0,0.0,34,110,29,0,1,0,1,0,42,1,1,0,0,0,1,1,2,50.0,1,2,0,2,1,2,0,0,Everton,Abdoulaye-Doucoure,02b29014
2024-12-04,Wed,Matchweek 14,Home,W 4–0,Everton,Wolves,Y,AM,82,0,0,0,0,1,0,0,0,37,1,0,0,0.0,0.0,0.0,2,0,24,32,75.0,1,18,2,3,2,Match Report,24,32,75.0,336,46,15,16,93.8,7,9,77.8,1,3,33.3,0,0.0,0.0,1,2,0,0,1,32,32,0,0,0,0,0,0,0,0,0,0,24,0,3,2,2,0,0,0,0,0,0,0,0,0,0,0,0,37,0,3,18,17,0,37,3,2,66.7,1,33.3,18,115,56,2,0,0,1,2,29,2,1,0,1,0,0,0,2,0.0,2,0,0,0,0,1,0,0,Everton,Abdoulaye-Doucoure,02b29014
2024-12-14,Sat,Matchweek 16,Away,D 0–0,Everton,Arsenal,Y,LM,90,0,0,0,0,1,0,0,0,28,2,1,1,0.1,0.1,0.0,1,0,14,19,73.7,1,13,4,0,0,Match Report,14,19,73.7,238,62,6,8,75.0,8,10,80.0,0,0,,0,0.0,0.0,0,0,0,0,1,19,19,0,0,0,0,0,0,0,0,0,0,14,0,1,1,1,0,0,0,0,0,0,0,0,0,0,0,0,28,5,14,9,6,2,28,0,0,,0,,13,103,70,4,1,1,1,1,20,1,2,1,2,0,0,0,2,0.0,2,1,1,0,1,3,3,0,Everton,Abdoulaye-Doucoure,02b29014
2024-12-22,Sun,Matchweek 17,Home,D 0–0,Everton,Chelsea,Y,LM,90,0,0,0,0,0,0,0,0,32,4,0,2,0.0,0.0,0.1,1,0,16,21,76.2,3,17,2,4,1,Match Report,16,21,76.2,196,46,10,13,76.9,5,7,71.4,0,0,,0,0.1,0.0,1,3,1,0,3,21,21,0,0,0,0,1,0,0,0,0,0,16,0,0,1,1,0,0,0,0,0,0,0,0,0,0,0,0,32,2,8,14,10,1,32,4,1,25.0,3,75.0,17,107,66,2,1,1,1,1,18,2,4,2,1,2,1,1,3,33.3,2,2,0,2,0,4,1,0,Everton,Abdoulaye-Doucoure,02b29014
2024-12-26,Thu,Matchweek 18,Away,D 1–1,Everton,Manchester City,Y,LM,90,0,0,0,0,1,0,0,0,34,2,0,0,0.0,0.0,0.0,2,0,24,26,92.3,3,19,3,1,1,Match Report,24,26,92.3,386,81,12,12,100.0,12,14,85.7,0,0,,0,0.0,0.0,0,2,0,0,3,26,26,0,0,0,0,1,0,0,0,0,0,24,0,0,2,2,0,0,0,0,0,0,0,0,0,0,0,0,34,1,8,19,9,1,34,1,1,100.0,0,0.0,19,161,101,3,2,0,4,0,22,4,2,2,1,1,0,0,2,0.0,2,0,0,0,0,2,0,0,Everton,Abdoulaye-Doucoure,02b29014
2024-12-29,Sun,Matchweek 19,Home,L 0–2,Everton,Nott'ham Forest,Y,"LM,CM",90,0,0,0,0,1,0,0,0,54,2,0,1,0.0,0.0,0.2,1,0,39,47,83.0,9,28,3,0,0,Match Report,39,47,83.0,583,158,20,26,76.9,18,19,94.7,0,0,,0,0.2,0.0,2,2,1,0,9,47,45,1,0,0,0,0,0,0,0,0,0,39,1,1,1,1,0,0,0,0,0,0,0,0,0,0,0,0,54,0,8,22,24,3,54,0,0,,0,,28,155,92,3,4,0,2,2,39,5,2,2,1,1,0,0,1,0.0,1,1,0,1,0,2,0,1,Everton,Abdoulaye-Doucoure,02b29014
2025-01-04,Sat,Matchweek 20,Away,L 0–1,Everton,Bournemouth,Y,"AM,DM,CM",90,0,0,0,0,1,0,1,0,45,2,1,0,0.1,0.1,0.0,2,0,27,35,77.1,2,18,1,1,1,Match Report,27,35,77.1,342,93,15,20,75.0,10,11,90.9,1,2,50.0,0,0.0,0.0,1,2,0,0,2,35,35,0,0,0,0,1,0,0,0,0,0,27,0,0,2,2,0,0,0,0,0,0,0,0,0,0,0,0,45,4,8,18,20,1,45,1,1,100.0,0,0.0,18,80,46,1,1,0,2,3,28,3,2,2,0,2,0,1,2,50.0,1,0,0,0,1,3,3,0,Everton,Abdoulaye-Doucoure,02b29014
2025-01-15,Wed,Matchweek 21,Home,L 0–1,Everton,Aston Villa,Y,AM,82,0,0,0,0,1,1,0,0,33,2,0,1,0.2,0.2,0.0,0,0,14,24,58.3,1,14,1,1,0,Match Report,14,24,58.3,174,32,9,12,75.0,5,9,55.6,0,1,0.0,0,0.0,0.0,0,0,0,0,1,24,23,0,0,0,0,2,0,0,0,0,0,14,1,0,0,0,0,0,0,0,0,0,0,0,0,0,0,0,33,1,2,17,14,1,33,1,0,0.0,1,100.0,14,91,25,1,1,0,0,2,24,7,2,1,0,1,1,0,1,0.0,1,1,0,1,0,2,0,0,Everton,Abdoulaye-Doucoure,02b29014
2025-01-19,Sun,Matchweek 22,Home,W 3–2,Everton,Tottenham,Y,"AM,RM",90,0,0,0,0,0,0,1,0,34,2,0,3,0.0,0.0,0.0,0,0,18,25,72.0,3,22,3,2,1,Match Report,18,25,72.0,207,59,14,16,87.5,4,8,50.0,0,0,,0,0.0,0.0,0,2,0,0,3,25,25,0,0,0,0,3,0,0,0,0,0,18,0,1,0,0,0,0,0,0,0,0,0,0,0,0,0,0,34,0,5,7,24,3,34,2,1,50.0,1,50.0,22,105,49,3,1,1,2,2,20,6,2,1,0,0,2,0,2,0.0,2,3,1,2,0,2,0,0,Everton,Abdoulaye-Doucoure,02b29014
2025-01-25,Sat,Matchweek 23,Away,W 1–0,Everton,Brighton,Y,AM,77,0,0,0,0,0,0,0,0,34,2,0,0,0.0,0.0,0.0,1,0,19,21,90.5,1,18,1,1,0,Match Report,19,21,90.5,256,27,15,16,93.8,2,2,100.0,2,2,100.0,0,0.0,0.0,0,0,1,0,1,21,20,1,0,0,0,0,0,0,0,0,0,19,0,1,1,1,0,0,0,0,0,0,0,0,0,0,0,0,34,1,10,15,9,1,34,1,0,0.0,1,100.0,18,61,13,1,0,0,4,4,22,4,2,2,1,1,0,0,0,,0,0,0,0,0,2,1,0,Everton,Abdoulaye-Doucoure,02b29014
2025-02-01,Sat,Matchweek 24,Home,W 4–0,Everton,Leicester City,Y,AM,90,1,0,0,0,3,1,0,0,44,0,0,0,0.8,0.8,0.3,4,0,29,36,80.6,4,31,1,5,3,Match Report,29,36,80.6,420,109,19,20,95.0,5,7,71.4,4,6,66.7,0,0.3,0.1,2,2,2,0,4,36,36,0,0,0,0,1,0,0,0,0,0,29,0,1,4,3,0,1,0,0,0,0,0,0,0,0,0,0,44,0,1,26,17,6,44,5,3,60.0,2,40.0,31,158,57,1,0,0,0,0,38,6,0,0,0,0,0,0,1,0.0,1,0,0,0,0,0,0,0,Everton,Abdoulaye-Doucoure,02b29014
2025-02-12,Wed,Matchweek 15,Home,D 2–2,Everton,Liverpool,Y,AM,89,0,0,0,0,2,0,2,1,35,0,1,0,0.1,0.1,0.1,2,0,12,21,57.1,4,17,0,0,0,Match Report,12,21,57.1,132,60,7,8,87.5,3,8,37.5,0,0,,0,0.1,0.0,2,2,0,0,4,21,21,0,0,0,0,2,0,0,0,0,0,12,0,2,2,2,0,0,0,0,0,0,0,0,0,0,0,0,35,1,7,11,17,2,35,0,0,,0,,17,53,16,0,0,0,2,0,16,3,0,0,0,0,0,0,0,,0,0,0,0,1,1,1,0,Everton,Abdoulaye-Doucoure,02b29014
2025-02-22,Sat,Matchweek 26,Home,D 2–2,Everton,Manchester Utd,Y,AM,80,1,1,0,0,2,2,0,0,45,0,0,0,0.9,0.9,0.2,4,1,30,36,83.3,5,26,3,4,1,Match Report,30,36,83.3,380,123,22,25,88.0,7,8,87.5,0,0,,1,0.2,0.1,1,4,2,0,5,36,36,0,0,0,0,1,0,0,0,0,0,30,0,1,4,4,0,0,0,0,0,1,1,0,0,0,0,0,45,0,5,24,18,4,45,4,1,25.0,3,75.0,26,189,106,3,1,0,1,1,26,2,0,0,0,0,0,0,1,0.0,1,0,0,0,0,0,0,0,Everton,Abdoulaye-Doucoure,02b29014
2025-03-08,Sat,Matchweek 28,Away,D 1–1,Everton,Wolves,Y,AM,62,0,0,0,0,3,0,0,0,19,1,0,1,0.3,0.3,0.0,3,0,7,11,63.6,1,8,0,1,1,Match Report,7,11,63.6,87,31,3,6,50.0,3,3,100.0,0,1,0.0,0,0.0,0.0,1,0,0,0,1,11,11,0,0,0,0,0,0,0,0,0,0,7,0,0,3,1,0,1,1,0,0,0,0,0,0,0,0,0,19,0,2,8,9,2,19,1,1,100.0,0,0.0,8,23,10,0,0,0,1,1,6,1,1,1,0,1,0,0,0,,0,1,0,1,0,1,1,0,Everton,Abdoulaye-Doucoure,02b29014
2025-03-15,Sat,Matchweek 29,Home,D 1–1,Everton,West Ham,Y,AM,67,0,0,0,0,2,1,0,0,34,0,0,1,0.2,0.2,0.0,0,0,21,28,75.0,1,20,0,0,0,Match Report,21,28,75.0,216,18,14,19,73.7,3,4,75.0,0,0,,0,0.0,0.2,0,0,1,0,1,28,28,0,0,0,0,1,0,0,0,0,0,21,0,1,0,0,0,0,0,0,0,0,0,0,0,0,0,0,34,1,2,16,16,2,34,0,0,,0,,20,62,21,0,1,0,0,2,29,6,0,0,0,0,0,0,0,,0,1,0,1,0,0,1,0,Everton,Abdoulaye-Doucoure,02b29014
2025-04-02,Wed,Matchweek 30,Away,L 0–1,Everton,Liverpool,Y,AM,85,0,0,0,0,0,0,0,0,34,5,0,3,0.0,0.0,0.6,2,0,12,21,57.1,0,12,2,3,2,Match Report,12,21,57.1,197,113,6,8,75.0,3,6,50.0,2,4,50.0,0,0.6,0.0,1,1,0,0,0,21,21,0,0,0,0,1,0,0,0,0,0,12,0,1,2,2,0,0,0,0,0,0,0,0,0,0,0,0,34,2,11,11,13,4,34,3,2,66.7,1,33.3,12,68,42,2,1,1,3,0,14,4,5,2,3,2,0,2,4,50.0,2,3,1,2,0,5,0,0,Everton,Abdoulaye-Doucoure,02b29014
2025-04-05,Sat,Matchweek 31,Home,D 1–1,Everton,Arsenal,Y,AM,90,0,0,0,0,1,1,0,0,18,2,0,2,0.0,0.0,0.0,0,0,6,10,60.0,1,7,1,0,0,Match Report,6,10,60.0,90,18,2,3,66.7,3,3,100.0,0,0,,0,0.0,0.0,0,0,0,0,1,10,10,0,0,0,0,1,0,0,0,0,0,6,0,1,0,0,0,0,0,0,0,0,0,0,0,0,0,0,18,1,8,4,6,1,18,0,0,,0,,7,47,25,1,0,1,1,2,7,2,2,2,1,0,1,2,5,40.0,3,2,0,2,0,2,1,0,Everton,Abdoulaye-Doucoure,02b29014
2025-04-12,Sat,Matchweek 32,Away,W 1–0,Everton,Nott'ham Forest,Y,AM,90,1,0,0,0,2,1,1,0,53,1,0,0,0.3,0.3,0.2,3,0,35,39,89.7,3,35,1,3,0,Match Report,35,39,89.7,510,107,18,19,94.7,10,12,83.3,3,3,100.0,0,0.2,0.1,2,2,0,0,3,39,38,0,0,0,0,1,0,0,0,0,0,35,1,0,3,3,0,0,0,0,0,0,0,0,0,0,0,0,53,0,6,23,24,4,53,3,0,0.0,3,100.0,35,134,50,1,1,1,2,1,39,8,1,1,0,0,1,1,1,100.0,0,0,0,0,0,1,0,0,Everton,Abdoulaye-Doucoure,02b29014
2025-04-19,Sat,Matchweek 33,Home,L 0–2,Everton,Manchester City,Y,AM,90,0,0,0,0,2,1,0,0,32,0,2,0,0.1,0.1,0.0,3,0,20,24,83.3,4,19,2,5,5,Match Report,20,24,83.3,318,47,8,10,80.0,8,8,100.0,2,2,100.0,0,0.0,0.0,0,2,1,0,4,24,24,0,0,0,0,0,0,0,0,0,0,20,0,2,3,2,0,1,0,0,0,0,0,0,0,0,0,0,32,1,3,16,14,6,32,5,5,100.0,0,0.0,19,88,40,2,0,2,0,2,22,1,0,0,0,0,0,0,0,,0,0,0,0,2,2,0,0,Everton,Abdoulaye-Doucoure,02b29014
2025-04-26,Sat,Matchweek 34,Away,L 0–1,Everton,Chelsea,Y,AM,90,0,0,0,0,1,0,0,0,35,3,0,1,0.2,0.2,0.0,1,0,19,26,73.1,4,12,2,2,0,Match Report,19,26,73.1,281,62,10,11,90.9,8,10,80.0,0,1,0.0,0,0.0,0.0,0,1,0,0,4,26,25,1,1,0,1,1,0,0,0,0,0,19,0,1,1,1,0,0,0,0,0,0,0,0,0,0,0,0,35,0,5,21,9,3,35,2,0,0.0,2,100.0,12,71,38,2,2,0,1,1,25,3,3,2,1,2,0,1,6,16.7,5,1,0,1,0,3,1,0,Everton,Abdoulaye-Doucoure,02b29014
2025-05-10,Sat,Matchweek 36,Away,W 3–1,Everton,Fulham,Y,AM,60,0,1,0,0,0,0,0,0,26,1,0,1,0.0,0.0,0.0,2,1,18,21,85.7,2,19,2,1,1,Match Report,18,21,85.7,247,71,9,10,90.0,5,7,71.4,2,2,100.0,1,0.0,0.0,1,0,0,0,2,21,20,1,1,0,0,0,0,0,0,0,0,18,0,0,2,2,0,0,0,0,0,1,1,0,0,0,0,0,26,0,2,16,8,1,26,1,1,100.0,0,0.0,19,87,51,2,1,0,3,0,15,1,1,0,1,0,0,0,2,0.0,2,1,0,1,0,1,0,0,Everton,Abdoulaye-Doucoure,02b29014
2025-05-18,Sun,Matchweek 37,Home,W 2–0,Everton,Southampton,Y,AM,64,0,0,0,0,2,0,0,0,42,2,1,0,0.3,0.3,0.1,2,0,29,31,93.5,2,13,0,1,0,Match Report,29,31,93.5,419,50,17,18,94.4,8,8,100.0,2,3,66.7,0,0.1,0.2,1,0,1,0,2,31,31,0,0,0,0,0,0,0,0,0,0,29,0,0,2,2,0,0,0,0,0,0,0,0,0,0,0,0,42,0,4,18,20,5,42,1,0,0.0,1,100.0,13,24,6,0,1,0,2,3,29,4,2,1,0,2,0,1,2,50.0,1,0,0,0,1,3,0,0,Everton,Abdoulaye-Doucoure,02b29014
2025-05-25,Sun,Matchweek 38,Away,W 1–0,Everton,Newcastle Utd,N,AM,15,0,0,0,0,0,0,0,0,3,0,0,0,0.0,0.0,0.0,0,0,2,2,100.0,0,1,0,0,0,Match Report,2,2,100.0,14,0,2,2,100.0,0,0,,0,0,,0,0.0,0.0,0,0,0,0,0,2,2,0,0,0,0,0,0,0,0,0,0,2,0,0,0,0,0,0,0,0,0,0,0,0,0,0,0,0,3,1,1,2,0,0,3,0,0,,0,,1,2,0,0,0,0,0,0,1,0,0,0,0,0,0,0,0,,0,0,0,0,0,0,1,0,Everton,Abdoulaye-Doucoure,02b29014
2024-08-17,Sat,Matchweek 1,Home,L 0–3,Everton,Brighton,N,"LW,AM",28.0,0.0,0.0,0.0,0.0,0.0,0.0,0.0,0.0,9.0,3.0,0.0,0.0,0.0,0.0,0.0,0.0,0.0,3.0,4.0,75.0,0.0,5.0,1.0,1.0,0.0,Match Report,3.0,4.0,75.0,50.0,0.0,1.0,1.0,100.0,2.0,2.0,100.0,0.0,0.0,,0.0,0.0,0.0,0.0,0.0,0.0,0.0,0.0,4.0,4.0,0.0,0.0,0.0,0.0,0.0,0.0,0.0,0.0,0.0,0.0,3.0,0.0,0.0,0.0,0.0,0.0,0.0,0.0,0.0,0.0,0.0,0.0,0.0,0.0,0.0,0.0,0.0,9.0,0.0,4.0,4.0,2.0,1.0,9.0,1.0,0.0,0.0,1.0,100.0,5.0,39.0,19.0,1.0,0.0,0.0,1.0,0.0,4.0,0.0,3.0,2.0,2.0,0.0,1.0,2.0,2.0,100.0,0.0,0.0,0.0,0.0,0.0,3.0,0.0,0.0,Everton,Iliman-Ndiaye,5ed97752
2024-08-24,Sat,Matchweek 2,Away,L 0–4,Everton,Tottenham,N,LW,34.0,0.0,0.0,0.0,0.0,1.0,0.0,0.0,0.0,22.0,4.0,1.0,2.0,0.0,0.0,0.0,0.0,0.0,7.0,10.0,70.0,0.0,14.0,5.0,5.0,2.0,Match Report,7.0,10.0,70.0,86.0,11.0,6.0,7.0,85.7,1.0,2.0,50.0,0.0,0.0,,0.0,0.0,0.0,0.0,0.0,0.0,0.0,0.0,10.0,9.0,1.0,0.0,0.0,0.0,1.0,1.0,0.0,0.0,0.0,0.0,7.0,0.0,1.0,0.0,0.0,0.0,0.0,0.0,0.0,0.0,0.0,0.0,0.0,0.0,0.0,0.0,0.0,22.0,0.0,1.0,11.0,12.0,5.0,22.0,5.0,2.0,40.0,3.0,60.0,14.0,79.0,56.0,5.0,2.0,4.0,2.0,3.0,11.0,6.0,4.0,2.0,1.0,2.0,1.0,1.0,1.0,100.0,0.0,2.0,0.0,2.0,1.0,5.0,0.0,0.0,Everton,Iliman-Ndiaye,5ed97752
2024-08-31,Sat,Matchweek 3,Home,L 2–3,Everton,Bournemouth,Y,LW,82.0,0.0,0.0,0.0,0.0,3.0,2.0,0.0,0.0,35.0,4.0,1.0,1.0,0.3,0.3,0.0,4.0,1.0,18.0,24.0,75.0,3.0,16.0,2.0,4.0,1.0,Match Report,18.0,24.0,75.0,262.0,89.0,13.0,15.0,86.7,4.0,6.0,66.7,1.0,3.0,33.3,0.0,0.0,0.0,0.0,0.0,0.0,0.0,3.0,24.0,23.0,1.0,0.0,0.0,0.0,1.0,1.0,0.0,0.0,0.0,0.0,18.0,0.0,0.0,4.0,4.0,0.0,0.0,0.0,0.0,0.0,1.0,1.0,0.0,0.0,0.0,0.0,0.0,35.0,1.0,9.0,16.0,14.0,4.0,35.0,4.0,1.0,25.0,3.0,75.0,16.0,243.0,100.0,2.0,2.0,2.0,0.0,4.0,15.0,2.0,4.0,3.0,1.0,1.0,2.0,3.0,3.0,100.0,0.0,1.0,0.0,1.0,1.0,5.0,0.0,0.0,Everton,Iliman-Ndiaye,5ed97752
2024-09-14,Sat,Matchweek 4,Away,L 2–3,Everton,Aston Villa,Y,"LW,LM",80.0,0.0,0.0,0.0,0.0,0.0,0.0,1.0,0.0,25.0,0.0,1.0,1.0,0.0,0.0,0.0,1.0,0.0,11.0,14.0,78.6,2.0,14.0,4.0,8.0,3.0,Match Report,11.0,14.0,78.6,192.0,33.0,4.0,5.0,80.0,7.0,7.0,100.0,0.0,0.0,,0.0,0.0,0.0,0.0,1.0,0.0,0.0,2.0,14.0,13.0,1.0,0.0,0.0,0.0,0.0,0.0,0.0,0.0,0.0,0.0,11.0,0.0,1.0,1.0,1.0,0.0,0.0,0.0,0.0,0.0,0.0,0.0,0.0,0.0,0.0,0.0,0.0,25.0,2.0,9.0,10.0,8.0,2.0,25.0,8.0,3.0,37.5,5.0,62.5,14.0,119.0,66.0,4.0,0.0,2.0,0.0,0.0,13.0,0.0,0.0,0.0,0.0,0.0,0.0,0.0,0.0,,0.0,1.0,1.0,0.0,1.0,1.0,2.0,0.0,Everton,Iliman-Ndiaye,5ed97752
2024-09-21,Sat,Matchweek 5,Away,D 1–1,Everton,Leicester City,Y,LW,80.0,1.0,0.0,0.0,0.0,2.0,1.0,0.0,0.0,39.0,0.0,1.0,0.0,0.2,0.2,0.4,8.0,1.0,25.0,28.0,89.3,1.0,27.0,3.0,6.0,1.0,Match Report,25.0,28.0,89.3,330.0,110.0,15.0,17.0,88.2,7.0,7.0,100.0,1.0,1.0,100.0,0.0,0.4,0.1,4.0,1.0,1.0,1.0,1.0,28.0,28.0,0.0,0.0,0.0,0.0,1.0,0.0,0.0,0.0,0.0,0.0,25.0,0.0,0.0,8.0,6.0,0.0,1.0,0.0,1.0,0.0,1.0,1.0,0.0,0.0,0.0,0.0,0.0,39.0,2.0,8.0,14.0,19.0,3.0,39.0,6.0,1.0,16.7,4.0,66.7,27.0,168.0,101.0,3.0,2.0,2.0,0.0,0.0,27.0,6.0,0.0,0.0,0.0,0.0,0.0,0.0,2.0,0.0,2.0,0.0,0.0,0.0,1.0,1.0,1.0,0.0,Everton,Iliman-Ndiaye,5ed97752
2024-09-28,Sat,Matchweek 6,Home,W 2–1,Everton,Crystal Palace,Y,LW,90.0,0.0,0.0,0.0,0.0,0.0,0.0,0.0,0.0,46.0,0.0,3.0,1.0,0.0,0.0,0.0,4.0,0.0,31.0,35.0,88.6,3.0,27.0,4.0,4.0,3.0,Match Report,31.0,35.0,88.6,513.0,101.0,18.0,20.0,90.0,10.0,10.0,100.0,2.0,3.0,66.7,0.0,0.0,0.1,1.0,1.0,2.0,0.0,3.0,35.0,34.0,1.0,0.0,0.0,0.0,2.0,0.0,1.0,1.0,0.0,0.0,31.0,0.0,1.0,4.0,3.0,0.0,0.0,0.0,1.0,0.0,0.0,0.0,0.0,0.0,0.0,0.0,0.0,46.0,4.0,11.0,18.0,21.0,2.0,46.0,4.0,3.0,75.0,1.0,25.0,27.0,293.0,159.0,4.0,4.0,0.0,1.0,3.0,26.0,7.0,0.0,0.0,0.0,0.0,0.0,0.0,2.0,0.0,2.0,1.0,1.0,0.0,3.0,3.0,1.0,0.0,Everton,Iliman-Ndiaye,5ed97752
2024-10-05,Sat,Matchweek 7,Home,D 0–0,Everton,Newcastle Utd,Y,LW,90.0,0.0,0.0,0.0,0.0,0.0,0.0,0.0,0.0,37.0,1.0,0.0,2.0,0.0,0.0,0.0,3.0,0.0,20.0,24.0,83.3,2.0,19.0,5.0,11.0,5.0,Match Report,20.0,24.0,83.3,290.0,41.0,13.0,16.0,81.3,5.0,6.0,83.3,1.0,1.0,100.0,0.0,0.0,0.1,0.0,1.0,0.0,0.0,2.0,24.0,24.0,0.0,0.0,0.0,0.0,2.0,0.0,0.0,0.0,0.0,0.0,20.0,0.0,0.0,3.0,3.0,0.0,0.0,0.0,0.0,0.0,0.0,0.0,0.0,0.0,0.0,0.0,0.0,37.0,2.0,10.0,12.0,17.0,3.0,37.0,11.0,5.0,45.5,5.0,45.5,19.0,216.0,123.0,5.0,1.0,1.0,1.0,2.0,22.0,4.0,1.0,0.0,1.0,0.0,0.0,1.0,1.0,100.0,0.0,2.0,1.0,1.0,0.0,1.0,0.0,0.0,Everton,Iliman-Ndiaye,5ed97752
2024-10-19,Sat,Matchweek 8,Away,W 2–0,Everton,Ipswich Town,Y,LW,81.0,1.0,0.0,0.0,0.0,2.0,2.0,0.0,0.0,27.0,2.0,1.0,1.0,0.3,0.3,0.0,0.0,0.0,14.0,18.0,77.8,2.0,19.0,4.0,1.0,1.0,Match Report,14.0,18.0,77.8,195.0,39.0,7.0,8.0,87.5,7.0,8.0,87.5,0.0,0.0,,0.0,0.0,0.1,0.0,0.0,1.0,0.0,2.0,18.0,18.0,0.0,0.0,0.0,0.0,0.0,0.0,0.0,0.0,0.0,0.0,14.0,0.0,0.0,0.0,0.0,0.0,0.0,0.0,0.0,0.0,0.0,0.0,0.0,0.0,0.0,0.0,0.0,27.0,1.0,5.0,12.0,10.0,2.0,27.0,1.0,1.0,100.0,0.0,0.0,19.0,157.0,64.0,4.0,1.0,0.0,2.0,1.0,16.0,3.0,2.0,1.0,1.0,1.0,0.0,0.0,3.0,0.0,3.0,1.0,0.0,1.0,1.0,3.0,2.0,0.0,Everton,Iliman-Ndiaye,5ed97752
2024-10-26,Sat,Matchweek 9,Home,D 1–1,Everton,Fulham,Y,LW,90.0,0.0,0.0,0.0,0.0,0.0,0.0,0.0,0.0,36.0,0.0,2.0,2.0,0.0,0.0,0.0,2.0,1.0,23.0,29.0,79.3,3.0,25.0,1.0,3.0,1.0,Match Report,23.0,29.0,79.3,370.0,78.0,11.0,14.0,78.6,7.0,8.0,87.5,4.0,4.0,100.0,0.0,0.0,0.0,0.0,1.0,2.0,1.0,3.0,29.0,29.0,0.0,0.0,0.0,0.0,2.0,0.0,0.0,0.0,0.0,0.0,23.0,0.0,1.0,2.0,2.0,0.0,0.0,0.0,0.0,0.0,1.0,1.0,0.0,0.0,0.0,0.0,0.0,36.0,1.0,8.0,11.0,19.0,0.0,36.0,3.0,1.0,33.3,2.0,66.7,25.0,201.0,64.0,1.0,3.0,0.0,1.0,2.0,26.0,7.0,0.0,0.0,0.0,0.0,0.0,0.0,0.0,,0.0,2.0,0.0,2.0,2.0,2.0,0.0,0.0,Everton,Iliman-Ndiaye,5ed97752
2024-11-02,Sat,Matchweek 10,Away,L 0–1,Everton,Southampton,Y,LW,61.0,0.0,0.0,0.0,0.0,2.0,1.0,0.0,0.0,23.0,2.0,1.0,0.0,0.0,0.0,0.0,1.0,0.0,10.0,13.0,76.9,0.0,13.0,4.0,2.0,0.0,Match Report,10.0,13.0,76.9,140.0,0.0,6.0,7.0,85.7,3.0,3.0,100.0,0.0,0.0,,0.0,0.0,0.0,0.0,0.0,0.0,0.0,0.0,13.0,13.0,0.0,0.0,0.0,0.0,1.0,0.0,0.0,0.0,0.0,0.0,10.0,0.0,2.0,1.0,0.0,0.0,0.0,0.0,1.0,0.0,0.0,0.0,0.0,0.0,0.0,0.0,0.0,23.0,0.0,3.0,6.0,14.0,4.0,23.0,2.0,0.0,0.0,1.0,50.0,13.0,102.0,54.0,4.0,1.0,3.0,1.0,2.0,19.0,4.0,2.0,1.0,1.0,0.0,1.0,0.0,0.0,,0.0,0.0,0.0,0.0,1.0,3.0,0.0,0.0,Everton,Iliman-Ndiaye,5ed97752
2024-11-09,Sat,Matchweek 11,Away,D 0–0,Everton,West Ham,Y,LW,90.0,0.0,0.0,0.0,0.0,2.0,1.0,0.0,0.0,59.0,4.0,2.0,1.0,0.1,0.1,0.0,1.0,0.0,30.0,38.0,78.9,2.0,36.0,4.0,11.0,7.0,Match Report,30.0,38.0,78.9,460.0,61.0,18.0,21.0,85.7,8.0,12.0,66.7,3.0,3.0,100.0,0.0,0.0,0.0,0.0,4.0,3.0,1.0,2.0,38.0,37.0,1.0,0.0,0.0,0.0,1.0,1.0,0.0,0.0,0.0,0.0,30.0,0.0,1.0,1.0,1.0,0.0,0.0,0.0,0.0,0.0,0.0,0.0,0.0,0.0,0.0,0.0,0.0,59.0,1.0,8.0,31.0,26.0,4.0,59.0,11.0,7.0,63.6,3.0,27.3,36.0,261.0,143.0,4.0,1.0,2.0,4.0,0.0,33.0,2.0,4.0,2.0,1.0,1.0,2.0,4.0,4.0,100.0,0.0,1.0,0.0,1.0,2.0,6.0,2.0,0.0,Everton,Iliman-Ndiaye,5ed97752
2024-11-23,Sat,Matchweek 12,Home,D 0–0,Everton,Brentford,Y,"LW,RW",90.0,0.0,0.0,0.0,0.0,3.0,0.0,0.0,0.0,53.0,0.0,0.0,2.0,0.1,0.1,0.2,8.0,0.0,34.0,40.0,85.0,3.0,26.0,4.0,5.0,4.0,Match Report,34.0,40.0,85.0,538.0,136.0,17.0,20.0,85.0,15.0,17.0,88.2,2.0,3.0,66.7,0.0,0.2,0.2,4.0,2.0,0.0,0.0,3.0,40.0,38.0,2.0,0.0,0.0,0.0,2.0,0.0,2.0,0.0,0.0,0.0,34.0,0.0,0.0,8.0,7.0,0.0,1.0,0.0,0.0,0.0,0.0,0.0,0.0,0.0,0.0,0.0,0.0,53.0,0.0,4.0,13.0,37.0,9.0,53.0,5.0,4.0,80.0,0.0,0.0,26.0,182.0,119.0,4.0,2.0,2.0,3.0,0.0,32.0,13.0,0.0,0.0,0.0,0.0,0.0,0.0,0.0,,0.0,2.0,0.0,2.0,0.0,0.0,0.0,0.0,Everton,Iliman-Ndiaye,5ed97752
2024-12-01,Sun,Matchweek 13,Away,L 0–4,Everton,Manchester Utd,Y,LW,90.0,0.0,0.0,0.0,0.0,0.0,0.0,0.0,0.0,36.0,0.0,0.0,0.0,0.0,0.0,0.0,0.0,0.0,21.0,27.0,77.8,2.0,29.0,5.0,9.0,5.0,Match Report,21.0,27.0,77.8,379.0,67.0,10.0,13.0,76.9,7.0,8.0,87.5,4.0,4.0,100.0,0.0,0.0,0.0,0.0,2.0,1.0,1.0,2.0,27.0,26.0,1.0,1.0,0.0,0.0,4.0,0.0,0.0,0.0,0.0,0.0,21.0,0.0,2.0,0.0,0.0,0.0,0.0,0.0,0.0,0.0,0.0,0.0,0.0,0.0,0.0,0.0,0.0,36.0,0.0,2.0,23.0,14.0,2.0,36.0,9.0,5.0,55.6,4.0,44.4,29.0,261.0,131.0,5.0,4.0,2.0,2.0,1.0,31.0,5.0,0.0,0.0,0.0,0.0,0.0,0.0,1.0,0.0,1.0,0.0,0.0,0.0,0.0,0.0,0.0,0.0,Everton,Iliman-Ndiaye,5ed97752
2024-12-04,Wed,Matchweek 14,Home,W 4–0,Everton,Wolves,Y,"RW,LW",90.0,0.0,0.0,0.0,0.0,1.0,0.0,0.0,0.0,32.0,3.0,1.0,0.0,0.0,0.0,0.0,1.0,0.0,16.0,16.0,100.0,1.0,17.0,2.0,8.0,3.0,Match Report,16.0,16.0,100.0,216.0,28.0,11.0,11.0,100.0,4.0,4.0,100.0,1.0,1.0,100.0,0.0,0.0,0.0,0.0,2.0,0.0,0.0,1.0,16.0,16.0,0.0,0.0,0.0,0.0,0.0,0.0,0.0,0.0,0.0,0.0,16.0,0.0,0.0,1.0,0.0,0.0,1.0,0.0,0.0,0.0,0.0,0.0,0.0,0.0,0.0,0.0,0.0,32.0,0.0,3.0,16.0,16.0,1.0,32.0,8.0,3.0,37.5,5.0,62.5,17.0,135.0,56.0,2.0,2.0,1.0,3.0,2.0,19.0,2.0,3.0,1.0,1.0,1.0,1.0,0.0,3.0,0.0,3.0,0.0,0.0,0.0,1.0,4.0,0.0,0.0,Everton,Iliman-Ndiaye,5ed97752
2024-12-14,Sat,Matchweek 16,Away,D 0–0,Everton,Arsenal,Y,LW,90.0,0.0,0.0,0.0,0.0,0.0,0.0,0.0,0.0,34.0,5.0,1.0,0.0,0.0,0.0,0.0,0.0,0.0,17.0,22.0,77.3,2.0,16.0,5.0,4.0,2.0,Match Report,17.0,22.0,77.3,307.0,121.0,9.0,12.0,75.0,6.0,6.0,100.0,2.0,4.0,50.0,0.0,0.0,0.0,0.0,3.0,0.0,0.0,2.0,22.0,20.0,2.0,1.0,0.0,1.0,2.0,0.0,1.0,1.0,0.0,0.0,17.0,0.0,0.0,0.0,0.0,0.0,0.0,0.0,0.0,0.0,0.0,0.0,0.0,0.0,0.0,0.0,0.0,34.0,2.0,19.0,13.0,7.0,0.0,34.0,4.0,2.0,50.0,1.0,25.0,16.0,200.0,135.0,5.0,2.0,0.0,4.0,1.0,15.0,2.0,5.0,3.0,3.0,2.0,0.0,0.0,2.0,0.0,2.0,0.0,0.0,0.0,1.0,6.0,2.0,0.0,Everton,Iliman-Ndiaye,5ed97752
2024-12-22,Sun,Matchweek 17,Home,D 0–0,Everton,Chelsea,Y,LW,90.0,0.0,0.0,0.0,0.0,1.0,0.0,1.0,0.0,33.0,2.0,0.0,1.0,0.3,0.3,0.6,3.0,0.0,12.0,17.0,70.6,0.0,19.0,2.0,7.0,2.0,Match Report,12.0,17.0,70.6,217.0,65.0,4.0,6.0,66.7,4.0,6.0,66.7,3.0,4.0,75.0,0.0,0.6,0.1,1.0,0.0,1.0,1.0,0.0,17.0,16.0,1.0,0.0,0.0,0.0,4.0,0.0,1.0,1.0,0.0,0.0,12.0,0.0,0.0,3.0,2.0,0.0,0.0,0.0,1.0,0.0,0.0,0.0,0.0,0.0,0.0,0.0,0.0,33.0,5.0,8.0,14.0,12.0,2.0,33.0,7.0,2.0,28.6,3.0,42.9,19.0,137.0,64.0,2.0,0.0,0.0,1.0,1.0,19.0,4.0,2.0,0.0,1.0,1.0,0.0,2.0,2.0,100.0,0.0,1.0,1.0,0.0,0.0,2.0,3.0,0.0,Everton,Iliman-Ndiaye,5ed97752
2024-12-26,Thu,Matchweek 18,Away,D 1–1,Everton,Manchester City,Y,LW,80.0,1.0,0.0,0.0,0.0,1.0,1.0,0.0,0.0,38.0,2.0,0.0,0.0,0.2,0.2,0.0,3.0,0.0,22.0,27.0,81.5,1.0,17.0,1.0,3.0,0.0,Match Report,22.0,27.0,81.5,472.0,128.0,9.0,11.0,81.8,9.0,9.0,100.0,4.0,7.0,57.1,0.0,0.0,0.0,1.0,2.0,0.0,0.0,1.0,27.0,24.0,3.0,0.0,0.0,0.0,4.0,0.0,3.0,1.0,0.0,2.0,22.0,0.0,0.0,3.0,3.0,0.0,0.0,0.0,0.0,0.0,0.0,0.0,0.0,0.0,0.0,0.0,0.0,38.0,2.0,14.0,14.0,11.0,3.0,38.0,3.0,0.0,0.0,3.0,100.0,17.0,114.0,38.0,1.0,2.0,1.0,1.0,0.0,20.0,1.0,2.0,1.0,2.0,0.0,0.0,1.0,3.0,33.3,2.0,0.0,0.0,0.0,0.0,2.0,2.0,0.0,Everton,Iliman-Ndiaye,5ed97752
2024-12-29,Sun,Matchweek 19,Home,L 0–2,Everton,Nott'ham Forest,Y,"LW,LM",90.0,0.0,0.0,0.0,0.0,2.0,0.0,0.0,0.0,55.0,1.0,0.0,0.0,0.2,0.2,0.0,5.0,0.0,38.0,42.0,90.5,3.0,39.0,3.0,8.0,4.0,Match Report,38.0,42.0,90.5,668.0,105.0,14.0,15.0,93.3,21.0,22.0,95.5,3.0,5.0,60.0,0.0,0.0,0.0,0.0,6.0,0.0,0.0,3.0,42.0,39.0,3.0,1.0,1.0,1.0,3.0,0.0,1.0,0.0,0.0,0.0,38.0,0.0,0.0,5.0,2.0,0.0,2.0,0.0,1.0,0.0,0.0,0.0,0.0,0.0,0.0,0.0,0.0,55.0,0.0,4.0,20.0,31.0,3.0,55.0,8.0,4.0,50.0,4.0,50.0,39.0,308.0,87.0,3.0,2.0,0.0,5.0,1.0,48.0,11.0,1.0,1.0,0.0,0.0,1.0,0.0,0.0,,0.0,0.0,0.0,0.0,0.0,1.0,0.0,0.0,Everton,Iliman-Ndiaye,5ed97752
2025-01-04,Sat,Matchweek 20,Away,L 0–1,Everton,Bournemouth,Y,"LW,LM",90.0,0.0,0.0,0.0,0.0,0.0,0.0,0.0,0.0,36.0,1.0,0.0,1.0,0.0,0.0,0.1,1.0,0.0,18.0,22.0,81.8,3.0,19.0,0.0,8.0,5.0,Match Report,18.0,22.0,81.8,261.0,47.0,10.0,11.0,90.9,6.0,7.0,85.7,1.0,1.0,100.0,0.0,0.1,0.0,2.0,0.0,0.0,0.0,3.0,22.0,22.0,0.0,0.0,0.0,0.0,0.0,0.0,0.0,0.0,0.0,0.0,18.0,0.0,2.0,1.0,1.0,0.0,0.0,0.0,0.0,0.0,0.0,0.0,0.0,0.0,0.0,0.0,0.0,36.0,1.0,9.0,14.0,16.0,3.0,36.0,8.0,5.0,62.5,3.0,37.5,19.0,74.0,17.0,0.0,1.0,0.0,2.0,3.0,19.0,1.0,1.0,0.0,0.0,1.0,0.0,0.0,1.0,0.0,1.0,1.0,0.0,1.0,0.0,1.0,1.0,0.0,Everton,Iliman-Ndiaye,5ed97752
2025-01-15,Wed,Matchweek 21,Home,L 0–1,Everton,Aston Villa,Y,LW,90.0,0.0,0.0,0.0,0.0,0.0,0.0,0.0,0.0,34.0,3.0,0.0,2.0,0.0,0.0,0.0,0.0,0.0,19.0,25.0,76.0,1.0,15.0,1.0,0.0,0.0,Match Report,19.0,25.0,76.0,256.0,33.0,12.0,14.0,85.7,5.0,8.0,62.5,1.0,1.0,100.0,0.0,0.0,0.0,0.0,2.0,0.0,0.0,1.0,25.0,24.0,1.0,0.0,0.0,0.0,1.0,0.0,0.0,0.0,0.0,0.0,19.0,0.0,1.0,0.0,0.0,0.0,0.0,0.0,0.0,0.0,0.0,0.0,0.0,0.0,0.0,0.0,0.0,34.0,0.0,5.0,17.0,12.0,1.0,34.0,0.0,0.0,,0.0,,15.0,104.0,32.0,1.0,1.0,0.0,1.0,6.0,17.0,2.0,3.0,2.0,1.0,0.0,2.0,2.0,4.0,50.0,2.0,2.0,0.0,2.0,0.0,3.0,0.0,1.0,Everton,Iliman-Ndiaye,5ed97752
2025-01-19,Sun,Matchweek 22,Home,W 3–2,Everton,Tottenham,Y,LW,80.0,1.0,0.0,0.0,0.0,2.0,1.0,0.0,0.0,43.0,2.0,1.0,4.0,0.5,0.5,0.1,3.0,1.0,22.0,27.0,81.5,1.0,22.0,6.0,8.0,5.0,Match Report,22.0,27.0,81.5,235.0,50.0,17.0,19.0,89.5,4.0,6.0,66.7,0.0,0.0,,0.0,0.1,0.0,1.0,1.0,0.0,0.0,1.0,27.0,27.0,0.0,0.0,0.0,0.0,1.0,0.0,0.0,0.0,0.0,0.0,22.0,0.0,1.0,3.0,2.0,0.0,1.0,0.0,0.0,0.0,1.0,0.0,0.0,1.0,0.0,0.0,0.0,43.0,2.0,10.0,20.0,15.0,3.0,43.0,8.0,5.0,62.5,3.0,37.5,22.0,253.0,176.0,6.0,3.0,3.0,2.0,2.0,26.0,5.0,2.0,1.0,0.0,1.0,1.0,1.0,4.0,25.0,3.0,4.0,0.0,4.0,1.0,3.0,0.0,0.0,Everton,Iliman-Ndiaye,5ed97752
2025-01-25,Sat,Matchweek 23,Away,W 1–0,Everton,Brighton,Y,LW,77.0,1.0,0.0,1.0,1.0,0.0,0.0,1.0,0.0,40.0,2.0,0.0,0.0,0.8,0.0,0.0,1.0,0.0,20.0,27.0,74.1,1.0,20.0,1.0,3.0,0.0,Match Report,20.0,27.0,74.1,256.0,64.0,15.0,19.0,78.9,5.0,6.0,83.3,0.0,1.0,0.0,0.0,0.0,0.0,0.0,1.0,0.0,0.0,1.0,27.0,27.0,0.0,0.0,0.0,0.0,0.0,0.0,0.0,0.0,0.0,0.0,20.0,0.0,2.0,1.0,1.0,0.0,0.0,0.0,0.0,0.0,0.0,0.0,0.0,0.0,0.0,0.0,0.0,40.0,2.0,16.0,17.0,10.0,1.0,39.0,3.0,0.0,0.0,2.0,66.7,20.0,131.0,70.0,1.0,1.0,0.0,3.0,1.0,20.0,4.0,2.0,0.0,1.0,1.0,0.0,0.0,2.0,0.0,2.0,0.0,0.0,0.0,0.0,2.0,2.0,0.0,Everton,Iliman-Ndiaye,5ed97752
2025-02-01,Sat,Matchweek 24,Home,W 4–0,Everton,Leicester City,Y,"LW,FW",90.0,1.0,0.0,0.0,0.0,2.0,1.0,0.0,0.0,40.0,2.0,1.0,0.0,0.5,0.5,0.1,3.0,0.0,22.0,32.0,68.8,2.0,24.0,4.0,4.0,4.0,Match Report,22.0,32.0,68.8,273.0,43.0,15.0,19.0,78.9,7.0,9.0,77.8,0.0,0.0,,0.0,0.1,0.1,2.0,0.0,2.0,0.0,2.0,32.0,31.0,1.0,1.0,0.0,0.0,0.0,0.0,0.0,0.0,0.0,0.0,22.0,0.0,2.0,3.0,2.0,0.0,1.0,0.0,0.0,0.0,0.0,0.0,0.0,0.0,0.0,0.0,0.0,40.0,1.0,7.0,17.0,16.0,6.0,40.0,4.0,4.0,100.0,0.0,0.0,24.0,121.0,76.0,4.0,0.0,2.0,1.0,0.0,26.0,4.0,2.0,1.0,1.0,0.0,1.0,0.0,2.0,0.0,2.0,0.0,0.0,0.0,1.0,3.0,1.0,0.0,Everton,Iliman-Ndiaye,5ed97752
2025-02-12,Wed,Matchweek 15,Home,D 2–2,Everton,Liverpool,Y,LW,24.0,0.0,0.0,0.0,0.0,0.0,0.0,0.0,0.0,8.0,1.0,0.0,0.0,0.0,0.0,0.0,1.0,1.0,4.0,4.0,100.0,0.0,5.0,0.0,0.0,0.0,Match Report,4.0,4.0,100.0,46.0,9.0,3.0,3.0,100.0,1.0,1.0,100.0,0.0,0.0,,0.0,0.0,0.0,0.0,1.0,0.0,0.0,0.0,4.0,4.0,0.0,0.0,0.0,0.0,0.0,0.0,0.0,0.0,0.0,0.0,4.0,0.0,0.0,1.0,0.0,0.0,0.0,0.0,1.0,0.0,1.0,0.0,0.0,0.0,0.0,1.0,0.0,8.0,0.0,1.0,4.0,3.0,1.0,8.0,0.0,0.0,,0.0,,5.0,3.0,2.0,0.0,0.0,0.0,2.0,0.0,5.0,0.0,1.0,1.0,0.0,1.0,0.0,1.0,1.0,100.0,0.0,0.0,0.0,0.0,0.0,1.0,0.0,0.0,Everton,Iliman-Ndiaye,5ed97752
2025-04-02,Wed,Matchweek 30,Away,L 0–1,Everton,Liverpool,N,LW,22.0,0.0,0.0,0.0,0.0,0.0,0.0,0.0,0.0,8.0,0.0,0.0,1.0,0.0,0.0,0.0,0.0,0.0,3.0,6.0,50.0,1.0,5.0,1.0,0.0,0.0,Match Report,3.0,6.0,50.0,32.0,12.0,3.0,3.0,100.0,0.0,1.0,0.0,0.0,0.0,,0.0,0.0,0.0,0.0,0.0,1.0,0.0,1.0,6.0,5.0,0.0,0.0,0.0,0.0,1.0,0.0,0.0,0.0,0.0,0.0,3.0,1.0,1.0,0.0,0.0,0.0,0.0,0.0,0.0,0.0,0.0,0.0,0.0,0.0,0.0,0.0,0.0,8.0,1.0,1.0,3.0,4.0,0.0,8.0,0.0,0.0,,0.0,,5.0,35.0,30.0,1.0,0.0,0.0,0.0,1.0,4.0,1.0,0.0,0.0,0.0,0.0,0.0,0.0,0.0,,0.0,1.0,0.0,1.0,0.0,0.0,0.0,0.0,Everton,Iliman-Ndiaye,5ed97752
2025-04-05,Sat,Matchweek 31,Home,D 1–1,Everton,Arsenal,Y,LW,74.0,1.0,0.0,1.0,1.0,2.0,0.0,0.0,0.0,31.0,2.0,0.0,1.0,0.9,0.2,0.0,3.0,0.0,13.0,17.0,76.5,2.0,14.0,1.0,4.0,1.0,Match Report,13.0,17.0,76.5,184.0,49.0,8.0,10.0,80.0,5.0,5.0,100.0,0.0,0.0,,0.0,0.0,0.1,0.0,1.0,0.0,0.0,2.0,17.0,13.0,4.0,0.0,1.0,0.0,2.0,1.0,1.0,0.0,0.0,0.0,13.0,0.0,1.0,3.0,3.0,0.0,0.0,0.0,0.0,0.0,0.0,0.0,0.0,0.0,0.0,0.0,0.0,31.0,2.0,7.0,7.0,17.0,2.0,30.0,4.0,1.0,25.0,3.0,75.0,14.0,63.0,23.0,1.0,0.0,0.0,0.0,1.0,14.0,3.0,2.0,2.0,0.0,1.0,1.0,1.0,1.0,100.0,0.0,1.0,0.0,1.0,0.0,2.0,3.0,0.0,Everton,Iliman-Ndiaye,5ed97752
2025-04-12,Sat,Matchweek 32,Away,W 1–0,Everton,Nott'ham Forest,Y,LW,66.0,0.0,0.0,0.0,0.0,3.0,3.0,0.0,0.0,34.0,0.0,0.0,1.0,0.5,0.5,0.0,0.0,0.0,15.0,20.0,75.0,1.0,24.0,3.0,3.0,0.0,Match Report,15.0,20.0,75.0,173.0,11.0,13.0,14.0,92.9,2.0,3.0,66.7,0.0,1.0,0.0,0.0,0.0,0.0,0.0,0.0,0.0,0.0,1.0,20.0,20.0,0.0,0.0,0.0,0.0,0.0,0.0,0.0,0.0,0.0,0.0,15.0,0.0,1.0,0.0,0.0,0.0,0.0,0.0,0.0,0.0,0.0,0.0,0.0,0.0,0.0,0.0,0.0,34.0,0.0,4.0,13.0,17.0,5.0,34.0,3.0,0.0,0.0,3.0,100.0,24.0,145.0,77.0,3.0,1.0,2.0,2.0,1.0,25.0,4.0,0.0,0.0,0.0,0.0,0.0,0.0,0.0,,0.0,1.0,0.0,1.0,0.0,0.0,0.0,0.0,Everton,Iliman-Ndiaye,5ed97752
2025-04-19,Sat,Matchweek 33,Home,L 0–2,Everton,Manchester City,Y,LW,78.0,0.0,0.0,0.0,0.0,2.0,0.0,0.0,0.0,28.0,1.0,0.0,0.0,0.2,0.2,0.1,2.0,0.0,18.0,21.0,85.7,2.0,17.0,2.0,2.0,2.0,Match Report,18.0,21.0,85.7,253.0,54.0,13.0,13.0,100.0,4.0,5.0,80.0,1.0,2.0,50.0,0.0,0.1,0.0,1.0,2.0,0.0,0.0,2.0,21.0,20.0,0.0,0.0,0.0,0.0,0.0,0.0,0.0,0.0,0.0,0.0,18.0,1.0,0.0,2.0,1.0,0.0,0.0,1.0,0.0,0.0,0.0,0.0,0.0,0.0,0.0,0.0,0.0,28.0,0.0,4.0,17.0,8.0,2.0,28.0,2.0,2.0,100.0,0.0,0.0,17.0,121.0,58.0,2.0,1.0,0.0,3.0,0.0,19.0,2.0,1.0,1.0,0.0,1.0,0.0,0.0,0.0,,0.0,0.0,0.0,0.0,0.0,1.0,0.0,0.0,Everton,Iliman-Ndiaye,5ed97752
2025-04-26,Sat,Matchweek 34,Away,L 0–1,Everton,Chelsea,Y,LW,45.0,0.0,0.0,0.0,0.0,0.0,0.0,0.0,0.0,15.0,0.0,0.0,1.0,0.0,0.0,0.0,0.0,0.0,8.0,9.0,88.9,1.0,9.0,1.0,2.0,0.0,Match Report,8.0,9.0,88.9,114.0,5.0,5.0,5.0,100.0,3.0,3.0,100.0,0.0,1.0,0.0,0.0,0.0,0.0,0.0,0.0,0.0,0.0,1.0,9.0,8.0,1.0,1.0,0.0,0.0,0.0,0.0,0.0,0.0,0.0,0.0,8.0,0.0,0.0,0.0,0.0,0.0,0.0,0.0,0.0,0.0,0.0,0.0,0.0,0.0,0.0,0.0,0.0,15.0,0.0,3.0,10.0,2.0,0.0,15.0,2.0,0.0,0.0,1.0,50.0,9.0,89.0,29.0,1.0,1.0,0.0,0.0,0.0,11.0,1.0,0.0,0.0,0.0,0.0,0.0,0.0,0.0,,0.0,1.0,0.0,1.0,0.0,0.0,0.0,0.0,Everton,Iliman-Ndiaye,5ed97752
2025-05-03,Sat,Matchweek 35,Home,D 2–2,Everton,Ipswich Town,Y,"AM,LW",90.0,0.0,0.0,0.0,0.0,1.0,0.0,0.0,0.0,44.0,1.0,0.0,2.0,0.0,0.0,0.0,1.0,0.0,29.0,34.0,85.3,5.0,23.0,2.0,3.0,2.0,Match Report,29.0,34.0,85.3,366.0,70.0,17.0,19.0,89.5,10.0,11.0,90.9,0.0,0.0,,0.0,0.0,0.0,0.0,1.0,0.0,0.0,5.0,34.0,33.0,1.0,0.0,0.0,0.0,3.0,1.0,0.0,0.0,0.0,0.0,29.0,0.0,1.0,1.0,1.0,0.0,0.0,0.0,0.0,0.0,0.0,0.0,0.0,0.0,0.0,0.0,0.0,44.0,2.0,5.0,14.0,25.0,3.0,44.0,3.0,2.0,66.7,1.0,33.3,23.0,154.0,52.0,2.0,1.0,1.0,1.0,5.0,30.0,9.0,1.0,0.0,0.0,0.0,1.0,0.0,1.0,0.0,1.0,2.0,1.0,1.0,0.0,1.0,2.0,0.0,Everton,Iliman-Ndiaye,5ed97752
2025-05-10,Sat,Matchweek 36,Away,W 3–1,Everton,Fulham,N,"LW,LM",30.0,0.0,0.0,0.0,0.0,0.0,0.0,0.0,0.0,5.0,0.0,0.0,1.0,0.0,0.0,0.0,2.0,1.0,4.0,4.0,100.0,2.0,4.0,0.0,1.0,0.0,Match Report,4.0,4.0,100.0,73.0,46.0,1.0,1.0,100.0,2.0,2.0,100.0,0.0,0.0,,0.0,0.0,0.0,0.0,0.0,0.0,0.0,2.0,4.0,4.0,0.0,0.0,0.0,0.0,0.0,0.0,0.0,0.0,0.0,0.0,4.0,0.0,0.0,2.0,2.0,0.0,0.0,0.0,0.0,0.0,1.0,1.0,0.0,0.0,0.0,0.0,0.0,5.0,0.0,2.0,2.0,1.0,0.0,5.0,1.0,0.0,0.0,0.0,0.0,4.0,21.0,5.0,0.0,0.0,0.0,0.0,0.0,5.0,0.0,0.0,0.0,0.0,0.0,0.0,0.0,0.0,,0.0,1.0,0.0,1.0,0.0,0.0,0.0,0.0,Everton,Iliman-Ndiaye,5ed97752
2025-05-18,Sun,Matchweek 37,Home,W 2–0,Everton,Southampton,Y,LW,73.0,2.0,0.0,0.0,0.0,2.0,2.0,0.0,0.0,42.0,2.0,0.0,1.0,1.0,1.0,0.3,2.0,1.0,33.0,35.0,94.3,6.0,20.0,2.0,1.0,1.0,Match Report,33.0,35.0,94.3,574.0,141.0,15.0,16.0,93.8,14.0,15.0,93.3,4.0,4.0,100.0,0.0,0.3,0.1,1.0,5.0,0.0,0.0,6.0,35.0,35.0,0.0,0.0,0.0,0.0,0.0,0.0,0.0,0.0,0.0,0.0,33.0,0.0,0.0,2.0,1.0,0.0,1.0,0.0,0.0,0.0,1.0,0.0,0.0,1.0,0.0,0.0,0.0,42.0,0.0,3.0,22.0,17.0,4.0,42.0,1.0,1.0,100.0,0.0,0.0,20.0,121.0,64.0,2.0,2.0,1.0,2.0,0.0,33.0,5.0,2.0,1.0,0.0,0.0,2.0,2.0,3.0,66.7,1.0,1.0,0.0,1.0,0.0,2.0,0.0,0.0,Everton,Iliman-Ndiaye,5ed97752
2025-05-25,Sun,Matchweek 38,Away,W 1–0,Everton,Newcastle Utd,Y,LW,75.0,0.0,0.0,0.0,0.0,1.0,0.0,0.0,0.0,37.0,3.0,3.0,1.0,0.0,0.0,0.0,2.0,1.0,22.0,25.0,88.0,1.0,22.0,3.0,4.0,4.0,Match Report,22.0,25.0,88.0,257.0,28.0,16.0,17.0,94.1,5.0,5.0,100.0,0.0,1.0,0.0,0.0,0.0,0.0,0.0,2.0,0.0,0.0,1.0,25.0,25.0,0.0,0.0,0.0,0.0,0.0,0.0,0.0,0.0,0.0,0.0,22.0,0.0,1.0,2.0,1.0,0.0,1.0,0.0,0.0,0.0,1.0,1.0,0.0,0.0,0.0,0.0,0.0,37.0,2.0,12.0,16.0,11.0,2.0,37.0,4.0,4.0,100.0,0.0,0.0,22.0,150.0,77.0,3.0,1.0,1.0,4.0,1.0,24.0,2.0,3.0,2.0,2.0,1.0,0.0,1.0,1.0,100.0,0.0,1.0,0.0,1.0,3.0,6.0,0.0,0.0,Everton,Iliman-Ndiaye,5ed97752
2024-09-28,Sat,Matchweek 6,Home,W 2–1,Everton,Crystal Palace,Y,CB,90.0,0.0,0.0,0.0,0.0,0.0,0.0,0.0,0.0,43.0,2.0,3.0,1.0,0.0,0.0,0.0,0.0,0.0,27.0,32.0,84.4,1.0,24.0,0.0,1.0,1.0,Match Report,27.0,32.0,84.4,532.0,144.0,6.0,8.0,75.0,17.0,19.0,89.5,2.0,2.0,100.0,0.0,0.0,0.0,0.0,1.0,0.0,0.0,1.0,32.0,32.0,0.0,0.0,0.0,0.0,0.0,0.0,0.0,0.0,0.0,0.0,27.0,0.0,1.0,0.0,0.0,0.0,0.0,0.0,0.0,0.0,0.0,0.0,0.0,0.0,0.0,0.0,0.0,43.0,8.0,25.0,15.0,3.0,0.0,43.0,1.0,1.0,100.0,0.0,0.0,24.0,73.0,38.0,0.0,0.0,0.0,0.0,0.0,21.0,0.0,2.0,2.0,1.0,1.0,0.0,0.0,0.0,,0.0,1.0,0.0,1.0,3.0,5.0,5.0,0.0,Everton,Jarrad-Branthwaite,c1949191
2024-10-26,Sat,Matchweek 9,Home,D 1–1,Everton,Fulham,N,CB,5.0,0.0,0.0,0.0,0.0,0.0,0.0,0.0,0.0,6.0,0.0,0.0,0.0,0.0,0.0,0.0,1.0,0.0,2.0,4.0,50.0,0.0,3.0,0.0,0.0,0.0,Match Report,2.0,4.0,50.0,58.0,6.0,0.0,0.0,,1.0,2.0,50.0,1.0,2.0,50.0,0.0,0.0,0.0,0.0,0.0,0.0,0.0,0.0,4.0,4.0,0.0,0.0,0.0,0.0,0.0,0.0,0.0,0.0,0.0,0.0,2.0,0.0,0.0,1.0,1.0,0.0,0.0,0.0,0.0,0.0,0.0,0.0,0.0,0.0,0.0,0.0,0.0,6.0,1.0,5.0,1.0,0.0,0.0,6.0,0.0,0.0,,0.0,,3.0,8.0,5.0,0.0,0.0,0.0,0.0,0.0,3.0,0.0,0.0,0.0,0.0,0.0,0.0,0.0,0.0,,0.0,0.0,0.0,0.0,0.0,0.0,2.0,0.0,Everton,Jarrad-Branthwaite,c1949191
2024-11-02,Sat,Matchweek 10,Away,L 0–1,Everton,Southampton,N,CB,3.0,0.0,0.0,0.0,0.0,0.0,0.0,0.0,0.0,6.0,0.0,0.0,0.0,0.0,0.0,0.0,0.0,0.0,5.0,6.0,83.3,0.0,5.0,1.0,0.0,0.0,Match Report,5.0,6.0,83.3,138.0,59.0,1.0,2.0,50.0,3.0,3.0,100.0,1.0,1.0,100.0,0.0,0.0,0.0,0.0,0.0,0.0,0.0,0.0,6.0,6.0,0.0,0.0,0.0,0.0,0.0,0.0,0.0,0.0,0.0,0.0,5.0,0.0,0.0,0.0,0.0,0.0,0.0,0.0,0.0,0.0,0.0,0.0,0.0,0.0,0.0,0.0,0.0,6.0,0.0,4.0,0.0,2.0,0.0,6.0,0.0,0.0,,0.0,,5.0,45.0,34.0,1.0,1.0,0.0,0.0,0.0,6.0,1.0,0.0,0.0,0.0,0.0,0.0,0.0,0.0,,0.0,0.0,0.0,0.0,0.0,0.0,0.0,0.0,Everton,Jarrad-Branthwaite,c1949191
2024-11-09,Sat,Matchweek 11,Away,D 0–0,Everton,West Ham,Y,CB,90.0,0.0,0.0,0.0,0.0,0.0,0.0,0.0,0.0,53.0,3.0,1.0,2.0,0.0,0.0,0.0,1.0,0.0,32.0,42.0,76.2,1.0,18.0,0.0,1.0,0.0,Match Report,32.0,42.0,76.2,615.0,269.0,17.0,21.0,81.0,10.0,12.0,83.3,5.0,6.0,83.3,0.0,0.0,0.0,0.0,3.0,0.0,0.0,1.0,42.0,42.0,0.0,0.0,0.0,0.0,0.0,0.0,0.0,0.0,0.0,0.0,32.0,0.0,1.0,1.0,1.0,0.0,0.0,0.0,0.0,0.0,0.0,0.0,0.0,0.0,0.0,0.0,0.0,53.0,5.0,35.0,16.0,2.0,0.0,53.0,1.0,0.0,0.0,1.0,100.0,18.0,106.0,77.0,0.0,0.0,0.0,0.0,0.0,29.0,0.0,3.0,0.0,3.0,0.0,0.0,3.0,3.0,100.0,0.0,2.0,1.0,1.0,1.0,4.0,3.0,0.0,Everton,Jarrad-Branthwaite,c1949191
2024-11-23,Sat,Matchweek 12,Home,D 0–0,Everton,Brentford,Y,CB,90.0,0.0,0.0,0.0,0.0,1.0,0.0,0.0,0.0,64.0,1.0,1.0,0.0,0.0,0.0,0.0,3.0,0.0,48.0,54.0,88.9,3.0,28.0,1.0,0.0,0.0,Match Report,48.0,54.0,88.9,857.0,333.0,23.0,23.0,100.0,18.0,20.0,90.0,6.0,9.0,66.7,0.0,0.0,0.0,0.0,10.0,0.0,0.0,3.0,54.0,51.0,2.0,2.0,0.0,0.0,1.0,0.0,0.0,0.0,0.0,0.0,48.0,1.0,0.0,3.0,3.0,0.0,0.0,0.0,0.0,0.0,0.0,0.0,0.0,0.0,0.0,0.0,0.0,64.0,4.0,26.0,33.0,6.0,2.0,64.0,0.0,0.0,,0.0,,28.0,221.0,176.0,1.0,3.0,0.0,1.0,0.0,42.0,0.0,1.0,1.0,0.0,1.0,0.0,0.0,1.0,0.0,1.0,0.0,0.0,0.0,1.0,2.0,5.0,0.0,Everton,Jarrad-Branthwaite,c1949191
2024-12-01,Sun,Matchweek 13,Away,L 0–4,Everton,Manchester Utd,Y,CB,90.0,0.0,0.0,0.0,0.0,0.0,0.0,0.0,0.0,53.0,2.0,0.0,0.0,0.0,0.0,0.0,0.0,0.0,47.0,50.0,94.0,2.0,37.0,0.0,2.0,1.0,Match Report,47.0,50.0,94.0,816.0,344.0,19.0,21.0,90.5,25.0,25.0,100.0,3.0,4.0,75.0,0.0,0.0,0.0,0.0,1.0,0.0,0.0,2.0,50.0,47.0,3.0,3.0,0.0,0.0,0.0,0.0,0.0,0.0,0.0,0.0,47.0,0.0,0.0,0.0,0.0,0.0,0.0,0.0,0.0,0.0,0.0,0.0,0.0,0.0,0.0,0.0,0.0,53.0,3.0,14.0,41.0,0.0,0.0,53.0,2.0,1.0,50.0,0.0,0.0,37.0,143.0,87.0,0.0,0.0,0.0,0.0,1.0,42.0,0.0,2.0,1.0,1.0,1.0,0.0,0.0,0.0,,0.0,0.0,0.0,0.0,0.0,2.0,1.0,1.0,Everton,Jarrad-Branthwaite,c1949191
2024-12-04,Wed,Matchweek 14,Home,W 4–0,Everton,Wolves,Y,CB,90.0,0.0,0.0,0.0,0.0,0.0,0.0,0.0,0.0,51.0,2.0,4.0,1.0,0.0,0.0,0.0,0.0,0.0,36.0,40.0,90.0,2.0,23.0,0.0,0.0,0.0,Match Report,36.0,40.0,90.0,634.0,384.0,19.0,20.0,95.0,13.0,14.0,92.9,4.0,6.0,66.7,0.0,0.0,0.0,0.0,2.0,0.0,0.0,2.0,40.0,40.0,0.0,0.0,0.0,0.0,0.0,0.0,0.0,0.0,0.0,0.0,36.0,0.0,0.0,0.0,0.0,0.0,0.0,0.0,0.0,0.0,0.0,0.0,0.0,0.0,0.0,0.0,0.0,51.0,7.0,29.0,21.0,1.0,0.0,51.0,0.0,0.0,,0.0,,23.0,98.0,21.0,0.0,1.0,1.0,0.0,1.0,30.0,0.0,2.0,2.0,2.0,0.0,0.0,1.0,1.0,100.0,0.0,1.0,0.0,1.0,4.0,6.0,4.0,0.0,Everton,Jarrad-Branthwaite,c1949191
2024-12-14,Sat,Matchweek 16,Away,D 0–0,Everton,Arsenal,Y,CB,90.0,0.0,0.0,0.0,0.0,0.0,0.0,0.0,0.0,34.0,1.0,1.0,2.0,0.0,0.0,0.0,0.0,0.0,20.0,23.0,87.0,1.0,10.0,0.0,0.0,0.0,Match Report,20.0,23.0,87.0,357.0,113.0,9.0,9.0,100.0,9.0,10.0,90.0,2.0,4.0,50.0,0.0,0.0,0.0,0.0,1.0,0.0,0.0,1.0,23.0,22.0,1.0,1.0,0.0,0.0,0.0,0.0,0.0,0.0,0.0,0.0,20.0,0.0,0.0,0.0,0.0,0.0,0.0,0.0,0.0,0.0,0.0,0.0,0.0,0.0,0.0,0.0,0.0,34.0,11.0,27.0,7.0,0.0,0.0,34.0,0.0,0.0,,0.0,,10.0,25.0,5.0,0.0,0.0,0.0,1.0,0.0,17.0,0.0,1.0,0.0,1.0,0.0,0.0,1.0,2.0,50.0,1.0,2.0,1.0,1.0,1.0,2.0,6.0,0.0,Everton,Jarrad-Branthwaite,c1949191
2024-12-22,Sun,Matchweek 17,Home,D 0–0,Everton,Chelsea,Y,CB,90.0,0.0,0.0,0.0,0.0,0.0,0.0,0.0,0.0,29.0,4.0,0.0,1.0,0.0,0.0,0.0,1.0,0.0,18.0,23.0,78.3,0.0,15.0,0.0,0.0,0.0,Match Report,18.0,23.0,78.3,331.0,126.0,9.0,10.0,90.0,8.0,8.0,100.0,1.0,5.0,20.0,0.0,0.0,0.0,0.0,1.0,0.0,0.0,0.0,23.0,23.0,0.0,0.0,0.0,0.0,0.0,0.0,0.0,0.0,0.0,0.0,18.0,0.0,0.0,1.0,1.0,0.0,0.0,0.0,0.0,0.0,0.0,0.0,0.0,0.0,0.0,0.0,0.0,29.0,3.0,20.0,8.0,1.0,0.0,29.0,0.0,0.0,,0.0,,15.0,86.0,62.0,0.0,1.0,0.0,0.0,0.0,16.0,0.0,4.0,0.0,4.0,0.0,0.0,2.0,2.0,100.0,0.0,1.0,1.0,0.0,0.0,4.0,2.0,0.0,Everton,Jarrad-Branthwaite,c1949191
2024-12-26,Thu,Matchweek 18,Away,D 1–1,Everton,Manchester City,Y,CB,90.0,0.0,0.0,0.0,0.0,1.0,1.0,1.0,0.0,41.0,2.0,0.0,1.0,0.0,0.0,0.0,1.0,0.0,24.0,30.0,80.0,1.0,16.0,0.0,0.0,0.0,Match Report,24.0,30.0,80.0,507.0,98.0,5.0,7.0,71.4,16.0,17.0,94.1,3.0,6.0,50.0,0.0,0.0,0.0,0.0,1.0,0.0,0.0,1.0,30.0,30.0,0.0,0.0,0.0,0.0,0.0,0.0,0.0,0.0,0.0,0.0,24.0,0.0,1.0,1.0,1.0,0.0,0.0,0.0,0.0,0.0,0.0,0.0,0.0,0.0,0.0,0.0,0.0,41.0,9.0,29.0,11.0,1.0,1.0,41.0,0.0,0.0,,0.0,,16.0,48.0,25.0,0.0,0.0,0.0,0.0,0.0,26.0,0.0,2.0,1.0,2.0,0.0,0.0,1.0,1.0,100.0,0.0,1.0,1.0,0.0,0.0,2.0,7.0,0.0,Everton,Jarrad-Branthwaite,c1949191
2024-12-29,Sun,Matchweek 19,Home,L 0–2,Everton,Nott'ham Forest,Y,CB,90.0,0.0,0.0,0.0,0.0,1.0,0.0,1.0,0.0,73.0,1.0,1.0,0.0,0.1,0.1,0.0,1.0,0.0,53.0,64.0,82.8,11.0,38.0,2.0,0.0,0.0,Match Report,53.0,64.0,82.8,1010.0,494.0,18.0,19.0,94.7,30.0,32.0,93.8,5.0,11.0,45.5,0.0,0.0,0.1,1.0,10.0,1.0,0.0,11.0,64.0,64.0,0.0,0.0,0.0,1.0,0.0,0.0,0.0,0.0,0.0,0.0,53.0,0.0,1.0,1.0,1.0,0.0,0.0,0.0,0.0,0.0,0.0,0.0,0.0,0.0,0.0,0.0,0.0,73.0,3.0,22.0,47.0,4.0,2.0,73.0,0.0,0.0,,0.0,,38.0,306.0,169.0,2.0,2.0,1.0,1.0,0.0,45.0,0.0,1.0,1.0,1.0,0.0,0.0,0.0,0.0,,0.0,0.0,0.0,0.0,1.0,2.0,5.0,0.0,Everton,Jarrad-Branthwaite,c1949191
2025-01-04,Sat,Matchweek 20,Away,L 0–1,Everton,Bournemouth,Y,CB,90.0,0.0,0.0,0.0,0.0,0.0,0.0,1.0,0.0,47.0,0.0,0.0,2.0,0.0,0.0,0.0,0.0,0.0,18.0,32.0,56.3,1.0,10.0,0.0,0.0,0.0,Match Report,18.0,32.0,56.3,342.0,190.0,7.0,9.0,77.8,8.0,12.0,66.7,3.0,11.0,27.3,0.0,0.0,0.0,0.0,1.0,0.0,0.0,1.0,32.0,32.0,0.0,0.0,0.0,0.0,0.0,0.0,0.0,0.0,0.0,0.0,18.0,0.0,0.0,0.0,0.0,0.0,0.0,0.0,0.0,0.0,0.0,0.0,0.0,0.0,0.0,0.0,0.0,47.0,12.0,27.0,15.0,6.0,2.0,47.0,0.0,0.0,,0.0,,10.0,48.0,20.0,0.0,1.0,0.0,1.0,0.0,19.0,0.0,0.0,0.0,0.0,0.0,0.0,0.0,0.0,,0.0,2.0,2.0,0.0,0.0,0.0,9.0,0.0,Everton,Jarrad-Branthwaite,c1949191
2025-01-15,Wed,Matchweek 21,Home,L 0–1,Everton,Aston Villa,Y,CB,90.0,0.0,0.0,0.0,0.0,1.0,0.0,0.0,0.0,59.0,0.0,1.0,1.0,0.1,0.1,0.0,1.0,0.0,44.0,53.0,83.0,1.0,32.0,1.0,0.0,0.0,Match Report,44.0,53.0,83.0,776.0,174.0,17.0,18.0,94.4,24.0,27.0,88.9,3.0,5.0,60.0,0.0,0.0,0.0,0.0,2.0,0.0,0.0,1.0,53.0,51.0,2.0,2.0,0.0,0.0,0.0,0.0,0.0,0.0,0.0,0.0,44.0,0.0,1.0,1.0,0.0,0.0,0.0,0.0,1.0,0.0,0.0,0.0,0.0,0.0,0.0,0.0,0.0,59.0,5.0,29.0,26.0,4.0,3.0,59.0,0.0,0.0,,0.0,,32.0,145.0,90.0,1.0,0.0,0.0,1.0,0.0,43.0,0.0,0.0,0.0,0.0,0.0,0.0,0.0,1.0,0.0,1.0,1.0,1.0,0.0,1.0,1.0,3.0,1.0,Everton,Jarrad-Branthwaite,c1949191
2025-01-19,Sun,Matchweek 22,Home,W 3–2,Everton,Tottenham,Y,CB,90.0,0.0,0.0,0.0,0.0,0.0,0.0,0.0,0.0,44.0,3.0,3.0,1.0,0.0,0.0,0.0,0.0,0.0,24.0,31.0,77.4,3.0,22.0,1.0,0.0,0.0,Match Report,24.0,31.0,77.4,562.0,221.0,9.0,11.0,81.8,10.0,11.0,90.9,5.0,9.0,55.6,0.0,0.0,0.0,0.0,2.0,0.0,0.0,3.0,31.0,29.0,2.0,2.0,0.0,1.0,0.0,0.0,0.0,0.0,0.0,0.0,24.0,0.0,0.0,0.0,0.0,0.0,0.0,0.0,0.0,0.0,0.0,0.0,0.0,0.0,0.0,0.0,0.0,44.0,6.0,23.0,20.0,1.0,0.0,44.0,0.0,0.0,,0.0,,22.0,154.0,86.0,1.0,1.0,0.0,0.0,0.0,24.0,0.0,3.0,3.0,2.0,1.0,0.0,2.0,2.0,100.0,0.0,1.0,0.0,1.0,3.0,6.0,6.0,0.0,Everton,Jarrad-Branthwaite,c1949191
2025-01-25,Sat,Matchweek 23,Away,W 1–0,Everton,Brighton,Y,CB,90.0,0.0,0.0,0.0,0.0,0.0,0.0,0.0,0.0,58.0,1.0,1.0,2.0,0.0,0.0,0.0,1.0,1.0,35.0,41.0,85.4,3.0,25.0,0.0,0.0,0.0,Match Report,35.0,41.0,85.4,658.0,216.0,13.0,16.0,81.3,18.0,18.0,100.0,4.0,6.0,66.7,0.0,0.0,0.0,0.0,4.0,0.0,0.0,3.0,41.0,41.0,0.0,0.0,0.0,0.0,0.0,0.0,0.0,0.0,0.0,0.0,35.0,0.0,0.0,1.0,1.0,0.0,0.0,0.0,0.0,0.0,1.0,1.0,0.0,0.0,0.0,0.0,0.0,58.0,10.0,33.0,23.0,2.0,1.0,58.0,0.0,0.0,,0.0,,25.0,139.0,93.0,0.0,1.0,0.0,0.0,0.0,32.0,0.0,1.0,0.0,0.0,1.0,0.0,0.0,0.0,,0.0,2.0,2.0,0.0,1.0,2.0,13.0,0.0,Everton,Jarrad-Branthwaite,c1949191
2025-02-01,Sat,Matchweek 24,Home,W 4–0,Everton,Leicester City,Y,CB,90.0,0.0,0.0,0.0,0.0,1.0,0.0,0.0,0.0,84.0,1.0,0.0,1.0,0.2,0.2,0.0,1.0,0.0,55.0,71.0,77.5,4.0,44.0,0.0,0.0,0.0,Match Report,55.0,71.0,77.5,1038.0,393.0,28.0,32.0,87.5,21.0,23.0,91.3,6.0,14.0,42.9,0.0,0.0,0.0,0.0,3.0,1.0,0.0,4.0,71.0,65.0,4.0,4.0,0.0,2.0,0.0,0.0,0.0,0.0,0.0,0.0,55.0,2.0,0.0,1.0,1.0,0.0,0.0,0.0,0.0,0.0,0.0,0.0,0.0,0.0,0.0,0.0,0.0,84.0,6.0,35.0,46.0,3.0,3.0,84.0,0.0,0.0,,0.0,,44.0,207.0,142.0,0.0,0.0,0.0,0.0,0.0,52.0,0.0,1.0,1.0,1.0,0.0,0.0,1.0,1.0,100.0,0.0,1.0,1.0,0.0,0.0,1.0,9.0,0.0,Everton,Jarrad-Branthwaite,c1949191
2025-02-12,Wed,Matchweek 15,Home,D 2–2,Everton,Liverpool,Y,CB,90.0,0.0,1.0,0.0,0.0,0.0,0.0,0.0,0.0,60.0,1.0,1.0,2.0,0.0,0.0,0.5,1.0,1.0,28.0,37.0,75.7,3.0,18.0,0.0,0.0,0.0,Match Report,28.0,37.0,75.7,699.0,418.0,6.0,8.0,75.0,15.0,19.0,78.9,7.0,10.0,70.0,1.0,0.5,0.0,1.0,5.0,0.0,0.0,3.0,37.0,35.0,2.0,2.0,1.0,1.0,0.0,0.0,0.0,0.0,0.0,0.0,28.0,0.0,0.0,1.0,0.0,1.0,0.0,0.0,0.0,0.0,1.0,0.0,1.0,0.0,0.0,0.0,0.0,60.0,10.0,39.0,19.0,2.0,1.0,60.0,0.0,0.0,,0.0,,18.0,143.0,81.0,0.0,0.0,0.0,1.0,0.0,23.0,0.0,1.0,1.0,0.0,1.0,0.0,1.0,1.0,100.0,0.0,2.0,2.0,0.0,1.0,2.0,17.0,0.0,Everton,Jarrad-Branthwaite,c1949191
2025-02-15,Sat,Matchweek 25,Away,W 2–1,Everton,Crystal Palace,Y,CB,90.0,0.0,0.0,0.0,0.0,0.0,0.0,0.0,0.0,59.0,1.0,2.0,3.0,0.0,0.0,0.0,0.0,0.0,30.0,38.0,78.9,2.0,27.0,0.0,0.0,0.0,Match Report,30.0,38.0,78.9,619.0,256.0,7.0,7.0,100.0,19.0,20.0,95.0,3.0,10.0,30.0,0.0,0.0,0.0,0.0,4.0,0.0,0.0,2.0,38.0,35.0,3.0,3.0,0.0,3.0,0.0,0.0,0.0,0.0,0.0,0.0,30.0,0.0,0.0,0.0,0.0,0.0,0.0,0.0,0.0,0.0,0.0,0.0,0.0,0.0,0.0,0.0,0.0,59.0,14.0,39.0,20.0,0.0,0.0,59.0,0.0,0.0,,0.0,,27.0,131.0,82.0,0.0,0.0,0.0,0.0,0.0,28.0,0.0,1.0,1.0,0.0,1.0,0.0,1.0,2.0,50.0,1.0,3.0,2.0,1.0,2.0,3.0,13.0,0.0,Everton,Jarrad-Branthwaite,c1949191
2025-02-22,Sat,Matchweek 26,Home,D 2–2,Everton,Manchester Utd,Y,CB,90.0,0.0,0.0,0.0,0.0,1.0,1.0,0.0,0.0,44.0,2.0,1.0,2.0,0.1,0.1,0.0,0.0,0.0,21.0,30.0,70.0,1.0,23.0,0.0,1.0,1.0,Match Report,21.0,30.0,70.0,449.0,183.0,5.0,8.0,62.5,13.0,13.0,100.0,3.0,7.0,42.9,0.0,0.0,0.0,0.0,1.0,0.0,0.0,1.0,30.0,30.0,0.0,0.0,0.0,0.0,0.0,0.0,0.0,0.0,0.0,0.0,21.0,0.0,0.0,0.0,0.0,0.0,0.0,0.0,0.0,0.0,0.0,0.0,0.0,0.0,0.0,0.0,0.0,44.0,10.0,32.0,11.0,1.0,1.0,44.0,1.0,1.0,100.0,0.0,0.0,23.0,92.0,48.0,0.0,0.0,0.0,0.0,0.0,20.0,0.0,2.0,2.0,2.0,0.0,0.0,1.0,1.0,100.0,0.0,2.0,2.0,0.0,1.0,3.0,6.0,0.0,Everton,Jarrad-Branthwaite,c1949191
2025-02-26,Wed,Matchweek 27,Away,D 1–1,Everton,Brentford,Y,CB,90.0,0.0,0.0,0.0,0.0,0.0,0.0,0.0,0.0,51.0,0.0,2.0,0.0,0.0,0.0,0.0,0.0,0.0,39.0,41.0,95.1,0.0,34.0,1.0,0.0,0.0,Match Report,39.0,41.0,95.1,636.0,200.0,16.0,16.0,100.0,23.0,24.0,95.8,0.0,1.0,0.0,0.0,0.0,0.0,0.0,3.0,0.0,0.0,0.0,41.0,40.0,1.0,0.0,0.0,0.0,1.0,1.0,0.0,0.0,0.0,0.0,39.0,0.0,0.0,0.0,0.0,0.0,0.0,0.0,0.0,0.0,0.0,0.0,0.0,0.0,0.0,0.0,0.0,51.0,6.0,20.0,29.0,2.0,0.0,51.0,0.0,0.0,,0.0,,34.0,206.0,160.0,1.0,1.0,0.0,0.0,0.0,35.0,0.0,0.0,0.0,0.0,0.0,0.0,0.0,0.0,,0.0,0.0,0.0,0.0,2.0,2.0,7.0,0.0,Everton,Jarrad-Branthwaite,c1949191
2025-03-08,Sat,Matchweek 28,Away,D 1–1,Everton,Wolves,Y,CB,90.0,0.0,0.0,0.0,0.0,1.0,0.0,0.0,0.0,51.0,3.0,1.0,1.0,0.1,0.1,0.0,0.0,0.0,29.0,34.0,85.3,2.0,23.0,0.0,0.0,0.0,Match Report,29.0,34.0,85.3,585.0,176.0,6.0,6.0,100.0,21.0,23.0,91.3,2.0,4.0,50.0,0.0,0.0,0.0,0.0,0.0,0.0,0.0,2.0,34.0,31.0,3.0,3.0,0.0,0.0,0.0,0.0,0.0,0.0,0.0,0.0,29.0,0.0,0.0,0.0,0.0,0.0,0.0,0.0,0.0,0.0,0.0,0.0,0.0,0.0,0.0,0.0,0.0,51.0,5.0,32.0,17.0,2.0,2.0,51.0,0.0,0.0,,0.0,,23.0,111.0,44.0,0.0,0.0,0.0,0.0,0.0,26.0,0.0,3.0,1.0,3.0,0.0,0.0,2.0,2.0,100.0,0.0,1.0,1.0,0.0,1.0,4.0,9.0,1.0,Everton,Jarrad-Branthwaite,c1949191
2025-03-15,Sat,Matchweek 29,Home,D 1–1,Everton,West Ham,Y,CB,90.0,0.0,0.0,0.0,0.0,0.0,0.0,0.0,0.0,77.0,1.0,0.0,0.0,0.0,0.0,0.0,0.0,0.0,54.0,65.0,83.1,4.0,48.0,1.0,0.0,0.0,Match Report,54.0,65.0,83.1,1064.0,328.0,17.0,20.0,85.0,30.0,34.0,88.2,6.0,9.0,66.7,0.0,0.0,0.0,0.0,6.0,0.0,0.0,4.0,65.0,62.0,3.0,1.0,0.0,0.0,0.0,1.0,0.0,0.0,0.0,0.0,54.0,0.0,0.0,0.0,0.0,0.0,0.0,0.0,0.0,0.0,0.0,0.0,0.0,0.0,0.0,0.0,0.0,77.0,9.0,30.0,40.0,7.0,0.0,77.0,0.0,0.0,,0.0,,48.0,339.0,209.0,1.0,1.0,0.0,1.0,0.0,47.0,0.0,1.0,0.0,1.0,0.0,0.0,0.0,2.0,0.0,2.0,0.0,0.0,0.0,0.0,1.0,9.0,0.0,Everton,Jarrad-Branthwaite,c1949191
2025-04-02,Wed,Matchweek 30,Away,L 0–1,Everton,Liverpool,Y,CB,90.0,0.0,0.0,0.0,0.0,0.0,0.0,0.0,0.0,38.0,0.0,0.0,3.0,0.0,0.0,0.0,0.0,0.0,15.0,23.0,65.2,2.0,16.0,0.0,0.0,0.0,Match Report,15.0,23.0,65.2,358.0,200.0,3.0,3.0,100.0,10.0,10.0,100.0,2.0,9.0,22.2,0.0,0.0,0.0,0.0,3.0,0.0,0.0,2.0,23.0,19.0,3.0,1.0,0.0,1.0,0.0,0.0,0.0,0.0,0.0,0.0,15.0,1.0,0.0,0.0,0.0,0.0,0.0,0.0,0.0,0.0,0.0,0.0,0.0,0.0,0.0,0.0,0.0,38.0,16.0,27.0,11.0,1.0,1.0,38.0,0.0,0.0,,0.0,,16.0,105.0,39.0,0.0,0.0,0.0,0.0,1.0,17.0,0.0,0.0,0.0,0.0,0.0,0.0,0.0,1.0,0.0,1.0,3.0,1.0,2.0,0.0,0.0,10.0,0.0,Everton,Jarrad-Branthwaite,c1949191
2025-04-05,Sat,Matchweek 31,Home,D 1–1,Everton,Arsenal,Y,CB,90.0,0.0,0.0,0.0,0.0,0.0,0.0,0.0,0.0,32.0,1.0,0.0,0.0,0.0,0.0,0.0,0.0,0.0,16.0,22.0,72.7,1.0,14.0,0.0,0.0,0.0,Match Report,16.0,22.0,72.7,328.0,142.0,7.0,8.0,87.5,5.0,6.0,83.3,4.0,7.0,57.1,0.0,0.0,0.0,0.0,1.0,0.0,0.0,1.0,22.0,20.0,2.0,2.0,0.0,1.0,0.0,0.0,0.0,0.0,0.0,0.0,16.0,0.0,1.0,0.0,0.0,0.0,0.0,0.0,0.0,0.0,0.0,0.0,0.0,0.0,0.0,0.0,0.0,32.0,9.0,19.0,12.0,2.0,0.0,32.0,0.0,0.0,,0.0,,14.0,41.0,17.0,0.0,0.0,0.0,0.0,0.0,18.0,0.0,1.0,1.0,1.0,0.0,0.0,1.0,1.0,100.0,0.0,0.0,0.0,0.0,0.0,1.0,9.0,0.0,Everton,Jarrad-Branthwaite,c1949191
2025-04-12,Sat,Matchweek 32,Away,W 1–0,Everton,Nott'ham Forest,Y,CB,90.0,0.0,0.0,0.0,0.0,0.0,0.0,1.0,0.0,64.0,1.0,0.0,1.0,0.0,0.0,0.0,0.0,0.0,43.0,55.0,78.2,5.0,27.0,1.0,0.0,0.0,Match Report,43.0,55.0,78.2,922.0,409.0,13.0,13.0,100.0,19.0,24.0,79.2,10.0,14.0,71.4,0.0,0.0,0.2,0.0,4.0,0.0,0.0,5.0,55.0,52.0,3.0,3.0,0.0,2.0,0.0,0.0,0.0,0.0,0.0,0.0,43.0,0.0,0.0,0.0,0.0,0.0,0.0,0.0,0.0,0.0,0.0,0.0,0.0,0.0,0.0,0.0,0.0,64.0,4.0,25.0,39.0,1.0,1.0,64.0,0.0,0.0,,0.0,,27.0,233.0,164.0,1.0,0.0,0.0,1.0,0.0,34.0,0.0,1.0,0.0,0.0,1.0,0.0,1.0,1.0,100.0,0.0,1.0,1.0,0.0,0.0,1.0,6.0,0.0,Everton,Jarrad-Branthwaite,c1949191
2025-04-19,Sat,Matchweek 33,Home,L 0–2,Everton,Manchester City,Y,CB,90.0,0.0,0.0,0.0,0.0,1.0,1.0,0.0,0.0,42.0,0.0,0.0,1.0,0.3,0.3,0.0,0.0,0.0,27.0,32.0,84.4,0.0,21.0,0.0,0.0,0.0,Match Report,27.0,32.0,84.4,607.0,232.0,8.0,8.0,100.0,14.0,15.0,93.3,5.0,7.0,71.4,0.0,0.0,0.0,0.0,2.0,0.0,0.0,0.0,32.0,29.0,1.0,1.0,0.0,2.0,0.0,0.0,0.0,0.0,0.0,0.0,27.0,2.0,0.0,0.0,0.0,0.0,0.0,0.0,0.0,0.0,0.0,0.0,0.0,0.0,0.0,0.0,0.0,42.0,5.0,21.0,19.0,2.0,2.0,42.0,0.0,0.0,,0.0,,21.0,69.0,22.0,0.0,0.0,0.0,0.0,0.0,30.0,0.0,0.0,0.0,0.0,0.0,0.0,0.0,0.0,,0.0,1.0,1.0,0.0,0.0,0.0,6.0,0.0,Everton,Jarrad-Branthwaite,c1949191
2025-04-26,Sat,Matchweek 34,Away,L 0–1,Everton,Chelsea,Y,CB,90.0,0.0,0.0,0.0,0.0,0.0,0.0,0.0,0.0,82.0,2.0,0.0,1.0,0.0,0.0,0.0,0.0,0.0,61.0,70.0,87.1,3.0,42.0,0.0,0.0,0.0,Match Report,61.0,70.0,87.1,1186.0,568.0,25.0,26.0,96.2,26.0,31.0,83.9,9.0,12.0,75.0,0.0,0.0,0.0,0.0,4.0,0.0,0.0,3.0,70.0,64.0,6.0,1.0,0.0,1.0,1.0,1.0,0.0,0.0,0.0,0.0,61.0,0.0,0.0,0.0,0.0,0.0,0.0,0.0,0.0,0.0,0.0,0.0,0.0,0.0,0.0,0.0,0.0,82.0,15.0,46.0,34.0,2.0,0.0,82.0,0.0,0.0,,0.0,,42.0,236.0,147.0,0.0,0.0,0.0,0.0,0.0,49.0,1.0,2.0,2.0,1.0,1.0,0.0,1.0,1.0,100.0,0.0,1.0,1.0,0.0,0.0,2.0,9.0,1.0,Everton,Jarrad-Branthwaite,c1949191
2025-05-03,Sat,Matchweek 35,Home,D 2–2,Everton,Ipswich Town,Y,CB,90.0,0.0,0.0,0.0,0.0,0.0,0.0,0.0,0.0,68.0,1.0,0.0,1.0,0.0,0.0,0.1,1.0,0.0,58.0,63.0,92.1,4.0,51.0,0.0,0.0,0.0,Match Report,58.0,63.0,92.1,1093.0,372.0,24.0,24.0,100.0,29.0,31.0,93.5,5.0,8.0,62.5,0.0,0.1,0.1,1.0,5.0,0.0,0.0,4.0,63.0,60.0,3.0,3.0,0.0,1.0,2.0,0.0,0.0,0.0,0.0,0.0,58.0,0.0,0.0,1.0,1.0,0.0,0.0,0.0,0.0,0.0,0.0,0.0,0.0,0.0,0.0,0.0,0.0,68.0,2.0,22.0,41.0,5.0,1.0,68.0,0.0,0.0,,0.0,,51.0,202.0,110.0,0.0,0.0,0.0,0.0,0.0,52.0,0.0,1.0,0.0,0.0,1.0,0.0,1.0,1.0,100.0,0.0,1.0,1.0,0.0,0.0,1.0,2.0,0.0,Everton,Jarrad-Branthwaite,c1949191
2025-05-10,Sat,Matchweek 36,Away,W 3–1,Everton,Fulham,Y,CB,90.0,0.0,0.0,0.0,0.0,1.0,0.0,0.0,0.0,44.0,0.0,2.0,1.0,0.1,0.1,0.0,0.0,0.0,27.0,33.0,81.8,3.0,20.0,0.0,1.0,0.0,Match Report,27.0,33.0,81.8,575.0,250.0,11.0,12.0,91.7,11.0,11.0,100.0,5.0,10.0,50.0,0.0,0.0,0.0,0.0,1.0,1.0,0.0,3.0,33.0,27.0,6.0,3.0,0.0,1.0,0.0,0.0,0.0,0.0,0.0,0.0,27.0,0.0,0.0,0.0,0.0,0.0,0.0,0.0,0.0,0.0,0.0,0.0,0.0,0.0,0.0,0.0,0.0,44.0,9.0,24.0,18.0,3.0,3.0,44.0,1.0,0.0,0.0,1.0,100.0,20.0,141.0,87.0,0.0,0.0,0.0,0.0,1.0,21.0,0.0,0.0,0.0,0.0,0.0,0.0,0.0,0.0,,0.0,1.0,1.0,0.0,2.0,2.0,7.0,0.0,Everton,Jarrad-Branthwaite,c1949191
2025-05-18,Sun,Matchweek 37,Home,W 2–0,Everton,Southampton,Y,CB,73.0,0.0,0.0,0.0,0.0,1.0,0.0,0.0,0.0,63.0,0.0,2.0,0.0,0.0,0.0,0.0,0.0,0.0,48.0,59.0,81.4,2.0,33.0,1.0,0.0,0.0,Match Report,48.0,59.0,81.4,933.0,401.0,20.0,24.0,83.3,22.0,25.0,88.0,6.0,9.0,66.7,0.0,0.0,0.0,0.0,5.0,0.0,0.0,2.0,59.0,58.0,1.0,1.0,0.0,0.0,0.0,0.0,0.0,0.0,0.0,0.0,48.0,0.0,1.0,0.0,0.0,0.0,0.0,0.0,0.0,0.0,0.0,0.0,0.0,0.0,0.0,0.0,0.0,63.0,4.0,24.0,36.0,3.0,2.0,63.0,0.0,0.0,,0.0,,33.0,242.0,175.0,1.0,1.0,0.0,0.0,0.0,47.0,0.0,0.0,0.0,0.0,0.0,0.0,0.0,1.0,0.0,1.0,0.0,0.0,0.0,2.0,2.0,1.0,0.0,Everton,Jarrad-Branthwaite,c1949191
2024-08-17,Sat,Matchweek 1,Home,L 0–3,Everton,Brighton,Y,RW,84,0,0,0,0,3,1,0,0,36,0,0,1,0.1,0.1,0.1,2,0,17,26,65.4,2,25,4,5,3,Match Report,17,26,65.4,215,57,14,16,87.5,3,5,60.0,0,2,0.0,0,0.1,0.3,1,2,0,0,2,26,24,1,0,0,0,4,1,0,0,0,0,17,1,1,2,1,0,0,1,0,0,0,0,0,0,0,0,0,36,1,4,10,22,6,36,5,3,60.0,2,40.0,25,137,90,4,0,2,3,1,28,9,0,0,0,0,0,0,0,,0,1,0,1,0,0,1,0,Everton,Jack-Harrison,aa849a12
2024-08-24,Sat,Matchweek 2,Away,L 0–4,Everton,Tottenham,Y,RW,56,0,0,0,0,2,0,0,0,11,0,1,0,0.5,0.5,0.0,0,0,3,7,42.9,1,9,1,1,0,Match Report,3,7,42.9,38,19,2,5,40.0,1,1,100.0,0,0,,0,0.0,0.0,0,0,0,0,1,7,7,0,0,0,0,1,0,0,0,0,0,3,0,1,0,0,0,0,0,0,0,0,0,0,0,0,0,0,11,0,2,4,5,2,11,1,0,0.0,1,100.0,9,35,17,1,1,0,0,0,8,2,0,0,0,0,0,0,1,0.0,1,0,0,0,1,1,0,0,Everton,Jack-Harrison,aa849a12
2024-08-31,Sat,Matchweek 3,Home,L 2–3,Everton,Bournemouth,Y,RW,90,0,0,0,0,2,1,0,0,50,2,2,0,0.1,0.1,0.7,8,1,32,39,82.1,5,37,3,4,2,Match Report,32,39,82.1,432,209,23,26,88.5,8,9,88.9,1,4,25.0,0,0.7,0.2,5,5,5,1,5,39,39,0,0,0,0,4,0,0,0,0,0,32,0,0,8,8,0,0,0,0,0,1,1,0,0,0,0,0,50,1,6,21,23,2,50,4,2,50.0,1,25.0,37,222,98,3,1,0,3,1,38,10,2,1,1,0,1,2,3,66.7,1,0,0,0,2,4,1,0,Everton,Jack-Harrison,aa849a12
2024-09-14,Sat,Matchweek 4,Away,L 2–3,Everton,Aston Villa,Y,RW,63,0,0,0,0,0,0,0,0,20,2,0,0,0.0,0.0,0.0,1,1,9,10,90.0,0,10,1,3,1,Match Report,9,10,90.0,134,7,5,5,100.0,4,5,80.0,0,0,,0,0.0,0.0,0,0,0,0,0,10,10,0,0,0,0,0,0,0,0,0,0,9,0,0,1,0,0,0,0,1,0,1,0,0,0,0,1,0,20,4,5,10,5,2,20,3,1,33.3,1,33.3,10,68,17,1,1,1,3,1,11,1,2,2,0,2,0,0,1,0.0,1,0,0,0,0,2,4,1,Everton,Jack-Harrison,aa849a12
2024-09-21,Sat,Matchweek 5,Away,D 1–1,Everton,Leicester City,N,RW,30,0,0,0,0,0,0,0,0,10,2,0,0,0.0,0.0,0.0,1,0,4,5,80.0,0,4,0,0,0,Match Report,4,5,80.0,30,8,4,5,80.0,0,0,,0,0,,0,0.0,0.0,1,0,0,0,0,5,5,0,0,0,0,0,0,0,0,0,0,4,0,0,1,1,0,0,0,0,0,0,0,0,0,0,0,0,10,0,4,3,3,1,10,0,0,,0,,4,24,4,0,0,0,2,3,7,1,2,1,1,0,1,1,1,100.0,0,0,0,0,0,2,0,0,Everton,Jack-Harrison,aa849a12
2024-09-28,Sat,Matchweek 6,Home,W 2–1,Everton,Crystal Palace,N,RW,45,0,0,0,0,0,0,0,0,18,0,0,0,0.0,0.0,0.0,0,0,7,12,58.3,0,14,0,1,0,Match Report,7,12,58.3,61,28,2,2,100.0,1,2,50.0,0,2,0.0,0,0.0,0.0,0,0,0,0,0,12,11,0,0,0,0,2,0,0,0,0,0,7,1,1,0,0,0,0,0,0,0,0,0,0,0,0,0,0,18,0,3,3,12,0,18,1,0,0.0,1,100.0,14,35,15,0,0,0,2,3,16,2,0,0,0,0,0,0,1,0.0,1,0,0,0,0,0,1,0,Everton,Jack-Harrison,aa849a12
2024-10-05,Sat,Matchweek 7,Home,D 0–0,Everton,Newcastle Utd,Y,RW,67,0,0,0,0,0,0,0,0,34,1,1,1,0.0,0.0,0.0,1,0,16,22,72.7,2,20,1,3,1,Match Report,16,22,72.7,222,84,12,13,92.3,3,5,60.0,1,3,33.3,0,0.0,0.0,0,0,1,0,2,22,22,0,0,0,0,1,0,0,0,0,0,16,0,1,1,1,0,0,0,0,0,0,0,0,0,0,0,0,34,0,8,10,18,4,34,3,1,33.3,2,66.7,20,83,46,1,1,0,2,3,21,6,1,0,1,0,0,0,2,0.0,2,1,0,1,1,2,0,0,Everton,Jack-Harrison,aa849a12
2024-10-19,Sat,Matchweek 8,Away,W 2–0,Everton,Ipswich Town,Y,RW,90,0,0,0,0,0,0,0,0,52,2,0,0,0.0,0.0,0.5,2,0,17,33,51.5,2,29,7,5,2,Match Report,17,33,51.5,249,53,9,12,75.0,5,12,41.7,1,3,33.3,0,0.5,0.2,1,2,1,0,2,33,31,2,1,1,0,5,1,0,0,0,0,17,0,3,2,1,0,0,0,1,0,0,0,0,0,0,0,0,52,5,12,16,24,7,52,5,2,40.0,3,60.0,29,214,104,7,2,3,2,1,34,11,2,1,1,0,1,1,2,50.0,1,0,0,0,0,2,5,0,Everton,Jack-Harrison,aa849a12
2024-10-26,Sat,Matchweek 9,Home,D 1–1,Everton,Fulham,Y,RW,67,0,0,0,0,1,0,0,0,27,1,0,2,0.1,0.1,0.1,1,0,8,15,53.3,1,16,0,2,0,Match Report,8,15,53.3,101,41,5,7,71.4,2,3,66.7,0,1,0.0,0,0.1,0.1,1,2,0,0,1,15,14,0,0,0,0,2,0,0,0,0,0,8,1,2,1,1,0,0,0,0,0,0,0,0,0,0,0,0,27,0,7,11,9,2,27,2,0,0.0,2,100.0,16,83,12,0,0,0,4,1,23,5,1,0,1,0,0,1,2,50.0,1,2,0,2,0,1,0,1,Everton,Jack-Harrison,aa849a12
2024-11-02,Sat,Matchweek 10,Away,L 0–1,Everton,Southampton,N,"AM,RM,LW",29,0,0,0,0,2,0,0,0,10,0,0,0,0.3,0.3,0.0,0,0,6,7,85.7,0,5,0,0,0,Match Report,6,7,85.7,65,7,4,5,80.0,1,1,100.0,0,0,,0,0.0,0.0,0,0,0,0,0,7,6,1,0,0,0,0,0,0,0,0,0,6,0,0,0,0,0,0,0,0,0,0,0,0,0,0,0,0,10,0,0,6,4,1,10,0,0,,0,,5,15,4,0,1,0,1,1,7,1,0,0,0,0,0,0,0,,0,0,0,0,0,0,0,0,Everton,Jack-Harrison,aa849a12
2024-11-09,Sat,Matchweek 11,Away,D 0–0,Everton,West Ham,N,AM,5,0,0,0,0,0,0,0,0,1,0,0,0,0.0,0.0,0.0,0,0,0,1,0.0,0,1,0,0,0,Match Report,0,1,0.0,0,0,0,1,0.0,0,0,,0,0,,0,0.0,0.0,0,0,0,0,0,1,1,0,0,0,0,1,0,0,0,0,0,0,0,0,0,0,0,0,0,0,0,0,0,0,0,0,0,0,1,0,0,0,1,0,1,0,0,,0,,1,9,5,0,0,0,0,0,1,0,0,0,0,0,0,0,0,,0,0,0,0,0,0,0,0,Everton,Jack-Harrison,aa849a12
2024-11-23,Sat,Matchweek 12,Home,D 0–0,Everton,Brentford,N,"On matchday squad, but did not play","On matchday squad, but did not play","On matchday squad, but did not play","On matchday squad, but did not play","On matchday squad, but did not play","On matchday squad, but did not play","On matchday squad, but did not play","On matchday squad, but did not play","On matchday squad, but did not play","On matchday squad, but did not play","On matchday squad, but did not play","On matchday squad, but did not play","On matchday squad, but did not play","On matchday squad, but did not play","On matchday squad, but did not play","On matchday squad, but did not play","On matchday squad, but did not play","On matchday squad, but did not play","On matchday squad, but did not play","On matchday squad, but did not play","On matchday squad, but did not play","On matchday squad, but did not play","On matchday squad, but did not play","On matchday squad, but did not play","On matchday squad, but did not play","On matchday squad, but did not play","On matchday squad, but did not play",Match Report,"On matchday squad, but did not play","On matchday squad, but did not play","On matchday squad, but did not play","On matchday squad, but did not play","On matchday squad, but did not play","On matchday squad, but did not play","On matchday squad, but did not play","On matchday squad, but did not play","On matchday squad, but did not play","On matchday squad, but did not play","On matchday squad, but did not play","On matchday squad, but did not play","On matchday squad, but did not play","On matchday squad, but did not play","On matchday squad, but did not play","On matchday squad, but did not play","On matchday squad, but did not play","On matchday squad, but did not play","On matchday squad, but did not play","On matchday squad, but did not play","On matchday squad, but did not play","On matchday squad, but did not play","On matchday squad, but did not play","On matchday squad, but did not play","On matchday squad, but did not play","On matchday squad, but did not play","On matchday squad, but did not play","On matchday squad, but did not play","On matchday squad, but did not play","On matchday squad, but did not play","On matchday squad, but did not play","On matchday squad, but did not play","On matchday squad, but did not play","On matchday squad, but did not play","On matchday squad, but did not play","On matchday squad, but did not play","On matchday squad, but did not play","On matchday squad, but did not play","On matchday squad, but did not play","On matchday squad, but did not play","On matchday squad, but did not play","On matchday squad, but did not play","On matchday squad, but did not play","On matchday squad, but did not play","On matchday squad, but did not play","On matchday squad, but did not play","On matchday squad, but did not play","On matchday squad, but did not play","On matchday squad, but did not play","On matchday squad, but did not play","On matchday squad, but did not play","On matchday squad, but did not play","On matchday squad, but did not play","On matchday squad, but did not play","On matchday squad, but did not play","On matchday squad, but did not play","On matchday squad, but did not play","On matchday squad, but did not play","On matchday squad, but did not play","On matchday squad, but did not play","On matchday squad, but did not play","On matchday squad, but did not play","On matchday squad, but did not play","On matchday squad, but did not play","On matchday squad, but did not play","On matchday squad, but did not play","On matchday squad, but did not play","On matchday squad, but did not play","On matchday squad, but did not play","On matchday squad, but did not play","On matchday squad, but did not play","On matchday squad, but did not play","On matchday squad, but did not play","On matchday squad, but did not play","On matchday squad, but did not play","On matchday squad, but did not play","On matchday squad, but did not play","On matchday squad, but did not play","On matchday squad, but did not play","On matchday squad, but did not play","On matchday squad, but did not play","On matchday squad, but did not play","On matchday squad, but did not play","On matchday squad, but did not play","On matchday squad, but did not play","On matchday squad, but did not play","On matchday squad, but did not play","On matchday squad, but did not play","On matchday squad, but did not play",Everton,Jack-Harrison,aa849a12
2024-12-01,Sun,Matchweek 13,Away,L 0–4,Everton,Manchester Utd,N,RW,24,0,0,0,0,0,0,0,0,15,0,0,0,0.0,0.0,0.0,0,0,10,14,71.4,4,9,1,0,0,Match Report,10,14,71.4,125,73,7,7,100.0,2,3,66.7,0,0,,0,0.0,0.0,0,1,0,0,4,14,13,0,0,1,0,1,0,0,0,0,0,10,1,1,0,0,0,0,0,0,0,0,0,0,0,0,0,0,15,0,2,8,5,0,15,0,0,,0,,9,47,41,1,0,0,1,1,13,2,0,0,0,0,0,0,0,,0,0,0,0,0,0,0,0,Everton,Jack-Harrison,aa849a12
2024-12-04,Wed,Matchweek 14,Home,W 4–0,Everton,Wolves,N,"RW,AM",17,0,0,0,0,3,0,0,0,10,1,0,0,0.4,0.4,0.0,0,0,1,4,25.0,0,6,0,1,0,Match Report,1,4,25.0,26,25,0,0,,1,2,50.0,0,1,0.0,0,0.0,0.0,0,0,0,0,0,4,2,1,0,0,0,1,0,1,1,0,0,1,1,0,0,0,0,0,0,0,0,0,0,0,0,0,0,0,10,0,0,2,8,4,10,1,0,0.0,1,100.0,6,27,7,0,0,0,0,2,7,0,1,1,0,0,1,0,0,,0,0,0,0,0,1,0,0,Everton,Jack-Harrison,aa849a12
2024-12-14,Sat,Matchweek 16,Away,D 0–0,Everton,Arsenal,Y,RW,65,0,0,0,0,0,0,0,0,20,2,1,0,0.0,0.0,0.0,0,0,5,11,45.5,0,9,1,2,0,Match Report,5,11,45.5,87,37,3,4,75.0,1,2,50.0,1,4,25.0,0,0.0,0.0,0,0,0,0,0,11,11,0,0,0,0,2,0,0,0,0,0,5,0,0,0,0,0,0,0,0,0,0,0,0,0,0,0,0,20,2,6,6,8,0,20,2,0,0.0,2,100.0,9,54,36,1,1,0,1,3,10,1,2,2,0,1,1,1,2,50.0,1,0,0,0,1,3,1,0,Everton,Jack-Harrison,aa849a12
2024-12-22,Sun,Matchweek 17,Home,D 0–0,Everton,Chelsea,Y,RW,72,0,0,0,0,1,1,0,0,25,3,0,0,0.6,0.6,0.0,0,0,12,15,80.0,0,11,1,2,1,Match Report,12,15,80.0,207,96,7,7,100.0,3,4,75.0,2,4,50.0,0,0.0,0.0,0,2,0,0,0,15,12,3,2,0,0,1,1,0,0,0,0,12,0,0,0,0,0,0,0,0,0,0,0,0,0,0,0,0,25,2,13,7,5,1,25,2,1,50.0,1,50.0,11,79,41,1,1,0,1,1,10,1,3,3,3,0,0,3,4,75.0,1,0,0,0,0,3,3,0,Everton,Jack-Harrison,aa849a12
2024-12-26,Thu,Matchweek 18,Away,D 1–1,Everton,Manchester City,Y,RW,90,0,0,0,0,1,0,0,0,30,0,0,0,0.1,0.1,0.2,4,0,13,21,61.9,1,17,2,5,1,Match Report,13,21,61.9,344,137,6,7,85.7,2,4,50.0,5,6,83.3,0,0.2,0.2,3,1,1,0,1,21,19,2,0,0,0,9,0,2,1,0,1,13,0,3,4,1,2,1,0,0,0,0,0,0,0,0,0,0,30,3,6,7,17,3,30,5,1,20.0,3,60.0,17,71,41,2,1,2,1,2,23,4,0,0,0,0,0,0,2,0.0,2,0,0,0,0,0,2,0,Everton,Jack-Harrison,aa849a12
2024-12-29,Sun,Matchweek 19,Home,L 0–2,Everton,Nott'ham Forest,Y,RW,45,0,0,0,0,0,0,0,0,24,0,0,1,0.0,0.0,0.0,1,0,9,21,42.9,4,15,2,1,0,Match Report,9,21,42.9,142,70,4,5,80.0,3,5,60.0,1,4,25.0,0,0.0,0.0,1,1,1,0,4,21,21,0,0,0,0,4,0,0,0,0,0,9,0,3,1,1,0,0,0,0,0,0,0,0,0,0,0,0,24,0,1,12,12,3,24,1,0,0.0,0,0.0,15,82,57,2,0,0,0,0,20,1,0,0,0,0,0,0,0,,0,1,0,1,0,0,0,0,Everton,Jack-Harrison,aa849a12
2025-01-04,Sat,Matchweek 20,Away,L 0–1,Everton,Bournemouth,N,"On matchday squad, but did not play","On matchday squad, but did not play","On matchday squad, but did not play","On matchday squad, but did not play","On matchday squad, but did not play","On matchday squad, but did not play","On matchday squad, but did not play","On matchday squad, but did not play","On matchday squad, but did not play","On matchday squad, but did not play","On matchday squad, but did not play","On matchday squad, but did not play","On matchday squad, but did not play","On matchday squad, but did not play","On matchday squad, but did not play","On matchday squad, but did not play","On matchday squad, but did not play","On matchday squad, but did not play","On matchday squad, but did not play","On matchday squad, but did not play","On matchday squad, but did not play","On matchday squad, but did not play","On matchday squad, but did not play","On matchday squad, but did not play","On matchday squad, but did not play","On matchday squad, but did not play","On matchday squad, but did not play",Match Report,"On matchday squad, but did not play","On matchday squad, but did not play","On matchday squad, but did not play","On matchday squad, but did not play","On matchday squad, but did not play","On matchday squad, but did not play","On matchday squad, but did not play","On matchday squad, but did not play","On matchday squad, but did not play","On matchday squad, but did not play","On matchday squad, but did not play","On matchday squad, but did not play","On matchday squad, but did not play","On matchday squad, but did not play","On matchday squad, but did not play","On matchday squad, but did not play","On matchday squad, but did not play","On matchday squad, but did not play","On matchday squad, but did not play","On matchday squad, but did not play","On matchday squad, but did not play","On matchday squad, but did not play","On matchday squad, but did not play","On matchday squad, but did not play","On matchday squad, but did not play","On matchday squad, but did not play","On matchday squad, but did not play","On matchday squad, but did not play","On matchday squad, but did not play","On matchday squad, but did not play","On matchday squad, but did not play","On matchday squad, but did not play","On matchday squad, but did not play","On matchday squad, but did not play","On matchday squad, but did not play","On matchday squad, but did not play","On matchday squad, but did not play","On matchday squad, but did not play","On matchday squad, but did not play","On matchday squad, but did not play","On matchday squad, but did not play","On matchday squad, but did not play","On matchday squad, but did not play","On matchday squad, but did not play","On matchday squad, but did not play","On matchday squad, but did not play","On matchday squad, but did not play","On matchday squad, but did not play","On matchday squad, but did not play","On matchday squad, but did not play","On matchday squad, but did not play","On matchday squad, but did not play","On matchday squad, but did not play","On matchday squad, but did not play","On matchday squad, but did not play","On matchday squad, but did not play","On matchday squad, but did not play","On matchday squad, but did not play","On matchday squad, but did not play","On matchday squad, but did not play","On matchday squad, but did not play","On matchday squad, but did not play","On matchday squad, but did not play","On matchday squad, but did not play","On matchday squad, but did not play","On matchday squad, but did not play","On matchday squad, but did not play","On matchday squad, but did not play","On matchday squad, but did not play","On matchday squad, but did not play","On matchday squad, but did not play","On matchday squad, but did not play","On matchday squad, but did not play","On matchday squad, but did not play","On matchday squad, but did not play","On matchday squad, but did not play","On matchday squad, but did not play","On matchday squad, but did not play","On matchday squad, but did not play","On matchday squad, but did not play","On matchday squad, but did not play","On matchday squad, but did not play","On matchday squad, but did not play","On matchday squad, but did not play","On matchday squad, but did not play","On matchday squad, but did not play","On matchday squad, but did not play","On matchday squad, but did not play","On matchday squad, but did not play",Everton,Jack-Harrison,aa849a12
2025-01-15,Wed,Matchweek 21,Home,L 0–1,Everton,Aston Villa,Y,RW,58,0,0,0,0,0,0,0,0,31,2,0,1,0.0,0.0,0.2,2,0,11,18,61.1,3,8,0,3,0,Match Report,11,18,61.1,136,59,6,10,60.0,4,6,66.7,0,0,,0,0.2,0.3,1,1,1,0,3,18,18,0,0,1,0,0,0,0,0,0,0,11,0,1,2,2,0,0,0,0,0,0,0,0,0,0,0,0,31,1,6,9,16,0,31,3,0,0.0,3,100.0,8,22,6,0,0,0,0,2,16,2,2,1,0,1,1,0,1,0.0,1,1,0,1,0,2,2,0,Everton,Jack-Harrison,aa849a12
2025-01-19,Sun,Matchweek 22,Home,W 3–2,Everton,Tottenham,N,"On matchday squad, but did not play","On matchday squad, but did not play","On matchday squad, but did not play","On matchday squad, but did not play","On matchday squad, but did not play","On matchday squad, but did not play","On matchday squad, but did not play","On matchday squad, but did not play","On matchday squad, but did not play","On matchday squad, but did not play","On matchday squad, but did not play","On matchday squad, but did not play","On matchday squad, but did not play","On matchday squad, but did not play","On matchday squad, but did not play","On matchday squad, but did not play","On matchday squad, but did not play","On matchday squad, but did not play","On matchday squad, but did not play","On matchday squad, but did not play","On matchday squad, but did not play","On matchday squad, but did not play","On matchday squad, but did not play","On matchday squad, but did not play","On matchday squad, but did not play","On matchday squad, but did not play","On matchday squad, but did not play",Match Report,"On matchday squad, but did not play","On matchday squad, but did not play","On matchday squad, but did not play","On matchday squad, but did not play","On matchday squad, but did not play","On matchday squad, but did not play","On matchday squad, but did not play","On matchday squad, but did not play","On matchday squad, but did not play","On matchday squad, but did not play","On matchday squad, but did not play","On matchday squad, but did not play","On matchday squad, but did not play","On matchday squad, but did not play","On matchday squad, but did not play","On matchday squad, but did not play","On matchday squad, but did not play","On matchday squad, but did not play","On matchday squad, but did not play","On matchday squad, but did not play","On matchday squad, but did not play","On matchday squad, but did not play","On matchday squad, but did not play","On matchday squad, but did not play","On matchday squad, but did not play","On matchday squad, but did not play","On matchday squad, but did not play","On matchday squad, but did not play","On matchday squad, but did not play","On matchday squad, but did not play","On matchday squad, but did not play","On matchday squad, but did not play","On matchday squad, but did not play","On matchday squad, but did not play","On matchday squad, but did not play","On matchday squad, but did not play","On matchday squad, but did not play","On matchday squad, but did not play","On matchday squad, but did not play","On matchday squad, but did not play","On matchday squad, but did not play","On matchday squad, but did not play","On matchday squad, but did not play","On matchday squad, but did not play","On matchday squad, but did not play","On matchday squad, but did not play","On matchday squad, but did not play","On matchday squad, but did not play","On matchday squad, but did not play","On matchday squad, but did not play","On matchday squad, but did not play","On matchday squad, but did not play","On matchday squad, but did not play","On matchday squad, but did not play","On matchday squad, but did not play","On matchday squad, but did not play","On matchday squad, but did not play","On matchday squad, but did not play","On matchday squad, but did not play","On matchday squad, but did not play","On matchday squad, but did not play","On matchday squad, but did not play","On matchday squad, but did not play","On matchday squad, but did not play","On matchday squad, but did not play","On matchday squad, but did not play","On matchday squad, but did not play","On matchday squad, but did not play","On matchday squad, but did not play","On matchday squad, but did not play","On matchday squad, but did not play","On matchday squad, but did not play","On matchday squad, but did not play","On matchday squad, but did not play","On matchday squad, but did not play","On matchday squad, but did not play","On matchday squad, but did not play","On matchday squad, but did not play","On matchday squad, but did not play","On matchday squad, but did not play","On matchday squad, but did not play","On matchday squad, but did not play","On matchday squad, but did not play","On matchday squad, but did not play","On matchday squad, but did not play","On matchday squad, but did not play","On matchday squad, but did not play","On matchday squad, but did not play","On matchday squad, but did not play",Everton,Jack-Harrison,aa849a12
2025-01-25,Sat,Matchweek 23,Away,W 1–0,Everton,Brighton,N,"On matchday squad, but did not play","On matchday squad, but did not play","On matchday squad, but did not play","On matchday squad, but did not play","On matchday squad, but did not play","On matchday squad, but did not play","On matchday squad, but did not play","On matchday squad, but did not play","On matchday squad, but did not play","On matchday squad, but did not play","On matchday squad, but did not play","On matchday squad, but did not play","On matchday squad, but did not play","On matchday squad, but did not play","On matchday squad, but did not play","On matchday squad, but did not play","On matchday squad, but did not play","On matchday squad, but did not play","On matchday squad, but did not play","On matchday squad, but did not play","On matchday squad, but did not play","On matchday squad, but did not play","On matchday squad, but did not play","On matchday squad, but did not play","On matchday squad, but did not play","On matchday squad, but did not play","On matchday squad, but did not play",Match Report,"On matchday squad, but did not play","On matchday squad, but did not play","On matchday squad, but did not play","On matchday squad, but did not play","On matchday squad, but did not play","On matchday squad, but did not play","On matchday squad, but did not play","On matchday squad, but did not play","On matchday squad, but did not play","On matchday squad, but did not play","On matchday squad, but did not play","On matchday squad, but did not play","On matchday squad, but did not play","On matchday squad, but did not play","On matchday squad, but did not play","On matchday squad, but did not play","On matchday squad, but did not play","On matchday squad, but did not play","On matchday squad, but did not play","On matchday squad, but did not play","On matchday squad, but did not play","On matchday squad, but did not play","On matchday squad, but did not play","On matchday squad, but did not play","On matchday squad, but did not play","On matchday squad, but did not play","On matchday squad, but did not play","On matchday squad, but did not play","On matchday squad, but did not play","On matchday squad, but did not play","On matchday squad, but did not play","On matchday squad, but did not play","On matchday squad, but did not play","On matchday squad, but did not play","On matchday squad, but did not play","On matchday squad, but did not play","On matchday squad, but did not play","On matchday squad, but did not play","On matchday squad, but did not play","On matchday squad, but did not play","On matchday squad, but did not play","On matchday squad, but did not play","On matchday squad, but did not play","On matchday squad, but did not play","On matchday squad, but did not play","On matchday squad, but did not play","On matchday squad, but did not play","On matchday squad, but did not play","On matchday squad, but did not play","On matchday squad, but did not play","On matchday squad, but did not play","On matchday squad, but did not play","On matchday squad, but did not play","On matchday squad, but did not play","On matchday squad, but did not play","On matchday squad, but did not play","On matchday squad, but did not play","On matchday squad, but did not play","On matchday squad, but did not play","On matchday squad, but did not play","On matchday squad, but did not play","On matchday squad, but did not play","On matchday squad, but did not play","On matchday squad, but did not play","On matchday squad, but did not play","On matchday squad, but did not play","On matchday squad, but did not play","On matchday squad, but did not play","On matchday squad, but did not play","On matchday squad, but did not play","On matchday squad, but did not play","On matchday squad, but did not play","On matchday squad, but did not play","On matchday squad, but did not play","On matchday squad, but did not play","On matchday squad, but did not play","On matchday squad, but did not play","On matchday squad, but did not play","On matchday squad, but did not play","On matchday squad, but did not play","On matchday squad, but did not play","On matchday squad, but did not play","On matchday squad, but did not play","On matchday squad, but did not play","On matchday squad, but did not play","On matchday squad, but did not play","On matchday squad, but did not play","On matchday squad, but did not play","On matchday squad, but did not play",Everton,Jack-Harrison,aa849a12
2025-02-01,Sat,Matchweek 24,Home,W 4–0,Everton,Leicester City,N,LW,3,0,0,0,0,1,1,0,0,7,0,0,0,0.0,0.0,0.0,0,0,3,4,75.0,0,5,0,0,0,Match Report,3,4,75.0,23,7,3,3,100.0,0,0,,0,0,,0,0.0,0.0,0,0,0,0,0,4,4,0,0,0,0,0,0,0,0,0,0,3,0,1,0,0,0,0,0,0,0,0,0,0,0,0,0,0,7,0,0,4,3,0,7,0,0,,0,,5,18,5,0,0,0,1,2,7,0,0,0,0,0,0,0,0,,0,0,0,0,0,0,0,0,Everton,Jack-Harrison,aa849a12
2025-02-12,Wed,Matchweek 15,Home,D 2–2,Everton,Liverpool,N,LW,66,0,0,0,0,2,0,0,0,50,3,1,2,0.1,0.1,0.1,3,0,21,29,72.4,1,31,3,6,1,Match Report,21,29,72.4,276,108,14,14,100.0,7,9,77.8,0,4,0.0,0,0.1,0.1,1,1,1,1,1,29,26,2,2,0,0,4,0,0,0,0,0,21,1,1,3,2,0,0,0,1,0,0,0,0,0,0,0,0,50,0,5,21,24,3,50,6,1,16.7,5,83.3,31,160,94,3,2,2,2,1,28,7,3,3,0,2,1,2,2,100.0,0,2,0,2,1,4,0,0,Everton,Jack-Harrison,aa849a12
2025-02-15,Sat,Matchweek 25,Away,W 2–1,Everton,Crystal Palace,Y,LW,90,0,0,0,0,0,0,0,0,37,1,0,1,0.0,0.0,0.0,3,0,14,24,58.3,2,20,2,8,4,Match Report,14,24,58.3,208,75,9,13,69.2,3,5,60.0,2,6,33.3,0,0.0,0.1,1,0,2,1,2,24,21,3,1,0,0,6,0,2,2,0,0,14,0,0,3,3,0,0,0,0,0,0,0,0,0,0,0,0,37,0,5,13,20,2,37,8,4,50.0,2,25.0,20,83,37,2,2,0,5,1,22,3,1,0,1,0,0,1,1,100.0,0,1,0,1,0,1,0,0,Everton,Jack-Harrison,aa849a12
2025-02-22,Sat,Matchweek 26,Home,D 2–2,Everton,Manchester Utd,Y,LW,90,0,0,0,0,2,1,0,0,34,0,0,0,0.5,0.5,0.1,5,1,19,29,65.5,1,16,1,1,1,Match Report,19,29,65.5,342,158,9,10,90.0,7,7,100.0,2,10,20.0,0,0.1,0.2,3,0,1,1,1,29,20,8,1,0,0,10,0,7,6,0,0,19,1,0,5,2,1,1,1,0,0,1,0,0,0,1,0,0,34,1,4,9,21,3,34,1,1,100.0,0,0.0,16,63,25,1,1,0,1,1,19,5,0,0,0,0,0,0,0,,0,0,0,0,0,0,2,0,Everton,Jack-Harrison,aa849a12
2025-02-26,Wed,Matchweek 27,Away,D 1–1,Everton,Brentford,Y,LW,90,0,0,0,0,1,0,0,0,45,0,0,1,0.1,0.1,0.2,4,0,29,39,74.4,2,24,4,3,1,Match Report,29,39,74.4,595,171,17,18,94.4,7,8,87.5,5,9,55.6,0,0.2,0.1,3,4,1,0,2,39,33,6,1,0,2,7,1,4,4,0,0,29,0,3,4,2,1,1,0,0,0,0,0,0,0,0,0,0,45,0,6,18,22,2,45,3,1,33.3,2,66.7,24,192,127,4,4,0,0,1,29,5,0,0,0,0,0,0,0,,0,1,0,1,0,0,0,0,Everton,Jack-Harrison,aa849a12
2025-03-08,Sat,Matchweek 28,Away,D 1–1,Everton,Wolves,Y,"LW,RW",90,1,0,0,0,1,1,0,0,33,2,0,0,0.0,0.0,0.6,4,0,14,24,58.3,1,17,5,2,1,Match Report,14,24,58.3,245,104,9,10,90.0,3,5,60.0,2,4,50.0,0,0.6,0.4,2,0,1,1,1,24,19,5,2,0,0,7,1,2,1,0,0,14,0,1,4,3,1,0,0,0,0,0,0,0,0,0,0,0,33,1,6,12,16,3,33,2,1,50.0,1,50.0,17,95,48,5,0,2,1,1,18,4,2,1,0,2,0,0,1,0.0,1,0,0,0,0,2,1,0,Everton,Jack-Harrison,aa849a12
2025-03-15,Sat,Matchweek 29,Home,D 1–1,Everton,West Ham,Y,"RW,LW",78,0,0,0,0,2,0,0,0,48,2,0,1,0.1,0.1,0.2,3,0,25,37,67.6,4,28,6,2,1,Match Report,25,37,67.6,344,88,14,18,77.8,8,12,66.7,1,2,50.0,0,0.2,0.2,2,0,2,1,4,37,33,4,1,0,0,10,1,2,2,0,0,25,0,2,3,2,0,1,0,0,0,0,0,0,0,0,0,0,48,1,4,13,31,5,48,2,1,50.0,1,50.0,28,220,119,6,4,2,2,0,31,7,2,2,2,0,0,1,3,33.3,2,1,0,1,0,2,1,0,Everton,Jack-Harrison,aa849a12
2025-04-02,Wed,Matchweek 30,Away,L 0–1,Everton,Liverpool,Y,RW,68,0,0,0,0,1,0,0,0,25,0,0,2,0.0,0.0,0.2,1,0,5,12,41.7,0,10,3,2,0,Match Report,5,12,41.7,120,55,0,3,0.0,3,4,75.0,1,3,33.3,0,0.2,0.1,1,0,0,0,0,12,9,3,1,0,0,3,0,2,2,0,0,5,0,1,1,0,1,0,0,0,0,0,0,0,0,0,0,0,25,5,10,7,9,1,25,2,0,0.0,2,100.0,10,104,68,3,1,0,1,1,9,1,0,0,0,0,0,0,3,0.0,3,2,0,2,0,0,6,0,Everton,Jack-Harrison,aa849a12
2025-04-05,Sat,Matchweek 31,Home,D 1–1,Everton,Arsenal,Y,RW,86,0,0,0,0,0,0,0,0,31,1,1,2,0.0,0.0,0.1,2,1,8,21,38.1,0,14,1,2,0,Match Report,8,21,38.1,174,76,1,3,33.3,4,6,66.7,2,9,22.2,0,0.1,0.3,1,0,1,1,0,21,15,6,5,0,0,7,0,1,1,0,0,8,0,1,2,1,0,0,0,1,0,1,0,0,0,0,1,0,31,2,6,14,11,0,31,2,0,0.0,2,100.0,14,71,40,1,1,0,1,1,15,3,1,1,1,0,0,1,3,33.3,2,2,2,0,1,2,1,0,Everton,Jack-Harrison,aa849a12
2025-04-12,Sat,Matchweek 32,Away,W 1–0,Everton,Nott'ham Forest,Y,RW,89,0,0,0,0,2,0,0,0,59,1,0,1,0.2,0.2,0.1,3,0,24,42,57.1,7,29,7,4,1,Match Report,24,42,57.1,475,172,8,14,57.1,13,18,72.2,3,9,33.3,0,0.1,0.3,2,2,4,2,7,42,35,7,2,0,0,14,0,5,5,0,0,24,0,1,3,3,0,0,0,0,0,0,0,0,0,0,0,0,59,1,4,19,36,2,59,4,1,25.0,2,50.0,29,244,100,7,2,0,5,0,40,12,1,0,0,1,0,0,1,0.0,1,1,0,1,0,1,1,0,Everton,Jack-Harrison,aa849a12
2025-04-19,Sat,Matchweek 33,Home,L 0–2,Everton,Manchester City,Y,RW,78,0,0,0,0,0,0,0,0,43,2,1,2,0.0,0.0,0.0,1,0,21,30,70.0,0,19,4,3,1,Match Report,21,30,70.0,327,85,12,14,85.7,8,11,72.7,1,4,25.0,0,0.0,0.0,1,1,0,0,0,30,29,1,1,0,0,6,0,0,0,0,0,21,0,2,1,1,0,0,0,0,0,0,0,0,0,0,0,0,43,0,6,15,22,3,43,3,1,33.3,1,33.3,19,166,78,4,2,0,2,1,27,8,2,2,0,2,0,0,4,0.0,4,2,0,2,1,3,0,0,Everton,Jack-Harrison,aa849a12
2025-04-26,Sat,Matchweek 34,Away,L 0–1,Everton,Chelsea,Y,RW,62,0,0,0,0,0,0,0,0,26,0,1,0,0.0,0.0,0.0,1,0,11,20,55.0,2,15,2,0,0,Match Report,11,20,55.0,233,101,5,6,83.3,2,5,40.0,3,6,50.0,0,0.0,0.0,1,1,1,1,2,20,18,2,1,0,0,3,1,0,0,0,0,11,0,1,1,1,0,0,0,0,0,0,0,0,0,0,0,0,26,1,3,14,9,0,26,0,0,,0,,15,87,57,2,3,0,3,1,18,2,0,0,0,0,0,0,0,,0,0,0,0,1,1,0,0,Everton,Jack-Harrison,aa849a12
2025-05-03,Sat,Matchweek 35,Home,D 2–2,Everton,Ipswich Town,N,RW,13,0,0,0,0,0,0,0,0,9,0,0,0,0.0,0.0,0.0,0,0,5,9,55.6,0,6,2,1,1,Match Report,5,9,55.6,88,12,2,2,100.0,2,4,50.0,1,2,50.0,0,0.0,0.0,0,0,1,1,0,9,7,2,1,0,0,3,1,0,0,0,0,5,0,0,0,0,0,0,0,0,0,0,0,0,0,0,0,0,9,0,0,1,8,0,9,1,1,100.0,0,0.0,6,72,52,2,2,0,0,0,6,0,0,0,0,0,0,0,0,,0,0,0,0,0,0,0,0,Everton,Jack-Harrison,aa849a12
2025-05-10,Sat,Matchweek 36,Away,W 3–1,Everton,Fulham,Y,RW,60,0,0,0,0,1,1,0,0,38,2,0,0,0.2,0.2,0.0,3,0,16,28,57.1,3,25,7,1,0,Match Report,16,28,57.1,261,140,10,15,66.7,5,7,71.4,1,4,25.0,0,0.0,0.0,1,1,0,0,3,28,26,2,0,1,0,8,0,2,1,0,0,16,0,2,3,1,2,0,0,0,0,0,0,0,0,0,0,0,38,0,3,17,19,4,38,1,0,0.0,1,100.0,25,169,108,7,1,2,2,3,26,5,2,1,0,1,1,1,3,33.3,2,0,0,0,0,2,0,0,Everton,Jack-Harrison,aa849a12
2025-05-18,Sun,Matchweek 37,Home,W 2–0,Everton,Southampton,N,RW,26,0,0,0,0,0,0,0,0,10,0,0,0,0.0,0.0,0.0,0,0,4,7,57.1,0,5,0,1,0,Match Report,4,7,57.1,54,13,3,3,100.0,1,4,25.0,0,0,,0,0.0,0.0,0,1,0,0,0,7,6,1,1,0,0,2,0,0,0,0,0,4,0,0,0,0,0,0,0,0,0,0,0,0,0,0,0,0,10,1,1,4,5,1,10,1,0,0.0,1,100.0,5,17,3,0,0,0,0,0,6,2,0,0,0,0,0,0,0,,0,0,0,0,0,0,1,0,Everton,Jack-Harrison,aa849a12
2025-05-25,Sun,Matchweek 38,Away,W 1–0,Everton,Newcastle Utd,Y,RW,90,0,0,0,0,1,0,0,0,29,0,1,0,0.0,0.0,0.0,1,0,15,23,65.2,3,15,2,1,1,Match Report,15,23,65.2,217,102,10,12,83.3,5,8,62.5,0,2,0.0,0,0.0,0.0,0,0,0,0,3,23,21,2,0,0,0,3,0,2,1,0,0,15,0,0,1,0,1,0,0,0,0,0,0,0,0,0,0,0,29,4,9,10,10,2,29,1,1,100.0,0,0.0,15,85,37,2,1,1,0,1,18,4,0,0,0,0,0,0,3,0.0,3,0,0,0,1,1,2,0,Everton,Jack-Harrison,aa849a12
2024-08-17,Sat,Matchweek 1,Home,L 0–3,Everton,Brighton,Y,RB,65,0,0,0,0,0,0,0,1,46,4,2,1,0.0,0.0,0.1,2,0,26,38,68.4,7,15,0,0,0,Match Report,26,38,68.4,538,200,12,15,80.0,10,12,83.3,4,7,57.1,0,0.1,0.2,1,4,2,1,7,38,25,12,0,0,0,3,12,0,0,0,0,26,1,3,2,2,0,0,0,0,0,0,0,0,0,0,0,0,46,1,9,25,12,0,46,0,0,,0,,15,66,29,0,1,0,1,0,15,1,4,1,2,2,0,3,4,75.0,1,1,0,1,2,6,0,0,Everton,Ashley-Young,be927d03
2024-08-31,Sat,Matchweek 3,Home,L 2–3,Everton,Bournemouth,N,"On matchday squad, but did not play","On matchday squad, but did not play","On matchday squad, but did not play","On matchday squad, but did not play","On matchday squad, but did not play","On matchday squad, but did not play","On matchday squad, but did not play","On matchday squad, but did not play","On matchday squad, but did not play","On matchday squad, but did not play","On matchday squad, but did not play","On matchday squad, but did not play","On matchday squad, but did not play","On matchday squad, but did not play","On matchday squad, but did not play","On matchday squad, but did not play","On matchday squad, but did not play","On matchday squad, but did not play","On matchday squad, but did not play","On matchday squad, but did not play","On matchday squad, but did not play","On matchday squad, but did not play","On matchday squad, but did not play","On matchday squad, but did not play","On matchday squad, but did not play","On matchday squad, but did not play","On matchday squad, but did not play",Match Report,"On matchday squad, but did not play","On matchday squad, but did not play","On matchday squad, but did not play","On matchday squad, but did not play","On matchday squad, but did not play","On matchday squad, but did not play","On matchday squad, but did not play","On matchday squad, but did not play","On matchday squad, but did not play","On matchday squad, but did not play","On matchday squad, but did not play","On matchday squad, but did not play","On matchday squad, but did not play","On matchday squad, but did not play","On matchday squad, but did not play","On matchday squad, but did not play","On matchday squad, but did not play","On matchday squad, but did not play","On matchday squad, but did not play","On matchday squad, but did not play","On matchday squad, but did not play","On matchday squad, but did not play","On matchday squad, but did not play","On matchday squad, but did not play","On matchday squad, but did not play","On matchday squad, but did not play","On matchday squad, but did not play","On matchday squad, but did not play","On matchday squad, but did not play","On matchday squad, but did not play","On matchday squad, but did not play","On matchday squad, but did not play","On matchday squad, but did not play","On matchday squad, but did not play","On matchday squad, but did not play","On matchday squad, but did not play","On matchday squad, but did not play","On matchday squad, but did not play","On matchday squad, but did not play","On matchday squad, but did not play","On matchday squad, but did not play","On matchday squad, but did not play","On matchday squad, but did not play","On matchday squad, but did not play","On matchday squad, but did not play","On matchday squad, but did not play","On matchday squad, but did not play","On matchday squad, but did not play","On matchday squad, but did not play","On matchday squad, but did not play","On matchday squad, but did not play","On matchday squad, but did not play","On matchday squad, but did not play","On matchday squad, but did not play","On matchday squad, but did not play","On matchday squad, but did not play","On matchday squad, but did not play","On matchday squad, but did not play","On matchday squad, but did not play","On matchday squad, but did not play","On matchday squad, but did not play","On matchday squad, but did not play","On matchday squad, but did not play","On matchday squad, but did not play","On matchday squad, but did not play","On matchday squad, but did not play","On matchday squad, but did not play","On matchday squad, but did not play","On matchday squad, but did not play","On matchday squad, but did not play","On matchday squad, but did not play","On matchday squad, but did not play","On matchday squad, but did not play","On matchday squad, but did not play","On matchday squad, but did not play","On matchday squad, but did not play","On matchday squad, but did not play","On matchday squad, but did not play","On matchday squad, but did not play","On matchday squad, but did not play","On matchday squad, but did not play","On matchday squad, but did not play","On matchday squad, but did not play","On matchday squad, but did not play","On matchday squad, but did not play","On matchday squad, but did not play","On matchday squad, but did not play","On matchday squad, but did not play","On matchday squad, but did not play",Everton,Ashley-Young,be927d03
2024-09-14,Sat,Matchweek 4,Away,L 2–3,Everton,Aston Villa,Y,"LB,RB",90,0,0,0,0,0,0,1,0,38,3,0,0,0.0,0.0,0.0,1,0,23,28,82.1,5,10,1,0,0,Match Report,23,28,82.1,495,334,10,11,90.9,9,9,100.0,4,7,57.1,0,0.0,0.0,0,5,0,0,5,28,23,4,0,0,0,0,4,0,0,0,0,23,1,0,1,0,0,0,0,1,0,0,0,0,0,0,0,0,38,4,17,19,2,0,38,0,0,,0,,10,57,52,1,0,0,0,0,19,1,3,2,1,1,1,0,0,,0,0,0,0,0,3,7,0,Everton,Ashley-Young,be927d03
2024-09-21,Sat,Matchweek 5,Away,D 1–1,Everton,Leicester City,Y,LB,90,0,1,0,0,0,0,0,0,65,2,1,0,0.0,0.0,0.1,2,1,48,61,78.7,3,37,3,1,1,Match Report,48,61,78.7,753,358,27,29,93.1,18,21,85.7,3,9,33.3,1,0.1,0.2,2,4,1,1,3,61,49,12,1,1,1,4,11,0,0,0,0,48,0,2,2,2,0,0,0,0,0,1,1,0,0,0,0,0,65,2,22,24,20,0,65,1,1,100.0,0,0.0,37,211,130,3,2,0,0,0,42,1,2,2,2,0,0,1,1,100.0,0,0,0,0,1,3,2,0,Everton,Ashley-Young,be927d03
2024-09-28,Sat,Matchweek 6,Home,W 2–1,Everton,Crystal Palace,Y,RB,90,0,1,0,0,0,0,0,0,74,0,2,1,0.0,0.0,0.0,4,2,44,69,63.8,8,30,0,2,1,Match Report,44,69,63.8,718,450,25,33,75.8,12,19,63.2,5,14,35.7,1,0.0,0.0,1,5,1,0,8,69,52,17,0,0,0,1,17,0,0,0,0,44,0,0,4,3,0,0,0,0,1,2,1,0,0,0,0,1,74,4,19,32,24,0,74,2,1,50.0,1,50.0,30,106,69,0,1,0,0,0,40,2,0,0,0,0,0,0,0,,0,1,1,0,2,2,1,0,Everton,Ashley-Young,be927d03
2024-10-05,Sat,Matchweek 7,Home,D 0–0,Everton,Newcastle Utd,Y,LB,90,0,0,0,0,0,0,0,0,45,2,1,0,0.0,0.0,0.1,1,0,26,36,72.2,3,16,0,0,0,Match Report,26,36,72.2,473,192,13,13,100.0,11,13,84.6,2,7,28.6,0,0.1,0.0,1,2,0,0,3,36,27,8,0,1,0,1,8,0,0,0,0,26,1,2,1,1,0,0,0,0,0,0,0,0,0,0,0,0,45,2,15,25,5,0,45,0,0,,0,,16,65,32,0,0,0,0,0,22,0,2,1,0,1,1,1,3,33.3,2,0,0,0,1,3,4,0,Everton,Ashley-Young,be927d03
2024-10-19,Sat,Matchweek 8,Away,W 2–0,Everton,Ipswich Town,Y,RB,90,0,0,0,0,1,1,0,0,69,4,1,0,0.1,0.1,0.1,4,1,45,59,76.3,11,30,1,2,1,Match Report,45,59,76.3,900,359,17,20,85.0,18,24,75.0,9,12,75.0,0,0.1,0.1,2,8,1,0,11,59,46,13,2,0,0,0,11,0,0,0,0,45,0,2,4,3,1,0,0,0,0,1,1,0,0,0,0,0,69,2,22,36,11,0,69,2,1,50.0,1,50.0,30,116,66,1,0,0,0,0,34,0,4,2,2,2,0,4,5,80.0,1,0,0,0,1,5,2,0,Everton,Ashley-Young,be927d03
2024-10-26,Sat,Matchweek 9,Home,D 1–1,Everton,Fulham,Y,RB,90,0,1,0,0,0,0,0,0,61,3,0,0,0.0,0.0,0.3,1,1,44,53,83.0,4,26,1,0,0,Match Report,44,53,83.0,734,374,24,24,100.0,16,21,76.2,4,8,50.0,1,0.3,0.5,1,5,1,0,4,53,47,6,0,0,0,0,6,0,0,0,0,44,0,0,1,1,0,0,0,0,0,1,1,0,0,0,0,0,61,2,30,24,7,1,61,0,0,,0,,26,135,103,1,0,0,0,0,34,0,3,2,2,1,0,1,2,50.0,1,0,0,0,0,3,4,0,Everton,Ashley-Young,be927d03
2024-11-02,Sat,Matchweek 10,Away,L 0–1,Everton,Southampton,Y,RB,90,0,0,0,0,0,0,0,0,42,1,2,0,0.0,0.0,0.1,5,0,27,36,75.0,9,17,1,1,0,Match Report,27,36,75.0,490,261,11,13,84.6,14,16,87.5,2,7,28.6,0,0.1,0.0,3,6,0,0,9,36,28,8,0,0,0,0,8,0,0,0,0,27,0,0,5,3,2,0,0,0,0,0,0,0,0,0,0,0,42,1,12,22,9,1,42,1,0,0.0,1,100.0,17,81,57,1,1,1,0,0,19,0,1,0,1,0,0,1,3,33.3,2,0,0,0,2,3,1,0,Everton,Ashley-Young,be927d03
2024-11-09,Sat,Matchweek 11,Away,D 0–0,Everton,West Ham,Y,RB,90,0,0,0,0,2,0,1,0,77,3,1,1,0.1,0.1,0.1,3,0,43,66,65.2,3,33,1,0,0,Match Report,43,66,65.2,813,285,22,27,81.5,17,26,65.4,4,12,33.3,0,0.1,0.1,2,4,2,2,3,66,53,13,1,0,0,8,12,0,0,0,0,43,0,0,3,3,0,0,0,0,0,0,0,0,0,0,0,0,77,2,21,35,21,0,77,0,0,,0,,33,136,81,1,3,0,1,0,44,1,3,1,1,2,0,2,3,66.7,1,1,0,1,1,4,3,0,Everton,Ashley-Young,be927d03
2024-11-23,Sat,Matchweek 12,Home,D 0–0,Everton,Brentford,Y,RB,90,0,0,0,0,0,0,0,0,72,1,1,0,0.0,0.0,0.3,6,0,54,67,80.6,12,35,5,0,0,Match Report,54,67,80.6,912,437,29,29,100.0,21,23,91.3,4,13,30.8,0,0.3,0.2,3,5,7,3,12,67,59,8,2,0,0,11,5,1,1,0,0,54,0,1,6,6,0,0,0,0,0,0,0,0,0,0,0,0,72,2,13,19,40,0,72,0,0,,0,,35,252,171,5,8,0,0,0,54,3,1,1,0,1,0,1,1,100.0,0,0,0,0,1,2,3,0,Everton,Ashley-Young,be927d03
2024-12-01,Sun,Matchweek 13,Away,L 0–4,Everton,Manchester Utd,Y,RB,72,0,0,0,0,0,0,1,0,44,2,0,2,0.0,0.0,0.0,0,0,28,38,73.7,2,25,1,0,0,Match Report,28,38,73.7,518,117,10,12,83.3,16,17,94.1,2,8,25.0,0,0.0,0.0,0,1,0,0,2,38,33,5,0,0,0,1,5,0,0,0,0,28,0,1,0,0,0,0,0,0,0,0,0,0,0,0,0,0,44,2,13,25,6,0,44,0,0,,0,,25,104,64,1,1,0,0,0,24,1,2,1,2,0,0,1,2,50.0,1,2,0,2,0,2,2,0,Everton,Ashley-Young,be927d03
2024-12-04,Wed,Matchweek 14,Home,W 4–0,Everton,Wolves,Y,RB,90,1,0,0,0,1,1,0,0,72,7,4,1,0.1,0.1,0.0,1,0,37,53,69.8,3,25,1,1,1,Match Report,37,53,69.8,812,372,15,17,88.2,14,18,77.8,8,17,47.1,0,0.0,0.0,0,4,1,0,3,53,42,10,0,0,0,3,10,0,0,0,0,37,1,0,1,1,0,0,0,0,0,0,0,0,0,0,0,0,72,2,29,26,17,1,72,1,1,100.0,0,0.0,25,127,99,1,2,0,0,1,34,1,7,4,3,4,0,6,8,75.0,2,1,1,0,4,11,6,0,Everton,Ashley-Young,be927d03
2024-12-14,Sat,Matchweek 16,Away,D 0–0,Everton,Arsenal,Y,RB,90,0,0,0,0,0,0,1,0,38,7,1,0,0.0,0.0,0.0,0,0,13,25,52.0,2,9,0,0,0,Match Report,13,25,52.0,257,173,4,5,80.0,8,12,66.7,1,7,14.3,0,0.0,0.0,0,2,0,0,2,25,15,10,0,0,0,2,10,0,0,0,0,13,0,0,0,0,0,0,0,0,0,0,0,0,0,0,0,0,38,7,18,13,9,0,38,0,0,,0,,9,88,18,0,1,0,1,0,10,1,7,4,3,2,2,4,4,100.0,0,0,0,0,1,8,5,0,Everton,Ashley-Young,be927d03
2024-12-22,Sun,Matchweek 17,Home,D 0–0,Everton,Chelsea,Y,RB,72,0,0,0,0,1,1,1,0,23,4,2,0,0.0,0.0,0.0,0,0,11,13,84.6,1,7,0,1,0,Match Report,11,13,84.6,236,116,3,3,100.0,6,7,85.7,2,3,66.7,0,0.0,0.0,0,2,0,0,1,13,10,3,2,0,0,0,1,0,0,0,0,11,0,0,0,0,0,0,0,0,0,0,0,0,0,0,0,0,23,4,8,12,3,0,23,1,0,0.0,1,100.0,7,59,0,0,0,0,0,0,9,0,4,2,2,2,0,1,5,20.0,4,0,0,0,2,6,3,0,Everton,Ashley-Young,be927d03
2024-12-29,Sun,Matchweek 19,Home,L 0–2,Everton,Nott'ham Forest,Y,RB,67,0,0,0,0,0,0,0,0,52,0,0,0,0.0,0.0,0.1,2,0,33,50,66.0,2,11,0,0,0,Match Report,33,50,66.0,531,181,21,24,87.5,9,14,64.3,3,9,33.3,0,0.1,0.1,1,2,0,0,2,50,33,17,2,0,1,3,14,1,1,0,0,33,0,2,2,0,2,0,0,0,0,0,0,0,0,0,0,0,52,2,16,24,12,0,52,0,0,,0,,11,65,37,0,0,0,1,0,24,1,0,0,0,0,0,0,1,0.0,1,0,0,0,0,0,2,0,Everton,Ashley-Young,be927d03
2025-01-04,Sat,Matchweek 20,Away,L 0–1,Everton,Bournemouth,Y,"RB,RW,RM",90,0,0,0,0,0,0,0,0,55,1,1,1,0.0,0.0,0.0,0,0,23,47,48.9,1,20,0,1,0,Match Report,23,47,48.9,335,140,13,16,81.3,6,12,50.0,2,13,15.4,0,0.0,0.0,0,2,0,0,1,47,31,16,4,0,0,9,9,3,1,2,0,23,0,2,0,0,0,0,0,0,0,0,0,0,0,0,0,0,55,2,12,19,24,2,55,1,0,0.0,0,0.0,20,71,27,0,1,0,1,0,27,6,1,1,1,0,0,1,1,100.0,0,1,0,1,1,2,2,0,Everton,Ashley-Young,be927d03
2025-01-15,Wed,Matchweek 21,Home,L 0–1,Everton,Aston Villa,Y,RB,82,0,0,0,0,0,0,0,0,61,0,1,1,0.0,0.0,0.2,2,0,38,56,67.9,2,24,1,0,0,Match Report,38,56,67.9,770,364,18,20,90.0,12,18,66.7,8,16,50.0,0,0.2,0.1,1,6,0,0,2,56,36,19,1,0,0,9,11,7,3,4,0,38,1,1,2,1,1,0,0,0,0,0,0,0,0,0,0,0,61,4,17,22,22,0,61,0,0,,0,,24,145,84,1,1,0,0,0,29,1,0,0,0,0,0,0,0,,0,1,1,0,1,1,3,1,Everton,Ashley-Young,be927d03
2025-01-19,Sun,Matchweek 22,Home,W 3–2,Everton,Tottenham,N,"RW,LM,LW",21,0,0,0,0,0,0,0,0,11,1,0,1,0.0,0.0,0.0,0,0,6,6,100.0,1,1,1,1,0,Match Report,6,6,100.0,134,62,2,2,100.0,3,3,100.0,1,1,100.0,0,0.0,0.0,0,0,0,0,1,6,3,3,0,0,0,0,1,0,0,0,0,6,0,0,0,0,0,0,0,0,0,0,0,0,0,0,0,0,11,2,4,2,5,0,11,1,0,0.0,1,100.0,1,45,39,1,1,0,0,0,2,0,1,1,0,0,1,1,1,100.0,0,1,0,1,0,1,2,0,Everton,Ashley-Young,be927d03
2025-01-25,Sat,Matchweek 23,Away,W 1–0,Everton,Brighton,N,LB,13,0,0,0,0,0,0,0,0,7,0,1,0,0.0,0.0,0.0,0,0,1,3,33.3,0,3,0,1,0,Match Report,1,3,33.3,10,8,1,1,100.0,0,0,,0,1,0.0,0,0.0,0.0,0,0,0,0,0,3,2,1,0,0,0,0,1,0,0,0,0,1,0,0,0,0,0,0,0,0,0,0,0,0,0,0,0,0,7,0,1,1,5,0,7,1,0,0.0,1,100.0,3,28,1,0,1,0,0,0,2,0,0,0,0,0,0,0,2,0.0,2,0,0,0,1,1,1,0,Everton,Ashley-Young,be927d03
2025-02-01,Sat,Matchweek 24,Home,W 4–0,Everton,Leicester City,N,"RW,LB",16,0,0,0,0,0,0,0,0,10,1,0,0,0.0,0.0,0.0,0,0,7,7,100.0,0,4,0,0,0,Match Report,7,7,100.0,107,17,2,2,100.0,4,4,100.0,0,0,,0,0.0,0.0,0,0,0,0,0,7,5,2,1,0,0,0,1,0,0,0,0,7,0,0,0,0,0,0,0,0,0,0,0,0,0,0,0,0,10,0,2,6,2,0,10,0,0,,0,,4,10,0,0,0,0,1,0,4,0,1,1,0,0,1,0,0,,0,0,0,0,0,1,0,0,Everton,Ashley-Young,be927d03
2025-02-12,Wed,Matchweek 15,Home,D 2–2,Everton,Liverpool,N,RW,3,0,0,0,0,0,0,0,0,3,0,0,0,0.0,0.0,0.0,0,0,2,2,100.0,1,1,0,0,0,Match Report,2,2,100.0,72,22,0,0,,1,1,100.0,1,1,100.0,0,0.0,0.0,0,1,0,0,1,2,2,0,0,0,1,0,0,0,0,0,0,2,0,0,0,0,0,0,0,0,0,0,0,0,0,0,0,0,3,1,1,1,1,0,3,0,0,,0,,1,3,3,0,0,0,0,0,1,0,0,0,0,0,0,0,0,,0,0,0,0,0,0,1,0,Everton,Ashley-Young,be927d03
2025-02-15,Sat,Matchweek 25,Away,W 2–1,Everton,Crystal Palace,N,RW,12,0,0,0,0,1,0,0,0,5,0,0,0,0.0,0.0,0.0,1,1,2,4,50.0,0,1,1,1,0,Match Report,2,4,50.0,38,9,1,1,100.0,0,1,0.0,1,1,100.0,0,0.0,0.0,0,0,0,0,0,4,3,1,0,0,0,1,1,0,0,0,0,2,0,1,1,0,0,0,1,0,0,1,0,0,0,1,0,0,5,0,1,1,3,1,5,1,0,0.0,0,0.0,1,16,0,1,0,0,0,0,1,0,0,0,0,0,0,0,0,,0,0,0,0,0,0,0,0,Everton,Ashley-Young,be927d03
2025-02-22,Sat,Matchweek 26,Home,D 2–2,Everton,Manchester Utd,N,RW,37,0,0,0,0,0,0,1,0,19,2,1,0,0.0,0.0,0.1,1,0,5,13,38.5,1,11,0,2,1,Match Report,5,13,38.5,97,35,2,3,66.7,2,5,40.0,1,2,50.0,0,0.1,0.4,1,0,1,1,1,13,13,0,0,0,0,3,0,0,0,0,0,5,0,0,1,1,0,0,0,0,0,0,0,0,0,0,0,0,19,0,4,8,7,2,19,2,1,50.0,1,50.0,11,44,7,0,0,0,0,0,13,3,2,1,0,1,1,1,1,100.0,0,0,0,0,1,3,1,0,Everton,Ashley-Young,be927d03
2025-02-26,Wed,Matchweek 27,Away,D 1–1,Everton,Brentford,N,RW,16,0,0,0,0,0,0,0,0,10,0,0,0,0.0,0.0,0.0,0,0,2,8,25.0,0,4,1,0,0,Match Report,2,8,25.0,40,12,0,1,0.0,2,6,33.3,0,0,,0,0.0,0.0,0,0,0,0,0,8,8,0,0,0,0,2,0,0,0,0,0,2,0,1,0,0,0,0,0,0,0,0,0,0,0,0,0,0,10,0,1,3,6,1,10,0,0,,0,,4,11,4,1,0,0,0,0,6,2,0,0,0,0,0,0,0,,0,0,0,0,0,0,1,0,Everton,Ashley-Young,be927d03
2025-03-08,Sat,Matchweek 28,Away,D 1–1,Everton,Wolves,N,LW,1,0,0,0,0,0,0,0,0,0,0,0,0,0.0,0.0,0.0,0,0,0,0,,0,0,0,0,0,Match Report,0,0,,0,0,0,0,,0,0,,0,0,,0,0.0,0.0,0,0,0,0,0,0,0,0,0,0,0,0,0,0,0,0,0,0,0,0,0,0,0,0,0,0,0,0,0,0,0,0,0,0,0,0,0,0,0,0,0,0,0,,0,,0,0,0,0,0,0,0,0,0,0,0,0,0,0,0,0,0,,0,0,0,0,0,0,0,0,Everton,Ashley-Young,be927d03
2025-03-15,Sat,Matchweek 29,Home,D 1–1,Everton,West Ham,N,"On matchday squad, but did not play","On matchday squad, but did not play","On matchday squad, but did not play","On matchday squad, but did not play","On matchday squad, but did not play","On matchday squad, but did not play","On matchday squad, but did not play","On matchday squad, but did not play","On matchday squad, but did not play","On matchday squad, but did not play","On matchday squad, but did not play","On matchday squad, but did not play","On matchday squad, but did not play","On matchday squad, but did not play","On matchday squad, but did not play","On matchday squad, but did not play","On matchday squad, but did not play","On matchday squad, but did not play","On matchday squad, but did not play","On matchday squad, but did not play","On matchday squad, but did not play","On matchday squad, but did not play","On matchday squad, but did not play","On matchday squad, but did not play","On matchday squad, but did not play","On matchday squad, but did not play","On matchday squad, but did not play",Match Report,"On matchday squad, but did not play","On matchday squad, but did not play","On matchday squad, but did not play","On matchday squad, but did not play","On matchday squad, but did not play","On matchday squad, but did not play","On matchday squad, but did not play","On matchday squad, but did not play","On matchday squad, but did not play","On matchday squad, but did not play","On matchday squad, but did not play","On matchday squad, but did not play","On matchday squad, but did not play","On matchday squad, but did not play","On matchday squad, but did not play","On matchday squad, but did not play","On matchday squad, but did not play","On matchday squad, but did not play","On matchday squad, but did not play","On matchday squad, but did not play","On matchday squad, but did not play","On matchday squad, but did not play","On matchday squad, but did not play","On matchday squad, but did not play","On matchday squad, but did not play","On matchday squad, but did not play","On matchday squad, but did not play","On matchday squad, but did not play","On matchday squad, but did not play","On matchday squad, but did not play","On matchday squad, but did not play","On matchday squad, but did not play","On matchday squad, but did not play","On matchday squad, but did not play","On matchday squad, but did not play","On matchday squad, but did not play","On matchday squad, but did not play","On matchday squad, but did not play","On matchday squad, but did not play","On matchday squad, but did not play","On matchday squad, but did not play","On matchday squad, but did not play","On matchday squad, but did not play","On matchday squad, but did not play","On matchday squad, but did not play","On matchday squad, but did not play","On matchday squad, but did not play","On matchday squad, but did not play","On matchday squad, but did not play","On matchday squad, but did not play","On matchday squad, but did not play","On matchday squad, but did not play","On matchday squad, but did not play","On matchday squad, but did not play","On matchday squad, but did not play","On matchday squad, but did not play","On matchday squad, but did not play","On matchday squad, but did not play","On matchday squad, but did not play","On matchday squad, but did not play","On matchday squad, but did not play","On matchday squad, but did not play","On matchday squad, but did not play","On matchday squad, but did not play","On matchday squad, but did not play","On matchday squad, but did not play","On matchday squad, but did not play","On matchday squad, but did not play","On matchday squad, but did not play","On matchday squad, but did not play","On matchday squad, but did not play","On matchday squad, but did not play","On matchday squad, but did not play","On matchday squad, but did not play","On matchday squad, but did not play","On matchday squad, but did not play","On matchday squad, but did not play","On matchday squad, but did not play","On matchday squad, but did not play","On matchday squad, but did not play","On matchday squad, but did not play","On matchday squad, but did not play","On matchday squad, but did not play","On matchday squad, but did not play","On matchday squad, but did not play","On matchday squad, but did not play","On matchday squad, but did not play","On matchday squad, but did not play","On matchday squad, but did not play",Everton,Ashley-Young,be927d03
2025-04-02,Wed,Matchweek 30,Away,L 0–1,Everton,Liverpool,N,RW,13,0,0,0,0,0,0,0,0,9,0,0,1,0.0,0.0,0.0,0,0,2,8,25.0,0,2,0,0,0,Match Report,2,8,25.0,69,44,0,1,0.0,1,2,50.0,1,2,50.0,0,0.0,0.0,0,0,0,0,0,8,4,3,1,0,0,2,1,1,1,0,0,2,1,0,0,0,0,0,0,0,0,0,0,0,0,0,0,0,9,0,1,5,3,0,9,0,0,,0,,2,6,3,0,0,0,0,0,4,0,0,0,0,0,0,0,0,,0,1,0,1,0,0,0,0,Everton,Ashley-Young,be927d03
2025-04-05,Sat,Matchweek 31,Home,D 1–1,Everton,Arsenal,N,LB,16,0,0,0,0,0,0,0,0,7,2,0,0,0.0,0.0,0.0,0,0,1,2,50.0,0,0,0,0,0,Match Report,1,2,50.0,56,27,0,0,,0,0,,1,2,50.0,0,0.0,0.0,0,0,0,0,0,2,0,2,2,0,0,0,0,0,0,0,0,1,0,0,0,0,0,0,0,0,0,0,0,0,0,0,0,0,7,3,3,4,0,0,7,0,0,,0,,0,0,0,0,0,0,2,0,0,0,2,1,0,2,0,2,2,100.0,0,0,0,0,0,2,2,0,Everton,Ashley-Young,be927d03
2025-04-12,Sat,Matchweek 32,Away,W 1–0,Everton,Nott'ham Forest,N,"On matchday squad, but did not play","On matchday squad, but did not play","On matchday squad, but did not play","On matchday squad, but did not play","On matchday squad, but did not play","On matchday squad, but did not play","On matchday squad, but did not play","On matchday squad, but did not play","On matchday squad, but did not play","On matchday squad, but did not play","On matchday squad, but did not play","On matchday squad, but did not play","On matchday squad, but did not play","On matchday squad, but did not play","On matchday squad, but did not play","On matchday squad, but did not play","On matchday squad, but did not play","On matchday squad, but did not play","On matchday squad, but did not play","On matchday squad, but did not play","On matchday squad, but did not play","On matchday squad, but did not play","On matchday squad, but did not play","On matchday squad, but did not play","On matchday squad, but did not play","On matchday squad, but did not play","On matchday squad, but did not play",Match Report,"On matchday squad, but did not play","On matchday squad, but did not play","On matchday squad, but did not play","On matchday squad, but did not play","On matchday squad, but did not play","On matchday squad, but did not play","On matchday squad, but did not play","On matchday squad, but did not play","On matchday squad, but did not play","On matchday squad, but did not play","On matchday squad, but did not play","On matchday squad, but did not play","On matchday squad, but did not play","On matchday squad, but did not play","On matchday squad, but did not play","On matchday squad, but did not play","On matchday squad, but did not play","On matchday squad, but did not play","On matchday squad, but did not play","On matchday squad, but did not play","On matchday squad, but did not play","On matchday squad, but did not play","On matchday squad, but did not play","On matchday squad, but did not play","On matchday squad, but did not play","On matchday squad, but did not play","On matchday squad, but did not play","On matchday squad, but did not play","On matchday squad, but did not play","On matchday squad, but did not play","On matchday squad, but did not play","On matchday squad, but did not play","On matchday squad, but did not play","On matchday squad, but did not play","On matchday squad, but did not play","On matchday squad, but did not play","On matchday squad, but did not play","On matchday squad, but did not play","On matchday squad, but did not play","On matchday squad, but did not play","On matchday squad, but did not play","On matchday squad, but did not play","On matchday squad, but did not play","On matchday squad, but did not play","On matchday squad, but did not play","On matchday squad, but did not play","On matchday squad, but did not play","On matchday squad, but did not play","On matchday squad, but did not play","On matchday squad, but did not play","On matchday squad, but did not play","On matchday squad, but did not play","On matchday squad, but did not play","On matchday squad, but did not play","On matchday squad, but did not play","On matchday squad, but did not play","On matchday squad, but did not play","On matchday squad, but did not play","On matchday squad, but did not play","On matchday squad, but did not play","On matchday squad, but did not play","On matchday squad, but did not play","On matchday squad, but did not play","On matchday squad, but did not play","On matchday squad, but did not play","On matchday squad, but did not play","On matchday squad, but did not play","On matchday squad, but did not play","On matchday squad, but did not play","On matchday squad, but did not play","On matchday squad, but did not play","On matchday squad, but did not play","On matchday squad, but did not play","On matchday squad, but did not play","On matchday squad, but did not play","On matchday squad, but did not play","On matchday squad, but did not play","On matchday squad, but did not play","On matchday squad, but did not play","On matchday squad, but did not play","On matchday squad, but did not play","On matchday squad, but did not play","On matchday squad, but did not play","On matchday squad, but did not play","On matchday squad, but did not play","On matchday squad, but did not play","On matchday squad, but did not play","On matchday squad, but did not play","On matchday squad, but did not play",Everton,Ashley-Young,be927d03
2025-04-19,Sat,Matchweek 33,Home,L 0–2,Everton,Manchester City,N,"On matchday squad, but did not play","On matchday squad, but did not play","On matchday squad, but did not play","On matchday squad, but did not play","On matchday squad, but did not play","On matchday squad, but did not play","On matchday squad, but did not play","On matchday squad, but did not play","On matchday squad, but did not play","On matchday squad, but did not play","On matchday squad, but did not play","On matchday squad, but did not play","On matchday squad, but did not play","On matchday squad, but did not play","On matchday squad, but did not play","On matchday squad, but did not play","On matchday squad, but did not play","On matchday squad, but did not play","On matchday squad, but did not play","On matchday squad, but did not play","On matchday squad, but did not play","On matchday squad, but did not play","On matchday squad, but did not play","On matchday squad, but did not play","On matchday squad, but did not play","On matchday squad, but did not play","On matchday squad, but did not play",Match Report,"On matchday squad, but did not play","On matchday squad, but did not play","On matchday squad, but did not play","On matchday squad, but did not play","On matchday squad, but did not play","On matchday squad, but did not play","On matchday squad, but did not play","On matchday squad, but did not play","On matchday squad, but did not play","On matchday squad, but did not play","On matchday squad, but did not play","On matchday squad, but did not play","On matchday squad, but did not play","On matchday squad, but did not play","On matchday squad, but did not play","On matchday squad, but did not play","On matchday squad, but did not play","On matchday squad, but did not play","On matchday squad, but did not play","On matchday squad, but did not play","On matchday squad, but did not play","On matchday squad, but did not play","On matchday squad, but did not play","On matchday squad, but did not play","On matchday squad, but did not play","On matchday squad, but did not play","On matchday squad, but did not play","On matchday squad, but did not play","On matchday squad, but did not play","On matchday squad, but did not play","On matchday squad, but did not play","On matchday squad, but did not play","On matchday squad, but did not play","On matchday squad, but did not play","On matchday squad, but did not play","On matchday squad, but did not play","On matchday squad, but did not play","On matchday squad, but did not play","On matchday squad, but did not play","On matchday squad, but did not play","On matchday squad, but did not play","On matchday squad, but did not play","On matchday squad, but did not play","On matchday squad, but did not play","On matchday squad, but did not play","On matchday squad, but did not play","On matchday squad, but did not play","On matchday squad, but did not play","On matchday squad, but did not play","On matchday squad, but did not play","On matchday squad, but did not play","On matchday squad, but did not play","On matchday squad, but did not play","On matchday squad, but did not play","On matchday squad, but did not play","On matchday squad, but did not play","On matchday squad, but did not play","On matchday squad, but did not play","On matchday squad, but did not play","On matchday squad, but did not play","On matchday squad, but did not play","On matchday squad, but did not play","On matchday squad, but did not play","On matchday squad, but did not play","On matchday squad, but did not play","On matchday squad, but did not play","On matchday squad, but did not play","On matchday squad, but did not play","On matchday squad, but did not play","On matchday squad, but did not play","On matchday squad, but did not play","On matchday squad, but did not play","On matchday squad, but did not play","On matchday squad, but did not play","On matchday squad, but did not play","On matchday squad, but did not play","On matchday squad, but did not play","On matchday squad, but did not play","On matchday squad, but did not play","On matchday squad, but did not play","On matchday squad, but did not play","On matchday squad, but did not play","On matchday squad, but did not play","On matchday squad, but did not play","On matchday squad, but did not play","On matchday squad, but did not play","On matchday squad, but did not play","On matchday squad, but did not play","On matchday squad, but did not play",Everton,Ashley-Young,be927d03
2025-04-26,Sat,Matchweek 34,Away,L 0–1,Everton,Chelsea,N,RB,27,0,0,0,0,0,0,0,0,19,0,1,0,0.0,0.0,0.0,1,0,15,18,83.3,1,12,1,0,0,Match Report,15,18,83.3,243,65,8,8,100.0,6,6,100.0,1,4,25.0,0,0.0,0.0,0,3,1,1,1,18,17,1,0,0,0,1,1,0,0,0,0,15,0,0,1,1,0,0,0,0,0,0,0,0,0,0,0,0,19,0,3,15,1,0,19,0,0,,0,,12,64,34,1,0,0,0,0,15,1,0,0,0,0,0,0,1,0.0,1,0,0,0,1,1,0,0,Everton,Ashley-Young,be927d03
2025-05-03,Sat,Matchweek 35,Home,D 2–2,Everton,Ipswich Town,N,RB,9,0,0,0,0,0,0,0,0,9,1,0,0,0.0,0.0,0.0,1,0,4,7,57.1,1,6,0,1,0,Match Report,4,7,57.1,77,37,2,2,100.0,1,2,50.0,1,3,33.3,0,0.0,0.0,0,1,0,0,1,7,6,1,1,0,1,2,0,0,0,0,0,4,0,0,1,0,0,0,0,1,0,0,0,0,0,0,0,0,9,1,2,4,3,0,9,1,0,0.0,0,0.0,6,17,4,0,0,0,0,0,7,1,1,1,1,0,0,1,1,100.0,0,0,0,0,0,1,0,0,Everton,Ashley-Young,be927d03
2025-05-10,Sat,Matchweek 36,Away,W 3–1,Everton,Fulham,Y,RB,90,0,0,0,0,0,0,0,0,55,2,1,3,0.0,0.0,0.5,4,0,32,41,78.0,2,27,1,2,0,Match Report,32,41,78.0,594,340,13,15,86.7,14,17,82.4,5,8,62.5,0,0.5,0.6,3,1,2,1,2,41,31,10,1,1,0,4,7,2,1,0,0,32,0,1,4,3,1,0,0,0,0,0,0,0,0,0,0,0,55,6,28,19,9,0,55,2,0,0.0,2,100.0,27,76,25,1,1,0,1,0,27,2,2,1,0,2,0,0,2,0.0,2,3,1,2,1,3,6,0,Everton,Ashley-Young,be927d03
2025-05-18,Sun,Matchweek 37,Home,W 2–0,Everton,Southampton,N,RB,73,0,0,0,0,0,0,0,0,56,2,0,1,0.0,0.0,0.1,2,0,42,50,84.0,4,31,2,1,0,Match Report,42,50,84.0,805,248,20,20,100.0,12,15,80.0,9,12,75.0,0,0.1,0.4,2,4,4,3,4,50,44,5,1,0,0,4,4,0,0,0,0,42,1,1,2,2,0,0,0,0,0,0,0,0,0,0,0,0,56,1,10,36,11,0,56,1,0,0.0,0,0.0,31,171,87,2,0,0,2,0,40,3,2,1,0,1,1,1,2,50.0,1,1,0,1,0,2,0,1,Everton,Ashley-Young,be927d03
2025-05-25,Sun,Matchweek 38,Away,W 1–0,Everton,Newcastle Utd,Y,RB,90,0,0,0,0,0,0,1,0,40,3,1,0,0.0,0.0,0.1,3,0,24,35,68.6,1,14,1,2,2,Match Report,24,35,68.6,424,170,12,13,92.3,9,13,69.2,3,8,37.5,0,0.1,0.1,2,1,1,1,1,35,23,12,3,0,0,1,9,0,0,0,0,24,0,0,3,1,1,0,0,0,1,0,0,0,0,0,0,0,40,2,15,21,5,0,40,2,2,100.0,0,0.0,14,72,52,1,1,0,0,0,16,0,3,2,2,1,0,2,2,100.0,0,0,0,0,1,4,0,0,Everton,Ashley-Young,be927d03
2024-08-17,Sat,Matchweek 1,Home,L 0–3,Everton,Brighton,Y,FW,75.0,0.0,0.0,0.0,0.0,0.0,0.0,0.0,0.0,19.0,0.0,0.0,0.0,0.0,0.0,0.0,1.0,0.0,12.0,14.0,85.7,4.0,12.0,1.0,0.0,0.0,Match Report,12.0,14.0,85.7,206.0,37.0,8.0,9.0,88.9,2.0,3.0,66.7,2.0,2.0,100.0,0.0,0.0,0.0,0.0,2.0,1.0,0.0,4.0,14.0,14.0,0.0,0.0,0.0,1.0,0.0,0.0,0.0,0.0,0.0,0.0,12.0,0.0,0.0,1.0,1.0,0.0,0.0,0.0,0.0,0.0,0.0,0.0,0.0,0.0,0.0,0.0,0.0,19.0,0.0,0.0,9.0,10.0,3.0,19.0,0.0,0.0,,0.0,,12.0,55.0,25.0,1.0,0.0,1.0,3.0,0.0,15.0,4.0,0.0,0.0,0.0,0.0,0.0,0.0,0.0,,0.0,0.0,0.0,0.0,0.0,0.0,0.0,0.0,Everton,Dominic-Calvert-Lewin,59e6e5bf
2024-08-24,Sat,Matchweek 2,Away,L 0–4,Everton,Tottenham,Y,FW,71.0,0.0,0.0,0.0,0.0,1.0,0.0,0.0,0.0,19.0,2.0,2.0,0.0,0.1,0.1,0.0,0.0,0.0,6.0,11.0,54.5,0.0,9.0,0.0,1.0,0.0,Match Report,6.0,11.0,54.5,55.0,16.0,6.0,9.0,66.7,0.0,2.0,0.0,0.0,0.0,,0.0,0.0,0.0,0.0,0.0,0.0,0.0,0.0,11.0,11.0,0.0,0.0,0.0,0.0,0.0,0.0,0.0,0.0,0.0,0.0,6.0,0.0,1.0,0.0,0.0,0.0,0.0,0.0,0.0,0.0,0.0,0.0,0.0,0.0,0.0,0.0,0.0,19.0,0.0,3.0,12.0,4.0,1.0,19.0,1.0,0.0,0.0,1.0,100.0,9.0,36.0,7.0,0.0,0.0,0.0,2.0,2.0,15.0,2.0,2.0,1.0,1.0,1.0,0.0,0.0,0.0,,0.0,0.0,0.0,0.0,2.0,4.0,0.0,0.0,Everton,Dominic-Calvert-Lewin,59e6e5bf
2024-08-31,Sat,Matchweek 3,Home,L 2–3,Everton,Bournemouth,Y,FW,87.0,1.0,1.0,0.0,0.0,2.0,1.0,0.0,0.0,33.0,1.0,0.0,1.0,0.4,0.4,0.2,2.0,1.0,11.0,18.0,61.1,0.0,15.0,1.0,2.0,0.0,Match Report,11.0,18.0,61.1,102.0,22.0,8.0,12.0,66.7,1.0,2.0,50.0,0.0,1.0,0.0,1.0,0.2,0.4,1.0,0.0,0.0,0.0,0.0,18.0,18.0,0.0,0.0,0.0,0.0,1.0,0.0,0.0,0.0,0.0,0.0,11.0,0.0,1.0,2.0,2.0,0.0,0.0,0.0,0.0,0.0,1.0,1.0,0.0,0.0,0.0,0.0,0.0,33.0,2.0,3.0,11.0,19.0,7.0,33.0,2.0,0.0,0.0,2.0,100.0,15.0,97.0,17.0,1.0,1.0,0.0,4.0,1.0,23.0,6.0,1.0,1.0,0.0,0.0,1.0,0.0,0.0,,0.0,1.0,1.0,0.0,0.0,1.0,1.0,0.0,Everton,Dominic-Calvert-Lewin,59e6e5bf
2024-09-14,Sat,Matchweek 4,Away,L 2–3,Everton,Aston Villa,Y,FW,90.0,1.0,0.0,0.0,0.0,3.0,1.0,0.0,0.0,28.0,0.0,0.0,0.0,0.8,0.8,0.0,0.0,0.0,9.0,13.0,69.2,0.0,19.0,1.0,3.0,0.0,Match Report,9.0,13.0,69.2,69.0,8.0,7.0,11.0,63.6,1.0,1.0,100.0,0.0,0.0,,0.0,0.0,0.0,0.0,0.0,0.0,0.0,0.0,13.0,13.0,0.0,0.0,0.0,0.0,0.0,0.0,0.0,0.0,0.0,0.0,9.0,0.0,0.0,0.0,0.0,0.0,0.0,0.0,0.0,0.0,0.0,0.0,0.0,0.0,0.0,0.0,0.0,28.0,0.0,0.0,16.0,13.0,4.0,28.0,3.0,0.0,0.0,2.0,66.7,19.0,69.0,21.0,1.0,0.0,2.0,6.0,3.0,26.0,4.0,0.0,0.0,0.0,0.0,0.0,0.0,0.0,,0.0,0.0,0.0,0.0,0.0,0.0,0.0,0.0,Everton,Dominic-Calvert-Lewin,59e6e5bf
2024-09-21,Sat,Matchweek 5,Away,D 1–1,Everton,Leicester City,Y,FW,90.0,0.0,0.0,0.0,0.0,5.0,2.0,0.0,0.0,29.0,0.0,0.0,1.0,0.3,0.3,0.0,3.0,0.0,8.0,13.0,61.5,1.0,15.0,1.0,2.0,1.0,Match Report,8.0,13.0,61.5,86.0,39.0,7.0,9.0,77.8,0.0,2.0,0.0,0.0,0.0,,0.0,0.0,0.0,1.0,2.0,0.0,0.0,1.0,13.0,13.0,0.0,0.0,0.0,0.0,0.0,0.0,0.0,0.0,0.0,0.0,8.0,0.0,0.0,3.0,1.0,0.0,1.0,1.0,0.0,0.0,0.0,0.0,0.0,0.0,0.0,0.0,0.0,29.0,4.0,5.0,7.0,17.0,8.0,29.0,2.0,1.0,50.0,1.0,50.0,15.0,97.0,50.0,1.0,1.0,1.0,2.0,2.0,21.0,8.0,0.0,0.0,0.0,0.0,0.0,0.0,0.0,,0.0,1.0,0.0,1.0,0.0,0.0,3.0,0.0,Everton,Dominic-Calvert-Lewin,59e6e5bf
2024-09-28,Sat,Matchweek 6,Home,W 2–1,Everton,Crystal Palace,Y,FW,90.0,0.0,0.0,0.0,0.0,2.0,0.0,1.0,0.0,29.0,0.0,1.0,1.0,0.3,0.3,0.0,0.0,0.0,5.0,14.0,35.7,2.0,16.0,0.0,2.0,0.0,Match Report,5.0,14.0,35.7,67.0,37.0,3.0,6.0,50.0,2.0,4.0,50.0,0.0,2.0,0.0,0.0,0.0,0.0,0.0,2.0,0.0,0.0,2.0,14.0,14.0,0.0,0.0,0.0,0.0,0.0,0.0,0.0,0.0,0.0,0.0,5.0,0.0,2.0,0.0,0.0,0.0,0.0,0.0,0.0,0.0,0.0,0.0,0.0,0.0,0.0,0.0,0.0,29.0,1.0,1.0,10.0,18.0,6.0,29.0,2.0,0.0,0.0,2.0,100.0,16.0,62.0,4.0,0.0,1.0,0.0,3.0,2.0,25.0,9.0,0.0,0.0,0.0,0.0,0.0,0.0,0.0,,0.0,1.0,0.0,1.0,1.0,1.0,1.0,0.0,Everton,Dominic-Calvert-Lewin,59e6e5bf
2024-10-05,Sat,Matchweek 7,Home,D 0–0,Everton,Newcastle Utd,Y,FW,90.0,0.0,0.0,0.0,0.0,2.0,2.0,0.0,0.0,30.0,0.0,0.0,0.0,0.2,0.2,0.0,2.0,0.0,8.0,17.0,47.1,1.0,15.0,1.0,1.0,0.0,Match Report,8.0,17.0,47.1,95.0,28.0,6.0,9.0,66.7,2.0,4.0,50.0,0.0,0.0,,0.0,0.0,0.0,0.0,2.0,0.0,0.0,1.0,17.0,17.0,0.0,0.0,0.0,0.0,1.0,0.0,0.0,0.0,0.0,0.0,8.0,0.0,1.0,2.0,0.0,0.0,0.0,1.0,1.0,0.0,0.0,0.0,0.0,0.0,0.0,0.0,0.0,30.0,5.0,5.0,12.0,13.0,3.0,30.0,1.0,0.0,0.0,0.0,0.0,15.0,65.0,25.0,1.0,0.0,1.0,2.0,4.0,21.0,8.0,0.0,0.0,0.0,0.0,0.0,0.0,0.0,,0.0,0.0,0.0,0.0,0.0,0.0,4.0,0.0,Everton,Dominic-Calvert-Lewin,59e6e5bf
2024-10-19,Sat,Matchweek 8,Away,W 2–0,Everton,Ipswich Town,Y,FW,90.0,0.0,0.0,0.0,0.0,5.0,3.0,0.0,0.0,24.0,0.0,0.0,0.0,1.3,1.3,0.0,1.0,0.0,7.0,12.0,58.3,0.0,18.0,3.0,5.0,3.0,Match Report,7.0,12.0,58.3,76.0,9.0,5.0,7.0,71.4,2.0,5.0,40.0,0.0,0.0,,0.0,0.0,0.0,0.0,1.0,0.0,0.0,0.0,12.0,12.0,0.0,0.0,0.0,0.0,0.0,0.0,0.0,0.0,0.0,0.0,7.0,0.0,1.0,1.0,0.0,0.0,1.0,0.0,0.0,0.0,0.0,0.0,0.0,0.0,0.0,0.0,0.0,24.0,0.0,3.0,9.0,14.0,9.0,24.0,5.0,3.0,60.0,2.0,40.0,18.0,146.0,59.0,3.0,0.0,4.0,4.0,1.0,20.0,9.0,0.0,0.0,0.0,0.0,0.0,0.0,0.0,,0.0,0.0,0.0,0.0,0.0,0.0,1.0,0.0,Everton,Dominic-Calvert-Lewin,59e6e5bf
2024-10-26,Sat,Matchweek 9,Home,D 1–1,Everton,Fulham,Y,FW,80.0,0.0,0.0,0.0,0.0,1.0,0.0,0.0,0.0,25.0,1.0,1.0,0.0,0.1,0.1,0.1,1.0,0.0,9.0,15.0,60.0,1.0,11.0,0.0,0.0,0.0,Match Report,9.0,15.0,60.0,101.0,41.0,8.0,13.0,61.5,1.0,2.0,50.0,0.0,0.0,,0.0,0.1,0.0,1.0,1.0,1.0,0.0,1.0,15.0,15.0,0.0,0.0,0.0,0.0,0.0,0.0,0.0,0.0,0.0,0.0,9.0,0.0,0.0,1.0,1.0,0.0,0.0,0.0,0.0,0.0,0.0,0.0,0.0,0.0,0.0,0.0,0.0,25.0,0.0,0.0,9.0,16.0,3.0,25.0,0.0,0.0,,0.0,,11.0,38.0,2.0,0.0,0.0,0.0,5.0,2.0,23.0,6.0,1.0,1.0,0.0,1.0,0.0,0.0,1.0,0.0,1.0,0.0,0.0,0.0,1.0,2.0,0.0,0.0,Everton,Dominic-Calvert-Lewin,59e6e5bf
2024-11-02,Sat,Matchweek 10,Away,L 0–1,Everton,Southampton,Y,FW,61.0,0.0,0.0,0.0,0.0,1.0,0.0,0.0,0.0,13.0,0.0,0.0,0.0,0.1,0.1,0.0,0.0,0.0,4.0,8.0,50.0,0.0,7.0,1.0,2.0,2.0,Match Report,4.0,8.0,50.0,67.0,45.0,2.0,5.0,40.0,1.0,2.0,50.0,1.0,1.0,100.0,0.0,0.0,0.0,0.0,0.0,0.0,0.0,0.0,8.0,8.0,0.0,0.0,0.0,0.0,0.0,0.0,0.0,0.0,0.0,0.0,4.0,0.0,0.0,0.0,0.0,0.0,0.0,0.0,0.0,0.0,0.0,0.0,0.0,0.0,0.0,0.0,0.0,13.0,1.0,1.0,5.0,8.0,5.0,13.0,2.0,2.0,100.0,0.0,0.0,7.0,50.0,37.0,1.0,1.0,1.0,3.0,0.0,10.0,3.0,0.0,0.0,0.0,0.0,0.0,0.0,0.0,,0.0,0.0,0.0,0.0,0.0,0.0,1.0,0.0,Everton,Dominic-Calvert-Lewin,59e6e5bf
2024-11-09,Sat,Matchweek 11,Away,D 0–0,Everton,West Ham,Y,FW,74.0,0.0,0.0,0.0,0.0,4.0,1.0,0.0,0.0,29.0,2.0,1.0,0.0,0.2,0.2,0.0,4.0,0.0,11.0,18.0,61.1,2.0,13.0,2.0,0.0,0.0,Match Report,11.0,18.0,61.1,159.0,44.0,7.0,10.0,70.0,4.0,4.0,100.0,0.0,0.0,,0.0,0.0,0.0,1.0,1.0,2.0,1.0,2.0,18.0,18.0,0.0,0.0,0.0,0.0,1.0,0.0,0.0,0.0,0.0,0.0,11.0,0.0,3.0,4.0,3.0,0.0,0.0,0.0,0.0,1.0,0.0,0.0,0.0,0.0,0.0,0.0,0.0,29.0,0.0,0.0,14.0,16.0,4.0,29.0,0.0,0.0,,0.0,,13.0,88.0,40.0,2.0,1.0,0.0,4.0,0.0,23.0,6.0,2.0,1.0,0.0,0.0,2.0,0.0,0.0,,0.0,0.0,0.0,0.0,1.0,3.0,0.0,0.0,Everton,Dominic-Calvert-Lewin,59e6e5bf
2024-11-23,Sat,Matchweek 12,Home,D 0–0,Everton,Brentford,Y,FW,90.0,0.0,0.0,0.0,0.0,5.0,2.0,0.0,0.0,21.0,0.0,0.0,0.0,0.2,0.2,0.0,1.0,0.0,6.0,10.0,60.0,0.0,14.0,4.0,1.0,0.0,Match Report,6.0,10.0,60.0,63.0,1.0,6.0,8.0,75.0,0.0,1.0,0.0,0.0,0.0,,0.0,0.0,0.0,1.0,0.0,0.0,0.0,0.0,10.0,10.0,0.0,0.0,0.0,0.0,0.0,0.0,0.0,0.0,0.0,0.0,6.0,0.0,1.0,1.0,1.0,0.0,0.0,0.0,0.0,0.0,0.0,0.0,0.0,0.0,0.0,0.0,0.0,21.0,1.0,1.0,7.0,13.0,8.0,21.0,1.0,0.0,0.0,1.0,100.0,14.0,101.0,44.0,4.0,1.0,3.0,1.0,1.0,20.0,5.0,0.0,0.0,0.0,0.0,0.0,0.0,0.0,,0.0,0.0,0.0,0.0,0.0,0.0,1.0,0.0,Everton,Dominic-Calvert-Lewin,59e6e5bf
2024-12-01,Sun,Matchweek 13,Away,L 0–4,Everton,Manchester Utd,N,FW,24.0,0.0,0.0,0.0,0.0,1.0,1.0,0.0,0.0,8.0,1.0,0.0,0.0,0.2,0.2,0.0,0.0,0.0,5.0,5.0,100.0,0.0,6.0,1.0,1.0,0.0,Match Report,5.0,5.0,100.0,81.0,0.0,2.0,2.0,100.0,3.0,3.0,100.0,0.0,0.0,,0.0,0.0,0.0,0.0,0.0,0.0,0.0,0.0,5.0,5.0,0.0,0.0,0.0,0.0,0.0,0.0,0.0,0.0,0.0,0.0,5.0,0.0,0.0,0.0,0.0,0.0,0.0,0.0,0.0,0.0,0.0,0.0,0.0,0.0,0.0,0.0,0.0,8.0,0.0,0.0,3.0,5.0,1.0,8.0,1.0,0.0,0.0,1.0,100.0,6.0,27.0,4.0,1.0,0.0,0.0,1.0,1.0,6.0,3.0,1.0,1.0,0.0,1.0,0.0,0.0,0.0,,0.0,0.0,0.0,0.0,0.0,1.0,0.0,0.0,Everton,Dominic-Calvert-Lewin,59e6e5bf
2024-12-04,Wed,Matchweek 14,Home,W 4–0,Everton,Wolves,Y,FW,82.0,0.0,0.0,0.0,0.0,2.0,1.0,0.0,0.0,26.0,0.0,0.0,1.0,0.3,0.3,0.0,1.0,1.0,13.0,18.0,72.2,1.0,18.0,1.0,0.0,0.0,Match Report,13.0,18.0,72.2,159.0,24.0,10.0,12.0,83.3,3.0,5.0,60.0,0.0,0.0,,0.0,0.0,0.0,0.0,2.0,0.0,0.0,1.0,18.0,18.0,0.0,0.0,0.0,0.0,1.0,0.0,0.0,0.0,0.0,0.0,13.0,0.0,0.0,1.0,0.0,0.0,0.0,0.0,1.0,0.0,1.0,0.0,0.0,0.0,0.0,1.0,0.0,26.0,1.0,2.0,12.0,12.0,2.0,26.0,0.0,0.0,,0.0,,18.0,81.0,15.0,1.0,0.0,1.0,1.0,2.0,24.0,5.0,0.0,0.0,0.0,0.0,0.0,0.0,1.0,0.0,1.0,1.0,0.0,1.0,0.0,0.0,2.0,0.0,Everton,Dominic-Calvert-Lewin,59e6e5bf
2024-12-14,Sat,Matchweek 16,Away,D 0–0,Everton,Arsenal,Y,FW,65.0,0.0,0.0,0.0,0.0,0.0,0.0,0.0,0.0,15.0,0.0,0.0,0.0,0.0,0.0,0.0,1.0,0.0,7.0,11.0,63.6,0.0,6.0,1.0,1.0,1.0,Match Report,7.0,11.0,63.6,81.0,5.0,6.0,9.0,66.7,1.0,1.0,100.0,0.0,1.0,0.0,0.0,0.0,0.0,0.0,0.0,0.0,0.0,0.0,11.0,11.0,0.0,0.0,0.0,0.0,0.0,0.0,0.0,0.0,0.0,0.0,7.0,0.0,0.0,1.0,1.0,0.0,0.0,0.0,0.0,0.0,0.0,0.0,0.0,0.0,0.0,0.0,0.0,15.0,1.0,1.0,9.0,5.0,1.0,15.0,1.0,1.0,100.0,0.0,0.0,6.0,49.0,14.0,1.0,1.0,0.0,2.0,0.0,12.0,3.0,0.0,0.0,0.0,0.0,0.0,0.0,0.0,,0.0,0.0,0.0,0.0,0.0,0.0,0.0,0.0,Everton,Dominic-Calvert-Lewin,59e6e5bf
2024-12-22,Sun,Matchweek 17,Home,D 0–0,Everton,Chelsea,Y,FW,72.0,0.0,0.0,0.0,0.0,0.0,0.0,0.0,0.0,20.0,0.0,1.0,1.0,0.0,0.0,0.0,0.0,0.0,7.0,10.0,70.0,1.0,9.0,1.0,1.0,0.0,Match Report,7.0,10.0,70.0,64.0,3.0,4.0,5.0,80.0,1.0,2.0,50.0,0.0,0.0,,0.0,0.0,0.0,0.0,0.0,0.0,0.0,1.0,10.0,10.0,0.0,0.0,0.0,0.0,0.0,0.0,0.0,0.0,0.0,0.0,7.0,0.0,0.0,0.0,0.0,0.0,0.0,0.0,0.0,0.0,0.0,0.0,0.0,0.0,0.0,0.0,0.0,20.0,1.0,3.0,10.0,7.0,1.0,20.0,1.0,0.0,0.0,1.0,100.0,9.0,50.0,7.0,1.0,0.0,0.0,4.0,3.0,15.0,2.0,0.0,0.0,0.0,0.0,0.0,0.0,0.0,,0.0,1.0,1.0,0.0,1.0,1.0,1.0,0.0,Everton,Dominic-Calvert-Lewin,59e6e5bf
2024-12-26,Thu,Matchweek 18,Away,D 1–1,Everton,Manchester City,Y,FW,69.0,0.0,0.0,0.0,0.0,1.0,0.0,0.0,0.0,21.0,1.0,0.0,0.0,0.2,0.2,0.0,0.0,0.0,5.0,12.0,41.7,0.0,9.0,0.0,0.0,0.0,Match Report,5.0,12.0,41.7,66.0,8.0,2.0,6.0,33.3,3.0,4.0,75.0,0.0,0.0,,0.0,0.0,0.0,0.0,0.0,0.0,0.0,0.0,12.0,12.0,0.0,0.0,0.0,0.0,0.0,0.0,0.0,0.0,0.0,0.0,5.0,0.0,1.0,0.0,0.0,0.0,0.0,0.0,0.0,0.0,0.0,0.0,0.0,0.0,0.0,0.0,0.0,21.0,1.0,1.0,13.0,7.0,1.0,21.0,0.0,0.0,,0.0,,9.0,41.0,0.0,0.0,0.0,0.0,4.0,2.0,16.0,3.0,1.0,1.0,0.0,0.0,1.0,1.0,2.0,50.0,1.0,0.0,0.0,0.0,0.0,1.0,0.0,0.0,Everton,Dominic-Calvert-Lewin,59e6e5bf
2024-12-29,Sun,Matchweek 19,Home,L 0–2,Everton,Nott'ham Forest,N,FW,23.0,0.0,0.0,0.0,0.0,2.0,1.0,0.0,0.0,10.0,0.0,0.0,0.0,0.1,0.1,0.0,1.0,0.0,7.0,8.0,87.5,0.0,7.0,0.0,0.0,0.0,Match Report,7.0,8.0,87.5,76.0,7.0,6.0,6.0,100.0,1.0,2.0,50.0,0.0,0.0,,0.0,0.0,0.0,1.0,1.0,0.0,0.0,0.0,8.0,8.0,0.0,0.0,0.0,0.0,0.0,0.0,0.0,0.0,0.0,0.0,7.0,0.0,0.0,1.0,1.0,0.0,0.0,0.0,0.0,0.0,0.0,0.0,0.0,0.0,0.0,0.0,0.0,10.0,0.0,0.0,2.0,8.0,4.0,10.0,0.0,0.0,,0.0,,7.0,34.0,5.0,0.0,0.0,0.0,0.0,1.0,10.0,3.0,0.0,0.0,0.0,0.0,0.0,0.0,0.0,,0.0,0.0,0.0,0.0,0.0,0.0,0.0,0.0,Everton,Dominic-Calvert-Lewin,59e6e5bf
2025-01-04,Sat,Matchweek 20,Away,L 0–1,Everton,Bournemouth,N,FW,59.0,0.0,0.0,0.0,0.0,0.0,0.0,0.0,0.0,20.0,1.0,0.0,0.0,0.0,0.0,0.0,1.0,0.0,10.0,12.0,83.3,2.0,11.0,0.0,0.0,0.0,Match Report,10.0,12.0,83.3,91.0,29.0,8.0,9.0,88.9,1.0,1.0,100.0,0.0,0.0,,0.0,0.0,0.0,0.0,1.0,1.0,0.0,2.0,12.0,11.0,1.0,0.0,0.0,0.0,0.0,1.0,0.0,0.0,0.0,0.0,10.0,0.0,1.0,1.0,0.0,0.0,0.0,0.0,0.0,1.0,0.0,0.0,0.0,0.0,0.0,0.0,0.0,20.0,0.0,1.0,11.0,8.0,0.0,20.0,0.0,0.0,,0.0,,11.0,26.0,2.0,0.0,0.0,0.0,6.0,1.0,13.0,2.0,1.0,1.0,0.0,1.0,0.0,1.0,1.0,100.0,0.0,0.0,0.0,0.0,0.0,1.0,0.0,0.0,Everton,Dominic-Calvert-Lewin,59e6e5bf
2025-01-15,Wed,Matchweek 21,Home,L 0–1,Everton,Aston Villa,Y,FW,90.0,0.0,0.0,0.0,0.0,3.0,0.0,0.0,0.0,31.0,0.0,0.0,0.0,0.5,0.5,0.0,0.0,0.0,8.0,16.0,50.0,0.0,14.0,2.0,1.0,1.0,Match Report,8.0,16.0,50.0,86.0,0.0,7.0,12.0,58.3,1.0,2.0,50.0,0.0,1.0,0.0,0.0,0.0,0.0,0.0,0.0,0.0,0.0,0.0,16.0,15.0,1.0,0.0,0.0,0.0,1.0,0.0,0.0,0.0,0.0,0.0,8.0,0.0,0.0,0.0,0.0,0.0,0.0,0.0,0.0,0.0,0.0,0.0,0.0,0.0,0.0,0.0,0.0,31.0,1.0,3.0,10.0,18.0,4.0,31.0,1.0,1.0,100.0,0.0,0.0,14.0,46.0,16.0,2.0,0.0,1.0,9.0,0.0,25.0,8.0,0.0,0.0,0.0,0.0,0.0,0.0,0.0,,0.0,0.0,0.0,0.0,0.0,0.0,1.0,0.0,Everton,Dominic-Calvert-Lewin,59e6e5bf
2025-01-19,Sun,Matchweek 22,Home,W 3–2,Everton,Tottenham,Y,FW,90.0,1.0,0.0,0.0,0.0,6.0,2.0,1.0,0.0,39.0,0.0,0.0,1.0,0.9,0.9,0.2,6.0,2.0,14.0,21.0,66.7,3.0,23.0,1.0,2.0,2.0,Match Report,14.0,21.0,66.7,159.0,68.0,8.0,11.0,72.7,4.0,7.0,57.1,0.0,0.0,,0.0,0.2,0.1,1.0,3.0,0.0,0.0,3.0,21.0,21.0,0.0,0.0,0.0,0.0,1.0,0.0,0.0,0.0,0.0,0.0,14.0,0.0,0.0,6.0,3.0,0.0,2.0,0.0,1.0,0.0,2.0,0.0,0.0,2.0,0.0,0.0,0.0,39.0,2.0,4.0,12.0,23.0,7.0,39.0,2.0,2.0,100.0,0.0,0.0,23.0,139.0,50.0,1.0,1.0,1.0,5.0,3.0,36.0,6.0,0.0,0.0,0.0,0.0,0.0,0.0,1.0,0.0,1.0,1.0,0.0,1.0,0.0,0.0,2.0,0.0,Everton,Dominic-Calvert-Lewin,59e6e5bf
2025-01-25,Sat,Matchweek 23,Away,W 1–0,Everton,Brighton,Y,FW,12.0,0.0,0.0,0.0,0.0,0.0,0.0,0.0,0.0,2.0,0.0,0.0,0.0,0.0,0.0,0.0,0.0,0.0,2.0,2.0,100.0,1.0,1.0,0.0,0.0,0.0,Match Report,2.0,2.0,100.0,26.0,17.0,0.0,0.0,,1.0,1.0,100.0,0.0,0.0,,0.0,0.0,0.0,0.0,1.0,0.0,0.0,1.0,2.0,2.0,0.0,0.0,0.0,0.0,0.0,0.0,0.0,0.0,0.0,0.0,2.0,0.0,0.0,0.0,0.0,0.0,0.0,0.0,0.0,0.0,0.0,0.0,0.0,0.0,0.0,0.0,0.0,2.0,0.0,1.0,1.0,0.0,0.0,2.0,0.0,0.0,,0.0,,1.0,1.0,0.0,0.0,0.0,0.0,0.0,1.0,3.0,0.0,0.0,0.0,0.0,0.0,0.0,0.0,0.0,,0.0,0.0,0.0,0.0,0.0,0.0,0.0,0.0,Everton,Dominic-Calvert-Lewin,59e6e5bf
2025-05-03,Sat,Matchweek 35,Home,D 2–2,Everton,Ipswich Town,N,FW,14.0,0.0,0.0,0.0,0.0,1.0,0.0,0.0,0.0,8.0,0.0,0.0,0.0,0.0,0.0,0.0,0.0,0.0,3.0,4.0,75.0,0.0,4.0,0.0,0.0,0.0,Match Report,3.0,4.0,75.0,40.0,0.0,2.0,3.0,66.7,1.0,1.0,100.0,0.0,0.0,,0.0,0.0,0.0,0.0,0.0,0.0,0.0,0.0,4.0,4.0,0.0,0.0,0.0,0.0,0.0,0.0,0.0,0.0,0.0,0.0,3.0,0.0,0.0,0.0,0.0,0.0,0.0,0.0,0.0,0.0,0.0,0.0,0.0,0.0,0.0,0.0,0.0,8.0,1.0,1.0,4.0,3.0,1.0,8.0,0.0,0.0,,0.0,,4.0,2.0,0.0,0.0,0.0,0.0,2.0,1.0,5.0,2.0,0.0,0.0,0.0,0.0,0.0,0.0,0.0,,0.0,0.0,0.0,0.0,0.0,0.0,1.0,0.0,Everton,Dominic-Calvert-Lewin,59e6e5bf
2025-05-10,Sat,Matchweek 36,Away,W 3–1,Everton,Fulham,N,FW,1.0,0.0,0.0,0.0,0.0,1.0,1.0,0.0,0.0,5.0,0.0,0.0,0.0,0.1,0.1,0.0,0.0,0.0,2.0,2.0,100.0,0.0,2.0,0.0,0.0,0.0,Match Report,2.0,2.0,100.0,14.0,0.0,1.0,1.0,100.0,0.0,0.0,,0.0,0.0,,0.0,0.0,0.0,0.0,0.0,0.0,0.0,0.0,2.0,2.0,0.0,0.0,0.0,0.0,0.0,0.0,0.0,0.0,0.0,0.0,2.0,0.0,0.0,0.0,0.0,0.0,0.0,0.0,0.0,0.0,0.0,0.0,0.0,0.0,0.0,0.0,0.0,5.0,0.0,1.0,2.0,2.0,2.0,5.0,0.0,0.0,,0.0,,2.0,1.0,0.0,0.0,0.0,0.0,1.0,0.0,2.0,1.0,0.0,0.0,0.0,0.0,0.0,0.0,0.0,,0.0,0.0,0.0,0.0,0.0,0.0,0.0,0.0,Everton,Dominic-Calvert-Lewin,59e6e5bf
2025-05-18,Sun,Matchweek 37,Home,W 2–0,Everton,Southampton,N,AM,17.0,0.0,0.0,0.0,0.0,0.0,0.0,0.0,0.0,10.0,0.0,1.0,1.0,0.0,0.0,0.0,0.0,0.0,1.0,2.0,50.0,1.0,5.0,0.0,0.0,0.0,Match Report,1.0,2.0,50.0,18.0,10.0,0.0,1.0,0.0,1.0,1.0,100.0,0.0,0.0,,0.0,0.0,0.0,0.0,1.0,0.0,0.0,1.0,2.0,2.0,0.0,0.0,0.0,0.0,0.0,0.0,0.0,0.0,0.0,0.0,1.0,0.0,0.0,0.0,0.0,0.0,0.0,0.0,0.0,0.0,0.0,0.0,0.0,0.0,0.0,0.0,0.0,10.0,3.0,3.0,3.0,4.0,1.0,10.0,0.0,0.0,,0.0,,5.0,32.0,7.0,0.0,0.0,0.0,3.0,0.0,5.0,3.0,0.0,0.0,0.0,0.0,0.0,0.0,0.0,,0.0,1.0,0.0,1.0,1.0,1.0,3.0,0.0,Everton,Dominic-Calvert-Lewin,59e6e5bf
2025-05-25,Sun,Matchweek 38,Away,W 1–0,Everton,Newcastle Utd,N,FW,3.0,0.0,0.0,0.0,0.0,2.0,1.0,0.0,0.0,6.0,0.0,0.0,0.0,0.5,0.5,0.0,1.0,0.0,1.0,3.0,33.3,0.0,1.0,1.0,0.0,0.0,Match Report,1.0,3.0,33.3,6.0,0.0,1.0,2.0,50.0,0.0,1.0,0.0,0.0,0.0,,0.0,0.0,0.0,0.0,0.0,0.0,0.0,0.0,3.0,3.0,0.0,0.0,0.0,0.0,0.0,0.0,0.0,0.0,0.0,0.0,1.0,0.0,0.0,1.0,0.0,0.0,0.0,1.0,0.0,0.0,0.0,0.0,0.0,0.0,0.0,0.0,0.0,6.0,1.0,2.0,2.0,2.0,2.0,6.0,0.0,0.0,,0.0,,1.0,12.0,12.0,1.0,0.0,1.0,0.0,0.0,3.0,1.0,0.0,0.0,0.0,0.0,0.0,0.0,0.0,,0.0,0.0,0.0,0.0,0.0,0.0,1.0,0.0,Everton,Dominic-Calvert-Lewin,59e6e5bf
2024-08-31,Sat,Matchweek 3,Home,L 2–3,Everton,Bournemouth,N,"On matchday squad, but did not play","On matchday squad, but did not play","On matchday squad, but did not play","On matchday squad, but did not play","On matchday squad, but did not play","On matchday squad, but did not play","On matchday squad, but did not play","On matchday squad, but did not play","On matchday squad, but did not play","On matchday squad, but did not play","On matchday squad, but did not play","On matchday squad, but did not play","On matchday squad, but did not play","On matchday squad, but did not play","On matchday squad, but did not play","On matchday squad, but did not play","On matchday squad, but did not play","On matchday squad, but did not play","On matchday squad, but did not play","On matchday squad, but did not play","On matchday squad, but did not play","On matchday squad, but did not play","On matchday squad, but did not play","On matchday squad, but did not play","On matchday squad, but did not play","On matchday squad, but did not play","On matchday squad, but did not play",Match Report,"On matchday squad, but did not play","On matchday squad, but did not play","On matchday squad, but did not play","On matchday squad, but did not play","On matchday squad, but did not play","On matchday squad, but did not play","On matchday squad, but did not play","On matchday squad, but did not play","On matchday squad, but did not play","On matchday squad, but did not play","On matchday squad, but did not play","On matchday squad, but did not play","On matchday squad, but did not play","On matchday squad, but did not play","On matchday squad, but did not play","On matchday squad, but did not play","On matchday squad, but did not play","On matchday squad, but did not play","On matchday squad, but did not play","On matchday squad, but did not play","On matchday squad, but did not play","On matchday squad, but did not play","On matchday squad, but did not play","On matchday squad, but did not play","On matchday squad, but did not play","On matchday squad, but did not play","On matchday squad, but did not play","On matchday squad, but did not play","On matchday squad, but did not play","On matchday squad, but did not play","On matchday squad, but did not play","On matchday squad, but did not play","On matchday squad, but did not play","On matchday squad, but did not play","On matchday squad, but did not play","On matchday squad, but did not play","On matchday squad, but did not play","On matchday squad, but did not play","On matchday squad, but did not play","On matchday squad, but did not play","On matchday squad, but did not play","On matchday squad, but did not play","On matchday squad, but did not play","On matchday squad, but did not play","On matchday squad, but did not play","On matchday squad, but did not play","On matchday squad, but did not play","On matchday squad, but did not play","On matchday squad, but did not play","On matchday squad, but did not play","On matchday squad, but did not play","On matchday squad, but did not play","On matchday squad, but did not play","On matchday squad, but did not play","On matchday squad, but did not play","On matchday squad, but did not play","On matchday squad, but did not play","On matchday squad, but did not play","On matchday squad, but did not play","On matchday squad, but did not play","On matchday squad, but did not play","On matchday squad, but did not play","On matchday squad, but did not play","On matchday squad, but did not play","On matchday squad, but did not play","On matchday squad, but did not play","On matchday squad, but did not play","On matchday squad, but did not play","On matchday squad, but did not play","On matchday squad, but did not play","On matchday squad, but did not play","On matchday squad, but did not play","On matchday squad, but did not play","On matchday squad, but did not play","On matchday squad, but did not play","On matchday squad, but did not play","On matchday squad, but did not play","On matchday squad, but did not play","On matchday squad, but did not play","On matchday squad, but did not play","On matchday squad, but did not play","On matchday squad, but did not play","On matchday squad, but did not play","On matchday squad, but did not play","On matchday squad, but did not play","On matchday squad, but did not play","On matchday squad, but did not play","On matchday squad, but did not play","On matchday squad, but did not play",Everton,James-Garner,4e015693
2024-09-14,Sat,Matchweek 4,Away,L 2–3,Everton,Aston Villa,N,"RB,CM",65,0,0,0,0,0,0,0,0,32,2,1,1,0.0,0.0,0.0,1,0,19,25,76.0,1,15,1,1,0,Match Report,19,25,76.0,322,133,8,11,72.7,7,8,87.5,3,4,75.0,0,0.0,0.1,1,1,1,1,1,25,22,3,0,0,0,1,3,0,0,0,0,19,0,1,1,1,0,0,0,0,0,0,0,0,0,0,0,0,32,2,10,13,9,0,32,1,0,0.0,1,100.0,15,94,38,1,1,0,0,0,21,1,2,2,1,1,0,2,2,100.0,0,1,1,0,1,3,2,0,Everton,James-Garner,4e015693
2024-09-21,Sat,Matchweek 5,Away,D 1–1,Everton,Leicester City,Y,RB,90,0,0,0,0,1,0,1,0,55,3,1,1,0.0,0.0,0.0,3,0,27,41,65.9,2,19,0,2,0,Match Report,27,41,65.9,440,258,11,14,78.6,15,21,71.4,1,3,33.3,0,0.0,0.0,0,3,0,0,2,41,27,13,0,0,0,1,13,0,0,0,0,27,1,2,3,2,1,0,0,0,0,0,0,0,0,0,0,0,55,7,22,25,8,1,55,2,0,0.0,2,100.0,19,42,8,0,0,0,0,0,22,1,3,2,3,0,0,1,3,33.3,2,1,1,0,1,4,5,0,Everton,James-Garner,4e015693
2024-09-28,Sat,Matchweek 6,Home,W 2–1,Everton,Crystal Palace,N,AM,8,0,0,0,0,0,0,0,0,2,0,0,0,0.0,0.0,0.0,0,0,0,2,0.0,0,0,0,0,0,Match Report,0,2,0.0,0,0,0,0,,0,1,0.0,0,1,0.0,0,0.0,0.0,0,0,0,0,0,2,2,0,0,0,0,2,0,0,0,0,0,0,0,0,0,0,0,0,0,0,0,0,0,0,0,0,0,0,2,0,0,0,2,0,2,0,0,,0,,0,0,0,0,0,0,0,0,1,1,0,0,0,0,0,0,0,,0,0,0,0,0,0,0,0,Everton,James-Garner,4e015693
2024-10-05,Sat,Matchweek 7,Home,D 0–0,Everton,Newcastle Utd,Y,RB,90,0,0,0,0,1,0,0,0,45,5,2,0,0.0,0.0,0.0,1,0,22,34,64.7,0,21,0,2,2,Match Report,22,34,64.7,321,207,12,13,92.3,9,12,75.0,1,3,33.3,0,0.0,0.0,0,2,0,0,0,34,27,6,0,0,0,2,6,0,0,0,0,22,1,5,1,1,0,0,0,0,0,0,0,0,0,0,0,0,45,4,14,24,7,0,45,2,2,100.0,0,0.0,21,63,17,0,0,0,1,1,18,1,5,4,2,3,0,4,5,80.0,1,0,0,0,2,7,2,0,Everton,James-Garner,4e015693
2025-01-25,Sat,Matchweek 23,Away,W 1–0,Everton,Brighton,N,LM,13,0,0,0,0,0,0,0,0,2,0,0,0,0.0,0.0,0.0,0,0,1,1,100.0,0,2,0,1,1,Match Report,1,1,100.0,27,8,0,0,,1,1,100.0,0,0,,0,0.0,0.0,0,0,0,0,0,1,1,0,0,0,0,0,0,0,0,0,0,1,0,0,0,0,0,0,0,0,0,0,0,0,0,0,0,0,2,0,1,1,1,0,2,1,1,100.0,0,0.0,2,19,5,0,0,0,1,0,1,0,0,0,0,0,0,0,0,,0,0,0,0,0,0,0,0,Everton,James-Garner,4e015693
2025-02-01,Sat,Matchweek 24,Home,W 4–0,Everton,Leicester City,Y,DM,81,0,1,0,0,1,1,0,0,57,2,1,1,0.0,0.0,0.7,5,3,34,47,72.3,2,34,1,0,0,Match Report,34,47,72.3,580,261,16,16,100.0,11,14,78.6,5,12,41.7,1,0.7,0.5,3,4,2,0,2,47,39,8,1,2,1,9,1,5,2,3,0,34,0,1,5,2,3,0,0,0,0,3,2,1,0,0,0,0,57,2,11,31,17,3,57,0,0,,0,,34,131,50,1,2,0,2,0,31,2,2,1,1,1,0,2,2,100.0,0,1,0,1,1,3,3,0,Everton,James-Garner,4e015693
2025-02-12,Wed,Matchweek 15,Home,D 2–2,Everton,Liverpool,Y,DM,87,0,0,0,0,0,0,0,0,40,1,0,1,0.0,0.0,0.0,2,0,21,35,60.0,3,14,0,0,0,Match Report,21,35,60.0,390,142,12,18,66.7,6,7,85.7,3,8,37.5,0,0.0,0.0,0,3,0,0,3,35,28,7,2,0,0,2,0,2,0,1,1,21,0,2,2,2,0,0,0,0,0,0,0,0,0,0,0,0,40,0,10,23,8,2,40,0,0,,0,,14,35,6,0,1,0,2,0,15,1,1,0,1,0,0,0,2,0.0,2,1,0,1,0,1,1,0,Everton,James-Garner,4e015693
2025-02-15,Sat,Matchweek 25,Away,W 2–1,Everton,Crystal Palace,Y,DM,90,0,0,0,0,0,0,1,0,59,3,1,2,0.0,0.0,0.1,3,0,30,47,63.8,3,23,0,0,0,Match Report,30,47,63.8,535,140,11,15,73.3,12,18,66.7,4,6,66.7,0,0.1,0.0,2,3,1,1,3,47,43,4,1,0,0,4,1,0,0,0,0,30,0,2,3,3,0,0,0,0,0,0,0,0,0,0,0,0,59,3,16,29,14,0,59,0,0,,0,,23,100,30,0,0,0,2,2,27,1,3,0,2,0,1,1,3,33.3,2,2,1,1,1,4,3,0,Everton,James-Garner,4e015693
2025-02-22,Sat,Matchweek 26,Home,D 2–2,Everton,Manchester Utd,Y,DM,80,0,0,0,0,0,0,1,0,38,3,1,1,0.0,0.0,0.0,0,0,17,27,63.0,3,16,1,4,2,Match Report,17,27,63.0,298,64,6,12,50.0,10,12,83.3,1,2,50.0,0,0.0,0.0,0,1,1,0,3,27,24,3,1,0,0,2,0,0,0,0,0,17,0,1,0,0,0,0,0,0,0,0,0,0,0,0,0,0,38,1,6,18,14,1,38,4,2,50.0,2,50.0,16,66,19,1,0,0,0,2,16,2,3,2,1,2,0,2,4,50.0,2,1,0,1,1,4,2,0,Everton,James-Garner,4e015693
2025-02-26,Wed,Matchweek 27,Away,D 1–1,Everton,Brentford,Y,DM,90,0,0,0,0,2,0,0,0,73,1,0,1,0.1,0.1,0.0,2,1,53,67,79.1,3,43,3,0,0,Match Report,53,67,79.1,968,161,22,25,88.0,28,34,82.4,3,6,50.0,0,0.0,0.0,1,4,0,0,3,67,63,4,0,0,0,2,1,1,1,0,0,53,0,2,2,2,0,0,0,0,0,1,1,0,0,0,0,0,73,2,17,36,21,1,73,0,0,,0,,43,237,102,3,4,1,0,0,51,3,1,1,1,0,0,0,1,0.0,1,1,0,1,0,1,2,0,Everton,James-Garner,4e015693
2025-03-08,Sat,Matchweek 28,Away,D 1–1,Everton,Wolves,Y,"DM,AM",89,0,0,0,0,0,0,0,0,49,2,1,1,0.0,0.0,0.2,3,0,27,41,65.9,3,16,0,0,0,Match Report,27,41,65.9,470,154,11,15,73.3,11,12,91.7,4,12,33.3,0,0.2,0.2,2,2,0,0,3,41,32,8,2,0,0,6,1,3,3,0,0,27,1,0,3,1,2,0,0,0,0,0,0,0,0,0,0,0,49,1,10,22,17,0,49,0,0,,0,,16,54,22,0,0,0,0,0,26,4,2,1,1,0,1,0,3,0.0,3,1,0,1,1,3,4,0,Everton,James-Garner,4e015693
2025-03-15,Sat,Matchweek 29,Home,D 1–1,Everton,West Ham,Y,DM,78,0,0,0,0,0,0,0,0,70,2,2,4,0.0,0.0,0.0,4,0,51,56,91.1,5,43,1,1,0,Match Report,51,56,91.1,788,167,27,28,96.4,22,24,91.7,2,4,50.0,0,0.0,0.0,0,3,0,0,5,56,52,4,1,0,0,4,0,1,0,0,0,51,0,1,4,4,0,0,0,0,0,0,0,0,0,0,0,0,70,2,10,31,29,0,70,1,0,0.0,1,100.0,43,161,39,1,1,0,0,1,46,0,2,1,1,1,0,0,0,,0,4,0,4,2,4,3,0,Everton,James-Garner,4e015693
2025-04-02,Wed,Matchweek 30,Away,L 0–1,Everton,Liverpool,Y,DM,77,0,0,0,0,0,0,0,0,28,1,4,0,0.0,0.0,0.1,1,0,11,21,52.4,2,5,0,2,0,Match Report,11,21,52.4,225,131,6,8,75.0,2,4,50.0,3,8,37.5,0,0.1,0.0,1,1,0,0,2,21,15,6,0,0,0,4,2,2,1,0,1,11,0,1,1,0,1,0,0,0,0,0,0,0,0,0,0,0,28,2,13,9,7,0,28,2,0,0.0,2,100.0,5,11,6,0,0,0,0,0,3,0,1,1,0,1,0,0,2,0.0,2,0,0,0,4,5,0,0,Everton,James-Garner,4e015693
2025-04-05,Sat,Matchweek 31,Home,D 1–1,Everton,Arsenal,N,DM,26,0,0,0,0,0,0,0,0,5,0,0,0,0.0,0.0,0.0,0,0,0,3,0.0,0,0,0,0,0,Match Report,0,3,0.0,0,0,0,0,,0,2,0.0,0,1,0.0,0,0.0,0.0,0,0,0,0,0,3,1,2,0,0,0,1,1,1,1,0,0,0,0,0,0,0,0,0,0,0,0,0,0,0,0,0,0,0,5,0,2,0,3,0,5,0,0,,0,,0,0,0,0,0,0,1,0,0,0,0,0,0,0,0,0,0,,0,0,0,0,0,0,1,0,Everton,James-Garner,4e015693
2025-04-12,Sat,Matchweek 32,Away,W 1–0,Everton,Nott'ham Forest,Y,DM,90,0,0,0,0,2,1,0,0,61,3,0,0,0.1,0.1,0.0,1,0,43,52,82.7,4,31,0,0,0,Match Report,43,52,82.7,776,172,20,20,100.0,19,20,95.0,4,9,44.4,0,0.0,0.0,0,6,0,0,4,52,45,7,2,0,0,4,2,2,2,0,0,43,0,3,1,1,0,0,0,0,0,0,0,0,0,0,0,0,61,3,11,31,19,1,61,0,0,,0,,31,169,59,0,1,0,0,1,37,5,3,3,2,1,0,2,2,100.0,0,0,0,0,0,3,4,0,Everton,James-Garner,4e015693
2025-04-19,Sat,Matchweek 33,Home,L 0–2,Everton,Manchester City,Y,DM,90,0,0,0,0,0,0,0,0,49,6,2,1,0.0,0.0,0.2,2,0,29,39,74.4,2,19,2,1,1,Match Report,29,39,74.4,547,169,10,14,71.4,13,14,92.9,5,8,62.5,0,0.2,0.1,1,1,0,0,2,39,32,6,1,0,0,4,0,2,2,0,0,29,1,1,2,0,2,0,0,0,0,0,0,0,0,0,0,0,49,0,16,23,10,0,49,1,1,100.0,0,0.0,19,127,61,2,2,0,1,0,26,0,6,4,4,2,0,3,3,100.0,0,1,0,1,2,8,0,0,Everton,James-Garner,4e015693
2025-04-26,Sat,Matchweek 34,Away,L 0–1,Everton,Chelsea,Y,DM,90,0,0,0,0,0,0,0,0,69,3,0,0,0.0,0.0,0.0,2,0,49,58,84.5,5,35,1,2,0,Match Report,49,58,84.5,911,266,17,17,100.0,29,33,87.9,3,7,42.9,0,0.0,0.0,0,5,0,0,5,58,51,6,1,0,0,2,1,2,2,0,0,49,1,0,2,2,0,0,0,0,0,0,0,0,0,0,0,0,69,3,18,44,8,0,69,2,0,0.0,2,100.0,35,235,116,1,1,0,1,0,45,0,3,1,2,1,0,0,1,0.0,1,0,0,0,0,3,3,0,Everton,James-Garner,4e015693
2025-05-03,Sat,Matchweek 35,Home,D 2–2,Everton,Ipswich Town,Y,DM,90,0,0,0,0,0,0,0,0,85,4,1,1,0.0,0.0,0.1,3,1,70,76,92.1,8,63,2,0,0,Match Report,70,76,92.1,1223,324,30,31,96.8,33,36,91.7,5,7,71.4,0,0.1,0.1,1,11,1,1,8,76,69,7,3,0,1,2,2,0,0,0,0,70,0,0,3,3,0,0,0,0,0,1,1,0,0,0,0,0,85,4,9,57,19,0,85,0,0,,0,,63,257,106,2,2,0,1,0,65,0,4,4,2,2,0,2,2,100.0,0,1,0,1,1,5,1,0,Everton,James-Garner,4e015693
2025-05-10,Sat,Matchweek 36,Away,W 3–1,Everton,Fulham,Y,"DM,CM",90,0,0,0,0,0,0,0,0,42,1,3,4,0.0,0.0,0.0,0,0,21,30,70.0,1,18,0,2,0,Match Report,21,30,70.0,369,90,9,9,100.0,9,14,64.3,3,6,50.0,0,0.0,0.0,0,1,1,1,1,30,22,8,1,0,0,1,5,0,0,0,0,21,0,0,0,0,0,0,0,0,0,0,0,0,0,0,0,0,42,1,10,23,10,0,42,2,0,0.0,2,100.0,18,50,12,0,0,0,3,0,19,2,1,1,0,1,0,1,1,100.0,0,4,1,3,3,4,0,0,Everton,James-Garner,4e015693
2025-05-18,Sun,Matchweek 37,Home,W 2–0,Everton,Southampton,Y,DM,90,0,0,0,0,3,1,1,0,78,2,1,1,0.3,0.3,0.1,4,0,62,69,89.9,2,43,0,0,0,Match Report,62,69,89.9,1193,237,24,26,92.3,28,30,93.3,9,10,90.0,0,0.1,0.1,1,6,0,0,2,69,65,3,0,0,0,2,1,1,1,0,0,62,1,1,4,2,2,0,0,0,0,0,0,0,0,0,0,0,78,2,14,50,14,4,78,0,0,,0,,43,214,66,0,3,0,0,2,60,5,2,1,1,1,0,1,2,50.0,1,1,0,1,1,3,1,0,Everton,James-Garner,4e015693
2025-05-25,Sun,Matchweek 38,Away,W 1–0,Everton,Newcastle Utd,Y,DM,90,0,0,0,0,2,1,1,0,38,3,2,0,0.1,0.1,0.0,2,0,24,32,75.0,1,18,3,1,1,Match Report,24,32,75.0,275,74,16,17,94.1,5,9,55.6,0,3,0.0,0,0.0,0.0,0,3,0,0,1,32,27,5,1,0,0,2,2,1,1,0,0,24,0,0,2,1,0,0,0,0,1,0,0,0,0,0,0,0,38,1,6,21,11,2,38,1,1,100.0,0,0.0,18,122,80,3,1,1,1,0,20,1,3,2,0,3,0,3,3,100.0,0,0,0,0,2,5,0,0,Everton,James-Garner,4e015693
2024-08-17,Sat,Matchweek 1,Home,L 0–3,Everton,Brighton,N,"On matchday squad, but did not play","On matchday squad, but did not play","On matchday squad, but did not play","On matchday squad, but did not play","On matchday squad, but did not play","On matchday squad, but did not play","On matchday squad, but did not play","On matchday squad, but did not play","On matchday squad, but did not play","On matchday squad, but did not play","On matchday squad, but did not play","On matchday squad, but did not play","On matchday squad, but did not play","On matchday squad, but did not play","On matchday squad, but did not play","On matchday squad, but did not play","On matchday squad, but did not play","On matchday squad, but did not play","On matchday squad, but did not play","On matchday squad, but did not play","On matchday squad, but did not play","On matchday squad, but did not play","On matchday squad, but did not play","On matchday squad, but did not play","On matchday squad, but did not play","On matchday squad, but did not play","On matchday squad, but did not play",Match Report,"On matchday squad, but did not play","On matchday squad, but did not play","On matchday squad, but did not play","On matchday squad, but did not play","On matchday squad, but did not play","On matchday squad, but did not play","On matchday squad, but did not play","On matchday squad, but did not play","On matchday squad, but did not play","On matchday squad, but did not play","On matchday squad, but did not play","On matchday squad, but did not play","On matchday squad, but did not play","On matchday squad, but did not play","On matchday squad, but did not play","On matchday squad, but did not play","On matchday squad, but did not play","On matchday squad, but did not play","On matchday squad, but did not play","On matchday squad, but did not play","On matchday squad, but did not play","On matchday squad, but did not play","On matchday squad, but did not play","On matchday squad, but did not play","On matchday squad, but did not play","On matchday squad, but did not play","On matchday squad, but did not play","On matchday squad, but did not play","On matchday squad, but did not play","On matchday squad, but did not play","On matchday squad, but did not play","On matchday squad, but did not play","On matchday squad, but did not play","On matchday squad, but did not play","On matchday squad, but did not play","On matchday squad, but did not play","On matchday squad, but did not play","On matchday squad, but did not play","On matchday squad, but did not play","On matchday squad, but did not play","On matchday squad, but did not play","On matchday squad, but did not play","On matchday squad, but did not play","On matchday squad, but did not play","On matchday squad, but did not play","On matchday squad, but did not play","On matchday squad, but did not play","On matchday squad, but did not play","On matchday squad, but did not play","On matchday squad, but did not play","On matchday squad, but did not play","On matchday squad, but did not play","On matchday squad, but did not play","On matchday squad, but did not play","On matchday squad, but did not play","On matchday squad, but did not play","On matchday squad, but did not play","On matchday squad, but did not play","On matchday squad, but did not play","On matchday squad, but did not play","On matchday squad, but did not play","On matchday squad, but did not play","On matchday squad, but did not play","On matchday squad, but did not play","On matchday squad, but did not play","On matchday squad, but did not play","On matchday squad, but did not play","On matchday squad, but did not play","On matchday squad, but did not play","On matchday squad, but did not play","On matchday squad, but did not play","On matchday squad, but did not play","On matchday squad, but did not play","On matchday squad, but did not play","On matchday squad, but did not play","On matchday squad, but did not play","On matchday squad, but did not play","On matchday squad, but did not play","On matchday squad, but did not play","On matchday squad, but did not play","On matchday squad, but did not play","On matchday squad, but did not play","On matchday squad, but did not play","On matchday squad, but did not play","On matchday squad, but did not play","On matchday squad, but did not play","On matchday squad, but did not play","On matchday squad, but did not play","On matchday squad, but did not play",Everton,Jake-OBrien,25f2ef01
2024-08-24,Sat,Matchweek 2,Away,L 0–4,Everton,Tottenham,N,"On matchday squad, but did not play","On matchday squad, but did not play","On matchday squad, but did not play","On matchday squad, but did not play","On matchday squad, but did not play","On matchday squad, but did not play","On matchday squad, but did not play","On matchday squad, but did not play","On matchday squad, but did not play","On matchday squad, but did not play","On matchday squad, but did not play","On matchday squad, but did not play","On matchday squad, but did not play","On matchday squad, but did not play","On matchday squad, but did not play","On matchday squad, but did not play","On matchday squad, but did not play","On matchday squad, but did not play","On matchday squad, but did not play","On matchday squad, but did not play","On matchday squad, but did not play","On matchday squad, but did not play","On matchday squad, but did not play","On matchday squad, but did not play","On matchday squad, but did not play","On matchday squad, but did not play","On matchday squad, but did not play",Match Report,"On matchday squad, but did not play","On matchday squad, but did not play","On matchday squad, but did not play","On matchday squad, but did not play","On matchday squad, but did not play","On matchday squad, but did not play","On matchday squad, but did not play","On matchday squad, but did not play","On matchday squad, but did not play","On matchday squad, but did not play","On matchday squad, but did not play","On matchday squad, but did not play","On matchday squad, but did not play","On matchday squad, but did not play","On matchday squad, but did not play","On matchday squad, but did not play","On matchday squad, but did not play","On matchday squad, but did not play","On matchday squad, but did not play","On matchday squad, but did not play","On matchday squad, but did not play","On matchday squad, but did not play","On matchday squad, but did not play","On matchday squad, but did not play","On matchday squad, but did not play","On matchday squad, but did not play","On matchday squad, but did not play","On matchday squad, but did not play","On matchday squad, but did not play","On matchday squad, but did not play","On matchday squad, but did not play","On matchday squad, but did not play","On matchday squad, but did not play","On matchday squad, but did not play","On matchday squad, but did not play","On matchday squad, but did not play","On matchday squad, but did not play","On matchday squad, but did not play","On matchday squad, but did not play","On matchday squad, but did not play","On matchday squad, but did not play","On matchday squad, but did not play","On matchday squad, but did not play","On matchday squad, but did not play","On matchday squad, but did not play","On matchday squad, but did not play","On matchday squad, but did not play","On matchday squad, but did not play","On matchday squad, but did not play","On matchday squad, but did not play","On matchday squad, but did not play","On matchday squad, but did not play","On matchday squad, but did not play","On matchday squad, but did not play","On matchday squad, but did not play","On matchday squad, but did not play","On matchday squad, but did not play","On matchday squad, but did not play","On matchday squad, but did not play","On matchday squad, but did not play","On matchday squad, but did not play","On matchday squad, but did not play","On matchday squad, but did not play","On matchday squad, but did not play","On matchday squad, but did not play","On matchday squad, but did not play","On matchday squad, but did not play","On matchday squad, but did not play","On matchday squad, but did not play","On matchday squad, but did not play","On matchday squad, but did not play","On matchday squad, but did not play","On matchday squad, but did not play","On matchday squad, but did not play","On matchday squad, but did not play","On matchday squad, but did not play","On matchday squad, but did not play","On matchday squad, but did not play","On matchday squad, but did not play","On matchday squad, but did not play","On matchday squad, but did not play","On matchday squad, but did not play","On matchday squad, but did not play","On matchday squad, but did not play","On matchday squad, but did not play","On matchday squad, but did not play","On matchday squad, but did not play","On matchday squad, but did not play","On matchday squad, but did not play",Everton,Jake-OBrien,25f2ef01
2024-08-31,Sat,Matchweek 3,Home,L 2–3,Everton,Bournemouth,N,"On matchday squad, but did not play","On matchday squad, but did not play","On matchday squad, but did not play","On matchday squad, but did not play","On matchday squad, but did not play","On matchday squad, but did not play","On matchday squad, but did not play","On matchday squad, but did not play","On matchday squad, but did not play","On matchday squad, but did not play","On matchday squad, but did not play","On matchday squad, but did not play","On matchday squad, but did not play","On matchday squad, but did not play","On matchday squad, but did not play","On matchday squad, but did not play","On matchday squad, but did not play","On matchday squad, but did not play","On matchday squad, but did not play","On matchday squad, but did not play","On matchday squad, but did not play","On matchday squad, but did not play","On matchday squad, but did not play","On matchday squad, but did not play","On matchday squad, but did not play","On matchday squad, but did not play","On matchday squad, but did not play",Match Report,"On matchday squad, but did not play","On matchday squad, but did not play","On matchday squad, but did not play","On matchday squad, but did not play","On matchday squad, but did not play","On matchday squad, but did not play","On matchday squad, but did not play","On matchday squad, but did not play","On matchday squad, but did not play","On matchday squad, but did not play","On matchday squad, but did not play","On matchday squad, but did not play","On matchday squad, but did not play","On matchday squad, but did not play","On matchday squad, but did not play","On matchday squad, but did not play","On matchday squad, but did not play","On matchday squad, but did not play","On matchday squad, but did not play","On matchday squad, but did not play","On matchday squad, but did not play","On matchday squad, but did not play","On matchday squad, but did not play","On matchday squad, but did not play","On matchday squad, but did not play","On matchday squad, but did not play","On matchday squad, but did not play","On matchday squad, but did not play","On matchday squad, but did not play","On matchday squad, but did not play","On matchday squad, but did not play","On matchday squad, but did not play","On matchday squad, but did not play","On matchday squad, but did not play","On matchday squad, but did not play","On matchday squad, but did not play","On matchday squad, but did not play","On matchday squad, but did not play","On matchday squad, but did not play","On matchday squad, but did not play","On matchday squad, but did not play","On matchday squad, but did not play","On matchday squad, but did not play","On matchday squad, but did not play","On matchday squad, but did not play","On matchday squad, but did not play","On matchday squad, but did not play","On matchday squad, but did not play","On matchday squad, but did not play","On matchday squad, but did not play","On matchday squad, but did not play","On matchday squad, but did not play","On matchday squad, but did not play","On matchday squad, but did not play","On matchday squad, but did not play","On matchday squad, but did not play","On matchday squad, but did not play","On matchday squad, but did not play","On matchday squad, but did not play","On matchday squad, but did not play","On matchday squad, but did not play","On matchday squad, but did not play","On matchday squad, but did not play","On matchday squad, but did not play","On matchday squad, but did not play","On matchday squad, but did not play","On matchday squad, but did not play","On matchday squad, but did not play","On matchday squad, but did not play","On matchday squad, but did not play","On matchday squad, but did not play","On matchday squad, but did not play","On matchday squad, but did not play","On matchday squad, but did not play","On matchday squad, but did not play","On matchday squad, but did not play","On matchday squad, but did not play","On matchday squad, but did not play","On matchday squad, but did not play","On matchday squad, but did not play","On matchday squad, but did not play","On matchday squad, but did not play","On matchday squad, but did not play","On matchday squad, but did not play","On matchday squad, but did not play","On matchday squad, but did not play","On matchday squad, but did not play","On matchday squad, but did not play","On matchday squad, but did not play",Everton,Jake-OBrien,25f2ef01
2024-09-14,Sat,Matchweek 4,Away,L 2–3,Everton,Aston Villa,N,"CB,RB",27,0,0,0,0,0,0,1,0,20,2,0,1,0.0,0.0,0.0,1,0,12,15,80.0,1,7,0,3,1,Match Report,12,15,80.0,147,77,10,11,90.9,1,1,100.0,1,3,33.3,0,0.0,0.0,0,1,0,0,1,15,11,4,0,0,0,0,4,0,0,0,0,12,0,0,1,1,0,0,0,0,0,0,0,0,0,0,0,0,20,0,9,9,3,0,20,3,1,33.3,2,66.7,7,37,22,0,0,0,0,0,11,0,2,2,1,1,0,2,2,100.0,0,1,0,1,0,2,0,0,Everton,Jake-OBrien,25f2ef01
2024-09-21,Sat,Matchweek 5,Away,D 1–1,Everton,Leicester City,N,"On matchday squad, but did not play","On matchday squad, but did not play","On matchday squad, but did not play","On matchday squad, but did not play","On matchday squad, but did not play","On matchday squad, but did not play","On matchday squad, but did not play","On matchday squad, but did not play","On matchday squad, but did not play","On matchday squad, but did not play","On matchday squad, but did not play","On matchday squad, but did not play","On matchday squad, but did not play","On matchday squad, but did not play","On matchday squad, but did not play","On matchday squad, but did not play","On matchday squad, but did not play","On matchday squad, but did not play","On matchday squad, but did not play","On matchday squad, but did not play","On matchday squad, but did not play","On matchday squad, but did not play","On matchday squad, but did not play","On matchday squad, but did not play","On matchday squad, but did not play","On matchday squad, but did not play","On matchday squad, but did not play",Match Report,"On matchday squad, but did not play","On matchday squad, but did not play","On matchday squad, but did not play","On matchday squad, but did not play","On matchday squad, but did not play","On matchday squad, but did not play","On matchday squad, but did not play","On matchday squad, but did not play","On matchday squad, but did not play","On matchday squad, but did not play","On matchday squad, but did not play","On matchday squad, but did not play","On matchday squad, but did not play","On matchday squad, but did not play","On matchday squad, but did not play","On matchday squad, but did not play","On matchday squad, but did not play","On matchday squad, but did not play","On matchday squad, but did not play","On matchday squad, but did not play","On matchday squad, but did not play","On matchday squad, but did not play","On matchday squad, but did not play","On matchday squad, but did not play","On matchday squad, but did not play","On matchday squad, but did not play","On matchday squad, but did not play","On matchday squad, but did not play","On matchday squad, but did not play","On matchday squad, but did not play","On matchday squad, but did not play","On matchday squad, but did not play","On matchday squad, but did not play","On matchday squad, but did not play","On matchday squad, but did not play","On matchday squad, but did not play","On matchday squad, but did not play","On matchday squad, but did not play","On matchday squad, but did not play","On matchday squad, but did not play","On matchday squad, but did not play","On matchday squad, but did not play","On matchday squad, but did not play","On matchday squad, but did not play","On matchday squad, but did not play","On matchday squad, but did not play","On matchday squad, but did not play","On matchday squad, but did not play","On matchday squad, but did not play","On matchday squad, but did not play","On matchday squad, but did not play","On matchday squad, but did not play","On matchday squad, but did not play","On matchday squad, but did not play","On matchday squad, but did not play","On matchday squad, but did not play","On matchday squad, but did not play","On matchday squad, but did not play","On matchday squad, but did not play","On matchday squad, but did not play","On matchday squad, but did not play","On matchday squad, but did not play","On matchday squad, but did not play","On matchday squad, but did not play","On matchday squad, but did not play","On matchday squad, but did not play","On matchday squad, but did not play","On matchday squad, but did not play","On matchday squad, but did not play","On matchday squad, but did not play","On matchday squad, but did not play","On matchday squad, but did not play","On matchday squad, but did not play","On matchday squad, but did not play","On matchday squad, but did not play","On matchday squad, but did not play","On matchday squad, but did not play","On matchday squad, but did not play","On matchday squad, but did not play","On matchday squad, but did not play","On matchday squad, but did not play","On matchday squad, but did not play","On matchday squad, but did not play","On matchday squad, but did not play","On matchday squad, but did not play","On matchday squad, but did not play","On matchday squad, but did not play","On matchday squad, but did not play","On matchday squad, but did not play",Everton,Jake-OBrien,25f2ef01
2024-09-28,Sat,Matchweek 6,Home,W 2–1,Everton,Crystal Palace,N,"On matchday squad, but did not play","On matchday squad, but did not play","On matchday squad, but did not play","On matchday squad, but did not play","On matchday squad, but did not play","On matchday squad, but did not play","On matchday squad, but did not play","On matchday squad, but did not play","On matchday squad, but did not play","On matchday squad, but did not play","On matchday squad, but did not play","On matchday squad, but did not play","On matchday squad, but did not play","On matchday squad, but did not play","On matchday squad, but did not play","On matchday squad, but did not play","On matchday squad, but did not play","On matchday squad, but did not play","On matchday squad, but did not play","On matchday squad, but did not play","On matchday squad, but did not play","On matchday squad, but did not play","On matchday squad, but did not play","On matchday squad, but did not play","On matchday squad, but did not play","On matchday squad, but did not play","On matchday squad, but did not play",Match Report,"On matchday squad, but did not play","On matchday squad, but did not play","On matchday squad, but did not play","On matchday squad, but did not play","On matchday squad, but did not play","On matchday squad, but did not play","On matchday squad, but did not play","On matchday squad, but did not play","On matchday squad, but did not play","On matchday squad, but did not play","On matchday squad, but did not play","On matchday squad, but did not play","On matchday squad, but did not play","On matchday squad, but did not play","On matchday squad, but did not play","On matchday squad, but did not play","On matchday squad, but did not play","On matchday squad, but did not play","On matchday squad, but did not play","On matchday squad, but did not play","On matchday squad, but did not play","On matchday squad, but did not play","On matchday squad, but did not play","On matchday squad, but did not play","On matchday squad, but did not play","On matchday squad, but did not play","On matchday squad, but did not play","On matchday squad, but did not play","On matchday squad, but did not play","On matchday squad, but did not play","On matchday squad, but did not play","On matchday squad, but did not play","On matchday squad, but did not play","On matchday squad, but did not play","On matchday squad, but did not play","On matchday squad, but did not play","On matchday squad, but did not play","On matchday squad, but did not play","On matchday squad, but did not play","On matchday squad, but did not play","On matchday squad, but did not play","On matchday squad, but did not play","On matchday squad, but did not play","On matchday squad, but did not play","On matchday squad, but did not play","On matchday squad, but did not play","On matchday squad, but did not play","On matchday squad, but did not play","On matchday squad, but did not play","On matchday squad, but did not play","On matchday squad, but did not play","On matchday squad, but did not play","On matchday squad, but did not play","On matchday squad, but did not play","On matchday squad, but did not play","On matchday squad, but did not play","On matchday squad, but did not play","On matchday squad, but did not play","On matchday squad, but did not play","On matchday squad, but did not play","On matchday squad, but did not play","On matchday squad, but did not play","On matchday squad, but did not play","On matchday squad, but did not play","On matchday squad, but did not play","On matchday squad, but did not play","On matchday squad, but did not play","On matchday squad, but did not play","On matchday squad, but did not play","On matchday squad, but did not play","On matchday squad, but did not play","On matchday squad, but did not play","On matchday squad, but did not play","On matchday squad, but did not play","On matchday squad, but did not play","On matchday squad, but did not play","On matchday squad, but did not play","On matchday squad, but did not play","On matchday squad, but did not play","On matchday squad, but did not play","On matchday squad, but did not play","On matchday squad, but did not play","On matchday squad, but did not play","On matchday squad, but did not play","On matchday squad, but did not play","On matchday squad, but did not play","On matchday squad, but did not play","On matchday squad, but did not play","On matchday squad, but did not play",Everton,Jake-OBrien,25f2ef01
2024-10-05,Sat,Matchweek 7,Home,D 0–0,Everton,Newcastle Utd,N,"On matchday squad, but did not play","On matchday squad, but did not play","On matchday squad, but did not play","On matchday squad, but did not play","On matchday squad, but did not play","On matchday squad, but did not play","On matchday squad, but did not play","On matchday squad, but did not play","On matchday squad, but did not play","On matchday squad, but did not play","On matchday squad, but did not play","On matchday squad, but did not play","On matchday squad, but did not play","On matchday squad, but did not play","On matchday squad, but did not play","On matchday squad, but did not play","On matchday squad, but did not play","On matchday squad, but did not play","On matchday squad, but did not play","On matchday squad, but did not play","On matchday squad, but did not play","On matchday squad, but did not play","On matchday squad, but did not play","On matchday squad, but did not play","On matchday squad, but did not play","On matchday squad, but did not play","On matchday squad, but did not play",Match Report,"On matchday squad, but did not play","On matchday squad, but did not play","On matchday squad, but did not play","On matchday squad, but did not play","On matchday squad, but did not play","On matchday squad, but did not play","On matchday squad, but did not play","On matchday squad, but did not play","On matchday squad, but did not play","On matchday squad, but did not play","On matchday squad, but did not play","On matchday squad, but did not play","On matchday squad, but did not play","On matchday squad, but did not play","On matchday squad, but did not play","On matchday squad, but did not play","On matchday squad, but did not play","On matchday squad, but did not play","On matchday squad, but did not play","On matchday squad, but did not play","On matchday squad, but did not play","On matchday squad, but did not play","On matchday squad, but did not play","On matchday squad, but did not play","On matchday squad, but did not play","On matchday squad, but did not play","On matchday squad, but did not play","On matchday squad, but did not play","On matchday squad, but did not play","On matchday squad, but did not play","On matchday squad, but did not play","On matchday squad, but did not play","On matchday squad, but did not play","On matchday squad, but did not play","On matchday squad, but did not play","On matchday squad, but did not play","On matchday squad, but did not play","On matchday squad, but did not play","On matchday squad, but did not play","On matchday squad, but did not play","On matchday squad, but did not play","On matchday squad, but did not play","On matchday squad, but did not play","On matchday squad, but did not play","On matchday squad, but did not play","On matchday squad, but did not play","On matchday squad, but did not play","On matchday squad, but did not play","On matchday squad, but did not play","On matchday squad, but did not play","On matchday squad, but did not play","On matchday squad, but did not play","On matchday squad, but did not play","On matchday squad, but did not play","On matchday squad, but did not play","On matchday squad, but did not play","On matchday squad, but did not play","On matchday squad, but did not play","On matchday squad, but did not play","On matchday squad, but did not play","On matchday squad, but did not play","On matchday squad, but did not play","On matchday squad, but did not play","On matchday squad, but did not play","On matchday squad, but did not play","On matchday squad, but did not play","On matchday squad, but did not play","On matchday squad, but did not play","On matchday squad, but did not play","On matchday squad, but did not play","On matchday squad, but did not play","On matchday squad, but did not play","On matchday squad, but did not play","On matchday squad, but did not play","On matchday squad, but did not play","On matchday squad, but did not play","On matchday squad, but did not play","On matchday squad, but did not play","On matchday squad, but did not play","On matchday squad, but did not play","On matchday squad, but did not play","On matchday squad, but did not play","On matchday squad, but did not play","On matchday squad, but did not play","On matchday squad, but did not play","On matchday squad, but did not play","On matchday squad, but did not play","On matchday squad, but did not play","On matchday squad, but did not play",Everton,Jake-OBrien,25f2ef01
2024-10-19,Sat,Matchweek 8,Away,W 2–0,Everton,Ipswich Town,N,"On matchday squad, but did not play","On matchday squad, but did not play","On matchday squad, but did not play","On matchday squad, but did not play","On matchday squad, but did not play","On matchday squad, but did not play","On matchday squad, but did not play","On matchday squad, but did not play","On matchday squad, but did not play","On matchday squad, but did not play","On matchday squad, but did not play","On matchday squad, but did not play","On matchday squad, but did not play","On matchday squad, but did not play","On matchday squad, but did not play","On matchday squad, but did not play","On matchday squad, but did not play","On matchday squad, but did not play","On matchday squad, but did not play","On matchday squad, but did not play","On matchday squad, but did not play","On matchday squad, but did not play","On matchday squad, but did not play","On matchday squad, but did not play","On matchday squad, but did not play","On matchday squad, but did not play","On matchday squad, but did not play",Match Report,"On matchday squad, but did not play","On matchday squad, but did not play","On matchday squad, but did not play","On matchday squad, but did not play","On matchday squad, but did not play","On matchday squad, but did not play","On matchday squad, but did not play","On matchday squad, but did not play","On matchday squad, but did not play","On matchday squad, but did not play","On matchday squad, but did not play","On matchday squad, but did not play","On matchday squad, but did not play","On matchday squad, but did not play","On matchday squad, but did not play","On matchday squad, but did not play","On matchday squad, but did not play","On matchday squad, but did not play","On matchday squad, but did not play","On matchday squad, but did not play","On matchday squad, but did not play","On matchday squad, but did not play","On matchday squad, but did not play","On matchday squad, but did not play","On matchday squad, but did not play","On matchday squad, but did not play","On matchday squad, but did not play","On matchday squad, but did not play","On matchday squad, but did not play","On matchday squad, but did not play","On matchday squad, but did not play","On matchday squad, but did not play","On matchday squad, but did not play","On matchday squad, but did not play","On matchday squad, but did not play","On matchday squad, but did not play","On matchday squad, but did not play","On matchday squad, but did not play","On matchday squad, but did not play","On matchday squad, but did not play","On matchday squad, but did not play","On matchday squad, but did not play","On matchday squad, but did not play","On matchday squad, but did not play","On matchday squad, but did not play","On matchday squad, but did not play","On matchday squad, but did not play","On matchday squad, but did not play","On matchday squad, but did not play","On matchday squad, but did not play","On matchday squad, but did not play","On matchday squad, but did not play","On matchday squad, but did not play","On matchday squad, but did not play","On matchday squad, but did not play","On matchday squad, but did not play","On matchday squad, but did not play","On matchday squad, but did not play","On matchday squad, but did not play","On matchday squad, but did not play","On matchday squad, but did not play","On matchday squad, but did not play","On matchday squad, but did not play","On matchday squad, but did not play","On matchday squad, but did not play","On matchday squad, but did not play","On matchday squad, but did not play","On matchday squad, but did not play","On matchday squad, but did not play","On matchday squad, but did not play","On matchday squad, but did not play","On matchday squad, but did not play","On matchday squad, but did not play","On matchday squad, but did not play","On matchday squad, but did not play","On matchday squad, but did not play","On matchday squad, but did not play","On matchday squad, but did not play","On matchday squad, but did not play","On matchday squad, but did not play","On matchday squad, but did not play","On matchday squad, but did not play","On matchday squad, but did not play","On matchday squad, but did not play","On matchday squad, but did not play","On matchday squad, but did not play","On matchday squad, but did not play","On matchday squad, but did not play","On matchday squad, but did not play",Everton,Jake-OBrien,25f2ef01
2024-10-26,Sat,Matchweek 9,Home,D 1–1,Everton,Fulham,N,"On matchday squad, but did not play","On matchday squad, but did not play","On matchday squad, but did not play","On matchday squad, but did not play","On matchday squad, but did not play","On matchday squad, but did not play","On matchday squad, but did not play","On matchday squad, but did not play","On matchday squad, but did not play","On matchday squad, but did not play","On matchday squad, but did not play","On matchday squad, but did not play","On matchday squad, but did not play","On matchday squad, but did not play","On matchday squad, but did not play","On matchday squad, but did not play","On matchday squad, but did not play","On matchday squad, but did not play","On matchday squad, but did not play","On matchday squad, but did not play","On matchday squad, but did not play","On matchday squad, but did not play","On matchday squad, but did not play","On matchday squad, but did not play","On matchday squad, but did not play","On matchday squad, but did not play","On matchday squad, but did not play",Match Report,"On matchday squad, but did not play","On matchday squad, but did not play","On matchday squad, but did not play","On matchday squad, but did not play","On matchday squad, but did not play","On matchday squad, but did not play","On matchday squad, but did not play","On matchday squad, but did not play","On matchday squad, but did not play","On matchday squad, but did not play","On matchday squad, but did not play","On matchday squad, but did not play","On matchday squad, but did not play","On matchday squad, but did not play","On matchday squad, but did not play","On matchday squad, but did not play","On matchday squad, but did not play","On matchday squad, but did not play","On matchday squad, but did not play","On matchday squad, but did not play","On matchday squad, but did not play","On matchday squad, but did not play","On matchday squad, but did not play","On matchday squad, but did not play","On matchday squad, but did not play","On matchday squad, but did not play","On matchday squad, but did not play","On matchday squad, but did not play","On matchday squad, but did not play","On matchday squad, but did not play","On matchday squad, but did not play","On matchday squad, but did not play","On matchday squad, but did not play","On matchday squad, but did not play","On matchday squad, but did not play","On matchday squad, but did not play","On matchday squad, but did not play","On matchday squad, but did not play","On matchday squad, but did not play","On matchday squad, but did not play","On matchday squad, but did not play","On matchday squad, but did not play","On matchday squad, but did not play","On matchday squad, but did not play","On matchday squad, but did not play","On matchday squad, but did not play","On matchday squad, but did not play","On matchday squad, but did not play","On matchday squad, but did not play","On matchday squad, but did not play","On matchday squad, but did not play","On matchday squad, but did not play","On matchday squad, but did not play","On matchday squad, but did not play","On matchday squad, but did not play","On matchday squad, but did not play","On matchday squad, but did not play","On matchday squad, but did not play","On matchday squad, but did not play","On matchday squad, but did not play","On matchday squad, but did not play","On matchday squad, but did not play","On matchday squad, but did not play","On matchday squad, but did not play","On matchday squad, but did not play","On matchday squad, but did not play","On matchday squad, but did not play","On matchday squad, but did not play","On matchday squad, but did not play","On matchday squad, but did not play","On matchday squad, but did not play","On matchday squad, but did not play","On matchday squad, but did not play","On matchday squad, but did not play","On matchday squad, but did not play","On matchday squad, but did not play","On matchday squad, but did not play","On matchday squad, but did not play","On matchday squad, but did not play","On matchday squad, but did not play","On matchday squad, but did not play","On matchday squad, but did not play","On matchday squad, but did not play","On matchday squad, but did not play","On matchday squad, but did not play","On matchday squad, but did not play","On matchday squad, but did not play","On matchday squad, but did not play","On matchday squad, but did not play",Everton,Jake-OBrien,25f2ef01
2024-11-02,Sat,Matchweek 10,Away,L 0–1,Everton,Southampton,N,"On matchday squad, but did not play","On matchday squad, but did not play","On matchday squad, but did not play","On matchday squad, but did not play","On matchday squad, but did not play","On matchday squad, but did not play","On matchday squad, but did not play","On matchday squad, but did not play","On matchday squad, but did not play","On matchday squad, but did not play","On matchday squad, but did not play","On matchday squad, but did not play","On matchday squad, but did not play","On matchday squad, but did not play","On matchday squad, but did not play","On matchday squad, but did not play","On matchday squad, but did not play","On matchday squad, but did not play","On matchday squad, but did not play","On matchday squad, but did not play","On matchday squad, but did not play","On matchday squad, but did not play","On matchday squad, but did not play","On matchday squad, but did not play","On matchday squad, but did not play","On matchday squad, but did not play","On matchday squad, but did not play",Match Report,"On matchday squad, but did not play","On matchday squad, but did not play","On matchday squad, but did not play","On matchday squad, but did not play","On matchday squad, but did not play","On matchday squad, but did not play","On matchday squad, but did not play","On matchday squad, but did not play","On matchday squad, but did not play","On matchday squad, but did not play","On matchday squad, but did not play","On matchday squad, but did not play","On matchday squad, but did not play","On matchday squad, but did not play","On matchday squad, but did not play","On matchday squad, but did not play","On matchday squad, but did not play","On matchday squad, but did not play","On matchday squad, but did not play","On matchday squad, but did not play","On matchday squad, but did not play","On matchday squad, but did not play","On matchday squad, but did not play","On matchday squad, but did not play","On matchday squad, but did not play","On matchday squad, but did not play","On matchday squad, but did not play","On matchday squad, but did not play","On matchday squad, but did not play","On matchday squad, but did not play","On matchday squad, but did not play","On matchday squad, but did not play","On matchday squad, but did not play","On matchday squad, but did not play","On matchday squad, but did not play","On matchday squad, but did not play","On matchday squad, but did not play","On matchday squad, but did not play","On matchday squad, but did not play","On matchday squad, but did not play","On matchday squad, but did not play","On matchday squad, but did not play","On matchday squad, but did not play","On matchday squad, but did not play","On matchday squad, but did not play","On matchday squad, but did not play","On matchday squad, but did not play","On matchday squad, but did not play","On matchday squad, but did not play","On matchday squad, but did not play","On matchday squad, but did not play","On matchday squad, but did not play","On matchday squad, but did not play","On matchday squad, but did not play","On matchday squad, but did not play","On matchday squad, but did not play","On matchday squad, but did not play","On matchday squad, but did not play","On matchday squad, but did not play","On matchday squad, but did not play","On matchday squad, but did not play","On matchday squad, but did not play","On matchday squad, but did not play","On matchday squad, but did not play","On matchday squad, but did not play","On matchday squad, but did not play","On matchday squad, but did not play","On matchday squad, but did not play","On matchday squad, but did not play","On matchday squad, but did not play","On matchday squad, but did not play","On matchday squad, but did not play","On matchday squad, but did not play","On matchday squad, but did not play","On matchday squad, but did not play","On matchday squad, but did not play","On matchday squad, but did not play","On matchday squad, but did not play","On matchday squad, but did not play","On matchday squad, but did not play","On matchday squad, but did not play","On matchday squad, but did not play","On matchday squad, but did not play","On matchday squad, but did not play","On matchday squad, but did not play","On matchday squad, but did not play","On matchday squad, but did not play","On matchday squad, but did not play","On matchday squad, but did not play",Everton,Jake-OBrien,25f2ef01
2024-11-09,Sat,Matchweek 11,Away,D 0–0,Everton,West Ham,N,"On matchday squad, but did not play","On matchday squad, but did not play","On matchday squad, but did not play","On matchday squad, but did not play","On matchday squad, but did not play","On matchday squad, but did not play","On matchday squad, but did not play","On matchday squad, but did not play","On matchday squad, but did not play","On matchday squad, but did not play","On matchday squad, but did not play","On matchday squad, but did not play","On matchday squad, but did not play","On matchday squad, but did not play","On matchday squad, but did not play","On matchday squad, but did not play","On matchday squad, but did not play","On matchday squad, but did not play","On matchday squad, but did not play","On matchday squad, but did not play","On matchday squad, but did not play","On matchday squad, but did not play","On matchday squad, but did not play","On matchday squad, but did not play","On matchday squad, but did not play","On matchday squad, but did not play","On matchday squad, but did not play",Match Report,"On matchday squad, but did not play","On matchday squad, but did not play","On matchday squad, but did not play","On matchday squad, but did not play","On matchday squad, but did not play","On matchday squad, but did not play","On matchday squad, but did not play","On matchday squad, but did not play","On matchday squad, but did not play","On matchday squad, but did not play","On matchday squad, but did not play","On matchday squad, but did not play","On matchday squad, but did not play","On matchday squad, but did not play","On matchday squad, but did not play","On matchday squad, but did not play","On matchday squad, but did not play","On matchday squad, but did not play","On matchday squad, but did not play","On matchday squad, but did not play","On matchday squad, but did not play","On matchday squad, but did not play","On matchday squad, but did not play","On matchday squad, but did not play","On matchday squad, but did not play","On matchday squad, but did not play","On matchday squad, but did not play","On matchday squad, but did not play","On matchday squad, but did not play","On matchday squad, but did not play","On matchday squad, but did not play","On matchday squad, but did not play","On matchday squad, but did not play","On matchday squad, but did not play","On matchday squad, but did not play","On matchday squad, but did not play","On matchday squad, but did not play","On matchday squad, but did not play","On matchday squad, but did not play","On matchday squad, but did not play","On matchday squad, but did not play","On matchday squad, but did not play","On matchday squad, but did not play","On matchday squad, but did not play","On matchday squad, but did not play","On matchday squad, but did not play","On matchday squad, but did not play","On matchday squad, but did not play","On matchday squad, but did not play","On matchday squad, but did not play","On matchday squad, but did not play","On matchday squad, but did not play","On matchday squad, but did not play","On matchday squad, but did not play","On matchday squad, but did not play","On matchday squad, but did not play","On matchday squad, but did not play","On matchday squad, but did not play","On matchday squad, but did not play","On matchday squad, but did not play","On matchday squad, but did not play","On matchday squad, but did not play","On matchday squad, but did not play","On matchday squad, but did not play","On matchday squad, but did not play","On matchday squad, but did not play","On matchday squad, but did not play","On matchday squad, but did not play","On matchday squad, but did not play","On matchday squad, but did not play","On matchday squad, but did not play","On matchday squad, but did not play","On matchday squad, but did not play","On matchday squad, but did not play","On matchday squad, but did not play","On matchday squad, but did not play","On matchday squad, but did not play","On matchday squad, but did not play","On matchday squad, but did not play","On matchday squad, but did not play","On matchday squad, but did not play","On matchday squad, but did not play","On matchday squad, but did not play","On matchday squad, but did not play","On matchday squad, but did not play","On matchday squad, but did not play","On matchday squad, but did not play","On matchday squad, but did not play","On matchday squad, but did not play",Everton,Jake-OBrien,25f2ef01
2024-11-23,Sat,Matchweek 12,Home,D 0–0,Everton,Brentford,N,"On matchday squad, but did not play","On matchday squad, but did not play","On matchday squad, but did not play","On matchday squad, but did not play","On matchday squad, but did not play","On matchday squad, but did not play","On matchday squad, but did not play","On matchday squad, but did not play","On matchday squad, but did not play","On matchday squad, but did not play","On matchday squad, but did not play","On matchday squad, but did not play","On matchday squad, but did not play","On matchday squad, but did not play","On matchday squad, but did not play","On matchday squad, but did not play","On matchday squad, but did not play","On matchday squad, but did not play","On matchday squad, but did not play","On matchday squad, but did not play","On matchday squad, but did not play","On matchday squad, but did not play","On matchday squad, but did not play","On matchday squad, but did not play","On matchday squad, but did not play","On matchday squad, but did not play","On matchday squad, but did not play",Match Report,"On matchday squad, but did not play","On matchday squad, but did not play","On matchday squad, but did not play","On matchday squad, but did not play","On matchday squad, but did not play","On matchday squad, but did not play","On matchday squad, but did not play","On matchday squad, but did not play","On matchday squad, but did not play","On matchday squad, but did not play","On matchday squad, but did not play","On matchday squad, but did not play","On matchday squad, but did not play","On matchday squad, but did not play","On matchday squad, but did not play","On matchday squad, but did not play","On matchday squad, but did not play","On matchday squad, but did not play","On matchday squad, but did not play","On matchday squad, but did not play","On matchday squad, but did not play","On matchday squad, but did not play","On matchday squad, but did not play","On matchday squad, but did not play","On matchday squad, but did not play","On matchday squad, but did not play","On matchday squad, but did not play","On matchday squad, but did not play","On matchday squad, but did not play","On matchday squad, but did not play","On matchday squad, but did not play","On matchday squad, but did not play","On matchday squad, but did not play","On matchday squad, but did not play","On matchday squad, but did not play","On matchday squad, but did not play","On matchday squad, but did not play","On matchday squad, but did not play","On matchday squad, but did not play","On matchday squad, but did not play","On matchday squad, but did not play","On matchday squad, but did not play","On matchday squad, but did not play","On matchday squad, but did not play","On matchday squad, but did not play","On matchday squad, but did not play","On matchday squad, but did not play","On matchday squad, but did not play","On matchday squad, but did not play","On matchday squad, but did not play","On matchday squad, but did not play","On matchday squad, but did not play","On matchday squad, but did not play","On matchday squad, but did not play","On matchday squad, but did not play","On matchday squad, but did not play","On matchday squad, but did not play","On matchday squad, but did not play","On matchday squad, but did not play","On matchday squad, but did not play","On matchday squad, but did not play","On matchday squad, but did not play","On matchday squad, but did not play","On matchday squad, but did not play","On matchday squad, but did not play","On matchday squad, but did not play","On matchday squad, but did not play","On matchday squad, but did not play","On matchday squad, but did not play","On matchday squad, but did not play","On matchday squad, but did not play","On matchday squad, but did not play","On matchday squad, but did not play","On matchday squad, but did not play","On matchday squad, but did not play","On matchday squad, but did not play","On matchday squad, but did not play","On matchday squad, but did not play","On matchday squad, but did not play","On matchday squad, but did not play","On matchday squad, but did not play","On matchday squad, but did not play","On matchday squad, but did not play","On matchday squad, but did not play","On matchday squad, but did not play","On matchday squad, but did not play","On matchday squad, but did not play","On matchday squad, but did not play","On matchday squad, but did not play",Everton,Jake-OBrien,25f2ef01
2024-12-01,Sun,Matchweek 13,Away,L 0–4,Everton,Manchester Utd,N,CB,9,0,0,0,0,0,0,0,0,6,0,0,0,0.0,0.0,0.0,0,0,6,6,100.0,0,5,0,0,0,Match Report,6,6,100.0,128,71,1,1,100.0,4,4,100.0,1,1,100.0,0,0.0,0.0,0,1,0,0,0,6,6,0,0,0,0,0,0,0,0,0,0,6,0,0,0,0,0,0,0,0,0,0,0,0,0,0,0,0,6,0,3,3,0,0,6,0,0,,0,,5,33,24,0,0,0,0,0,5,0,0,0,0,0,0,0,0,,0,0,0,0,0,0,0,0,Everton,Jake-OBrien,25f2ef01
2024-12-04,Wed,Matchweek 14,Home,W 4–0,Everton,Wolves,N,"On matchday squad, but did not play","On matchday squad, but did not play","On matchday squad, but did not play","On matchday squad, but did not play","On matchday squad, but did not play","On matchday squad, but did not play","On matchday squad, but did not play","On matchday squad, but did not play","On matchday squad, but did not play","On matchday squad, but did not play","On matchday squad, but did not play","On matchday squad, but did not play","On matchday squad, but did not play","On matchday squad, but did not play","On matchday squad, but did not play","On matchday squad, but did not play","On matchday squad, but did not play","On matchday squad, but did not play","On matchday squad, but did not play","On matchday squad, but did not play","On matchday squad, but did not play","On matchday squad, but did not play","On matchday squad, but did not play","On matchday squad, but did not play","On matchday squad, but did not play","On matchday squad, but did not play","On matchday squad, but did not play",Match Report,"On matchday squad, but did not play","On matchday squad, but did not play","On matchday squad, but did not play","On matchday squad, but did not play","On matchday squad, but did not play","On matchday squad, but did not play","On matchday squad, but did not play","On matchday squad, but did not play","On matchday squad, but did not play","On matchday squad, but did not play","On matchday squad, but did not play","On matchday squad, but did not play","On matchday squad, but did not play","On matchday squad, but did not play","On matchday squad, but did not play","On matchday squad, but did not play","On matchday squad, but did not play","On matchday squad, but did not play","On matchday squad, but did not play","On matchday squad, but did not play","On matchday squad, but did not play","On matchday squad, but did not play","On matchday squad, but did not play","On matchday squad, but did not play","On matchday squad, but did not play","On matchday squad, but did not play","On matchday squad, but did not play","On matchday squad, but did not play","On matchday squad, but did not play","On matchday squad, but did not play","On matchday squad, but did not play","On matchday squad, but did not play","On matchday squad, but did not play","On matchday squad, but did not play","On matchday squad, but did not play","On matchday squad, but did not play","On matchday squad, but did not play","On matchday squad, but did not play","On matchday squad, but did not play","On matchday squad, but did not play","On matchday squad, but did not play","On matchday squad, but did not play","On matchday squad, but did not play","On matchday squad, but did not play","On matchday squad, but did not play","On matchday squad, but did not play","On matchday squad, but did not play","On matchday squad, but did not play","On matchday squad, but did not play","On matchday squad, but did not play","On matchday squad, but did not play","On matchday squad, but did not play","On matchday squad, but did not play","On matchday squad, but did not play","On matchday squad, but did not play","On matchday squad, but did not play","On matchday squad, but did not play","On matchday squad, but did not play","On matchday squad, but did not play","On matchday squad, but did not play","On matchday squad, but did not play","On matchday squad, but did not play","On matchday squad, but did not play","On matchday squad, but did not play","On matchday squad, but did not play","On matchday squad, but did not play","On matchday squad, but did not play","On matchday squad, but did not play","On matchday squad, but did not play","On matchday squad, but did not play","On matchday squad, but did not play","On matchday squad, but did not play","On matchday squad, but did not play","On matchday squad, but did not play","On matchday squad, but did not play","On matchday squad, but did not play","On matchday squad, but did not play","On matchday squad, but did not play","On matchday squad, but did not play","On matchday squad, but did not play","On matchday squad, but did not play","On matchday squad, but did not play","On matchday squad, but did not play","On matchday squad, but did not play","On matchday squad, but did not play","On matchday squad, but did not play","On matchday squad, but did not play","On matchday squad, but did not play","On matchday squad, but did not play",Everton,Jake-OBrien,25f2ef01
2024-12-14,Sat,Matchweek 16,Away,D 0–0,Everton,Arsenal,N,"On matchday squad, but did not play","On matchday squad, but did not play","On matchday squad, but did not play","On matchday squad, but did not play","On matchday squad, but did not play","On matchday squad, but did not play","On matchday squad, but did not play","On matchday squad, but did not play","On matchday squad, but did not play","On matchday squad, but did not play","On matchday squad, but did not play","On matchday squad, but did not play","On matchday squad, but did not play","On matchday squad, but did not play","On matchday squad, but did not play","On matchday squad, but did not play","On matchday squad, but did not play","On matchday squad, but did not play","On matchday squad, but did not play","On matchday squad, but did not play","On matchday squad, but did not play","On matchday squad, but did not play","On matchday squad, but did not play","On matchday squad, but did not play","On matchday squad, but did not play","On matchday squad, but did not play","On matchday squad, but did not play",Match Report,"On matchday squad, but did not play","On matchday squad, but did not play","On matchday squad, but did not play","On matchday squad, but did not play","On matchday squad, but did not play","On matchday squad, but did not play","On matchday squad, but did not play","On matchday squad, but did not play","On matchday squad, but did not play","On matchday squad, but did not play","On matchday squad, but did not play","On matchday squad, but did not play","On matchday squad, but did not play","On matchday squad, but did not play","On matchday squad, but did not play","On matchday squad, but did not play","On matchday squad, but did not play","On matchday squad, but did not play","On matchday squad, but did not play","On matchday squad, but did not play","On matchday squad, but did not play","On matchday squad, but did not play","On matchday squad, but did not play","On matchday squad, but did not play","On matchday squad, but did not play","On matchday squad, but did not play","On matchday squad, but did not play","On matchday squad, but did not play","On matchday squad, but did not play","On matchday squad, but did not play","On matchday squad, but did not play","On matchday squad, but did not play","On matchday squad, but did not play","On matchday squad, but did not play","On matchday squad, but did not play","On matchday squad, but did not play","On matchday squad, but did not play","On matchday squad, but did not play","On matchday squad, but did not play","On matchday squad, but did not play","On matchday squad, but did not play","On matchday squad, but did not play","On matchday squad, but did not play","On matchday squad, but did not play","On matchday squad, but did not play","On matchday squad, but did not play","On matchday squad, but did not play","On matchday squad, but did not play","On matchday squad, but did not play","On matchday squad, but did not play","On matchday squad, but did not play","On matchday squad, but did not play","On matchday squad, but did not play","On matchday squad, but did not play","On matchday squad, but did not play","On matchday squad, but did not play","On matchday squad, but did not play","On matchday squad, but did not play","On matchday squad, but did not play","On matchday squad, but did not play","On matchday squad, but did not play","On matchday squad, but did not play","On matchday squad, but did not play","On matchday squad, but did not play","On matchday squad, but did not play","On matchday squad, but did not play","On matchday squad, but did not play","On matchday squad, but did not play","On matchday squad, but did not play","On matchday squad, but did not play","On matchday squad, but did not play","On matchday squad, but did not play","On matchday squad, but did not play","On matchday squad, but did not play","On matchday squad, but did not play","On matchday squad, but did not play","On matchday squad, but did not play","On matchday squad, but did not play","On matchday squad, but did not play","On matchday squad, but did not play","On matchday squad, but did not play","On matchday squad, but did not play","On matchday squad, but did not play","On matchday squad, but did not play","On matchday squad, but did not play","On matchday squad, but did not play","On matchday squad, but did not play","On matchday squad, but did not play","On matchday squad, but did not play",Everton,Jake-OBrien,25f2ef01
2024-12-22,Sun,Matchweek 17,Home,D 0–0,Everton,Chelsea,N,"On matchday squad, but did not play","On matchday squad, but did not play","On matchday squad, but did not play","On matchday squad, but did not play","On matchday squad, but did not play","On matchday squad, but did not play","On matchday squad, but did not play","On matchday squad, but did not play","On matchday squad, but did not play","On matchday squad, but did not play","On matchday squad, but did not play","On matchday squad, but did not play","On matchday squad, but did not play","On matchday squad, but did not play","On matchday squad, but did not play","On matchday squad, but did not play","On matchday squad, but did not play","On matchday squad, but did not play","On matchday squad, but did not play","On matchday squad, but did not play","On matchday squad, but did not play","On matchday squad, but did not play","On matchday squad, but did not play","On matchday squad, but did not play","On matchday squad, but did not play","On matchday squad, but did not play","On matchday squad, but did not play",Match Report,"On matchday squad, but did not play","On matchday squad, but did not play","On matchday squad, but did not play","On matchday squad, but did not play","On matchday squad, but did not play","On matchday squad, but did not play","On matchday squad, but did not play","On matchday squad, but did not play","On matchday squad, but did not play","On matchday squad, but did not play","On matchday squad, but did not play","On matchday squad, but did not play","On matchday squad, but did not play","On matchday squad, but did not play","On matchday squad, but did not play","On matchday squad, but did not play","On matchday squad, but did not play","On matchday squad, but did not play","On matchday squad, but did not play","On matchday squad, but did not play","On matchday squad, but did not play","On matchday squad, but did not play","On matchday squad, but did not play","On matchday squad, but did not play","On matchday squad, but did not play","On matchday squad, but did not play","On matchday squad, but did not play","On matchday squad, but did not play","On matchday squad, but did not play","On matchday squad, but did not play","On matchday squad, but did not play","On matchday squad, but did not play","On matchday squad, but did not play","On matchday squad, but did not play","On matchday squad, but did not play","On matchday squad, but did not play","On matchday squad, but did not play","On matchday squad, but did not play","On matchday squad, but did not play","On matchday squad, but did not play","On matchday squad, but did not play","On matchday squad, but did not play","On matchday squad, but did not play","On matchday squad, but did not play","On matchday squad, but did not play","On matchday squad, but did not play","On matchday squad, but did not play","On matchday squad, but did not play","On matchday squad, but did not play","On matchday squad, but did not play","On matchday squad, but did not play","On matchday squad, but did not play","On matchday squad, but did not play","On matchday squad, but did not play","On matchday squad, but did not play","On matchday squad, but did not play","On matchday squad, but did not play","On matchday squad, but did not play","On matchday squad, but did not play","On matchday squad, but did not play","On matchday squad, but did not play","On matchday squad, but did not play","On matchday squad, but did not play","On matchday squad, but did not play","On matchday squad, but did not play","On matchday squad, but did not play","On matchday squad, but did not play","On matchday squad, but did not play","On matchday squad, but did not play","On matchday squad, but did not play","On matchday squad, but did not play","On matchday squad, but did not play","On matchday squad, but did not play","On matchday squad, but did not play","On matchday squad, but did not play","On matchday squad, but did not play","On matchday squad, but did not play","On matchday squad, but did not play","On matchday squad, but did not play","On matchday squad, but did not play","On matchday squad, but did not play","On matchday squad, but did not play","On matchday squad, but did not play","On matchday squad, but did not play","On matchday squad, but did not play","On matchday squad, but did not play","On matchday squad, but did not play","On matchday squad, but did not play","On matchday squad, but did not play",Everton,Jake-OBrien,25f2ef01
2024-12-26,Thu,Matchweek 18,Away,D 1–1,Everton,Manchester City,N,"On matchday squad, but did not play","On matchday squad, but did not play","On matchday squad, but did not play","On matchday squad, but did not play","On matchday squad, but did not play","On matchday squad, but did not play","On matchday squad, but did not play","On matchday squad, but did not play","On matchday squad, but did not play","On matchday squad, but did not play","On matchday squad, but did not play","On matchday squad, but did not play","On matchday squad, but did not play","On matchday squad, but did not play","On matchday squad, but did not play","On matchday squad, but did not play","On matchday squad, but did not play","On matchday squad, but did not play","On matchday squad, but did not play","On matchday squad, but did not play","On matchday squad, but did not play","On matchday squad, but did not play","On matchday squad, but did not play","On matchday squad, but did not play","On matchday squad, but did not play","On matchday squad, but did not play","On matchday squad, but did not play",Match Report,"On matchday squad, but did not play","On matchday squad, but did not play","On matchday squad, but did not play","On matchday squad, but did not play","On matchday squad, but did not play","On matchday squad, but did not play","On matchday squad, but did not play","On matchday squad, but did not play","On matchday squad, but did not play","On matchday squad, but did not play","On matchday squad, but did not play","On matchday squad, but did not play","On matchday squad, but did not play","On matchday squad, but did not play","On matchday squad, but did not play","On matchday squad, but did not play","On matchday squad, but did not play","On matchday squad, but did not play","On matchday squad, but did not play","On matchday squad, but did not play","On matchday squad, but did not play","On matchday squad, but did not play","On matchday squad, but did not play","On matchday squad, but did not play","On matchday squad, but did not play","On matchday squad, but did not play","On matchday squad, but did not play","On matchday squad, but did not play","On matchday squad, but did not play","On matchday squad, but did not play","On matchday squad, but did not play","On matchday squad, but did not play","On matchday squad, but did not play","On matchday squad, but did not play","On matchday squad, but did not play","On matchday squad, but did not play","On matchday squad, but did not play","On matchday squad, but did not play","On matchday squad, but did not play","On matchday squad, but did not play","On matchday squad, but did not play","On matchday squad, but did not play","On matchday squad, but did not play","On matchday squad, but did not play","On matchday squad, but did not play","On matchday squad, but did not play","On matchday squad, but did not play","On matchday squad, but did not play","On matchday squad, but did not play","On matchday squad, but did not play","On matchday squad, but did not play","On matchday squad, but did not play","On matchday squad, but did not play","On matchday squad, but did not play","On matchday squad, but did not play","On matchday squad, but did not play","On matchday squad, but did not play","On matchday squad, but did not play","On matchday squad, but did not play","On matchday squad, but did not play","On matchday squad, but did not play","On matchday squad, but did not play","On matchday squad, but did not play","On matchday squad, but did not play","On matchday squad, but did not play","On matchday squad, but did not play","On matchday squad, but did not play","On matchday squad, but did not play","On matchday squad, but did not play","On matchday squad, but did not play","On matchday squad, but did not play","On matchday squad, but did not play","On matchday squad, but did not play","On matchday squad, but did not play","On matchday squad, but did not play","On matchday squad, but did not play","On matchday squad, but did not play","On matchday squad, but did not play","On matchday squad, but did not play","On matchday squad, but did not play","On matchday squad, but did not play","On matchday squad, but did not play","On matchday squad, but did not play","On matchday squad, but did not play","On matchday squad, but did not play","On matchday squad, but did not play","On matchday squad, but did not play","On matchday squad, but did not play","On matchday squad, but did not play",Everton,Jake-OBrien,25f2ef01
2024-12-29,Sun,Matchweek 19,Home,L 0–2,Everton,Nott'ham Forest,N,"On matchday squad, but did not play","On matchday squad, but did not play","On matchday squad, but did not play","On matchday squad, but did not play","On matchday squad, but did not play","On matchday squad, but did not play","On matchday squad, but did not play","On matchday squad, but did not play","On matchday squad, but did not play","On matchday squad, but did not play","On matchday squad, but did not play","On matchday squad, but did not play","On matchday squad, but did not play","On matchday squad, but did not play","On matchday squad, but did not play","On matchday squad, but did not play","On matchday squad, but did not play","On matchday squad, but did not play","On matchday squad, but did not play","On matchday squad, but did not play","On matchday squad, but did not play","On matchday squad, but did not play","On matchday squad, but did not play","On matchday squad, but did not play","On matchday squad, but did not play","On matchday squad, but did not play","On matchday squad, but did not play",Match Report,"On matchday squad, but did not play","On matchday squad, but did not play","On matchday squad, but did not play","On matchday squad, but did not play","On matchday squad, but did not play","On matchday squad, but did not play","On matchday squad, but did not play","On matchday squad, but did not play","On matchday squad, but did not play","On matchday squad, but did not play","On matchday squad, but did not play","On matchday squad, but did not play","On matchday squad, but did not play","On matchday squad, but did not play","On matchday squad, but did not play","On matchday squad, but did not play","On matchday squad, but did not play","On matchday squad, but did not play","On matchday squad, but did not play","On matchday squad, but did not play","On matchday squad, but did not play","On matchday squad, but did not play","On matchday squad, but did not play","On matchday squad, but did not play","On matchday squad, but did not play","On matchday squad, but did not play","On matchday squad, but did not play","On matchday squad, but did not play","On matchday squad, but did not play","On matchday squad, but did not play","On matchday squad, but did not play","On matchday squad, but did not play","On matchday squad, but did not play","On matchday squad, but did not play","On matchday squad, but did not play","On matchday squad, but did not play","On matchday squad, but did not play","On matchday squad, but did not play","On matchday squad, but did not play","On matchday squad, but did not play","On matchday squad, but did not play","On matchday squad, but did not play","On matchday squad, but did not play","On matchday squad, but did not play","On matchday squad, but did not play","On matchday squad, but did not play","On matchday squad, but did not play","On matchday squad, but did not play","On matchday squad, but did not play","On matchday squad, but did not play","On matchday squad, but did not play","On matchday squad, but did not play","On matchday squad, but did not play","On matchday squad, but did not play","On matchday squad, but did not play","On matchday squad, but did not play","On matchday squad, but did not play","On matchday squad, but did not play","On matchday squad, but did not play","On matchday squad, but did not play","On matchday squad, but did not play","On matchday squad, but did not play","On matchday squad, but did not play","On matchday squad, but did not play","On matchday squad, but did not play","On matchday squad, but did not play","On matchday squad, but did not play","On matchday squad, but did not play","On matchday squad, but did not play","On matchday squad, but did not play","On matchday squad, but did not play","On matchday squad, but did not play","On matchday squad, but did not play","On matchday squad, but did not play","On matchday squad, but did not play","On matchday squad, but did not play","On matchday squad, but did not play","On matchday squad, but did not play","On matchday squad, but did not play","On matchday squad, but did not play","On matchday squad, but did not play","On matchday squad, but did not play","On matchday squad, but did not play","On matchday squad, but did not play","On matchday squad, but did not play","On matchday squad, but did not play","On matchday squad, but did not play","On matchday squad, but did not play","On matchday squad, but did not play",Everton,Jake-OBrien,25f2ef01
2025-01-04,Sat,Matchweek 20,Away,L 0–1,Everton,Bournemouth,N,"On matchday squad, but did not play","On matchday squad, but did not play","On matchday squad, but did not play","On matchday squad, but did not play","On matchday squad, but did not play","On matchday squad, but did not play","On matchday squad, but did not play","On matchday squad, but did not play","On matchday squad, but did not play","On matchday squad, but did not play","On matchday squad, but did not play","On matchday squad, but did not play","On matchday squad, but did not play","On matchday squad, but did not play","On matchday squad, but did not play","On matchday squad, but did not play","On matchday squad, but did not play","On matchday squad, but did not play","On matchday squad, but did not play","On matchday squad, but did not play","On matchday squad, but did not play","On matchday squad, but did not play","On matchday squad, but did not play","On matchday squad, but did not play","On matchday squad, but did not play","On matchday squad, but did not play","On matchday squad, but did not play",Match Report,"On matchday squad, but did not play","On matchday squad, but did not play","On matchday squad, but did not play","On matchday squad, but did not play","On matchday squad, but did not play","On matchday squad, but did not play","On matchday squad, but did not play","On matchday squad, but did not play","On matchday squad, but did not play","On matchday squad, but did not play","On matchday squad, but did not play","On matchday squad, but did not play","On matchday squad, but did not play","On matchday squad, but did not play","On matchday squad, but did not play","On matchday squad, but did not play","On matchday squad, but did not play","On matchday squad, but did not play","On matchday squad, but did not play","On matchday squad, but did not play","On matchday squad, but did not play","On matchday squad, but did not play","On matchday squad, but did not play","On matchday squad, but did not play","On matchday squad, but did not play","On matchday squad, but did not play","On matchday squad, but did not play","On matchday squad, but did not play","On matchday squad, but did not play","On matchday squad, but did not play","On matchday squad, but did not play","On matchday squad, but did not play","On matchday squad, but did not play","On matchday squad, but did not play","On matchday squad, but did not play","On matchday squad, but did not play","On matchday squad, but did not play","On matchday squad, but did not play","On matchday squad, but did not play","On matchday squad, but did not play","On matchday squad, but did not play","On matchday squad, but did not play","On matchday squad, but did not play","On matchday squad, but did not play","On matchday squad, but did not play","On matchday squad, but did not play","On matchday squad, but did not play","On matchday squad, but did not play","On matchday squad, but did not play","On matchday squad, but did not play","On matchday squad, but did not play","On matchday squad, but did not play","On matchday squad, but did not play","On matchday squad, but did not play","On matchday squad, but did not play","On matchday squad, but did not play","On matchday squad, but did not play","On matchday squad, but did not play","On matchday squad, but did not play","On matchday squad, but did not play","On matchday squad, but did not play","On matchday squad, but did not play","On matchday squad, but did not play","On matchday squad, but did not play","On matchday squad, but did not play","On matchday squad, but did not play","On matchday squad, but did not play","On matchday squad, but did not play","On matchday squad, but did not play","On matchday squad, but did not play","On matchday squad, but did not play","On matchday squad, but did not play","On matchday squad, but did not play","On matchday squad, but did not play","On matchday squad, but did not play","On matchday squad, but did not play","On matchday squad, but did not play","On matchday squad, but did not play","On matchday squad, but did not play","On matchday squad, but did not play","On matchday squad, but did not play","On matchday squad, but did not play","On matchday squad, but did not play","On matchday squad, but did not play","On matchday squad, but did not play","On matchday squad, but did not play","On matchday squad, but did not play","On matchday squad, but did not play","On matchday squad, but did not play",Everton,Jake-OBrien,25f2ef01
2025-01-15,Wed,Matchweek 21,Home,L 0–1,Everton,Aston Villa,N,RB,8,0,0,0,0,0,0,0,0,10,1,0,0,0.0,0.0,0.0,0,0,6,8,75.0,1,3,0,0,0,Match Report,6,8,75.0,143,25,1,1,100.0,4,6,66.7,1,1,100.0,0,0.0,0.0,0,1,1,0,1,8,5,3,0,0,0,0,3,0,0,0,0,6,0,0,0,0,0,0,0,0,0,0,0,0,0,0,0,0,10,0,6,4,0,0,10,0,0,,0,,3,13,3,0,0,0,0,0,3,0,1,0,1,0,0,0,0,,0,0,0,0,0,1,1,0,Everton,Jake-OBrien,25f2ef01
2025-01-19,Sun,Matchweek 22,Home,W 3–2,Everton,Tottenham,Y,RB,87,0,0,0,0,0,0,0,0,53,0,0,1,0.0,0.0,0.1,1,0,32,40,80.0,2,28,1,1,0,Match Report,32,40,80.0,600,255,17,17,100.0,10,13,76.9,5,6,83.3,0,0.1,0.0,1,4,1,1,2,40,31,8,0,0,0,1,8,0,0,0,0,32,1,3,1,1,0,0,0,0,0,0,0,0,0,0,0,0,53,6,20,20,13,2,53,1,0,0.0,1,100.0,28,127,48,1,1,1,1,0,29,2,0,0,0,0,0,0,0,,0,1,1,0,0,0,9,0,Everton,Jake-OBrien,25f2ef01
2025-01-25,Sat,Matchweek 23,Away,W 1–0,Everton,Brighton,Y,RB,90,0,0,0,0,0,0,1,0,48,4,1,1,0.0,0.0,0.0,0,0,22,32,68.8,1,14,0,1,0,Match Report,22,32,68.8,410,117,10,11,90.9,9,12,75.0,3,7,42.9,0,0.0,0.0,0,1,0,0,1,32,26,5,0,0,0,0,5,0,0,0,0,22,1,1,0,0,0,0,0,0,0,0,0,0,0,0,0,0,48,8,33,15,0,0,48,1,0,0.0,1,100.0,14,43,5,0,0,0,0,0,18,1,4,4,4,0,0,2,3,66.7,1,1,0,1,1,5,10,0,Everton,Jake-OBrien,25f2ef01
2025-02-01,Sat,Matchweek 24,Home,W 4–0,Everton,Leicester City,Y,RB,90,0,0,0,0,0,0,0,0,63,0,0,1,0.0,0.0,0.0,1,0,47,59,79.7,1,30,0,2,1,Match Report,47,59,79.7,841,430,22,27,81.5,20,25,80.0,5,6,83.3,0,0.0,0.0,0,1,0,0,1,59,45,14,0,0,0,0,14,0,0,0,0,47,0,1,1,0,0,1,0,0,0,0,0,0,0,0,0,0,63,3,29,22,12,0,63,2,1,50.0,0,0.0,30,81,31,0,0,0,1,0,33,1,0,0,0,0,0,0,0,,0,1,0,1,0,0,2,0,Everton,Jake-OBrien,25f2ef01
2025-02-12,Wed,Matchweek 15,Home,D 2–2,Everton,Liverpool,Y,RB,90,0,0,0,0,0,0,0,0,41,3,0,0,0.0,0.0,0.0,1,0,19,29,65.5,1,17,0,1,0,Match Report,19,29,65.5,463,190,4,6,66.7,11,16,68.8,4,7,57.1,0,0.0,0.0,0,1,0,0,1,29,21,8,0,0,0,0,8,0,0,0,0,19,0,0,1,1,0,0,0,0,0,0,0,0,0,0,0,0,41,2,25,9,7,0,41,1,0,0.0,1,100.0,17,67,6,0,0,0,0,1,16,4,3,2,3,0,0,1,1,100.0,0,0,0,0,0,3,5,0,Everton,Jake-OBrien,25f2ef01
2025-02-15,Sat,Matchweek 25,Away,W 2–1,Everton,Crystal Palace,Y,RB,90,0,0,0,0,0,0,0,0,61,0,0,0,0.0,0.0,0.0,1,0,34,51,66.7,4,21,1,0,0,Match Report,34,51,66.7,532,197,19,21,90.5,13,23,56.5,2,3,66.7,0,0.0,0.0,0,2,1,0,4,51,43,8,0,0,0,1,8,0,0,0,0,34,0,1,1,1,0,0,0,0,0,0,0,0,0,0,0,0,61,3,14,36,11,1,61,0,0,,0,,21,138,32,1,1,0,1,0,30,1,0,0,0,0,0,0,1,0.0,1,0,0,0,0,0,7,0,Everton,Jake-OBrien,25f2ef01
2025-02-22,Sat,Matchweek 26,Home,D 2–2,Everton,Manchester Utd,Y,RB,90,0,0,0,0,0,0,1,0,63,0,1,1,0.0,0.0,0.2,1,0,40,53,75.5,7,27,1,0,0,Match Report,40,53,75.5,741,295,14,17,82.4,19,23,82.6,5,7,71.4,0,0.2,0.1,1,4,2,2,7,53,46,7,0,0,0,4,7,0,0,0,0,40,0,2,1,1,0,0,0,0,0,0,0,0,0,0,0,0,63,5,13,32,19,2,63,0,0,,0,,27,121,44,1,1,0,0,0,34,1,0,0,0,0,0,0,0,,0,1,0,1,1,1,7,0,Everton,Jake-OBrien,25f2ef01
2025-02-26,Wed,Matchweek 27,Away,D 1–1,Everton,Brentford,Y,RB,90,1,0,0,0,1,1,0,0,58,3,1,1,0.2,0.2,0.0,1,0,33,43,76.7,7,15,0,0,0,Match Report,33,43,76.7,573,247,19,23,82.6,10,15,66.7,4,4,100.0,0,0.0,0.0,0,4,0,0,7,43,32,11,0,0,0,1,11,0,0,0,0,33,0,1,1,1,0,0,0,0,0,0,0,0,0,0,0,0,58,7,28,15,15,3,58,0,0,,0,,15,69,29,0,1,0,0,1,24,2,3,0,3,0,0,3,4,75.0,1,1,1,0,1,4,9,0,Everton,Jake-OBrien,25f2ef01
2025-03-08,Sat,Matchweek 28,Away,D 1–1,Everton,Wolves,Y,RB,90,0,0,0,0,0,0,0,0,47,2,0,1,0.0,0.0,0.1,1,0,28,37,75.7,1,19,0,0,0,Match Report,28,37,75.7,466,130,13,13,100.0,14,17,82.4,1,5,20.0,0,0.1,0.0,1,0,0,0,1,37,32,5,0,0,0,1,5,0,0,0,0,28,0,1,1,1,0,0,0,0,0,0,0,0,0,0,0,0,47,7,20,20,7,2,47,0,0,,0,,19,71,23,0,0,0,0,0,24,4,2,1,2,0,0,1,1,100.0,0,1,0,1,0,2,6,0,Everton,Jake-OBrien,25f2ef01
2025-03-15,Sat,Matchweek 29,Home,D 1–1,Everton,West Ham,Y,RB,90,1,0,0,0,2,2,0,0,66,1,0,0,0.3,0.3,0.2,3,0,47,58,81.0,8,49,2,0,0,Match Report,47,58,81.0,873,451,24,26,92.3,16,18,88.9,6,10,60.0,0,0.2,0.1,3,8,3,2,8,58,53,5,0,0,0,7,5,0,0,0,0,47,0,1,3,3,0,0,0,0,0,0,0,0,0,0,0,0,66,1,10,36,20,3,66,0,0,,0,,49,242,144,2,1,0,0,2,49,7,1,1,0,1,0,1,1,100.0,0,0,0,0,0,1,2,0,Everton,Jake-OBrien,25f2ef01
2025-04-02,Wed,Matchweek 30,Away,L 0–1,Everton,Liverpool,Y,RB,90,0,0,0,0,0,0,0,0,30,1,0,3,0.0,0.0,0.0,0,0,12,17,70.6,0,10,1,0,0,Match Report,12,17,70.6,188,81,5,6,83.3,6,9,66.7,0,1,0.0,0,0.0,0.0,0,0,0,0,0,17,15,2,0,0,0,0,2,0,0,0,0,12,0,0,0,0,0,0,0,0,0,0,0,0,0,0,0,0,30,6,15,10,5,1,30,0,0,,0,,10,48,37,1,0,0,1,1,12,0,1,1,0,1,0,1,1,100.0,0,3,1,2,0,1,6,0,Everton,Jake-OBrien,25f2ef01
2025-04-05,Sat,Matchweek 31,Home,D 1–1,Everton,Arsenal,Y,RB,90,0,0,0,0,1,0,1,0,30,2,0,2,0.1,0.1,0.0,0,0,14,18,77.8,3,6,0,0,0,Match Report,14,18,77.8,232,107,6,6,100.0,8,10,80.0,0,2,0.0,0,0.0,0.0,0,3,0,0,3,18,11,7,0,0,0,0,7,0,0,0,0,14,0,0,0,0,0,0,0,0,0,0,0,0,0,0,0,0,30,2,14,9,7,2,30,0,0,,0,,6,11,4,0,0,0,1,0,8,0,2,2,2,0,0,2,3,66.7,1,2,0,2,0,2,3,0,Everton,Jake-OBrien,25f2ef01
2025-04-12,Sat,Matchweek 32,Away,W 1–0,Everton,Nott'ham Forest,Y,RB,90,0,0,0,0,1,0,0,0,50,0,0,1,0.0,0.0,0.0,2,0,34,43,79.1,1,21,1,1,1,Match Report,34,43,79.1,559,177,17,21,81.0,11,13,84.6,4,6,66.7,0,0.0,0.0,0,5,0,0,1,43,36,7,0,0,0,1,7,0,0,0,0,34,0,1,2,1,0,1,0,0,0,0,0,0,0,0,0,0,50,2,14,29,7,2,50,1,1,100.0,0,0.0,21,91,40,1,0,1,0,0,29,1,0,0,0,0,0,0,0,,0,1,0,1,0,0,4,0,Everton,Jake-OBrien,25f2ef01
2025-04-19,Sat,Matchweek 33,Home,L 0–2,Everton,Manchester City,Y,RB,90,0,0,0,0,0,0,0,0,40,0,0,1,0.0,0.0,0.0,1,0,24,35,68.6,1,10,0,0,0,Match Report,24,35,68.6,436,150,10,12,83.3,11,16,68.8,3,5,60.0,0,0.0,0.0,0,0,0,0,1,35,29,6,0,0,0,1,6,0,0,0,0,24,0,0,1,1,0,0,0,0,0,0,0,0,0,0,0,0,40,4,20,14,6,0,40,0,0,,0,,10,21,8,0,0,0,0,0,18,0,0,0,0,0,0,0,3,0.0,3,1,1,0,0,0,4,0,Everton,Jake-OBrien,25f2ef01
2025-04-26,Sat,Matchweek 34,Away,L 0–1,Everton,Chelsea,Y,CB,90,0,0,0,0,0,0,0,0,59,1,1,1,0.0,0.0,0.0,1,0,51,53,96.2,2,33,0,1,1,Match Report,51,53,96.2,1035,329,15,15,100.0,30,30,100.0,6,7,85.7,0,0.0,0.0,0,1,0,0,2,53,51,2,2,0,1,0,0,0,0,0,0,51,0,0,1,1,0,0,0,0,0,0,0,0,0,0,0,0,59,5,29,30,1,0,59,1,1,100.0,0,0.0,33,202,148,0,1,0,0,0,43,0,1,1,0,1,0,1,2,50.0,1,1,0,1,1,2,3,0,Everton,Jake-OBrien,25f2ef01
2025-05-03,Sat,Matchweek 35,Home,D 2–2,Everton,Ipswich Town,Y,CB,90,0,0,0,0,0,0,1,0,60,4,0,1,0.0,0.0,0.0,1,0,48,53,90.6,2,41,0,0,0,Match Report,48,53,90.6,1033,258,13,14,92.9,29,31,93.5,6,8,75.0,0,0.0,0.0,0,4,0,0,2,53,48,5,1,0,0,1,0,0,0,0,0,48,0,0,1,1,0,0,0,0,0,0,0,0,0,0,0,0,60,8,19,39,2,0,60,0,0,,0,,41,179,95,0,0,0,0,0,42,0,4,2,3,1,0,2,2,100.0,0,1,0,1,0,4,2,0,Everton,Jake-OBrien,25f2ef01
2025-05-18,Sun,Matchweek 37,Home,W 2–0,Everton,Southampton,Y,CB,90,0,0,0,0,1,0,0,0,58,0,0,1,0.1,0.1,0.0,0,0,44,48,91.7,6,25,0,0,0,Match Report,44,48,91.7,841,247,13,14,92.9,28,29,96.6,3,3,100.0,0,0.0,0.0,0,0,0,0,6,48,45,3,1,0,0,0,0,0,0,0,0,44,0,0,0,0,0,0,0,0,0,0,0,0,0,0,0,0,58,7,25,29,4,4,58,0,0,,0,,25,116,88,0,0,0,0,0,41,1,0,0,0,0,0,0,0,,0,1,0,1,0,0,5,0,Everton,Jake-OBrien,25f2ef01
2025-05-25,Sun,Matchweek 38,Away,W 1–0,Everton,Newcastle Utd,Y,CB,90,0,0,0,0,0,0,0,0,37,2,0,0,0.0,0.0,0.0,0,0,24,27,88.9,1,10,0,0,0,Match Report,24,27,88.9,339,112,12,12,100.0,6,6,100.0,3,6,50.0,0,0.0,0.0,0,0,0,0,1,27,16,11,1,0,0,0,0,0,0,0,0,24,0,0,0,0,0,0,0,0,0,0,0,0,0,0,0,0,37,17,28,9,0,0,37,0,0,,0,,10,91,75,0,0,0,0,0,12,0,2,1,2,0,0,1,1,100.0,0,0,0,0,0,2,8,0,Everton,Jake-OBrien,25f2ef01
2024-08-17,Sat,Matchweek 1,Home,L 0–3,Everton,Brighton,N,FW,15,0,0,0,0,0,0,0,0,8,0,0,1,0.0,0.0,0.0,0,0,1,4,25.0,0,5,0,1,0,Match Report,1,4,25.0,12,0,1,2,50.0,0,1,0.0,0,0,,0,0.0,0.0,0,0,0,0,0,4,3,1,0,0,0,0,0,0,0,0,0,1,0,0,0,0,0,0,0,0,0,0,0,0,0,0,0,0,8,0,0,7,1,0,8,1,0,0.0,1,100.0,5,14,8,0,0,0,1,0,6,0,0,0,0,0,0,0,0,,0,1,0,1,0,0,0,0,Everton,Beto,ed5c0319
2024-08-24,Sat,Matchweek 2,Away,L 0–4,Everton,Tottenham,N,FW,19,0,0,0,0,0,0,0,0,4,1,0,0,0.0,0.0,0.0,0,0,0,0,,0,2,1,0,0,Match Report,0,0,,0,0,0,0,,0,0,,0,0,,0,0.0,0.0,0,0,0,0,0,0,0,0,0,0,0,0,0,0,0,0,0,0,0,0,0,0,0,0,0,0,0,0,0,0,0,0,0,0,4,1,1,0,3,0,4,0,0,,0,,2,18,11,1,0,0,1,1,2,0,1,0,0,0,1,0,0,,0,0,0,0,0,1,0,0,Everton,Beto,ed5c0319
2024-08-31,Sat,Matchweek 3,Home,L 2–3,Everton,Bournemouth,N,FW,3,0,0,0,0,0,0,0,0,5,0,0,0,0.0,0.0,0.0,0,0,2,3,66.7,1,1,0,0,0,Match Report,2,3,66.7,79,0,0,0,,0,1,0.0,2,2,100.0,0,0.0,0.0,0,0,0,0,1,3,2,1,0,0,1,0,0,0,0,0,0,2,0,0,0,0,0,0,0,0,0,0,0,0,0,0,0,0,5,0,0,4,1,0,5,0,0,,0,,1,4,0,0,0,0,0,0,3,1,0,0,0,0,0,0,0,,0,0,0,0,0,0,0,0,Everton,Beto,ed5c0319
2024-09-14,Sat,Matchweek 4,Away,L 2–3,Everton,Aston Villa,N,FW,10,0,0,0,0,0,0,0,0,2,0,0,0,0.0,0.0,0.0,0,0,0,1,0.0,0,0,0,0,0,Match Report,0,1,0.0,0,0,0,0,,0,1,0.0,0,0,,0,0.0,0.0,0,0,0,0,0,1,1,0,0,0,0,0,0,0,0,0,0,0,0,0,0,0,0,0,0,0,0,0,0,0,0,0,0,0,2,0,0,1,1,0,2,0,0,,0,,0,0,0,0,0,0,1,0,2,0,0,0,0,0,0,0,0,,0,0,0,0,0,0,0,0,Everton,Beto,ed5c0319
2024-09-21,Sat,Matchweek 5,Away,D 1–1,Everton,Leicester City,N,"On matchday squad, but did not play","On matchday squad, but did not play","On matchday squad, but did not play","On matchday squad, but did not play","On matchday squad, but did not play","On matchday squad, but did not play","On matchday squad, but did not play","On matchday squad, but did not play","On matchday squad, but did not play","On matchday squad, but did not play","On matchday squad, but did not play","On matchday squad, but did not play","On matchday squad, but did not play","On matchday squad, but did not play","On matchday squad, but did not play","On matchday squad, but did not play","On matchday squad, but did not play","On matchday squad, but did not play","On matchday squad, but did not play","On matchday squad, but did not play","On matchday squad, but did not play","On matchday squad, but did not play","On matchday squad, but did not play","On matchday squad, but did not play","On matchday squad, but did not play","On matchday squad, but did not play","On matchday squad, but did not play",Match Report,"On matchday squad, but did not play","On matchday squad, but did not play","On matchday squad, but did not play","On matchday squad, but did not play","On matchday squad, but did not play","On matchday squad, but did not play","On matchday squad, but did not play","On matchday squad, but did not play","On matchday squad, but did not play","On matchday squad, but did not play","On matchday squad, but did not play","On matchday squad, but did not play","On matchday squad, but did not play","On matchday squad, but did not play","On matchday squad, but did not play","On matchday squad, but did not play","On matchday squad, but did not play","On matchday squad, but did not play","On matchday squad, but did not play","On matchday squad, but did not play","On matchday squad, but did not play","On matchday squad, but did not play","On matchday squad, but did not play","On matchday squad, but did not play","On matchday squad, but did not play","On matchday squad, but did not play","On matchday squad, but did not play","On matchday squad, but did not play","On matchday squad, but did not play","On matchday squad, but did not play","On matchday squad, but did not play","On matchday squad, but did not play","On matchday squad, but did not play","On matchday squad, but did not play","On matchday squad, but did not play","On matchday squad, but did not play","On matchday squad, but did not play","On matchday squad, but did not play","On matchday squad, but did not play","On matchday squad, but did not play","On matchday squad, but did not play","On matchday squad, but did not play","On matchday squad, but did not play","On matchday squad, but did not play","On matchday squad, but did not play","On matchday squad, but did not play","On matchday squad, but did not play","On matchday squad, but did not play","On matchday squad, but did not play","On matchday squad, but did not play","On matchday squad, but did not play","On matchday squad, but did not play","On matchday squad, but did not play","On matchday squad, but did not play","On matchday squad, but did not play","On matchday squad, but did not play","On matchday squad, but did not play","On matchday squad, but did not play","On matchday squad, but did not play","On matchday squad, but did not play","On matchday squad, but did not play","On matchday squad, but did not play","On matchday squad, but did not play","On matchday squad, but did not play","On matchday squad, but did not play","On matchday squad, but did not play","On matchday squad, but did not play","On matchday squad, but did not play","On matchday squad, but did not play","On matchday squad, but did not play","On matchday squad, but did not play","On matchday squad, but did not play","On matchday squad, but did not play","On matchday squad, but did not play","On matchday squad, but did not play","On matchday squad, but did not play","On matchday squad, but did not play","On matchday squad, but did not play","On matchday squad, but did not play","On matchday squad, but did not play","On matchday squad, but did not play","On matchday squad, but did not play","On matchday squad, but did not play","On matchday squad, but did not play","On matchday squad, but did not play","On matchday squad, but did not play","On matchday squad, but did not play","On matchday squad, but did not play","On matchday squad, but did not play",Everton,Beto,ed5c0319
2024-09-28,Sat,Matchweek 6,Home,W 2–1,Everton,Crystal Palace,N,"On matchday squad, but did not play","On matchday squad, but did not play","On matchday squad, but did not play","On matchday squad, but did not play","On matchday squad, but did not play","On matchday squad, but did not play","On matchday squad, but did not play","On matchday squad, but did not play","On matchday squad, but did not play","On matchday squad, but did not play","On matchday squad, but did not play","On matchday squad, but did not play","On matchday squad, but did not play","On matchday squad, but did not play","On matchday squad, but did not play","On matchday squad, but did not play","On matchday squad, but did not play","On matchday squad, but did not play","On matchday squad, but did not play","On matchday squad, but did not play","On matchday squad, but did not play","On matchday squad, but did not play","On matchday squad, but did not play","On matchday squad, but did not play","On matchday squad, but did not play","On matchday squad, but did not play","On matchday squad, but did not play",Match Report,"On matchday squad, but did not play","On matchday squad, but did not play","On matchday squad, but did not play","On matchday squad, but did not play","On matchday squad, but did not play","On matchday squad, but did not play","On matchday squad, but did not play","On matchday squad, but did not play","On matchday squad, but did not play","On matchday squad, but did not play","On matchday squad, but did not play","On matchday squad, but did not play","On matchday squad, but did not play","On matchday squad, but did not play","On matchday squad, but did not play","On matchday squad, but did not play","On matchday squad, but did not play","On matchday squad, but did not play","On matchday squad, but did not play","On matchday squad, but did not play","On matchday squad, but did not play","On matchday squad, but did not play","On matchday squad, but did not play","On matchday squad, but did not play","On matchday squad, but did not play","On matchday squad, but did not play","On matchday squad, but did not play","On matchday squad, but did not play","On matchday squad, but did not play","On matchday squad, but did not play","On matchday squad, but did not play","On matchday squad, but did not play","On matchday squad, but did not play","On matchday squad, but did not play","On matchday squad, but did not play","On matchday squad, but did not play","On matchday squad, but did not play","On matchday squad, but did not play","On matchday squad, but did not play","On matchday squad, but did not play","On matchday squad, but did not play","On matchday squad, but did not play","On matchday squad, but did not play","On matchday squad, but did not play","On matchday squad, but did not play","On matchday squad, but did not play","On matchday squad, but did not play","On matchday squad, but did not play","On matchday squad, but did not play","On matchday squad, but did not play","On matchday squad, but did not play","On matchday squad, but did not play","On matchday squad, but did not play","On matchday squad, but did not play","On matchday squad, but did not play","On matchday squad, but did not play","On matchday squad, but did not play","On matchday squad, but did not play","On matchday squad, but did not play","On matchday squad, but did not play","On matchday squad, but did not play","On matchday squad, but did not play","On matchday squad, but did not play","On matchday squad, but did not play","On matchday squad, but did not play","On matchday squad, but did not play","On matchday squad, but did not play","On matchday squad, but did not play","On matchday squad, but did not play","On matchday squad, but did not play","On matchday squad, but did not play","On matchday squad, but did not play","On matchday squad, but did not play","On matchday squad, but did not play","On matchday squad, but did not play","On matchday squad, but did not play","On matchday squad, but did not play","On matchday squad, but did not play","On matchday squad, but did not play","On matchday squad, but did not play","On matchday squad, but did not play","On matchday squad, but did not play","On matchday squad, but did not play","On matchday squad, but did not play","On matchday squad, but did not play","On matchday squad, but did not play","On matchday squad, but did not play","On matchday squad, but did not play","On matchday squad, but did not play",Everton,Beto,ed5c0319
2024-10-05,Sat,Matchweek 7,Home,D 0–0,Everton,Newcastle Utd,N,"On matchday squad, but did not play","On matchday squad, but did not play","On matchday squad, but did not play","On matchday squad, but did not play","On matchday squad, but did not play","On matchday squad, but did not play","On matchday squad, but did not play","On matchday squad, but did not play","On matchday squad, but did not play","On matchday squad, but did not play","On matchday squad, but did not play","On matchday squad, but did not play","On matchday squad, but did not play","On matchday squad, but did not play","On matchday squad, but did not play","On matchday squad, but did not play","On matchday squad, but did not play","On matchday squad, but did not play","On matchday squad, but did not play","On matchday squad, but did not play","On matchday squad, but did not play","On matchday squad, but did not play","On matchday squad, but did not play","On matchday squad, but did not play","On matchday squad, but did not play","On matchday squad, but did not play","On matchday squad, but did not play",Match Report,"On matchday squad, but did not play","On matchday squad, but did not play","On matchday squad, but did not play","On matchday squad, but did not play","On matchday squad, but did not play","On matchday squad, but did not play","On matchday squad, but did not play","On matchday squad, but did not play","On matchday squad, but did not play","On matchday squad, but did not play","On matchday squad, but did not play","On matchday squad, but did not play","On matchday squad, but did not play","On matchday squad, but did not play","On matchday squad, but did not play","On matchday squad, but did not play","On matchday squad, but did not play","On matchday squad, but did not play","On matchday squad, but did not play","On matchday squad, but did not play","On matchday squad, but did not play","On matchday squad, but did not play","On matchday squad, but did not play","On matchday squad, but did not play","On matchday squad, but did not play","On matchday squad, but did not play","On matchday squad, but did not play","On matchday squad, but did not play","On matchday squad, but did not play","On matchday squad, but did not play","On matchday squad, but did not play","On matchday squad, but did not play","On matchday squad, but did not play","On matchday squad, but did not play","On matchday squad, but did not play","On matchday squad, but did not play","On matchday squad, but did not play","On matchday squad, but did not play","On matchday squad, but did not play","On matchday squad, but did not play","On matchday squad, but did not play","On matchday squad, but did not play","On matchday squad, but did not play","On matchday squad, but did not play","On matchday squad, but did not play","On matchday squad, but did not play","On matchday squad, but did not play","On matchday squad, but did not play","On matchday squad, but did not play","On matchday squad, but did not play","On matchday squad, but did not play","On matchday squad, but did not play","On matchday squad, but did not play","On matchday squad, but did not play","On matchday squad, but did not play","On matchday squad, but did not play","On matchday squad, but did not play","On matchday squad, but did not play","On matchday squad, but did not play","On matchday squad, but did not play","On matchday squad, but did not play","On matchday squad, but did not play","On matchday squad, but did not play","On matchday squad, but did not play","On matchday squad, but did not play","On matchday squad, but did not play","On matchday squad, but did not play","On matchday squad, but did not play","On matchday squad, but did not play","On matchday squad, but did not play","On matchday squad, but did not play","On matchday squad, but did not play","On matchday squad, but did not play","On matchday squad, but did not play","On matchday squad, but did not play","On matchday squad, but did not play","On matchday squad, but did not play","On matchday squad, but did not play","On matchday squad, but did not play","On matchday squad, but did not play","On matchday squad, but did not play","On matchday squad, but did not play","On matchday squad, but did not play","On matchday squad, but did not play","On matchday squad, but did not play","On matchday squad, but did not play","On matchday squad, but did not play","On matchday squad, but did not play","On matchday squad, but did not play",Everton,Beto,ed5c0319
2024-10-19,Sat,Matchweek 8,Away,W 2–0,Everton,Ipswich Town,N,"On matchday squad, but did not play","On matchday squad, but did not play","On matchday squad, but did not play","On matchday squad, but did not play","On matchday squad, but did not play","On matchday squad, but did not play","On matchday squad, but did not play","On matchday squad, but did not play","On matchday squad, but did not play","On matchday squad, but did not play","On matchday squad, but did not play","On matchday squad, but did not play","On matchday squad, but did not play","On matchday squad, but did not play","On matchday squad, but did not play","On matchday squad, but did not play","On matchday squad, but did not play","On matchday squad, but did not play","On matchday squad, but did not play","On matchday squad, but did not play","On matchday squad, but did not play","On matchday squad, but did not play","On matchday squad, but did not play","On matchday squad, but did not play","On matchday squad, but did not play","On matchday squad, but did not play","On matchday squad, but did not play",Match Report,"On matchday squad, but did not play","On matchday squad, but did not play","On matchday squad, but did not play","On matchday squad, but did not play","On matchday squad, but did not play","On matchday squad, but did not play","On matchday squad, but did not play","On matchday squad, but did not play","On matchday squad, but did not play","On matchday squad, but did not play","On matchday squad, but did not play","On matchday squad, but did not play","On matchday squad, but did not play","On matchday squad, but did not play","On matchday squad, but did not play","On matchday squad, but did not play","On matchday squad, but did not play","On matchday squad, but did not play","On matchday squad, but did not play","On matchday squad, but did not play","On matchday squad, but did not play","On matchday squad, but did not play","On matchday squad, but did not play","On matchday squad, but did not play","On matchday squad, but did not play","On matchday squad, but did not play","On matchday squad, but did not play","On matchday squad, but did not play","On matchday squad, but did not play","On matchday squad, but did not play","On matchday squad, but did not play","On matchday squad, but did not play","On matchday squad, but did not play","On matchday squad, but did not play","On matchday squad, but did not play","On matchday squad, but did not play","On matchday squad, but did not play","On matchday squad, but did not play","On matchday squad, but did not play","On matchday squad, but did not play","On matchday squad, but did not play","On matchday squad, but did not play","On matchday squad, but did not play","On matchday squad, but did not play","On matchday squad, but did not play","On matchday squad, but did not play","On matchday squad, but did not play","On matchday squad, but did not play","On matchday squad, but did not play","On matchday squad, but did not play","On matchday squad, but did not play","On matchday squad, but did not play","On matchday squad, but did not play","On matchday squad, but did not play","On matchday squad, but did not play","On matchday squad, but did not play","On matchday squad, but did not play","On matchday squad, but did not play","On matchday squad, but did not play","On matchday squad, but did not play","On matchday squad, but did not play","On matchday squad, but did not play","On matchday squad, but did not play","On matchday squad, but did not play","On matchday squad, but did not play","On matchday squad, but did not play","On matchday squad, but did not play","On matchday squad, but did not play","On matchday squad, but did not play","On matchday squad, but did not play","On matchday squad, but did not play","On matchday squad, but did not play","On matchday squad, but did not play","On matchday squad, but did not play","On matchday squad, but did not play","On matchday squad, but did not play","On matchday squad, but did not play","On matchday squad, but did not play","On matchday squad, but did not play","On matchday squad, but did not play","On matchday squad, but did not play","On matchday squad, but did not play","On matchday squad, but did not play","On matchday squad, but did not play","On matchday squad, but did not play","On matchday squad, but did not play","On matchday squad, but did not play","On matchday squad, but did not play","On matchday squad, but did not play",Everton,Beto,ed5c0319
2024-10-26,Sat,Matchweek 9,Home,D 1–1,Everton,Fulham,N,FW,10,1,0,0,0,3,2,0,0,7,0,0,0,0.4,0.4,0.0,0,0,0,2,0.0,0,4,1,0,0,Match Report,0,2,0.0,0,0,0,1,0.0,0,1,0.0,0,0,,0,0.0,0.0,0,0,0,0,0,2,2,0,0,0,0,0,0,0,0,0,0,0,0,0,0,0,0,0,0,0,0,0,0,0,0,0,0,0,7,0,0,2,5,4,7,0,0,,0,,4,25,19,1,0,1,2,0,7,2,0,0,0,0,0,0,1,0.0,1,0,0,0,0,0,0,0,Everton,Beto,ed5c0319
2024-11-02,Sat,Matchweek 10,Away,L 0–1,Everton,Southampton,N,FW,29,0,0,0,0,1,0,0,0,4,0,0,0,0.7,0.7,0.0,2,0,0,1,0.0,0,4,1,1,1,Match Report,0,1,0.0,0,0,0,0,,0,1,0.0,0,0,,0,0.0,0.0,0,0,0,0,0,1,1,0,0,0,0,0,0,0,0,0,0,0,0,0,2,0,0,1,0,1,0,0,0,0,0,0,0,0,4,0,0,2,3,1,4,1,1,100.0,0,0.0,4,45,38,1,1,0,1,0,4,0,0,0,0,0,0,0,0,,0,0,0,0,0,0,0,0,Everton,Beto,ed5c0319
2024-11-09,Sat,Matchweek 11,Away,D 0–0,Everton,West Ham,N,FW,16,0,0,0,0,0,0,0,0,7,0,0,0,0.0,0.0,0.0,0,0,1,2,50.0,0,4,0,2,1,Match Report,1,2,50.0,17,0,0,0,,1,2,50.0,0,0,,0,0.0,0.0,0,0,0,0,0,2,2,0,0,0,0,0,0,0,0,0,0,1,0,0,0,0,0,0,0,0,0,0,0,0,0,0,0,0,7,2,2,3,2,1,7,2,1,50.0,1,50.0,4,19,0,0,0,0,1,0,5,0,0,0,0,0,0,0,0,,0,0,0,0,0,0,2,0,Everton,Beto,ed5c0319
2024-11-23,Sat,Matchweek 12,Home,D 0–0,Everton,Brentford,N,AM,19,0,0,0,0,4,1,0,0,10,0,0,0,0.4,0.4,0.0,0,0,3,4,75.0,0,5,0,1,1,Match Report,3,4,75.0,33,0,2,2,100.0,1,2,50.0,0,0,,0,0.0,0.0,0,0,0,0,0,4,4,0,0,0,0,0,0,0,0,0,0,3,0,0,0,0,0,0,0,0,0,0,0,0,0,0,0,0,10,0,0,3,7,5,10,1,1,100.0,0,0.0,5,28,2,0,1,0,0,1,10,5,0,0,0,0,0,0,0,,0,0,0,0,0,0,0,0,Everton,Beto,ed5c0319
2024-12-01,Sun,Matchweek 13,Away,L 0–4,Everton,Manchester Utd,Y,FW,66,0,0,0,0,2,0,0,0,13,1,0,0,0.2,0.2,0.0,2,0,3,4,75.0,0,7,0,2,1,Match Report,3,4,75.0,32,0,3,4,75.0,0,0,,0,0,,0,0.0,0.0,0,0,0,0,0,4,4,0,0,0,0,0,0,0,0,0,0,3,0,0,2,0,0,1,0,1,0,0,0,0,0,0,0,0,13,0,0,4,9,4,13,2,1,50.0,1,50.0,7,39,4,0,1,0,0,1,9,4,1,0,0,1,0,0,0,,0,0,0,0,0,1,0,0,Everton,Beto,ed5c0319
2024-12-04,Wed,Matchweek 14,Home,W 4–0,Everton,Wolves,N,"On matchday squad, but did not play","On matchday squad, but did not play","On matchday squad, but did not play","On matchday squad, but did not play","On matchday squad, but did not play","On matchday squad, but did not play","On matchday squad, but did not play","On matchday squad, but did not play","On matchday squad, but did not play","On matchday squad, but did not play","On matchday squad, but did not play","On matchday squad, but did not play","On matchday squad, but did not play","On matchday squad, but did not play","On matchday squad, but did not play","On matchday squad, but did not play","On matchday squad, but did not play","On matchday squad, but did not play","On matchday squad, but did not play","On matchday squad, but did not play","On matchday squad, but did not play","On matchday squad, but did not play","On matchday squad, but did not play","On matchday squad, but did not play","On matchday squad, but did not play","On matchday squad, but did not play","On matchday squad, but did not play",Match Report,"On matchday squad, but did not play","On matchday squad, but did not play","On matchday squad, but did not play","On matchday squad, but did not play","On matchday squad, but did not play","On matchday squad, but did not play","On matchday squad, but did not play","On matchday squad, but did not play","On matchday squad, but did not play","On matchday squad, but did not play","On matchday squad, but did not play","On matchday squad, but did not play","On matchday squad, but did not play","On matchday squad, but did not play","On matchday squad, but did not play","On matchday squad, but did not play","On matchday squad, but did not play","On matchday squad, but did not play","On matchday squad, but did not play","On matchday squad, but did not play","On matchday squad, but did not play","On matchday squad, but did not play","On matchday squad, but did not play","On matchday squad, but did not play","On matchday squad, but did not play","On matchday squad, but did not play","On matchday squad, but did not play","On matchday squad, but did not play","On matchday squad, but did not play","On matchday squad, but did not play","On matchday squad, but did not play","On matchday squad, but did not play","On matchday squad, but did not play","On matchday squad, but did not play","On matchday squad, but did not play","On matchday squad, but did not play","On matchday squad, but did not play","On matchday squad, but did not play","On matchday squad, but did not play","On matchday squad, but did not play","On matchday squad, but did not play","On matchday squad, but did not play","On matchday squad, but did not play","On matchday squad, but did not play","On matchday squad, but did not play","On matchday squad, but did not play","On matchday squad, but did not play","On matchday squad, but did not play","On matchday squad, but did not play","On matchday squad, but did not play","On matchday squad, but did not play","On matchday squad, but did not play","On matchday squad, but did not play","On matchday squad, but did not play","On matchday squad, but did not play","On matchday squad, but did not play","On matchday squad, but did not play","On matchday squad, but did not play","On matchday squad, but did not play","On matchday squad, but did not play","On matchday squad, but did not play","On matchday squad, but did not play","On matchday squad, but did not play","On matchday squad, but did not play","On matchday squad, but did not play","On matchday squad, but did not play","On matchday squad, but did not play","On matchday squad, but did not play","On matchday squad, but did not play","On matchday squad, but did not play","On matchday squad, but did not play","On matchday squad, but did not play","On matchday squad, but did not play","On matchday squad, but did not play","On matchday squad, but did not play","On matchday squad, but did not play","On matchday squad, but did not play","On matchday squad, but did not play","On matchday squad, but did not play","On matchday squad, but did not play","On matchday squad, but did not play","On matchday squad, but did not play","On matchday squad, but did not play","On matchday squad, but did not play","On matchday squad, but did not play","On matchday squad, but did not play","On matchday squad, but did not play","On matchday squad, but did not play","On matchday squad, but did not play",Everton,Beto,ed5c0319
2024-12-14,Sat,Matchweek 16,Away,D 0–0,Everton,Arsenal,N,"On matchday squad, but did not play","On matchday squad, but did not play","On matchday squad, but did not play","On matchday squad, but did not play","On matchday squad, but did not play","On matchday squad, but did not play","On matchday squad, but did not play","On matchday squad, but did not play","On matchday squad, but did not play","On matchday squad, but did not play","On matchday squad, but did not play","On matchday squad, but did not play","On matchday squad, but did not play","On matchday squad, but did not play","On matchday squad, but did not play","On matchday squad, but did not play","On matchday squad, but did not play","On matchday squad, but did not play","On matchday squad, but did not play","On matchday squad, but did not play","On matchday squad, but did not play","On matchday squad, but did not play","On matchday squad, but did not play","On matchday squad, but did not play","On matchday squad, but did not play","On matchday squad, but did not play","On matchday squad, but did not play",Match Report,"On matchday squad, but did not play","On matchday squad, but did not play","On matchday squad, but did not play","On matchday squad, but did not play","On matchday squad, but did not play","On matchday squad, but did not play","On matchday squad, but did not play","On matchday squad, but did not play","On matchday squad, but did not play","On matchday squad, but did not play","On matchday squad, but did not play","On matchday squad, but did not play","On matchday squad, but did not play","On matchday squad, but did not play","On matchday squad, but did not play","On matchday squad, but did not play","On matchday squad, but did not play","On matchday squad, but did not play","On matchday squad, but did not play","On matchday squad, but did not play","On matchday squad, but did not play","On matchday squad, but did not play","On matchday squad, but did not play","On matchday squad, but did not play","On matchday squad, but did not play","On matchday squad, but did not play","On matchday squad, but did not play","On matchday squad, but did not play","On matchday squad, but did not play","On matchday squad, but did not play","On matchday squad, but did not play","On matchday squad, but did not play","On matchday squad, but did not play","On matchday squad, but did not play","On matchday squad, but did not play","On matchday squad, but did not play","On matchday squad, but did not play","On matchday squad, but did not play","On matchday squad, but did not play","On matchday squad, but did not play","On matchday squad, but did not play","On matchday squad, but did not play","On matchday squad, but did not play","On matchday squad, but did not play","On matchday squad, but did not play","On matchday squad, but did not play","On matchday squad, but did not play","On matchday squad, but did not play","On matchday squad, but did not play","On matchday squad, but did not play","On matchday squad, but did not play","On matchday squad, but did not play","On matchday squad, but did not play","On matchday squad, but did not play","On matchday squad, but did not play","On matchday squad, but did not play","On matchday squad, but did not play","On matchday squad, but did not play","On matchday squad, but did not play","On matchday squad, but did not play","On matchday squad, but did not play","On matchday squad, but did not play","On matchday squad, but did not play","On matchday squad, but did not play","On matchday squad, but did not play","On matchday squad, but did not play","On matchday squad, but did not play","On matchday squad, but did not play","On matchday squad, but did not play","On matchday squad, but did not play","On matchday squad, but did not play","On matchday squad, but did not play","On matchday squad, but did not play","On matchday squad, but did not play","On matchday squad, but did not play","On matchday squad, but did not play","On matchday squad, but did not play","On matchday squad, but did not play","On matchday squad, but did not play","On matchday squad, but did not play","On matchday squad, but did not play","On matchday squad, but did not play","On matchday squad, but did not play","On matchday squad, but did not play","On matchday squad, but did not play","On matchday squad, but did not play","On matchday squad, but did not play","On matchday squad, but did not play","On matchday squad, but did not play",Everton,Beto,ed5c0319
2024-12-22,Sun,Matchweek 17,Home,D 0–0,Everton,Chelsea,N,FW,18,0,0,0,0,0,0,1,0,6,1,0,0,0.0,0.0,0.0,0,0,1,1,100.0,0,2,0,0,0,Match Report,1,1,100.0,31,0,0,0,,0,0,,1,1,100.0,0,0.0,0.0,0,0,0,0,0,1,1,0,0,0,0,0,0,0,0,0,0,1,0,0,0,0,0,0,0,0,0,0,0,0,0,0,0,0,6,0,1,2,3,0,6,0,0,,0,,2,38,0,0,0,0,2,0,3,0,1,0,0,1,0,1,1,100.0,0,0,0,0,0,1,0,0,Everton,Beto,ed5c0319
2024-12-26,Thu,Matchweek 18,Away,D 1–1,Everton,Manchester City,N,"On matchday squad, but did not play","On matchday squad, but did not play","On matchday squad, but did not play","On matchday squad, but did not play","On matchday squad, but did not play","On matchday squad, but did not play","On matchday squad, but did not play","On matchday squad, but did not play","On matchday squad, but did not play","On matchday squad, but did not play","On matchday squad, but did not play","On matchday squad, but did not play","On matchday squad, but did not play","On matchday squad, but did not play","On matchday squad, but did not play","On matchday squad, but did not play","On matchday squad, but did not play","On matchday squad, but did not play","On matchday squad, but did not play","On matchday squad, but did not play","On matchday squad, but did not play","On matchday squad, but did not play","On matchday squad, but did not play","On matchday squad, but did not play","On matchday squad, but did not play","On matchday squad, but did not play","On matchday squad, but did not play",Match Report,"On matchday squad, but did not play","On matchday squad, but did not play","On matchday squad, but did not play","On matchday squad, but did not play","On matchday squad, but did not play","On matchday squad, but did not play","On matchday squad, but did not play","On matchday squad, but did not play","On matchday squad, but did not play","On matchday squad, but did not play","On matchday squad, but did not play","On matchday squad, but did not play","On matchday squad, but did not play","On matchday squad, but did not play","On matchday squad, but did not play","On matchday squad, but did not play","On matchday squad, but did not play","On matchday squad, but did not play","On matchday squad, but did not play","On matchday squad, but did not play","On matchday squad, but did not play","On matchday squad, but did not play","On matchday squad, but did not play","On matchday squad, but did not play","On matchday squad, but did not play","On matchday squad, but did not play","On matchday squad, but did not play","On matchday squad, but did not play","On matchday squad, but did not play","On matchday squad, but did not play","On matchday squad, but did not play","On matchday squad, but did not play","On matchday squad, but did not play","On matchday squad, but did not play","On matchday squad, but did not play","On matchday squad, but did not play","On matchday squad, but did not play","On matchday squad, but did not play","On matchday squad, but did not play","On matchday squad, but did not play","On matchday squad, but did not play","On matchday squad, but did not play","On matchday squad, but did not play","On matchday squad, but did not play","On matchday squad, but did not play","On matchday squad, but did not play","On matchday squad, but did not play","On matchday squad, but did not play","On matchday squad, but did not play","On matchday squad, but did not play","On matchday squad, but did not play","On matchday squad, but did not play","On matchday squad, but did not play","On matchday squad, but did not play","On matchday squad, but did not play","On matchday squad, but did not play","On matchday squad, but did not play","On matchday squad, but did not play","On matchday squad, but did not play","On matchday squad, but did not play","On matchday squad, but did not play","On matchday squad, but did not play","On matchday squad, but did not play","On matchday squad, but did not play","On matchday squad, but did not play","On matchday squad, but did not play","On matchday squad, but did not play","On matchday squad, but did not play","On matchday squad, but did not play","On matchday squad, but did not play","On matchday squad, but did not play","On matchday squad, but did not play","On matchday squad, but did not play","On matchday squad, but did not play","On matchday squad, but did not play","On matchday squad, but did not play","On matchday squad, but did not play","On matchday squad, but did not play","On matchday squad, but did not play","On matchday squad, but did not play","On matchday squad, but did not play","On matchday squad, but did not play","On matchday squad, but did not play","On matchday squad, but did not play","On matchday squad, but did not play","On matchday squad, but did not play","On matchday squad, but did not play","On matchday squad, but did not play","On matchday squad, but did not play",Everton,Beto,ed5c0319
2024-12-29,Sun,Matchweek 19,Home,L 0–2,Everton,Nott'ham Forest,N,FW,16,0,0,0,0,1,1,0,0,6,1,0,0,0.0,0.0,0.0,0,0,1,3,33.3,0,2,0,0,0,Match Report,1,3,33.3,15,7,1,1,100.0,0,2,0.0,0,0,,0,0.0,0.0,0,0,0,0,0,3,2,1,0,0,0,0,0,1,0,0,0,1,0,0,0,0,0,0,0,0,0,0,0,0,0,0,0,0,6,0,1,0,5,2,6,0,0,,0,,2,21,20,0,0,0,1,0,3,2,1,1,1,0,0,0,0,,0,0,0,0,0,1,0,0,Everton,Beto,ed5c0319
2025-01-04,Sat,Matchweek 20,Away,L 0–1,Everton,Bournemouth,N,FW,10,0,0,0,0,0,0,0,0,3,0,0,0,0.0,0.0,0.0,0,0,0,1,0.0,0,3,0,4,3,Match Report,0,1,0.0,0,0,0,0,,0,0,,0,0,,0,0.0,0.0,0,0,0,0,0,1,1,0,0,0,0,1,0,0,0,0,0,0,0,1,0,0,0,0,0,0,0,0,0,0,0,0,0,0,3,0,1,1,1,0,3,4,3,75.0,0,0.0,3,28,7,0,1,0,0,1,3,1,0,0,0,0,0,0,0,,0,0,0,0,0,0,0,0,Everton,Beto,ed5c0319
2025-01-15,Wed,Matchweek 21,Home,L 0–1,Everton,Aston Villa,N,AM,8,0,0,0,0,0,0,0,0,4,0,0,0,0.0,0.0,0.0,0,0,0,2,0.0,0,1,0,0,0,Match Report,0,2,0.0,0,0,0,0,,0,1,0.0,0,0,,0,0.0,0.0,0,0,0,0,0,2,2,0,0,0,0,0,0,0,0,0,0,0,0,0,0,0,0,0,0,0,0,0,0,0,0,0,0,0,4,0,2,1,1,1,4,0,0,,0,,1,22,0,0,0,0,2,1,2,0,0,0,0,0,0,0,0,,0,0,0,0,0,0,0,0,Everton,Beto,ed5c0319
2025-01-19,Sun,Matchweek 22,Home,W 3–2,Everton,Tottenham,N,"On matchday squad, but did not play","On matchday squad, but did not play","On matchday squad, but did not play","On matchday squad, but did not play","On matchday squad, but did not play","On matchday squad, but did not play","On matchday squad, but did not play","On matchday squad, but did not play","On matchday squad, but did not play","On matchday squad, but did not play","On matchday squad, but did not play","On matchday squad, but did not play","On matchday squad, but did not play","On matchday squad, but did not play","On matchday squad, but did not play","On matchday squad, but did not play","On matchday squad, but did not play","On matchday squad, but did not play","On matchday squad, but did not play","On matchday squad, but did not play","On matchday squad, but did not play","On matchday squad, but did not play","On matchday squad, but did not play","On matchday squad, but did not play","On matchday squad, but did not play","On matchday squad, but did not play","On matchday squad, but did not play",Match Report,"On matchday squad, but did not play","On matchday squad, but did not play","On matchday squad, but did not play","On matchday squad, but did not play","On matchday squad, but did not play","On matchday squad, but did not play","On matchday squad, but did not play","On matchday squad, but did not play","On matchday squad, but did not play","On matchday squad, but did not play","On matchday squad, but did not play","On matchday squad, but did not play","On matchday squad, but did not play","On matchday squad, but did not play","On matchday squad, but did not play","On matchday squad, but did not play","On matchday squad, but did not play","On matchday squad, but did not play","On matchday squad, but did not play","On matchday squad, but did not play","On matchday squad, but did not play","On matchday squad, but did not play","On matchday squad, but did not play","On matchday squad, but did not play","On matchday squad, but did not play","On matchday squad, but did not play","On matchday squad, but did not play","On matchday squad, but did not play","On matchday squad, but did not play","On matchday squad, but did not play","On matchday squad, but did not play","On matchday squad, but did not play","On matchday squad, but did not play","On matchday squad, but did not play","On matchday squad, but did not play","On matchday squad, but did not play","On matchday squad, but did not play","On matchday squad, but did not play","On matchday squad, but did not play","On matchday squad, but did not play","On matchday squad, but did not play","On matchday squad, but did not play","On matchday squad, but did not play","On matchday squad, but did not play","On matchday squad, but did not play","On matchday squad, but did not play","On matchday squad, but did not play","On matchday squad, but did not play","On matchday squad, but did not play","On matchday squad, but did not play","On matchday squad, but did not play","On matchday squad, but did not play","On matchday squad, but did not play","On matchday squad, but did not play","On matchday squad, but did not play","On matchday squad, but did not play","On matchday squad, but did not play","On matchday squad, but did not play","On matchday squad, but did not play","On matchday squad, but did not play","On matchday squad, but did not play","On matchday squad, but did not play","On matchday squad, but did not play","On matchday squad, but did not play","On matchday squad, but did not play","On matchday squad, but did not play","On matchday squad, but did not play","On matchday squad, but did not play","On matchday squad, but did not play","On matchday squad, but did not play","On matchday squad, but did not play","On matchday squad, but did not play","On matchday squad, but did not play","On matchday squad, but did not play","On matchday squad, but did not play","On matchday squad, but did not play","On matchday squad, but did not play","On matchday squad, but did not play","On matchday squad, but did not play","On matchday squad, but did not play","On matchday squad, but did not play","On matchday squad, but did not play","On matchday squad, but did not play","On matchday squad, but did not play","On matchday squad, but did not play","On matchday squad, but did not play","On matchday squad, but did not play","On matchday squad, but did not play","On matchday squad, but did not play",Everton,Beto,ed5c0319
2025-01-25,Sat,Matchweek 23,Away,W 1–0,Everton,Brighton,N,FW,78,0,0,0,0,1,0,0,0,25,1,0,1,0.0,0.0,0.0,1,0,7,12,58.3,1,14,2,5,2,Match Report,7,12,58.3,101,7,4,7,57.1,3,4,75.0,0,0,,0,0.0,0.0,0,1,0,0,1,12,12,0,0,0,0,0,0,0,0,0,0,7,0,0,1,1,0,0,0,0,0,0,0,0,0,0,0,0,25,1,3,13,9,3,25,5,2,40.0,3,60.0,14,67,40,2,0,1,4,1,18,5,1,1,0,0,1,0,0,,0,1,0,1,0,1,1,0,Everton,Beto,ed5c0319
2025-02-01,Sat,Matchweek 24,Home,W 4–0,Everton,Leicester City,Y,FW,87,2,0,0,0,2,2,0,0,31,2,0,2,0.6,0.6,0.0,0,0,14,20,70.0,1,21,2,0,0,Match Report,14,20,70.0,143,28,12,14,85.7,1,3,33.3,0,0,,0,0.0,0.0,0,1,0,0,1,20,20,0,0,1,0,0,0,0,0,0,0,14,0,1,0,0,0,0,0,0,0,0,0,0,0,0,0,0,31,2,3,12,16,6,31,0,0,,0,,21,76,37,2,0,1,3,3,23,2,2,1,0,0,2,0,0,,0,2,1,1,0,2,1,0,Everton,Beto,ed5c0319
2025-02-12,Wed,Matchweek 15,Home,D 2–2,Everton,Liverpool,Y,FW,90,1,0,0,0,4,2,0,0,30,0,0,0,0.6,0.6,0.1,2,0,14,20,70.0,0,25,0,0,0,Match Report,14,20,70.0,211,15,8,11,72.7,5,5,100.0,1,1,100.0,0,0.1,0.0,2,1,0,0,0,20,20,0,0,0,0,0,0,0,0,0,0,14,0,2,2,2,0,0,0,0,0,0,0,0,0,0,0,0,30,0,2,13,16,2,30,0,0,,0,,25,134,25,0,0,0,5,3,26,3,0,0,0,0,0,0,0,,0,0,0,0,0,0,0,0,Everton,Beto,ed5c0319
2025-02-15,Sat,Matchweek 25,Away,W 2–1,Everton,Crystal Palace,Y,FW,90,1,0,0,0,3,2,0,0,48,0,1,0,0.5,0.5,0.1,3,0,16,29,55.2,2,20,1,6,3,Match Report,16,29,55.2,212,48,10,17,58.8,5,9,55.6,1,1,100.0,0,0.1,0.0,2,1,1,0,2,29,29,0,0,0,0,1,0,0,0,0,0,16,0,0,3,3,0,0,0,0,0,0,0,0,0,0,0,0,48,3,4,23,22,6,48,6,3,50.0,3,50.0,20,101,44,1,0,0,5,3,33,7,0,0,0,0,0,0,0,,0,0,0,0,1,1,3,0,Everton,Beto,ed5c0319
2025-02-22,Sat,Matchweek 26,Home,D 2–2,Everton,Manchester Utd,Y,FW,90,1,0,0,0,3,3,0,0,33,1,0,0,0.4,0.4,0.4,1,0,10,14,71.4,0,21,1,3,0,Match Report,10,14,71.4,162,28,6,7,85.7,3,5,60.0,1,1,100.0,0,0.4,0.1,1,0,0,0,0,14,14,0,0,0,0,0,0,0,0,0,0,10,0,1,1,1,0,0,0,0,0,0,0,0,0,0,0,0,33,5,5,9,19,6,33,3,0,0.0,3,100.0,21,82,17,1,1,1,1,4,25,7,1,1,1,0,0,1,1,100.0,0,0,0,0,0,1,3,0,Everton,Beto,ed5c0319
2025-02-26,Wed,Matchweek 27,Away,D 1–1,Everton,Brentford,Y,FW,90,0,0,0,0,3,2,0,0,27,2,0,0,0.8,0.8,0.0,1,0,11,17,64.7,0,9,1,2,1,Match Report,11,17,64.7,114,0,4,8,50.0,3,3,100.0,0,0,,0,0.0,0.0,0,0,0,0,0,17,17,0,0,0,0,0,0,0,0,0,0,11,0,1,1,0,0,0,1,0,0,0,0,0,0,0,0,0,27,1,2,16,9,4,27,2,1,50.0,1,50.0,9,54,31,1,1,2,3,0,19,5,2,1,0,2,0,2,2,100.0,0,0,0,0,0,2,1,0,Everton,Beto,ed5c0319
2025-03-08,Sat,Matchweek 28,Away,D 1–1,Everton,Wolves,Y,FW,90,0,0,0,0,2,2,0,0,23,1,0,0,0.7,0.7,0.1,0,0,3,9,33.3,0,11,0,0,0,Match Report,3,9,33.3,28,2,2,6,33.3,0,0,,0,0,,0,0.1,0.0,1,0,0,0,0,9,9,0,0,0,0,0,0,0,0,0,0,3,0,1,0,0,0,0,0,0,0,0,0,0,0,0,0,0,23,1,2,11,10,3,23,0,0,,0,,11,33,1,0,0,0,7,1,16,2,1,0,0,1,0,0,1,0.0,1,0,0,0,0,1,1,0,Everton,Beto,ed5c0319
2025-03-15,Sat,Matchweek 29,Home,D 1–1,Everton,West Ham,Y,FW,78,0,0,0,0,3,0,0,0,29,0,1,0,0.1,0.1,0.0,1,0,10,13,76.9,2,20,0,1,1,Match Report,10,13,76.9,127,5,7,8,87.5,3,4,75.0,0,0,,0,0.0,0.0,0,0,1,0,2,13,13,0,0,0,0,0,0,0,0,0,0,10,0,0,1,1,0,0,0,0,0,0,0,0,0,0,0,0,29,1,1,14,14,7,29,1,1,100.0,0,0.0,20,52,15,0,0,0,4,5,24,4,0,0,0,0,0,0,0,,0,0,0,0,1,1,1,0,Everton,Beto,ed5c0319
2025-04-02,Wed,Matchweek 30,Away,L 0–1,Everton,Liverpool,Y,FW,78,0,0,0,0,1,0,1,0,24,0,1,1,0.6,0.6,0.0,3,0,5,14,35.7,1,8,2,1,1,Match Report,5,14,35.7,99,6,1,3,33.3,4,9,44.4,0,1,0.0,0,0.0,0.0,1,0,0,0,1,14,14,0,0,0,0,0,0,0,0,0,0,5,0,0,3,2,0,1,0,0,0,0,0,0,0,0,0,0,24,2,4,13,9,1,24,1,1,100.0,0,0.0,8,63,49,2,2,1,2,2,12,2,0,0,0,0,0,0,0,,0,1,0,1,1,1,2,0,Everton,Beto,ed5c0319
2025-04-05,Sat,Matchweek 31,Home,D 1–1,Everton,Arsenal,Y,FW,64,0,0,0,0,0,0,0,0,16,1,0,0,0.0,0.0,0.0,0,0,6,11,54.5,0,7,0,1,1,Match Report,6,11,54.5,48,4,3,3,100.0,0,3,0.0,0,0,,0,0.0,0.0,0,0,0,0,0,11,11,0,0,0,0,0,0,0,0,0,0,6,0,1,0,0,0,0,0,0,0,0,0,0,0,0,0,0,16,1,5,5,6,5,16,1,1,100.0,0,0.0,7,28,8,0,0,1,0,2,8,2,1,1,0,1,0,1,1,100.0,0,0,0,0,0,1,2,0,Everton,Beto,ed5c0319
2025-04-12,Sat,Matchweek 32,Away,W 1–0,Everton,Nott'ham Forest,N,FW,27,0,0,0,0,0,0,0,0,11,0,0,0,0.0,0.0,0.1,1,0,3,7,42.9,1,5,0,0,0,Match Report,3,7,42.9,49,15,2,2,100.0,0,2,0.0,1,1,100.0,0,0.1,0.0,1,1,0,0,1,7,7,0,0,0,0,0,0,0,0,0,0,3,0,2,1,1,0,0,0,0,0,0,0,0,0,0,0,0,11,0,0,6,5,2,11,0,0,,0,,5,12,3,0,0,1,2,0,9,4,0,0,0,0,0,0,0,,0,0,0,0,0,0,0,0,Everton,Beto,ed5c0319
2025-04-19,Sat,Matchweek 33,Home,L 0–2,Everton,Manchester City,N,FW,28,0,0,0,0,1,0,0,0,9,1,0,1,0.0,0.0,0.0,0,0,1,3,33.3,0,1,0,0,0,Match Report,1,3,33.3,24,12,0,1,0.0,1,2,50.0,0,0,,0,0.0,0.0,0,0,1,1,0,3,3,0,0,0,0,1,0,0,0,0,0,1,0,0,0,0,0,0,0,0,0,0,0,0,0,0,0,0,9,0,0,7,2,1,9,0,0,,0,,1,3,3,0,0,0,2,0,4,0,1,0,0,1,0,0,0,,0,1,0,1,0,1,0,0,Everton,Beto,ed5c0319
2025-04-26,Sat,Matchweek 34,Away,L 0–1,Everton,Chelsea,Y,FW,63,0,0,0,0,1,1,0,0,18,0,0,1,0.0,0.0,0.0,0,0,4,8,50.0,0,8,0,2,1,Match Report,4,8,50.0,56,0,2,3,66.7,2,5,40.0,0,0,,0,0.0,0.0,0,0,0,0,0,8,8,0,0,0,0,0,0,0,0,0,0,4,0,0,0,0,0,0,0,0,0,0,0,0,0,0,0,0,18,1,2,10,6,1,18,2,1,50.0,1,50.0,8,24,5,0,1,0,3,3,15,4,0,0,0,0,0,0,1,0.0,1,1,0,1,0,0,1,1,Everton,Beto,ed5c0319
2025-05-03,Sat,Matchweek 35,Home,D 2–2,Everton,Ipswich Town,Y,FW,76,1,0,0,0,5,2,0,0,26,1,0,1,0.4,0.4,0.0,0,0,8,12,66.7,1,11,0,0,0,Match Report,8,12,66.7,83,8,6,9,66.7,2,2,100.0,0,0,,0,0.0,0.0,0,0,1,0,1,12,11,1,0,0,0,0,0,0,0,0,0,8,0,0,0,0,0,0,0,0,0,0,0,0,0,0,0,0,26,1,2,6,19,7,26,0,0,,0,,11,12,3,0,0,0,6,1,18,4,1,0,0,1,0,0,0,,0,1,0,1,0,1,1,0,Everton,Beto,ed5c0319
2025-05-10,Sat,Matchweek 36,Away,W 3–1,Everton,Fulham,Y,FW,89,1,0,0,0,3,2,0,0,35,0,0,2,0.4,0.4,0.1,3,1,8,17,47.1,2,17,0,1,0,Match Report,8,17,47.1,103,24,6,9,66.7,2,6,33.3,0,0,,0,0.1,0.0,1,1,1,0,2,17,17,0,0,0,0,1,0,0,0,0,0,8,0,2,3,2,0,0,1,0,0,1,1,0,0,0,0,0,35,2,3,13,19,7,35,1,0,0.0,0,0.0,17,42,6,0,1,0,7,1,26,6,0,0,0,0,0,0,0,,0,2,0,2,0,0,2,0,Everton,Beto,ed5c0319
2025-05-18,Sun,Matchweek 37,Home,W 2–0,Everton,Southampton,Y,FW,90,0,0,0,0,3,1,0,0,27,0,1,1,1.0,1.0,0.2,3,0,14,18,77.8,4,18,3,3,2,Match Report,14,18,77.8,200,55,7,9,77.8,7,7,100.0,0,1,0.0,0,0.2,0.1,1,1,3,0,4,18,18,0,0,0,1,0,0,0,0,0,0,14,0,1,3,1,0,0,1,1,0,0,0,0,0,0,0,0,27,3,3,13,11,4,27,3,2,66.7,1,33.3,18,111,76,3,2,0,1,1,17,4,0,0,0,0,0,0,0,,0,1,0,1,1,1,2,0,Everton,Beto,ed5c0319
2025-05-25,Sun,Matchweek 38,Away,W 1–0,Everton,Newcastle Utd,Y,FW,87,0,0,0,0,3,0,0,0,29,0,0,1,0.2,0.2,0.1,3,0,10,16,62.5,0,11,0,2,0,Match Report,10,16,62.5,81,18,5,10,50.0,1,2,50.0,0,0,,0,0.1,0.0,2,0,0,0,0,16,16,0,0,0,0,0,0,0,0,0,0,10,0,0,3,2,0,0,0,1,0,0,0,0,0,0,0,0,29,2,2,19,8,3,29,2,0,0.0,2,100.0,11,47,6,0,0,0,4,2,26,1,0,0,0,0,0,0,0,,0,1,1,0,0,0,1,0,Everton,Beto,ed5c0319
2024-08-17,Sat,Matchweek 1,Home,L 0–3,Everton,Brighton,Y,"LW,RB,RW",90.0,0.0,0.0,0.0,0.0,0.0,0.0,0.0,0.0,37.0,2.0,2.0,0.0,0.0,0.0,0.0,1.0,0.0,24.0,32.0,75.0,1.0,22.0,0.0,0.0,0.0,Match Report,24.0,32.0,75.0,404.0,113.0,10.0,11.0,90.9,9.0,11.0,81.8,3.0,8.0,37.5,0.0,0.0,0.2,1.0,0.0,0.0,0.0,1.0,32.0,28.0,4.0,1.0,0.0,2.0,5.0,2.0,1.0,0.0,1.0,0.0,24.0,0.0,0.0,1.0,0.0,1.0,0.0,0.0,0.0,0.0,0.0,0.0,0.0,0.0,0.0,0.0,0.0,37.0,2.0,5.0,21.0,11.0,0.0,37.0,0.0,0.0,,0.0,,22.0,83.0,0.0,0.0,0.0,0.0,0.0,1.0,23.0,5.0,2.0,1.0,1.0,1.0,0.0,2.0,3.0,66.7,1.0,0.0,0.0,0.0,2.0,4.0,1.0,0.0,Everton,Dwight-McNeil,fc15fb84
2024-08-24,Sat,Matchweek 2,Away,L 0–4,Everton,Tottenham,Y,"LW,AM",90.0,0.0,0.0,0.0,0.0,1.0,0.0,0.0,0.0,49.0,1.0,1.0,1.0,0.0,0.0,0.6,9.0,0.0,33.0,44.0,75.0,6.0,32.0,1.0,3.0,2.0,Match Report,33.0,44.0,75.0,701.0,279.0,10.0,13.0,76.9,18.0,20.0,90.0,5.0,7.0,71.4,0.0,0.6,0.6,6.0,4.0,3.0,2.0,6.0,44.0,36.0,8.0,3.0,1.0,0.0,10.0,1.0,4.0,3.0,1.0,0.0,33.0,0.0,3.0,9.0,3.0,4.0,1.0,1.0,0.0,0.0,0.0,0.0,0.0,0.0,0.0,0.0,0.0,49.0,0.0,6.0,24.0,20.0,3.0,49.0,3.0,2.0,66.7,1.0,33.3,32.0,220.0,58.0,1.0,0.0,0.0,1.0,0.0,28.0,3.0,1.0,1.0,1.0,0.0,0.0,1.0,3.0,33.3,2.0,1.0,0.0,1.0,1.0,2.0,0.0,0.0,Everton,Dwight-McNeil,fc15fb84
2024-08-31,Sat,Matchweek 3,Home,L 2–3,Everton,Bournemouth,Y,"AM,LW",90.0,0.0,1.0,0.0,0.0,2.0,1.0,0.0,0.0,55.0,0.0,0.0,0.0,0.1,0.1,0.8,8.0,1.0,33.0,49.0,67.3,6.0,29.0,0.0,2.0,2.0,Match Report,33.0,49.0,67.3,624.0,234.0,18.0,22.0,81.8,9.0,13.0,69.2,6.0,12.0,50.0,1.0,0.8,0.8,6.0,0.0,3.0,0.0,6.0,49.0,37.0,12.0,3.0,1.0,0.0,12.0,0.0,8.0,5.0,0.0,2.0,33.0,0.0,2.0,8.0,4.0,4.0,0.0,0.0,0.0,0.0,1.0,1.0,0.0,0.0,0.0,0.0,0.0,55.0,0.0,5.0,15.0,35.0,3.0,55.0,2.0,2.0,100.0,0.0,0.0,29.0,125.0,28.0,0.0,2.0,0.0,2.0,3.0,35.0,7.0,0.0,0.0,0.0,0.0,0.0,0.0,0.0,,0.0,0.0,0.0,0.0,0.0,0.0,0.0,0.0,Everton,Dwight-McNeil,fc15fb84
2024-09-14,Sat,Matchweek 4,Away,L 2–3,Everton,Aston Villa,Y,"AM,RM,LM",90.0,1.0,1.0,0.0,0.0,1.0,1.0,0.0,0.0,38.0,1.0,0.0,1.0,0.0,0.0,0.8,5.0,2.0,21.0,32.0,65.6,3.0,22.0,2.0,1.0,0.0,Match Report,21.0,32.0,65.6,548.0,211.0,7.0,10.0,70.0,6.0,8.0,75.0,8.0,11.0,72.7,1.0,0.8,0.7,3.0,2.0,2.0,1.0,3.0,32.0,24.0,8.0,3.0,1.0,0.0,8.0,0.0,2.0,0.0,0.0,2.0,21.0,0.0,2.0,5.0,3.0,1.0,0.0,0.0,0.0,1.0,2.0,0.0,1.0,0.0,0.0,0.0,1.0,38.0,0.0,3.0,22.0,14.0,0.0,38.0,1.0,0.0,0.0,1.0,100.0,22.0,114.0,57.0,2.0,0.0,0.0,1.0,1.0,27.0,6.0,1.0,1.0,0.0,1.0,0.0,0.0,0.0,,0.0,1.0,0.0,1.0,0.0,1.0,0.0,0.0,Everton,Dwight-McNeil,fc15fb84
2024-09-21,Sat,Matchweek 5,Away,D 1–1,Everton,Leicester City,Y,AM,90.0,0.0,0.0,0.0,0.0,4.0,1.0,0.0,0.0,55.0,1.0,0.0,1.0,0.1,0.1,0.1,4.0,0.0,33.0,44.0,75.0,8.0,32.0,6.0,6.0,2.0,Match Report,33.0,44.0,75.0,598.0,207.0,16.0,17.0,94.1,14.0,15.0,93.3,3.0,7.0,42.9,0.0,0.1,0.3,3.0,6.0,3.0,0.0,8.0,44.0,37.0,5.0,2.0,2.0,1.0,6.0,0.0,1.0,1.0,0.0,0.0,33.0,2.0,2.0,4.0,3.0,1.0,0.0,0.0,0.0,0.0,0.0,0.0,0.0,0.0,0.0,0.0,0.0,55.0,0.0,5.0,25.0,26.0,3.0,55.0,6.0,2.0,33.3,3.0,50.0,32.0,264.0,138.0,6.0,1.0,1.0,0.0,1.0,41.0,2.0,1.0,1.0,1.0,0.0,0.0,0.0,1.0,0.0,1.0,1.0,0.0,1.0,0.0,1.0,0.0,0.0,Everton,Dwight-McNeil,fc15fb84
2024-09-28,Sat,Matchweek 6,Home,W 2–1,Everton,Crystal Palace,Y,AM,82.0,2.0,0.0,0.0,0.0,3.0,2.0,0.0,0.0,45.0,1.0,0.0,0.0,0.3,0.3,0.1,1.0,0.0,22.0,32.0,68.8,4.0,25.0,1.0,3.0,1.0,Match Report,22.0,32.0,68.8,472.0,219.0,6.0,7.0,85.7,9.0,13.0,69.2,5.0,8.0,62.5,0.0,0.1,0.2,1.0,1.0,2.0,0.0,4.0,32.0,25.0,7.0,4.0,1.0,0.0,6.0,0.0,1.0,1.0,0.0,0.0,22.0,0.0,1.0,1.0,0.0,1.0,0.0,0.0,0.0,0.0,0.0,0.0,0.0,0.0,0.0,0.0,0.0,45.0,0.0,3.0,22.0,20.0,3.0,45.0,3.0,1.0,33.3,2.0,66.7,25.0,94.0,31.0,1.0,2.0,0.0,5.0,3.0,32.0,7.0,1.0,0.0,0.0,1.0,0.0,0.0,0.0,,0.0,0.0,0.0,0.0,0.0,1.0,0.0,0.0,Everton,Dwight-McNeil,fc15fb84
2024-10-05,Sat,Matchweek 7,Home,D 0–0,Everton,Newcastle Utd,Y,"AM,RW",90.0,0.0,0.0,0.0,0.0,2.0,0.0,1.0,0.0,34.0,0.0,1.0,1.0,0.0,0.0,0.1,3.0,0.0,17.0,21.0,81.0,5.0,25.0,2.0,3.0,2.0,Match Report,17.0,21.0,81.0,259.0,79.0,10.0,13.0,76.9,5.0,6.0,83.3,2.0,2.0,100.0,0.0,0.1,0.1,2.0,3.0,2.0,0.0,5.0,21.0,20.0,1.0,0.0,0.0,0.0,1.0,0.0,0.0,0.0,0.0,0.0,17.0,0.0,1.0,3.0,2.0,0.0,1.0,0.0,0.0,0.0,0.0,0.0,0.0,0.0,0.0,0.0,0.0,34.0,0.0,3.0,13.0,18.0,1.0,34.0,3.0,2.0,66.7,1.0,33.3,25.0,156.0,77.0,2.0,2.0,0.0,4.0,3.0,21.0,3.0,0.0,0.0,0.0,0.0,0.0,0.0,0.0,,0.0,1.0,0.0,1.0,1.0,1.0,0.0,0.0,Everton,Dwight-McNeil,fc15fb84
2024-10-19,Sat,Matchweek 8,Away,W 2–0,Everton,Ipswich Town,Y,"AM,LW",90.0,0.0,1.0,0.0,0.0,2.0,1.0,0.0,0.0,57.0,1.0,0.0,0.0,0.1,0.1,0.1,6.0,3.0,40.0,50.0,80.0,6.0,33.0,4.0,1.0,1.0,Match Report,40.0,50.0,80.0,648.0,242.0,24.0,25.0,96.0,11.0,14.0,78.6,5.0,10.0,50.0,1.0,0.1,0.2,2.0,2.0,5.0,1.0,6.0,50.0,40.0,10.0,2.0,0.0,1.0,7.0,0.0,7.0,3.0,2.0,0.0,40.0,0.0,1.0,6.0,4.0,1.0,1.0,0.0,0.0,0.0,3.0,2.0,0.0,1.0,0.0,0.0,0.0,57.0,0.0,11.0,18.0,29.0,1.0,57.0,1.0,1.0,100.0,0.0,0.0,33.0,189.0,88.0,4.0,3.0,1.0,2.0,3.0,35.0,5.0,1.0,0.0,1.0,0.0,0.0,1.0,1.0,100.0,0.0,0.0,0.0,0.0,0.0,1.0,0.0,0.0,Everton,Dwight-McNeil,fc15fb84
2024-10-26,Sat,Matchweek 9,Home,D 1–1,Everton,Fulham,Y,AM,85.0,0.0,0.0,0.0,0.0,1.0,1.0,0.0,0.0,39.0,0.0,1.0,0.0,0.1,0.1,0.0,3.0,0.0,26.0,35.0,74.3,4.0,21.0,1.0,3.0,2.0,Match Report,26.0,35.0,74.3,547.0,161.0,7.0,9.0,77.8,11.0,15.0,73.3,6.0,8.0,75.0,0.0,0.0,0.1,0.0,1.0,4.0,1.0,4.0,35.0,28.0,7.0,2.0,0.0,0.0,6.0,0.0,3.0,2.0,0.0,0.0,26.0,0.0,0.0,3.0,2.0,1.0,0.0,0.0,0.0,0.0,0.0,0.0,0.0,0.0,0.0,0.0,0.0,39.0,0.0,2.0,18.0,19.0,1.0,39.0,3.0,2.0,66.7,1.0,33.3,21.0,86.0,21.0,1.0,2.0,0.0,2.0,2.0,31.0,4.0,0.0,0.0,0.0,0.0,0.0,0.0,1.0,0.0,1.0,0.0,0.0,0.0,1.0,1.0,0.0,0.0,Everton,Dwight-McNeil,fc15fb84
2024-11-02,Sat,Matchweek 10,Away,L 0–1,Everton,Southampton,Y,"AM,LW,LM",90.0,0.0,0.0,0.0,0.0,0.0,0.0,0.0,0.0,39.0,1.0,0.0,1.0,0.0,0.0,0.3,4.0,0.0,21.0,32.0,65.6,2.0,22.0,3.0,6.0,4.0,Match Report,21.0,32.0,65.6,426.0,174.0,8.0,8.0,100.0,9.0,12.0,75.0,4.0,12.0,33.3,0.0,0.3,0.1,2.0,1.0,1.0,1.0,2.0,32.0,25.0,7.0,4.0,0.0,1.0,4.0,0.0,3.0,3.0,0.0,0.0,21.0,0.0,0.0,4.0,1.0,1.0,1.0,0.0,1.0,0.0,0.0,0.0,0.0,0.0,0.0,0.0,0.0,39.0,0.0,5.0,16.0,21.0,1.0,39.0,6.0,4.0,66.7,2.0,33.3,22.0,198.0,80.0,3.0,4.0,0.0,1.0,1.0,26.0,2.0,1.0,0.0,1.0,0.0,0.0,1.0,3.0,33.3,2.0,1.0,0.0,1.0,0.0,1.0,0.0,0.0,Everton,Dwight-McNeil,fc15fb84
2024-11-23,Sat,Matchweek 12,Home,D 0–0,Everton,Brentford,Y,"AM,LW",90.0,0.0,0.0,0.0,0.0,5.0,1.0,0.0,0.0,76.0,0.0,0.0,0.0,0.2,0.2,0.1,9.0,0.0,51.0,62.0,82.3,7.0,49.0,6.0,5.0,2.0,Match Report,51.0,62.0,82.3,1116.0,347.0,21.0,22.0,95.5,17.0,18.0,94.4,13.0,21.0,61.9,0.0,0.1,0.2,3.0,4.0,5.0,4.0,7.0,62.0,54.0,8.0,1.0,0.0,0.0,16.0,1.0,5.0,5.0,0.0,0.0,51.0,0.0,1.0,9.0,8.0,1.0,0.0,0.0,0.0,0.0,0.0,0.0,0.0,0.0,0.0,0.0,0.0,76.0,0.0,4.0,24.0,50.0,1.0,76.0,5.0,2.0,40.0,3.0,60.0,49.0,360.0,209.0,6.0,6.0,1.0,2.0,3.0,54.0,10.0,0.0,0.0,0.0,0.0,0.0,0.0,1.0,0.0,1.0,0.0,0.0,0.0,0.0,0.0,0.0,0.0,Everton,Dwight-McNeil,fc15fb84
2024-12-01,Sun,Matchweek 13,Away,L 0–4,Everton,Manchester Utd,Y,AM,90.0,0.0,0.0,0.0,0.0,0.0,0.0,0.0,0.0,55.0,2.0,0.0,2.0,0.0,0.0,0.1,3.0,0.0,37.0,45.0,82.2,6.0,30.0,1.0,2.0,1.0,Match Report,37.0,45.0,82.2,540.0,126.0,20.0,22.0,90.9,16.0,18.0,88.9,0.0,3.0,0.0,0.0,0.1,0.3,1.0,7.0,1.0,0.0,6.0,45.0,37.0,7.0,1.0,1.0,0.0,5.0,0.0,2.0,1.0,1.0,0.0,37.0,1.0,0.0,3.0,2.0,0.0,0.0,0.0,1.0,0.0,0.0,0.0,0.0,0.0,0.0,0.0,0.0,55.0,0.0,5.0,32.0,21.0,1.0,55.0,2.0,1.0,50.0,1.0,50.0,30.0,182.0,48.0,1.0,4.0,1.0,2.0,0.0,32.0,7.0,2.0,2.0,0.0,0.0,2.0,2.0,3.0,66.7,1.0,2.0,0.0,2.0,0.0,2.0,0.0,1.0,Everton,Dwight-McNeil,fc15fb84
2024-12-04,Wed,Matchweek 14,Home,W 4–0,Everton,Wolves,Y,LW,73.0,0.0,0.0,0.0,0.0,2.0,0.0,0.0,0.0,40.0,0.0,0.0,0.0,0.1,0.1,0.3,4.0,0.0,19.0,36.0,52.8,2.0,18.0,4.0,2.0,1.0,Match Report,19.0,36.0,52.8,283.0,71.0,13.0,18.0,72.2,2.0,4.0,50.0,3.0,9.0,33.3,0.0,0.3,0.1,2.0,2.0,1.0,0.0,2.0,36.0,31.0,4.0,2.0,0.0,0.0,5.0,0.0,2.0,2.0,0.0,0.0,19.0,1.0,2.0,4.0,1.0,2.0,0.0,1.0,0.0,0.0,0.0,0.0,0.0,0.0,0.0,0.0,0.0,40.0,0.0,4.0,17.0,21.0,0.0,40.0,2.0,1.0,50.0,1.0,50.0,18.0,156.0,96.0,4.0,2.0,0.0,0.0,3.0,32.0,4.0,0.0,0.0,0.0,0.0,0.0,0.0,0.0,,0.0,0.0,0.0,0.0,0.0,0.0,0.0,0.0,Everton,Dwight-McNeil,fc15fb84
2025-04-05,Sat,Matchweek 31,Home,D 1–1,Everton,Arsenal,N,LW,4.0,0.0,0.0,0.0,0.0,0.0,0.0,0.0,0.0,0.0,0.0,0.0,0.0,0.0,0.0,0.0,0.0,0.0,0.0,0.0,,0.0,0.0,0.0,0.0,0.0,Match Report,0.0,0.0,,0.0,0.0,0.0,0.0,,0.0,0.0,,0.0,0.0,,0.0,0.0,0.0,0.0,0.0,0.0,0.0,0.0,0.0,0.0,0.0,0.0,0.0,0.0,0.0,0.0,0.0,0.0,0.0,0.0,0.0,0.0,0.0,0.0,0.0,0.0,0.0,0.0,0.0,0.0,0.0,0.0,0.0,0.0,0.0,0.0,0.0,0.0,0.0,0.0,0.0,0.0,0.0,0.0,0.0,0.0,,0.0,,0.0,0.0,0.0,0.0,0.0,0.0,0.0,0.0,0.0,0.0,0.0,0.0,0.0,0.0,0.0,0.0,0.0,,0.0,0.0,0.0,0.0,0.0,0.0,0.0,0.0,Everton,Dwight-McNeil,fc15fb84
2025-04-12,Sat,Matchweek 32,Away,W 1–0,Everton,Nott'ham Forest,N,RW,1.0,0.0,1.0,0.0,0.0,0.0,0.0,0.0,0.0,2.0,1.0,0.0,0.0,0.0,0.0,0.3,1.0,1.0,1.0,1.0,100.0,1.0,1.0,1.0,0.0,0.0,Match Report,1.0,1.0,100.0,31.0,21.0,0.0,0.0,,0.0,0.0,,1.0,1.0,100.0,1.0,0.3,0.0,1.0,0.0,1.0,0.0,1.0,1.0,1.0,0.0,0.0,0.0,0.0,0.0,0.0,0.0,0.0,0.0,0.0,1.0,0.0,0.0,1.0,1.0,0.0,0.0,0.0,0.0,0.0,1.0,1.0,0.0,0.0,0.0,0.0,0.0,2.0,0.0,0.0,2.0,1.0,0.0,2.0,0.0,0.0,,0.0,,1.0,28.0,26.0,1.0,1.0,0.0,0.0,0.0,0.0,0.0,1.0,0.0,0.0,1.0,0.0,1.0,1.0,100.0,0.0,0.0,0.0,0.0,0.0,1.0,0.0,0.0,Everton,Dwight-McNeil,fc15fb84
2025-04-19,Sat,Matchweek 33,Home,L 0–2,Everton,Manchester City,N,RW,12.0,0.0,0.0,0.0,0.0,0.0,0.0,0.0,0.0,4.0,0.0,0.0,0.0,0.0,0.0,0.0,0.0,0.0,0.0,2.0,0.0,0.0,1.0,0.0,1.0,1.0,Match Report,0.0,2.0,0.0,0.0,0.0,0.0,1.0,0.0,0.0,0.0,,0.0,0.0,,0.0,0.0,0.0,0.0,0.0,0.0,0.0,0.0,2.0,2.0,0.0,0.0,0.0,0.0,0.0,0.0,0.0,0.0,0.0,0.0,0.0,0.0,1.0,0.0,0.0,0.0,0.0,0.0,0.0,0.0,0.0,0.0,0.0,0.0,0.0,0.0,0.0,4.0,1.0,3.0,0.0,1.0,1.0,4.0,1.0,1.0,100.0,0.0,0.0,1.0,5.0,0.0,0.0,0.0,0.0,0.0,1.0,2.0,1.0,0.0,0.0,0.0,0.0,0.0,0.0,2.0,0.0,2.0,0.0,0.0,0.0,0.0,0.0,0.0,0.0,Everton,Dwight-McNeil,fc15fb84
2025-04-26,Sat,Matchweek 34,Away,L 0–1,Everton,Chelsea,N,RW,28.0,0.0,0.0,0.0,0.0,1.0,1.0,0.0,0.0,20.0,0.0,0.0,0.0,0.2,0.2,0.0,1.0,0.0,12.0,17.0,70.6,0.0,12.0,0.0,0.0,0.0,Match Report,12.0,17.0,70.6,128.0,29.0,11.0,12.0,91.7,1.0,2.0,50.0,0.0,2.0,0.0,0.0,0.0,0.0,0.0,2.0,0.0,0.0,0.0,17.0,15.0,2.0,1.0,0.0,0.0,1.0,1.0,0.0,0.0,0.0,0.0,12.0,0.0,0.0,1.0,1.0,0.0,0.0,0.0,0.0,0.0,0.0,0.0,0.0,0.0,0.0,0.0,0.0,20.0,0.0,1.0,11.0,8.0,3.0,20.0,0.0,0.0,,0.0,,12.0,78.0,13.0,0.0,0.0,0.0,0.0,3.0,16.0,2.0,0.0,0.0,0.0,0.0,0.0,0.0,0.0,,0.0,0.0,0.0,0.0,0.0,0.0,0.0,0.0,Everton,Dwight-McNeil,fc15fb84
2025-05-03,Sat,Matchweek 35,Home,D 2–2,Everton,Ipswich Town,Y,RW,77.0,1.0,0.0,0.0,0.0,1.0,1.0,0.0,0.0,43.0,0.0,0.0,0.0,0.0,0.0,0.0,1.0,0.0,30.0,36.0,83.3,2.0,32.0,3.0,2.0,0.0,Match Report,30.0,36.0,83.3,470.0,55.0,14.0,15.0,93.3,11.0,12.0,91.7,3.0,7.0,42.9,0.0,0.0,0.0,0.0,3.0,0.0,0.0,2.0,36.0,34.0,2.0,0.0,0.0,0.0,5.0,0.0,2.0,2.0,0.0,0.0,30.0,0.0,0.0,1.0,0.0,1.0,0.0,0.0,0.0,0.0,0.0,0.0,0.0,0.0,0.0,0.0,0.0,43.0,1.0,2.0,18.0,24.0,2.0,43.0,2.0,0.0,0.0,2.0,100.0,32.0,135.0,71.0,3.0,1.0,1.0,2.0,1.0,33.0,6.0,0.0,0.0,0.0,0.0,0.0,0.0,0.0,,0.0,0.0,0.0,0.0,0.0,0.0,1.0,0.0,Everton,Dwight-McNeil,fc15fb84
2025-05-10,Sat,Matchweek 36,Away,W 3–1,Everton,Fulham,N,"RW,RM",30.0,0.0,1.0,0.0,0.0,0.0,0.0,0.0,0.0,17.0,1.0,0.0,0.0,0.0,0.0,0.2,1.0,1.0,11.0,14.0,78.6,1.0,13.0,2.0,1.0,1.0,Match Report,11.0,14.0,78.6,192.0,88.0,5.0,6.0,83.3,5.0,7.0,71.4,1.0,1.0,100.0,1.0,0.2,0.1,1.0,0.0,1.0,0.0,1.0,14.0,13.0,1.0,0.0,0.0,0.0,1.0,0.0,1.0,1.0,0.0,0.0,11.0,0.0,0.0,1.0,0.0,1.0,0.0,0.0,0.0,0.0,1.0,0.0,1.0,0.0,0.0,0.0,0.0,17.0,1.0,3.0,9.0,7.0,0.0,17.0,1.0,1.0,100.0,0.0,0.0,13.0,63.0,45.0,2.0,1.0,0.0,1.0,0.0,12.0,2.0,1.0,1.0,0.0,1.0,0.0,1.0,1.0,100.0,0.0,0.0,0.0,0.0,0.0,1.0,0.0,0.0,Everton,Dwight-McNeil,fc15fb84
2025-05-18,Sun,Matchweek 37,Home,W 2–0,Everton,Southampton,Y,RW,64.0,0.0,1.0,0.0,0.0,0.0,0.0,0.0,0.0,36.0,0.0,1.0,0.0,0.0,0.0,0.9,7.0,2.0,25.0,30.0,83.3,3.0,20.0,1.0,4.0,2.0,Match Report,25.0,30.0,83.3,447.0,106.0,12.0,12.0,100.0,10.0,10.0,100.0,2.0,7.0,28.6,1.0,0.9,0.4,2.0,1.0,2.0,0.0,3.0,30.0,24.0,6.0,3.0,1.0,0.0,7.0,0.0,3.0,3.0,0.0,0.0,25.0,0.0,0.0,7.0,3.0,2.0,2.0,0.0,0.0,0.0,2.0,1.0,0.0,1.0,0.0,0.0,0.0,36.0,0.0,0.0,16.0,22.0,1.0,36.0,4.0,2.0,50.0,2.0,50.0,20.0,95.0,37.0,1.0,3.0,0.0,1.0,4.0,27.0,4.0,0.0,0.0,0.0,0.0,0.0,0.0,1.0,0.0,1.0,0.0,0.0,0.0,1.0,1.0,0.0,0.0,Everton,Dwight-McNeil,fc15fb84
2025-05-25,Sun,Matchweek 38,Away,W 1–0,Everton,Newcastle Utd,N,LW,15.0,0.0,0.0,0.0,0.0,0.0,0.0,0.0,0.0,7.0,1.0,0.0,0.0,0.0,0.0,0.4,1.0,0.0,5.0,5.0,100.0,2.0,4.0,0.0,0.0,0.0,Match Report,5.0,5.0,100.0,67.0,28.0,3.0,3.0,100.0,2.0,2.0,100.0,0.0,0.0,,0.0,0.4,0.0,1.0,1.0,0.0,0.0,2.0,5.0,5.0,0.0,0.0,0.0,0.0,0.0,0.0,0.0,0.0,0.0,0.0,5.0,0.0,0.0,1.0,1.0,0.0,0.0,0.0,0.0,0.0,0.0,0.0,0.0,0.0,0.0,0.0,0.0,7.0,1.0,3.0,5.0,0.0,0.0,7.0,0.0,0.0,,0.0,,4.0,43.0,39.0,0.0,0.0,0.0,0.0,0.0,3.0,0.0,1.0,1.0,1.0,0.0,0.0,0.0,0.0,,0.0,0.0,0.0,0.0,0.0,1.0,0.0,0.0,Everton,Dwight-McNeil,fc15fb84
2024-08-17,Sat,Matchweek 1,Home,L 0–3,Everton,Brighton,N,"On matchday squad, but did not play","On matchday squad, but did not play","On matchday squad, but did not play","On matchday squad, but did not play","On matchday squad, but did not play","On matchday squad, but did not play","On matchday squad, but did not play","On matchday squad, but did not play","On matchday squad, but did not play","On matchday squad, but did not play","On matchday squad, but did not play","On matchday squad, but did not play","On matchday squad, but did not play","On matchday squad, but did not play","On matchday squad, but did not play","On matchday squad, but did not play","On matchday squad, but did not play","On matchday squad, but did not play","On matchday squad, but did not play","On matchday squad, but did not play","On matchday squad, but did not play","On matchday squad, but did not play","On matchday squad, but did not play","On matchday squad, but did not play","On matchday squad, but did not play","On matchday squad, but did not play","On matchday squad, but did not play",Match Report,"On matchday squad, but did not play","On matchday squad, but did not play","On matchday squad, but did not play","On matchday squad, but did not play","On matchday squad, but did not play","On matchday squad, but did not play","On matchday squad, but did not play","On matchday squad, but did not play","On matchday squad, but did not play","On matchday squad, but did not play","On matchday squad, but did not play","On matchday squad, but did not play","On matchday squad, but did not play","On matchday squad, but did not play","On matchday squad, but did not play","On matchday squad, but did not play","On matchday squad, but did not play","On matchday squad, but did not play","On matchday squad, but did not play","On matchday squad, but did not play","On matchday squad, but did not play","On matchday squad, but did not play","On matchday squad, but did not play","On matchday squad, but did not play","On matchday squad, but did not play","On matchday squad, but did not play","On matchday squad, but did not play","On matchday squad, but did not play","On matchday squad, but did not play","On matchday squad, but did not play","On matchday squad, but did not play","On matchday squad, but did not play","On matchday squad, but did not play","On matchday squad, but did not play","On matchday squad, but did not play","On matchday squad, but did not play","On matchday squad, but did not play","On matchday squad, but did not play","On matchday squad, but did not play","On matchday squad, but did not play","On matchday squad, but did not play","On matchday squad, but did not play","On matchday squad, but did not play","On matchday squad, but did not play","On matchday squad, but did not play","On matchday squad, but did not play","On matchday squad, but did not play","On matchday squad, but did not play","On matchday squad, but did not play","On matchday squad, but did not play","On matchday squad, but did not play","On matchday squad, but did not play","On matchday squad, but did not play","On matchday squad, but did not play","On matchday squad, but did not play","On matchday squad, but did not play","On matchday squad, but did not play","On matchday squad, but did not play","On matchday squad, but did not play","On matchday squad, but did not play","On matchday squad, but did not play","On matchday squad, but did not play","On matchday squad, but did not play","On matchday squad, but did not play","On matchday squad, but did not play","On matchday squad, but did not play","On matchday squad, but did not play","On matchday squad, but did not play","On matchday squad, but did not play","On matchday squad, but did not play","On matchday squad, but did not play","On matchday squad, but did not play","On matchday squad, but did not play","On matchday squad, but did not play","On matchday squad, but did not play","On matchday squad, but did not play","On matchday squad, but did not play","On matchday squad, but did not play","On matchday squad, but did not play","On matchday squad, but did not play","On matchday squad, but did not play","On matchday squad, but did not play","On matchday squad, but did not play","On matchday squad, but did not play","On matchday squad, but did not play","On matchday squad, but did not play","On matchday squad, but did not play","On matchday squad, but did not play","On matchday squad, but did not play",Everton,Jesper-Lindstrom,37dc1a48
2024-08-24,Sat,Matchweek 2,Away,L 0–4,Everton,Tottenham,N,RW,34,0,0,0,0,1,1,0,0,11,2,0,0,0.0,0.0,0.0,1,0,5,7,71.4,0,4,0,2,0,Match Report,5,7,71.4,88,13,4,4,100.0,0,1,0.0,1,2,50.0,0,0.0,0.0,0,0,0,0,0,7,6,1,0,0,0,2,0,1,0,1,0,5,0,0,1,1,0,0,0,0,0,0,0,0,0,0,0,0,11,0,0,5,6,1,11,2,0,0.0,2,100.0,4,17,7,0,1,0,0,0,4,0,2,1,0,2,0,0,1,0.0,1,0,0,0,0,2,0,0,Everton,Jesper-Lindstrom,37dc1a48
2024-08-31,Sat,Matchweek 3,Home,L 2–3,Everton,Bournemouth,N,"On matchday squad, but did not play","On matchday squad, but did not play","On matchday squad, but did not play","On matchday squad, but did not play","On matchday squad, but did not play","On matchday squad, but did not play","On matchday squad, but did not play","On matchday squad, but did not play","On matchday squad, but did not play","On matchday squad, but did not play","On matchday squad, but did not play","On matchday squad, but did not play","On matchday squad, but did not play","On matchday squad, but did not play","On matchday squad, but did not play","On matchday squad, but did not play","On matchday squad, but did not play","On matchday squad, but did not play","On matchday squad, but did not play","On matchday squad, but did not play","On matchday squad, but did not play","On matchday squad, but did not play","On matchday squad, but did not play","On matchday squad, but did not play","On matchday squad, but did not play","On matchday squad, but did not play","On matchday squad, but did not play",Match Report,"On matchday squad, but did not play","On matchday squad, but did not play","On matchday squad, but did not play","On matchday squad, but did not play","On matchday squad, but did not play","On matchday squad, but did not play","On matchday squad, but did not play","On matchday squad, but did not play","On matchday squad, but did not play","On matchday squad, but did not play","On matchday squad, but did not play","On matchday squad, but did not play","On matchday squad, but did not play","On matchday squad, but did not play","On matchday squad, but did not play","On matchday squad, but did not play","On matchday squad, but did not play","On matchday squad, but did not play","On matchday squad, but did not play","On matchday squad, but did not play","On matchday squad, but did not play","On matchday squad, but did not play","On matchday squad, but did not play","On matchday squad, but did not play","On matchday squad, but did not play","On matchday squad, but did not play","On matchday squad, but did not play","On matchday squad, but did not play","On matchday squad, but did not play","On matchday squad, but did not play","On matchday squad, but did not play","On matchday squad, but did not play","On matchday squad, but did not play","On matchday squad, but did not play","On matchday squad, but did not play","On matchday squad, but did not play","On matchday squad, but did not play","On matchday squad, but did not play","On matchday squad, but did not play","On matchday squad, but did not play","On matchday squad, but did not play","On matchday squad, but did not play","On matchday squad, but did not play","On matchday squad, but did not play","On matchday squad, but did not play","On matchday squad, but did not play","On matchday squad, but did not play","On matchday squad, but did not play","On matchday squad, but did not play","On matchday squad, but did not play","On matchday squad, but did not play","On matchday squad, but did not play","On matchday squad, but did not play","On matchday squad, but did not play","On matchday squad, but did not play","On matchday squad, but did not play","On matchday squad, but did not play","On matchday squad, but did not play","On matchday squad, but did not play","On matchday squad, but did not play","On matchday squad, but did not play","On matchday squad, but did not play","On matchday squad, but did not play","On matchday squad, but did not play","On matchday squad, but did not play","On matchday squad, but did not play","On matchday squad, but did not play","On matchday squad, but did not play","On matchday squad, but did not play","On matchday squad, but did not play","On matchday squad, but did not play","On matchday squad, but did not play","On matchday squad, but did not play","On matchday squad, but did not play","On matchday squad, but did not play","On matchday squad, but did not play","On matchday squad, but did not play","On matchday squad, but did not play","On matchday squad, but did not play","On matchday squad, but did not play","On matchday squad, but did not play","On matchday squad, but did not play","On matchday squad, but did not play","On matchday squad, but did not play","On matchday squad, but did not play","On matchday squad, but did not play","On matchday squad, but did not play","On matchday squad, but did not play","On matchday squad, but did not play",Everton,Jesper-Lindstrom,37dc1a48
2024-09-14,Sat,Matchweek 4,Away,L 2–3,Everton,Aston Villa,N,RM,10,0,0,0,0,0,0,0,0,12,0,0,0,0.0,0.0,0.0,0,0,7,11,63.6,1,7,1,0,0,Match Report,7,11,63.6,82,25,6,6,100.0,1,3,33.3,0,0,,0,0.0,0.0,0,0,0,0,1,11,9,1,1,0,0,2,0,0,0,0,0,7,1,1,0,0,0,0,0,0,0,0,0,0,0,0,0,0,12,0,1,6,5,0,12,0,0,,0,,7,50,32,1,0,0,1,2,9,3,0,0,0,0,0,0,0,,0,0,0,0,0,0,0,0,Everton,Jesper-Lindstrom,37dc1a48
2024-09-21,Sat,Matchweek 5,Away,D 1–1,Everton,Leicester City,Y,RW,60,0,0,0,0,4,1,0,0,34,4,1,1,0.5,0.5,0.1,1,0,14,18,77.8,0,20,2,3,1,Match Report,14,18,77.8,126,41,12,13,92.3,1,1,100.0,0,0,,0,0.1,0.0,1,1,0,0,0,18,17,0,0,0,0,0,0,0,0,0,0,14,1,0,1,1,0,0,0,0,0,0,0,0,0,0,0,0,34,1,6,14,14,5,34,3,1,33.3,2,66.7,20,139,62,2,1,1,3,3,23,4,4,4,1,3,0,2,2,100.0,0,1,0,1,1,5,0,0,Everton,Jesper-Lindstrom,37dc1a48
2024-09-28,Sat,Matchweek 6,Home,W 2–1,Everton,Crystal Palace,Y,RW,45,0,0,0,0,0,0,0,0,22,2,0,3,0.0,0.0,0.5,2,0,9,15,60.0,1,7,0,2,0,Match Report,9,15,60.0,153,59,5,7,71.4,3,5,60.0,1,3,33.3,0,0.5,0.4,2,0,0,0,1,15,10,5,1,0,0,5,1,3,3,0,0,9,0,0,2,0,2,0,0,0,0,0,0,0,0,0,0,0,22,1,2,10,10,0,22,2,0,0.0,2,100.0,7,14,2,0,0,0,0,2,11,3,2,0,1,1,0,0,0,,0,3,1,2,0,2,0,0,Everton,Jesper-Lindstrom,37dc1a48
2024-10-05,Sat,Matchweek 7,Home,D 0–0,Everton,Newcastle Utd,N,"On matchday squad, but did not play","On matchday squad, but did not play","On matchday squad, but did not play","On matchday squad, but did not play","On matchday squad, but did not play","On matchday squad, but did not play","On matchday squad, but did not play","On matchday squad, but did not play","On matchday squad, but did not play","On matchday squad, but did not play","On matchday squad, but did not play","On matchday squad, but did not play","On matchday squad, but did not play","On matchday squad, but did not play","On matchday squad, but did not play","On matchday squad, but did not play","On matchday squad, but did not play","On matchday squad, but did not play","On matchday squad, but did not play","On matchday squad, but did not play","On matchday squad, but did not play","On matchday squad, but did not play","On matchday squad, but did not play","On matchday squad, but did not play","On matchday squad, but did not play","On matchday squad, but did not play","On matchday squad, but did not play",Match Report,"On matchday squad, but did not play","On matchday squad, but did not play","On matchday squad, but did not play","On matchday squad, but did not play","On matchday squad, but did not play","On matchday squad, but did not play","On matchday squad, but did not play","On matchday squad, but did not play","On matchday squad, but did not play","On matchday squad, but did not play","On matchday squad, but did not play","On matchday squad, but did not play","On matchday squad, but did not play","On matchday squad, but did not play","On matchday squad, but did not play","On matchday squad, but did not play","On matchday squad, but did not play","On matchday squad, but did not play","On matchday squad, but did not play","On matchday squad, but did not play","On matchday squad, but did not play","On matchday squad, but did not play","On matchday squad, but did not play","On matchday squad, but did not play","On matchday squad, but did not play","On matchday squad, but did not play","On matchday squad, but did not play","On matchday squad, but did not play","On matchday squad, but did not play","On matchday squad, but did not play","On matchday squad, but did not play","On matchday squad, but did not play","On matchday squad, but did not play","On matchday squad, but did not play","On matchday squad, but did not play","On matchday squad, but did not play","On matchday squad, but did not play","On matchday squad, but did not play","On matchday squad, but did not play","On matchday squad, but did not play","On matchday squad, but did not play","On matchday squad, but did not play","On matchday squad, but did not play","On matchday squad, but did not play","On matchday squad, but did not play","On matchday squad, but did not play","On matchday squad, but did not play","On matchday squad, but did not play","On matchday squad, but did not play","On matchday squad, but did not play","On matchday squad, but did not play","On matchday squad, but did not play","On matchday squad, but did not play","On matchday squad, but did not play","On matchday squad, but did not play","On matchday squad, but did not play","On matchday squad, but did not play","On matchday squad, but did not play","On matchday squad, but did not play","On matchday squad, but did not play","On matchday squad, but did not play","On matchday squad, but did not play","On matchday squad, but did not play","On matchday squad, but did not play","On matchday squad, but did not play","On matchday squad, but did not play","On matchday squad, but did not play","On matchday squad, but did not play","On matchday squad, but did not play","On matchday squad, but did not play","On matchday squad, but did not play","On matchday squad, but did not play","On matchday squad, but did not play","On matchday squad, but did not play","On matchday squad, but did not play","On matchday squad, but did not play","On matchday squad, but did not play","On matchday squad, but did not play","On matchday squad, but did not play","On matchday squad, but did not play","On matchday squad, but did not play","On matchday squad, but did not play","On matchday squad, but did not play","On matchday squad, but did not play","On matchday squad, but did not play","On matchday squad, but did not play","On matchday squad, but did not play","On matchday squad, but did not play","On matchday squad, but did not play",Everton,Jesper-Lindstrom,37dc1a48
2024-10-26,Sat,Matchweek 9,Home,D 1–1,Everton,Fulham,N,RW,23,0,0,0,0,1,1,0,0,10,0,0,0,0.0,0.0,0.0,1,0,5,8,62.5,1,5,0,1,0,Match Report,5,8,62.5,72,13,3,3,100.0,0,1,0.0,1,2,50.0,0,0.0,0.0,0,1,0,0,1,8,7,1,0,0,0,1,0,1,0,1,0,5,0,1,1,1,0,0,0,0,0,0,0,0,0,0,0,0,10,0,3,4,3,0,10,1,0,0.0,1,100.0,5,9,6,0,0,0,0,0,6,1,0,0,0,0,0,0,0,,0,0,0,0,0,0,0,0,Everton,Jesper-Lindstrom,37dc1a48
2024-11-02,Sat,Matchweek 10,Away,L 0–1,Everton,Southampton,Y,RW,87,0,0,0,0,3,2,0,0,45,3,1,1,0.1,0.1,0.1,6,0,21,29,72.4,0,19,3,2,1,Match Report,21,29,72.4,350,136,13,15,86.7,5,7,71.4,2,5,40.0,0,0.1,0.1,2,1,2,2,0,29,25,4,1,0,0,9,0,3,2,0,0,21,0,1,6,1,2,1,1,1,0,0,0,0,0,0,0,0,45,1,8,15,22,2,45,2,1,50.0,0,0.0,19,118,77,3,2,0,2,2,20,8,3,0,2,1,0,2,6,33.3,4,1,0,1,1,4,1,0,Everton,Jesper-Lindstrom,37dc1a48
2024-11-09,Sat,Matchweek 11,Away,D 0–0,Everton,West Ham,Y,RW,90,0,0,0,0,3,1,0,0,62,1,1,3,0.4,0.4,0.1,7,0,28,46,60.9,1,22,3,3,0,Match Report,28,46,60.9,578,174,13,17,76.5,10,17,58.8,5,8,62.5,0,0.1,0.1,2,1,0,0,1,46,38,8,2,1,0,10,0,6,2,2,1,28,0,3,7,5,1,0,1,0,0,0,0,0,0,0,0,0,62,1,8,18,37,4,62,3,0,0.0,3,100.0,22,136,71,3,1,1,3,1,36,7,1,0,0,1,0,0,2,0.0,2,3,1,2,1,2,0,0,Everton,Jesper-Lindstrom,37dc1a48
2024-11-23,Sat,Matchweek 12,Home,D 0–0,Everton,Brentford,Y,RW,71,0,0,0,0,2,0,0,0,38,2,0,0,0.1,0.1,0.1,3,0,19,27,70.4,3,19,5,1,0,Match Report,19,27,70.4,241,57,16,17,94.1,3,4,75.0,0,4,0.0,0,0.1,0.0,2,1,0,0,3,27,23,4,1,0,0,5,1,2,1,0,0,19,0,2,3,3,0,0,0,0,0,0,0,0,0,0,0,0,38,1,4,8,27,2,38,1,0,0.0,1,100.0,19,160,123,5,2,0,1,2,26,7,2,0,1,1,0,1,3,33.3,2,0,0,0,0,2,2,0,Everton,Jesper-Lindstrom,37dc1a48
2024-12-01,Sun,Matchweek 13,Away,L 0–4,Everton,Manchester Utd,Y,RW,66,0,0,0,0,5,1,0,0,21,1,0,1,0.3,0.3,0.0,1,0,6,13,46.2,0,8,1,0,0,Match Report,6,13,46.2,89,10,4,7,57.1,2,4,50.0,0,0,,0,0.0,0.0,0,0,0,0,0,13,13,0,0,0,0,1,0,0,0,0,0,6,0,1,1,1,0,0,0,0,0,0,0,0,0,0,0,0,21,1,3,7,11,1,21,0,0,,0,,8,46,25,1,1,0,1,0,11,2,1,1,0,1,0,1,4,25.0,3,1,1,0,0,1,0,0,Everton,Jesper-Lindstrom,37dc1a48
2024-12-04,Wed,Matchweek 14,Home,W 4–0,Everton,Wolves,N,"AM,RW",8,0,0,0,0,0,0,0,0,8,0,0,0,0.0,0.0,0.1,2,0,7,8,87.5,2,2,1,1,1,Match Report,7,8,87.5,105,45,6,6,100.0,0,0,,1,1,100.0,0,0.1,0.0,1,1,1,0,2,8,8,0,0,0,0,0,0,0,0,0,0,7,0,0,2,2,0,0,0,0,0,0,0,0,0,0,0,0,8,0,2,3,4,1,8,1,1,100.0,0,0.0,2,15,13,1,1,0,0,0,2,0,0,0,0,0,0,0,1,0.0,1,0,0,0,0,0,0,0,Everton,Jesper-Lindstrom,37dc1a48
2024-12-14,Sat,Matchweek 16,Away,D 0–0,Everton,Arsenal,N,RW,25,0,0,0,0,0,0,0,0,9,3,0,0,0.0,0.0,0.0,0,0,1,4,25.0,0,4,0,0,0,Match Report,1,4,25.0,47,25,0,0,,0,0,,1,3,33.3,0,0.0,0.0,0,0,0,0,0,4,2,1,0,0,0,1,0,1,0,0,1,1,1,0,0,0,0,0,0,0,0,0,0,0,0,0,0,0,9,1,5,4,1,0,9,0,0,,0,,4,32,16,0,0,0,2,0,2,0,3,3,2,1,0,3,6,50.0,3,0,0,0,0,3,1,0,Everton,Jesper-Lindstrom,37dc1a48
2024-12-22,Sun,Matchweek 17,Home,D 0–0,Everton,Chelsea,N,RW,18,0,0,0,0,0,0,0,0,12,2,0,0,0.0,0.0,0.0,0,0,4,8,50.0,0,4,1,1,0,Match Report,4,8,50.0,60,4,3,4,75.0,0,1,0.0,1,2,50.0,0,0.0,0.0,0,0,0,0,0,8,6,2,1,0,0,2,0,1,0,1,0,4,0,1,0,0,0,0,0,0,0,0,0,0,0,0,0,0,12,0,3,1,8,1,12,1,0,0.0,1,100.0,4,33,11,1,0,1,0,0,3,1,2,1,2,0,0,2,5,40.0,3,0,0,0,0,2,2,0,Everton,Jesper-Lindstrom,37dc1a48
2024-12-26,Thu,Matchweek 18,Away,D 1–1,Everton,Manchester City,N,LW,10,0,0,0,0,0,0,0,0,8,0,1,0,0.0,0.0,0.0,1,0,4,5,80.0,0,6,1,1,0,Match Report,4,5,80.0,64,35,3,3,100.0,0,0,,1,1,100.0,0,0.0,0.0,0,0,1,1,0,5,5,0,0,0,0,1,0,0,0,0,0,4,0,1,1,1,0,0,0,0,0,0,0,0,0,0,0,0,8,0,3,1,4,2,8,1,0,0.0,0,0.0,6,38,30,1,0,1,1,0,4,3,0,0,0,0,0,0,1,0.0,1,0,0,0,1,1,0,0,Everton,Jesper-Lindstrom,37dc1a48
2024-12-29,Sun,Matchweek 19,Home,L 0–2,Everton,Nott'ham Forest,N,"RM,RW",45,0,0,0,0,2,0,0,0,32,1,0,0,0.1,0.1,0.0,1,0,16,22,72.7,1,21,0,3,2,Match Report,16,22,72.7,229,52,10,10,100.0,5,7,71.4,1,5,20.0,0,0.0,0.1,1,1,1,1,1,22,18,4,0,0,0,7,2,2,1,1,0,16,0,0,1,1,0,0,0,0,0,0,0,0,0,0,0,0,32,0,1,7,25,1,32,3,2,66.7,1,33.3,21,75,13,0,0,0,3,1,24,8,1,0,1,0,0,0,1,0.0,1,0,0,0,0,1,0,0,Everton,Jesper-Lindstrom,37dc1a48
2025-01-04,Sat,Matchweek 20,Away,L 0–1,Everton,Bournemouth,Y,RW,45,0,0,0,0,2,0,0,0,22,1,2,0,0.1,0.1,0.0,1,0,8,13,61.5,1,11,1,3,1,Match Report,8,13,61.5,130,25,5,6,83.3,2,3,66.7,1,2,50.0,0,0.0,0.0,0,0,1,0,1,13,13,0,0,0,0,0,0,0,0,0,0,8,0,0,1,1,0,0,0,0,0,0,0,0,0,0,0,0,22,1,4,7,12,2,22,3,1,33.3,2,66.7,11,71,29,1,1,0,1,0,13,1,1,0,1,0,0,0,1,0.0,1,0,0,0,2,3,1,0,Everton,Jesper-Lindstrom,37dc1a48
2025-01-15,Wed,Matchweek 21,Home,L 0–1,Everton,Aston Villa,N,RW,32,0,0,0,0,1,0,0,0,16,1,0,0,0.2,0.2,0.2,1,0,8,12,66.7,1,7,1,2,0,Match Report,8,12,66.7,132,50,5,6,83.3,3,3,100.0,0,3,0.0,0,0.2,0.1,1,1,0,0,1,12,11,1,0,0,0,1,0,1,1,0,0,8,0,0,1,1,0,0,0,0,0,0,0,0,0,0,0,0,16,0,4,4,8,2,16,2,0,0.0,1,50.0,7,29,12,1,0,0,1,0,8,1,1,1,1,0,0,0,0,,0,0,0,0,0,1,0,0,Everton,Jesper-Lindstrom,37dc1a48
2025-01-19,Sun,Matchweek 22,Home,W 3–2,Everton,Tottenham,Y,RW,69,0,0,0,0,1,1,0,0,44,5,2,3,0.0,0.0,0.4,8,0,23,32,71.9,0,23,4,4,0,Match Report,23,32,71.9,360,122,14,16,87.5,7,10,70.0,2,5,40.0,0,0.4,0.5,4,1,2,2,0,32,26,6,3,0,0,11,0,3,1,2,0,23,0,1,8,4,2,0,0,1,1,0,0,0,0,0,0,0,44,3,10,13,23,2,44,4,0,0.0,3,75.0,23,119,66,4,2,2,0,1,21,5,5,5,3,1,1,2,8,25.0,6,3,0,3,2,7,2,0,Everton,Jesper-Lindstrom,37dc1a48
2025-01-25,Sat,Matchweek 23,Away,W 1–0,Everton,Brighton,Y,RW,61,0,0,0,0,0,0,1,0,21,4,2,0,0.0,0.0,0.0,0,0,8,12,66.7,0,11,0,2,1,Match Report,8,12,66.7,149,23,5,6,83.3,1,1,100.0,2,5,40.0,0,0.0,0.0,0,0,0,0,0,12,11,1,0,0,0,1,0,1,1,0,0,8,0,0,0,0,0,0,0,0,0,0,0,0,0,0,0,0,21,1,16,4,2,0,21,2,1,50.0,1,50.0,11,60,3,0,1,0,2,2,12,0,4,2,4,0,0,2,3,66.7,1,0,0,0,2,6,1,0,Everton,Jesper-Lindstrom,37dc1a48
2025-02-01,Sat,Matchweek 24,Home,W 4–0,Everton,Leicester City,Y,RW,74,0,0,0,0,1,1,0,0,39,0,0,0,0.2,0.2,0.0,2,0,28,30,93.3,3,27,0,3,0,Match Report,28,30,93.3,497,119,12,12,100.0,9,10,90.0,4,4,100.0,0,0.0,0.1,0,2,2,0,3,30,30,0,0,0,0,0,0,0,0,0,0,28,0,1,2,2,0,0,0,0,0,0,0,0,0,0,0,0,39,1,8,18,13,4,39,3,0,0.0,3,100.0,27,110,21,0,2,0,1,1,28,3,0,0,0,0,0,0,0,,0,0,0,0,0,0,3,0,Everton,Jesper-Lindstrom,37dc1a48
2025-02-12,Wed,Matchweek 15,Home,D 2–2,Everton,Liverpool,Y,RW,76,0,0,0,0,0,0,1,0,25,2,0,0,0.0,0.0,0.0,2,0,8,17,47.1,4,11,2,2,0,Match Report,8,17,47.1,92,39,7,10,70.0,1,6,16.7,0,1,0.0,0,0.0,0.0,0,1,0,0,4,17,16,1,1,0,0,4,0,0,0,0,0,8,0,0,2,2,0,0,0,0,0,0,0,0,0,0,0,0,25,1,4,8,13,0,25,2,0,0.0,2,100.0,11,59,33,2,0,0,1,1,9,1,2,1,1,1,0,0,2,0.0,2,0,0,0,0,2,1,0,Everton,Jesper-Lindstrom,37dc1a48
2025-02-15,Sat,Matchweek 25,Away,W 2–1,Everton,Crystal Palace,Y,RW,78,0,0,0,0,1,1,0,0,35,3,1,1,0.1,0.1,0.3,2,0,16,22,72.7,0,14,2,3,1,Match Report,16,22,72.7,228,67,12,14,85.7,2,3,66.7,2,3,66.7,0,0.3,0.3,1,0,1,1,0,22,21,1,0,0,0,3,1,0,0,0,0,16,0,2,2,1,0,1,0,0,0,0,0,0,0,0,0,0,35,3,7,12,16,5,35,3,1,33.3,2,66.7,14,87,28,2,1,0,3,1,16,7,3,1,0,2,1,1,2,50.0,1,1,0,1,1,4,2,0,Everton,Jesper-Lindstrom,37dc1a48
2025-02-22,Sat,Matchweek 26,Home,D 2–2,Everton,Manchester Utd,Y,RW,53,0,0,0,0,0,0,0,0,21,0,1,0,0.0,0.0,0.0,0,0,11,16,68.8,3,11,0,2,0,Match Report,11,16,68.8,192,78,6,9,66.7,2,3,66.7,2,3,66.7,0,0.0,0.0,0,5,0,0,3,16,16,0,0,0,0,2,0,0,0,0,0,11,0,0,0,0,0,0,0,0,0,0,0,0,0,0,0,0,21,2,3,12,7,1,21,2,0,0.0,2,100.0,11,49,19,0,1,0,1,1,14,5,0,0,0,0,0,0,1,0.0,1,0,0,0,1,1,0,0,Everton,Jesper-Lindstrom,37dc1a48
2025-02-26,Wed,Matchweek 27,Away,D 1–1,Everton,Brentford,Y,RW,74,0,0,0,0,0,0,0,0,38,3,0,0,0.0,0.0,0.0,1,0,20,26,76.9,2,17,1,2,0,Match Report,20,26,76.9,258,96,16,19,84.2,3,4,75.0,0,2,0.0,0,0.0,0.0,0,0,1,0,2,26,25,1,0,0,0,3,1,0,0,0,0,20,0,0,1,1,0,0,0,0,0,0,0,0,0,0,0,0,38,2,15,9,14,1,38,2,0,0.0,2,100.0,17,77,40,1,0,0,2,1,23,5,3,2,3,0,0,2,4,50.0,2,0,0,0,0,3,1,0,Everton,Jesper-Lindstrom,37dc1a48
2025-03-08,Sat,Matchweek 28,Away,D 1–1,Everton,Wolves,Y,RW,62,0,1,0,0,1,0,0,0,18,5,0,1,0.0,0.0,0.0,3,1,5,8,62.5,0,7,1,0,0,Match Report,5,8,62.5,82,11,3,3,100.0,1,1,100.0,1,1,100.0,1,0.0,0.0,1,0,0,0,0,8,8,0,0,0,0,0,0,0,0,0,0,5,0,1,3,1,0,0,1,1,0,1,1,0,0,0,0,0,18,0,3,12,4,1,18,0,0,,0,,7,19,9,1,1,1,2,2,8,2,5,3,1,4,0,1,1,100.0,0,1,0,1,0,5,0,0,Everton,Jesper-Lindstrom,37dc1a48
2025-03-15,Sat,Matchweek 29,Home,D 1–1,Everton,West Ham,N,"RM,RW",23,0,0,0,0,0,0,0,0,22,0,0,1,0.0,0.0,0.1,0,0,16,19,84.2,1,15,0,0,0,Match Report,16,19,84.2,189,16,11,12,91.7,4,4,100.0,0,0,,0,0.1,0.0,1,1,0,0,1,19,19,0,0,0,0,0,0,0,0,0,0,16,0,2,0,0,0,0,0,0,0,0,0,0,0,0,0,0,22,1,4,4,14,2,22,0,0,,0,,15,65,32,0,1,0,0,1,14,4,0,0,0,0,0,0,1,0.0,1,1,0,1,0,0,0,0,Everton,Jesper-Lindstrom,37dc1a48
2024-09-14,Sat,Matchweek 4,Away,L 2–3,Everton,Aston Villa,N,CM,27,0,0,0,0,1,0,0,0,11,1,0,0,0.1,0.1,0.0,1,0,6,9,66.7,2,6,3,1,1,Match Report,6,9,66.7,71,26,5,6,83.3,1,2,50.0,0,0,,0,0.0,0.0,0,0,0,0,2,9,9,0,0,0,0,1,0,0,0,0,0,6,0,1,1,0,0,1,0,0,0,0,0,0,0,0,0,0,11,0,3,4,4,2,11,1,1,100.0,0,0.0,6,42,33,3,0,2,0,0,7,0,1,0,0,1,0,0,0,,0,0,0,0,0,1,0,0,Everton,Orel-Mangala,a572e291
2024-09-21,Sat,Matchweek 5,Away,D 1–1,Everton,Leicester City,Y,DM,90,0,0,0,0,0,0,0,0,57,0,3,0,0.0,0.0,0.1,5,0,44,48,91.7,5,29,0,2,1,Match Report,44,48,91.7,753,230,21,23,91.3,19,20,95.0,3,3,100.0,0,0.1,0.1,1,3,2,0,5,48,47,1,1,0,0,0,0,0,0,0,0,44,0,1,5,5,0,0,0,0,0,0,0,0,0,0,0,0,57,0,12,28,17,0,57,2,1,50.0,1,50.0,29,174,60,0,1,0,1,0,36,1,0,0,0,0,0,0,1,0.0,1,0,0,0,3,3,0,0,Everton,Orel-Mangala,a572e291
2024-09-28,Sat,Matchweek 6,Home,W 2–1,Everton,Crystal Palace,Y,DM,82,0,0,0,0,0,0,0,0,44,4,5,0,0.0,0.0,0.0,1,1,29,34,85.3,5,23,0,2,2,Match Report,29,34,85.3,450,133,14,15,93.3,14,16,87.5,1,2,50.0,0,0.0,0.0,0,2,0,0,5,34,34,0,0,0,0,1,0,0,0,0,0,29,0,1,1,0,0,0,0,1,0,1,0,0,0,0,1,0,44,0,4,34,7,0,44,2,2,100.0,0,0.0,23,178,49,0,1,0,0,2,24,0,4,2,0,4,0,1,1,100.0,0,0,0,0,5,9,0,0,Everton,Orel-Mangala,a572e291
2024-10-05,Sat,Matchweek 7,Home,D 0–0,Everton,Newcastle Utd,Y,DM,56,0,0,0,0,1,0,0,0,24,1,1,0,0.0,0.0,0.0,0,0,17,18,94.4,0,17,0,0,0,Match Report,17,18,94.4,293,20,3,4,75.0,14,14,100.0,0,0,,0,0.0,0.0,0,0,0,0,0,18,18,0,0,0,0,0,0,0,0,0,0,17,0,0,0,0,0,0,0,0,0,0,0,0,0,0,0,0,24,1,6,14,4,0,24,0,0,,0,,17,85,16,0,0,0,0,2,17,1,1,0,0,1,0,0,0,,0,0,0,0,1,2,0,0,Everton,Orel-Mangala,a572e291
2024-10-19,Sat,Matchweek 8,Away,W 2–0,Everton,Ipswich Town,N,DM,9,0,0,0,0,0,0,0,0,8,1,1,0,0.0,0.0,0.0,2,0,4,5,80.0,0,3,0,0,0,Match Report,4,5,80.0,68,24,1,2,50.0,3,3,100.0,0,0,,0,0.0,0.0,0,0,0,0,0,5,4,1,1,0,0,0,0,0,0,0,0,4,0,0,2,1,1,0,0,0,0,0,0,0,0,0,0,0,8,1,4,3,1,0,8,0,0,,0,,3,8,2,0,0,0,0,0,2,0,1,1,0,1,0,1,1,100.0,0,0,0,0,1,2,1,0,Everton,Orel-Mangala,a572e291
2024-10-26,Sat,Matchweek 9,Home,D 1–1,Everton,Fulham,N,DM,11,0,0,0,0,0,0,0,0,11,0,0,0,0.0,0.0,0.0,1,0,9,10,90.0,1,5,0,1,1,Match Report,9,10,90.0,137,39,3,4,75.0,5,5,100.0,0,0,,0,0.0,0.0,1,1,0,0,1,10,10,0,0,0,0,0,0,0,0,0,0,9,0,0,1,1,0,0,0,0,0,0,0,0,0,0,0,0,11,2,3,6,2,0,11,1,1,100.0,0,0.0,5,19,10,0,0,0,0,0,7,0,0,0,0,0,0,0,0,,0,0,0,0,0,0,1,0,Everton,Orel-Mangala,a572e291
2024-11-02,Sat,Matchweek 10,Away,L 0–1,Everton,Southampton,Y,"DM,CM",90,0,0,0,0,3,1,0,0,36,2,1,0,0.2,0.2,0.0,3,0,25,28,89.3,1,18,0,3,3,Match Report,25,28,89.3,372,97,15,17,88.2,10,10,100.0,0,0,,0,0.0,0.0,0,4,1,0,1,28,28,0,0,0,0,0,0,0,0,0,0,25,0,0,3,1,0,1,1,0,0,0,0,0,0,0,0,0,36,1,7,19,11,0,36,3,3,100.0,0,0.0,18,86,29,0,1,0,1,0,21,2,2,1,0,2,0,1,2,50.0,1,0,0,0,1,3,1,0,Everton,Orel-Mangala,a572e291
2024-11-09,Sat,Matchweek 11,Away,D 0–0,Everton,West Ham,Y,DM,90,0,0,0,0,1,0,0,0,44,2,0,0,0.0,0.0,0.3,1,0,36,40,90.0,3,22,0,0,0,Match Report,36,40,90.0,554,162,17,17,100.0,16,19,84.2,1,1,100.0,0,0.3,0.4,1,9,0,0,3,40,39,1,1,0,0,0,0,0,0,0,0,36,0,1,1,1,0,0,0,0,0,0,0,0,0,0,0,0,44,1,10,27,7,3,44,0,0,,0,,22,107,53,0,0,0,0,0,34,1,2,1,1,1,0,1,1,100.0,0,0,0,0,0,2,0,0,Everton,Orel-Mangala,a572e291
2024-11-23,Sat,Matchweek 12,Home,D 0–0,Everton,Brentford,N,DM,19,0,0,0,0,0,0,0,0,20,0,0,0,0.0,0.0,0.0,0,0,17,19,89.5,2,13,0,0,0,Match Report,17,19,89.5,261,40,9,10,90.0,8,8,100.0,0,1,0.0,0,0.0,0.0,0,0,0,0,2,19,19,0,0,0,0,0,0,0,0,0,0,17,0,0,0,0,0,0,0,0,0,0,0,0,0,0,0,0,20,0,0,11,9,0,20,0,0,,0,,13,77,39,0,1,0,1,1,18,2,0,0,0,0,0,0,0,,0,0,0,0,0,0,0,0,Everton,Orel-Mangala,a572e291
2024-12-01,Sun,Matchweek 13,Away,L 0–4,Everton,Manchester Utd,N,DM,24,0,0,0,0,0,0,0,0,18,0,1,0,0.0,0.0,0.0,0,0,13,14,92.9,1,6,0,1,0,Match Report,13,14,92.9,209,26,6,7,85.7,6,6,100.0,1,1,100.0,0,0.0,0.0,0,0,0,0,1,14,14,0,0,0,0,0,0,0,0,0,0,13,0,0,0,0,0,0,0,0,0,0,0,0,0,0,0,0,18,0,2,11,5,0,18,1,0,0.0,1,100.0,6,31,8,0,0,0,1,0,15,2,0,0,0,0,0,0,0,,0,0,0,0,1,1,1,0,Everton,Orel-Mangala,a572e291
2024-12-04,Wed,Matchweek 14,Home,W 4–0,Everton,Wolves,Y,DM,88,1,0,0,0,1,1,1,0,44,0,1,3,0.1,0.1,0.0,2,0,28,29,96.6,1,18,0,3,1,Match Report,28,29,96.6,436,95,14,15,93.3,10,10,100.0,3,3,100.0,0,0.0,0.0,1,2,1,0,1,29,29,0,0,0,0,0,0,0,0,0,0,28,0,0,2,2,0,0,0,0,0,0,0,0,0,0,0,0,44,4,9,20,15,1,44,3,1,33.3,2,66.7,18,60,15,0,0,0,2,0,27,1,0,0,0,0,0,0,0,,0,3,1,2,1,1,3,0,Everton,Orel-Mangala,a572e291
2024-12-14,Sat,Matchweek 16,Away,D 0–0,Everton,Arsenal,Y,RM,90,0,0,0,0,0,0,0,0,22,0,0,0,0.0,0.0,0.1,1,0,13,16,81.3,2,10,1,1,0,Match Report,13,16,81.3,218,67,8,8,100.0,4,5,80.0,1,2,50.0,0,0.1,0.0,1,3,0,0,2,16,16,0,0,0,0,1,0,0,0,0,0,13,0,0,1,1,0,0,0,0,0,0,0,0,0,0,0,0,22,3,6,10,6,2,22,1,0,0.0,1,100.0,10,64,36,1,0,0,1,0,16,2,0,0,0,0,0,0,0,,0,0,0,0,0,0,3,0,Everton,Orel-Mangala,a572e291
2024-12-22,Sun,Matchweek 17,Home,D 0–0,Everton,Chelsea,Y,RM,90,0,0,0,0,2,2,0,0,20,1,1,1,0.1,0.1,0.0,0,0,5,9,55.6,1,7,0,2,0,Match Report,5,9,55.6,57,9,4,5,80.0,1,1,100.0,0,1,0.0,0,0.0,0.0,0,0,0,0,1,9,8,0,0,0,0,0,0,0,0,0,0,5,1,1,0,0,0,0,0,0,0,0,0,0,0,0,0,0,20,0,7,7,6,0,20,2,0,0.0,1,50.0,7,30,2,0,0,0,0,3,7,0,1,0,0,0,1,0,0,,0,1,0,1,1,2,1,0,Everton,Orel-Mangala,a572e291
2024-12-26,Thu,Matchweek 18,Away,D 1–1,Everton,Manchester City,Y,RM,90,0,0,0,0,2,0,1,0,47,0,2,1,0.1,0.1,0.0,2,0,34,37,91.9,1,17,1,2,2,Match Report,34,37,91.9,529,127,20,21,95.2,13,14,92.9,1,2,50.0,0,0.0,0.0,0,5,1,0,1,37,37,0,0,0,0,0,0,0,0,0,0,34,0,0,2,1,0,0,1,0,0,0,0,0,0,0,0,0,47,1,16,25,6,0,47,2,2,100.0,0,0.0,17,105,50,1,0,0,1,2,31,0,0,0,0,0,0,0,1,0.0,1,1,1,0,2,2,1,0,Everton,Orel-Mangala,a572e291
2024-12-29,Sun,Matchweek 19,Home,L 0–2,Everton,Nott'ham Forest,Y,"RM,CM",90,0,0,0,0,1,0,0,0,68,0,1,0,0.2,0.2,0.0,0,0,55,61,90.2,0,41,1,4,3,Match Report,55,61,90.2,997,204,27,30,90.0,22,22,100.0,6,7,85.7,0,0.0,0.0,0,8,1,1,0,61,61,0,0,0,0,3,0,0,0,0,0,55,0,1,0,0,0,0,0,0,0,0,0,0,0,0,0,0,68,2,7,38,23,2,68,4,3,75.0,1,25.0,41,214,67,1,1,1,2,1,54,4,0,0,0,0,0,0,0,,0,0,0,0,1,1,2,0,Everton,Orel-Mangala,a572e291
2025-01-04,Sat,Matchweek 20,Away,L 0–1,Everton,Bournemouth,Y,DM,45,0,0,0,0,1,0,0,0,24,2,0,0,0.0,0.0,0.1,2,0,20,21,95.2,3,7,0,0,0,Match Report,20,21,95.2,275,62,10,10,100.0,9,10,90.0,0,0,,0,0.1,0.0,2,1,2,0,3,21,21,0,0,0,0,0,0,0,0,0,0,20,0,0,2,2,0,0,0,0,0,0,0,0,0,0,0,0,24,0,3,13,8,0,24,0,0,,0,,7,71,34,0,0,0,0,0,14,0,2,2,1,1,0,0,0,,0,0,0,0,0,2,0,1,Everton,Orel-Mangala,a572e291
2025-01-15,Wed,Matchweek 21,Home,L 0–1,Everton,Aston Villa,Y,DM,90,0,0,0,0,1,1,0,0,57,0,2,1,0.1,0.1,0.0,1,0,42,43,97.7,1,25,0,2,0,Match Report,42,43,97.7,703,92,22,22,100.0,14,14,100.0,5,5,100.0,0,0.0,0.0,0,8,0,0,1,43,43,0,0,0,1,0,0,0,0,0,0,42,0,1,1,1,0,0,0,0,0,0,0,0,0,0,0,0,57,1,13,33,12,1,57,2,0,0.0,2,100.0,25,109,33,0,1,0,1,1,37,2,0,0,0,0,0,0,0,,0,1,0,1,2,2,3,0,Everton,Orel-Mangala,a572e291
2025-01-19,Sun,Matchweek 22,Home,W 3–2,Everton,Tottenham,Y,"DM,CM",90,0,0,0,0,1,1,0,0,35,1,1,2,0.2,0.2,0.0,2,0,22,26,84.6,3,18,0,0,0,Match Report,22,26,84.6,330,58,11,13,84.6,10,10,100.0,0,1,0.0,0,0.0,0.0,1,2,0,0,3,26,25,1,0,0,0,0,0,0,0,0,0,22,0,2,2,1,0,0,1,0,0,0,0,0,0,0,0,0,35,3,8,15,13,2,35,0,0,,0,,18,67,19,0,0,0,1,0,21,1,1,1,0,0,1,1,1,100.0,0,2,1,1,1,2,3,0,Everton,Orel-Mangala,a572e291
2025-01-25,Sat,Matchweek 23,Away,W 1–0,Everton,Brighton,Y,"DM,CM",90,0,0,0,0,1,0,0,0,31,1,1,0,0.0,0.0,0.0,0,0,18,23,78.3,2,13,0,0,0,Match Report,18,23,78.3,285,56,9,13,69.2,8,8,100.0,1,1,100.0,0,0.0,0.0,0,2,0,0,2,23,23,0,0,0,0,0,0,0,0,0,0,18,0,1,0,0,0,0,0,0,0,0,0,0,0,0,0,0,31,2,13,17,1,0,31,0,0,,0,,13,47,21,0,0,0,0,0,18,0,1,0,1,0,0,0,0,,0,0,0,0,1,2,4,0,Everton,Orel-Mangala,a572e291
2024-08-17,Sat,Matchweek 1,Home,L 0–3,Everton,Brighton,Y,CB,90,0,0,0,0,1,0,0,0,57,0,0,1,0.0,0.0,0.0,2,0,44,53,83.0,3,31,0,0,0,Match Report,44,53,83.0,1161,384,13,16,81.3,16,17,94.1,15,16,93.8,0,0.0,0.0,0,6,0,0,3,53,51,0,0,0,5,0,0,0,0,0,0,44,2,2,2,2,0,0,0,0,0,0,0,0,0,0,0,0,57,8,22,33,2,1,57,0,0,,0,,31,106,24,0,0,0,0,0,41,0,0,0,0,0,0,0,0,,0,1,1,0,0,0,2,0,Everton,Michael-Keane,c5b7c315
2024-08-24,Sat,Matchweek 2,Away,L 0–4,Everton,Tottenham,Y,CB,90,0,0,0,0,0,0,0,0,45,2,5,0,0.0,0.0,0.1,1,0,28,33,84.8,4,23,0,0,0,Match Report,28,33,84.8,654,281,9,9,100.0,13,15,86.7,6,7,85.7,0,0.1,0.0,1,2,0,0,4,33,32,0,0,0,0,0,0,0,0,0,0,28,1,0,1,1,0,0,0,0,0,0,0,0,0,0,0,0,45,7,27,17,2,1,45,0,0,,0,,23,99,20,0,1,0,0,0,22,0,2,1,2,0,0,2,2,100.0,0,0,0,0,5,7,4,0,Everton,Michael-Keane,c5b7c315
2024-08-31,Sat,Matchweek 3,Home,L 2–3,Everton,Bournemouth,Y,CB,90,1,0,0,0,3,1,1,0,42,0,1,1,0.2,0.2,0.0,1,0,23,32,71.9,1,18,0,0,0,Match Report,23,32,71.9,463,131,11,13,84.6,8,10,80.0,4,7,57.1,0,0.0,0.0,0,3,0,0,1,32,32,0,0,0,0,0,0,0,0,0,0,23,0,1,1,1,0,0,0,0,0,0,0,0,0,0,0,0,42,6,18,20,4,4,42,0,0,,0,,18,104,30,0,0,0,0,1,23,0,0,0,0,0,0,0,1,0.0,1,1,0,1,1,1,5,0,Everton,Michael-Keane,c5b7c315
2024-09-14,Sat,Matchweek 4,Away,L 2–3,Everton,Aston Villa,Y,CB,90,0,0,0,0,1,0,0,0,42,2,0,1,0.0,0.0,0.0,0,0,21,29,72.4,0,16,0,0,0,Match Report,21,29,72.4,538,206,1,1,100.0,14,15,93.3,6,11,54.5,0,0.0,0.0,0,0,0,0,0,29,28,1,1,0,1,0,0,0,0,0,0,21,0,0,0,0,0,0,0,0,0,0,0,0,0,0,0,0,42,10,22,17,3,3,42,0,0,,0,,16,82,33,0,0,0,0,0,22,0,2,2,2,0,0,1,2,50.0,1,1,1,0,0,2,8,0,Everton,Michael-Keane,c5b7c315
2024-09-21,Sat,Matchweek 5,Away,D 1–1,Everton,Leicester City,Y,CB,90,0,0,0,0,0,0,1,0,30,1,0,1,0.0,0.0,0.0,0,0,15,19,78.9,0,12,0,0,0,Match Report,15,19,78.9,320,107,6,7,85.7,4,4,100.0,5,7,71.4,0,0.0,0.0,0,0,0,0,0,19,18,0,0,0,0,0,0,0,0,0,0,15,1,0,0,0,0,0,0,0,0,0,0,0,0,0,0,0,30,12,22,8,0,0,30,0,0,,0,,12,50,2,0,0,0,0,0,13,0,1,0,1,0,0,0,0,,0,1,1,0,0,1,8,0,Everton,Michael-Keane,c5b7c315
2024-09-28,Sat,Matchweek 6,Home,W 2–1,Everton,Crystal Palace,N,"On matchday squad, but did not play","On matchday squad, but did not play","On matchday squad, but did not play","On matchday squad, but did not play","On matchday squad, but did not play","On matchday squad, but did not play","On matchday squad, but did not play","On matchday squad, but did not play","On matchday squad, but did not play","On matchday squad, but did not play","On matchday squad, but did not play","On matchday squad, but did not play","On matchday squad, but did not play","On matchday squad, but did not play","On matchday squad, but did not play","On matchday squad, but did not play","On matchday squad, but did not play","On matchday squad, but did not play","On matchday squad, but did not play","On matchday squad, but did not play","On matchday squad, but did not play","On matchday squad, but did not play","On matchday squad, but did not play","On matchday squad, but did not play","On matchday squad, but did not play","On matchday squad, but did not play","On matchday squad, but did not play",Match Report,"On matchday squad, but did not play","On matchday squad, but did not play","On matchday squad, but did not play","On matchday squad, but did not play","On matchday squad, but did not play","On matchday squad, but did not play","On matchday squad, but did not play","On matchday squad, but did not play","On matchday squad, but did not play","On matchday squad, but did not play","On matchday squad, but did not play","On matchday squad, but did not play","On matchday squad, but did not play","On matchday squad, but did not play","On matchday squad, but did not play","On matchday squad, but did not play","On matchday squad, but did not play","On matchday squad, but did not play","On matchday squad, but did not play","On matchday squad, but did not play","On matchday squad, but did not play","On matchday squad, but did not play","On matchday squad, but did not play","On matchday squad, but did not play","On matchday squad, but did not play","On matchday squad, but did not play","On matchday squad, but did not play","On matchday squad, but did not play","On matchday squad, but did not play","On matchday squad, but did not play","On matchday squad, but did not play","On matchday squad, but did not play","On matchday squad, but did not play","On matchday squad, but did not play","On matchday squad, but did not play","On matchday squad, but did not play","On matchday squad, but did not play","On matchday squad, but did not play","On matchday squad, but did not play","On matchday squad, but did not play","On matchday squad, but did not play","On matchday squad, but did not play","On matchday squad, but did not play","On matchday squad, but did not play","On matchday squad, but did not play","On matchday squad, but did not play","On matchday squad, but did not play","On matchday squad, but did not play","On matchday squad, but did not play","On matchday squad, but did not play","On matchday squad, but did not play","On matchday squad, but did not play","On matchday squad, but did not play","On matchday squad, but did not play","On matchday squad, but did not play","On matchday squad, but did not play","On matchday squad, but did not play","On matchday squad, but did not play","On matchday squad, but did not play","On matchday squad, but did not play","On matchday squad, but did not play","On matchday squad, but did not play","On matchday squad, but did not play","On matchday squad, but did not play","On matchday squad, but did not play","On matchday squad, but did not play","On matchday squad, but did not play","On matchday squad, but did not play","On matchday squad, but did not play","On matchday squad, but did not play","On matchday squad, but did not play","On matchday squad, but did not play","On matchday squad, but did not play","On matchday squad, but did not play","On matchday squad, but did not play","On matchday squad, but did not play","On matchday squad, but did not play","On matchday squad, but did not play","On matchday squad, but did not play","On matchday squad, but did not play","On matchday squad, but did not play","On matchday squad, but did not play","On matchday squad, but did not play","On matchday squad, but did not play","On matchday squad, but did not play","On matchday squad, but did not play","On matchday squad, but did not play","On matchday squad, but did not play","On matchday squad, but did not play",Everton,Michael-Keane,c5b7c315
2024-10-05,Sat,Matchweek 7,Home,D 0–0,Everton,Newcastle Utd,Y,CB,90,0,0,0,0,0,0,0,0,44,0,3,0,0.0,0.0,0.0,0,0,29,32,90.6,1,25,0,0,0,Match Report,29,32,90.6,708,195,4,5,80.0,16,17,94.1,8,9,88.9,0,0.0,0.0,0,3,0,0,1,32,32,0,0,0,0,0,0,0,0,0,0,29,0,0,0,0,0,0,0,0,0,0,0,0,0,0,0,0,44,10,31,14,0,0,44,0,0,,0,,25,75,25,0,0,0,0,0,25,0,0,0,0,0,0,0,0,,0,0,0,0,3,3,8,0,Everton,Michael-Keane,c5b7c315
2024-10-19,Sat,Matchweek 8,Away,W 2–0,Everton,Ipswich Town,Y,CB,90,1,0,0,0,1,1,1,0,56,1,1,1,0.0,0.0,0.0,0,0,38,42,90.5,0,26,0,0,0,Match Report,38,42,90.5,859,209,14,15,93.3,14,16,87.5,9,10,90.0,0,0.0,0.0,0,0,0,0,0,42,42,0,0,0,4,0,0,0,0,0,0,38,0,0,0,0,0,0,0,0,0,0,0,0,0,0,0,0,56,13,41,13,2,2,56,0,0,,0,,26,85,27,0,0,0,0,0,37,1,1,1,0,1,0,1,1,100.0,0,1,1,0,1,2,7,0,Everton,Michael-Keane,c5b7c315
2024-10-26,Sat,Matchweek 9,Home,D 1–1,Everton,Fulham,Y,"CB,AM",90,0,0,0,0,1,0,0,0,50,3,0,3,0.0,0.0,0.0,1,0,25,34,73.5,2,19,1,0,0,Match Report,25,34,73.5,467,171,8,9,88.9,17,19,89.5,0,3,0.0,0,0.0,0.0,1,2,0,0,2,34,34,0,0,0,0,1,0,0,0,0,0,25,0,2,1,1,0,0,0,0,0,0,0,0,0,0,0,0,50,8,25,22,3,1,50,0,0,,0,,19,91,58,1,0,0,0,0,25,2,3,2,1,1,1,2,3,66.7,1,3,1,2,0,3,5,0,Everton,Michael-Keane,c5b7c315
2024-11-02,Sat,Matchweek 10,Away,L 0–1,Everton,Southampton,Y,"CB,FW",90,0,0,0,0,1,1,1,0,41,1,0,1,0.1,0.1,0.0,1,0,30,34,88.2,1,16,0,0,0,Match Report,30,34,88.2,662,182,8,8,100.0,17,18,94.4,5,7,71.4,0,0.0,0.0,0,1,0,0,1,34,34,0,0,0,1,0,0,0,0,0,0,30,0,0,1,1,0,0,0,0,0,0,0,0,0,0,0,0,41,4,18,21,2,2,41,0,0,,0,,16,41,15,0,0,0,0,1,27,0,1,1,1,0,0,1,1,100.0,0,1,1,0,0,1,3,0,Everton,Michael-Keane,c5b7c315
2024-11-09,Sat,Matchweek 11,Away,D 0–0,Everton,West Ham,N,"On matchday squad, but did not play","On matchday squad, but did not play","On matchday squad, but did not play","On matchday squad, but did not play","On matchday squad, but did not play","On matchday squad, but did not play","On matchday squad, but did not play","On matchday squad, but did not play","On matchday squad, but did not play","On matchday squad, but did not play","On matchday squad, but did not play","On matchday squad, but did not play","On matchday squad, but did not play","On matchday squad, but did not play","On matchday squad, but did not play","On matchday squad, but did not play","On matchday squad, but did not play","On matchday squad, but did not play","On matchday squad, but did not play","On matchday squad, but did not play","On matchday squad, but did not play","On matchday squad, but did not play","On matchday squad, but did not play","On matchday squad, but did not play","On matchday squad, but did not play","On matchday squad, but did not play","On matchday squad, but did not play",Match Report,"On matchday squad, but did not play","On matchday squad, but did not play","On matchday squad, but did not play","On matchday squad, but did not play","On matchday squad, but did not play","On matchday squad, but did not play","On matchday squad, but did not play","On matchday squad, but did not play","On matchday squad, but did not play","On matchday squad, but did not play","On matchday squad, but did not play","On matchday squad, but did not play","On matchday squad, but did not play","On matchday squad, but did not play","On matchday squad, but did not play","On matchday squad, but did not play","On matchday squad, but did not play","On matchday squad, but did not play","On matchday squad, but did not play","On matchday squad, but did not play","On matchday squad, but did not play","On matchday squad, but did not play","On matchday squad, but did not play","On matchday squad, but did not play","On matchday squad, but did not play","On matchday squad, but did not play","On matchday squad, but did not play","On matchday squad, but did not play","On matchday squad, but did not play","On matchday squad, but did not play","On matchday squad, but did not play","On matchday squad, but did not play","On matchday squad, but did not play","On matchday squad, but did not play","On matchday squad, but did not play","On matchday squad, but did not play","On matchday squad, but did not play","On matchday squad, but did not play","On matchday squad, but did not play","On matchday squad, but did not play","On matchday squad, but did not play","On matchday squad, but did not play","On matchday squad, but did not play","On matchday squad, but did not play","On matchday squad, but did not play","On matchday squad, but did not play","On matchday squad, but did not play","On matchday squad, but did not play","On matchday squad, but did not play","On matchday squad, but did not play","On matchday squad, but did not play","On matchday squad, but did not play","On matchday squad, but did not play","On matchday squad, but did not play","On matchday squad, but did not play","On matchday squad, but did not play","On matchday squad, but did not play","On matchday squad, but did not play","On matchday squad, but did not play","On matchday squad, but did not play","On matchday squad, but did not play","On matchday squad, but did not play","On matchday squad, but did not play","On matchday squad, but did not play","On matchday squad, but did not play","On matchday squad, but did not play","On matchday squad, but did not play","On matchday squad, but did not play","On matchday squad, but did not play","On matchday squad, but did not play","On matchday squad, but did not play","On matchday squad, but did not play","On matchday squad, but did not play","On matchday squad, but did not play","On matchday squad, but did not play","On matchday squad, but did not play","On matchday squad, but did not play","On matchday squad, but did not play","On matchday squad, but did not play","On matchday squad, but did not play","On matchday squad, but did not play","On matchday squad, but did not play","On matchday squad, but did not play","On matchday squad, but did not play","On matchday squad, but did not play","On matchday squad, but did not play","On matchday squad, but did not play","On matchday squad, but did not play","On matchday squad, but did not play",Everton,Michael-Keane,c5b7c315
2024-11-23,Sat,Matchweek 12,Home,D 0–0,Everton,Brentford,N,"On matchday squad, but did not play","On matchday squad, but did not play","On matchday squad, but did not play","On matchday squad, but did not play","On matchday squad, but did not play","On matchday squad, but did not play","On matchday squad, but did not play","On matchday squad, but did not play","On matchday squad, but did not play","On matchday squad, but did not play","On matchday squad, but did not play","On matchday squad, but did not play","On matchday squad, but did not play","On matchday squad, but did not play","On matchday squad, but did not play","On matchday squad, but did not play","On matchday squad, but did not play","On matchday squad, but did not play","On matchday squad, but did not play","On matchday squad, but did not play","On matchday squad, but did not play","On matchday squad, but did not play","On matchday squad, but did not play","On matchday squad, but did not play","On matchday squad, but did not play","On matchday squad, but did not play","On matchday squad, but did not play",Match Report,"On matchday squad, but did not play","On matchday squad, but did not play","On matchday squad, but did not play","On matchday squad, but did not play","On matchday squad, but did not play","On matchday squad, but did not play","On matchday squad, but did not play","On matchday squad, but did not play","On matchday squad, but did not play","On matchday squad, but did not play","On matchday squad, but did not play","On matchday squad, but did not play","On matchday squad, but did not play","On matchday squad, but did not play","On matchday squad, but did not play","On matchday squad, but did not play","On matchday squad, but did not play","On matchday squad, but did not play","On matchday squad, but did not play","On matchday squad, but did not play","On matchday squad, but did not play","On matchday squad, but did not play","On matchday squad, but did not play","On matchday squad, but did not play","On matchday squad, but did not play","On matchday squad, but did not play","On matchday squad, but did not play","On matchday squad, but did not play","On matchday squad, but did not play","On matchday squad, but did not play","On matchday squad, but did not play","On matchday squad, but did not play","On matchday squad, but did not play","On matchday squad, but did not play","On matchday squad, but did not play","On matchday squad, but did not play","On matchday squad, but did not play","On matchday squad, but did not play","On matchday squad, but did not play","On matchday squad, but did not play","On matchday squad, but did not play","On matchday squad, but did not play","On matchday squad, but did not play","On matchday squad, but did not play","On matchday squad, but did not play","On matchday squad, but did not play","On matchday squad, but did not play","On matchday squad, but did not play","On matchday squad, but did not play","On matchday squad, but did not play","On matchday squad, but did not play","On matchday squad, but did not play","On matchday squad, but did not play","On matchday squad, but did not play","On matchday squad, but did not play","On matchday squad, but did not play","On matchday squad, but did not play","On matchday squad, but did not play","On matchday squad, but did not play","On matchday squad, but did not play","On matchday squad, but did not play","On matchday squad, but did not play","On matchday squad, but did not play","On matchday squad, but did not play","On matchday squad, but did not play","On matchday squad, but did not play","On matchday squad, but did not play","On matchday squad, but did not play","On matchday squad, but did not play","On matchday squad, but did not play","On matchday squad, but did not play","On matchday squad, but did not play","On matchday squad, but did not play","On matchday squad, but did not play","On matchday squad, but did not play","On matchday squad, but did not play","On matchday squad, but did not play","On matchday squad, but did not play","On matchday squad, but did not play","On matchday squad, but did not play","On matchday squad, but did not play","On matchday squad, but did not play","On matchday squad, but did not play","On matchday squad, but did not play","On matchday squad, but did not play","On matchday squad, but did not play","On matchday squad, but did not play","On matchday squad, but did not play","On matchday squad, but did not play",Everton,Michael-Keane,c5b7c315
2024-12-14,Sat,Matchweek 16,Away,D 0–0,Everton,Arsenal,N,"On matchday squad, but did not play","On matchday squad, but did not play","On matchday squad, but did not play","On matchday squad, but did not play","On matchday squad, but did not play","On matchday squad, but did not play","On matchday squad, but did not play","On matchday squad, but did not play","On matchday squad, but did not play","On matchday squad, but did not play","On matchday squad, but did not play","On matchday squad, but did not play","On matchday squad, but did not play","On matchday squad, but did not play","On matchday squad, but did not play","On matchday squad, but did not play","On matchday squad, but did not play","On matchday squad, but did not play","On matchday squad, but did not play","On matchday squad, but did not play","On matchday squad, but did not play","On matchday squad, but did not play","On matchday squad, but did not play","On matchday squad, but did not play","On matchday squad, but did not play","On matchday squad, but did not play","On matchday squad, but did not play",Match Report,"On matchday squad, but did not play","On matchday squad, but did not play","On matchday squad, but did not play","On matchday squad, but did not play","On matchday squad, but did not play","On matchday squad, but did not play","On matchday squad, but did not play","On matchday squad, but did not play","On matchday squad, but did not play","On matchday squad, but did not play","On matchday squad, but did not play","On matchday squad, but did not play","On matchday squad, but did not play","On matchday squad, but did not play","On matchday squad, but did not play","On matchday squad, but did not play","On matchday squad, but did not play","On matchday squad, but did not play","On matchday squad, but did not play","On matchday squad, but did not play","On matchday squad, but did not play","On matchday squad, but did not play","On matchday squad, but did not play","On matchday squad, but did not play","On matchday squad, but did not play","On matchday squad, but did not play","On matchday squad, but did not play","On matchday squad, but did not play","On matchday squad, but did not play","On matchday squad, but did not play","On matchday squad, but did not play","On matchday squad, but did not play","On matchday squad, but did not play","On matchday squad, but did not play","On matchday squad, but did not play","On matchday squad, but did not play","On matchday squad, but did not play","On matchday squad, but did not play","On matchday squad, but did not play","On matchday squad, but did not play","On matchday squad, but did not play","On matchday squad, but did not play","On matchday squad, but did not play","On matchday squad, but did not play","On matchday squad, but did not play","On matchday squad, but did not play","On matchday squad, but did not play","On matchday squad, but did not play","On matchday squad, but did not play","On matchday squad, but did not play","On matchday squad, but did not play","On matchday squad, but did not play","On matchday squad, but did not play","On matchday squad, but did not play","On matchday squad, but did not play","On matchday squad, but did not play","On matchday squad, but did not play","On matchday squad, but did not play","On matchday squad, but did not play","On matchday squad, but did not play","On matchday squad, but did not play","On matchday squad, but did not play","On matchday squad, but did not play","On matchday squad, but did not play","On matchday squad, but did not play","On matchday squad, but did not play","On matchday squad, but did not play","On matchday squad, but did not play","On matchday squad, but did not play","On matchday squad, but did not play","On matchday squad, but did not play","On matchday squad, but did not play","On matchday squad, but did not play","On matchday squad, but did not play","On matchday squad, but did not play","On matchday squad, but did not play","On matchday squad, but did not play","On matchday squad, but did not play","On matchday squad, but did not play","On matchday squad, but did not play","On matchday squad, but did not play","On matchday squad, but did not play","On matchday squad, but did not play","On matchday squad, but did not play","On matchday squad, but did not play","On matchday squad, but did not play","On matchday squad, but did not play","On matchday squad, but did not play","On matchday squad, but did not play",Everton,Michael-Keane,c5b7c315
2024-12-22,Sun,Matchweek 17,Home,D 0–0,Everton,Chelsea,N,"On matchday squad, but did not play","On matchday squad, but did not play","On matchday squad, but did not play","On matchday squad, but did not play","On matchday squad, but did not play","On matchday squad, but did not play","On matchday squad, but did not play","On matchday squad, but did not play","On matchday squad, but did not play","On matchday squad, but did not play","On matchday squad, but did not play","On matchday squad, but did not play","On matchday squad, but did not play","On matchday squad, but did not play","On matchday squad, but did not play","On matchday squad, but did not play","On matchday squad, but did not play","On matchday squad, but did not play","On matchday squad, but did not play","On matchday squad, but did not play","On matchday squad, but did not play","On matchday squad, but did not play","On matchday squad, but did not play","On matchday squad, but did not play","On matchday squad, but did not play","On matchday squad, but did not play","On matchday squad, but did not play",Match Report,"On matchday squad, but did not play","On matchday squad, but did not play","On matchday squad, but did not play","On matchday squad, but did not play","On matchday squad, but did not play","On matchday squad, but did not play","On matchday squad, but did not play","On matchday squad, but did not play","On matchday squad, but did not play","On matchday squad, but did not play","On matchday squad, but did not play","On matchday squad, but did not play","On matchday squad, but did not play","On matchday squad, but did not play","On matchday squad, but did not play","On matchday squad, but did not play","On matchday squad, but did not play","On matchday squad, but did not play","On matchday squad, but did not play","On matchday squad, but did not play","On matchday squad, but did not play","On matchday squad, but did not play","On matchday squad, but did not play","On matchday squad, but did not play","On matchday squad, but did not play","On matchday squad, but did not play","On matchday squad, but did not play","On matchday squad, but did not play","On matchday squad, but did not play","On matchday squad, but did not play","On matchday squad, but did not play","On matchday squad, but did not play","On matchday squad, but did not play","On matchday squad, but did not play","On matchday squad, but did not play","On matchday squad, but did not play","On matchday squad, but did not play","On matchday squad, but did not play","On matchday squad, but did not play","On matchday squad, but did not play","On matchday squad, but did not play","On matchday squad, but did not play","On matchday squad, but did not play","On matchday squad, but did not play","On matchday squad, but did not play","On matchday squad, but did not play","On matchday squad, but did not play","On matchday squad, but did not play","On matchday squad, but did not play","On matchday squad, but did not play","On matchday squad, but did not play","On matchday squad, but did not play","On matchday squad, but did not play","On matchday squad, but did not play","On matchday squad, but did not play","On matchday squad, but did not play","On matchday squad, but did not play","On matchday squad, but did not play","On matchday squad, but did not play","On matchday squad, but did not play","On matchday squad, but did not play","On matchday squad, but did not play","On matchday squad, but did not play","On matchday squad, but did not play","On matchday squad, but did not play","On matchday squad, but did not play","On matchday squad, but did not play","On matchday squad, but did not play","On matchday squad, but did not play","On matchday squad, but did not play","On matchday squad, but did not play","On matchday squad, but did not play","On matchday squad, but did not play","On matchday squad, but did not play","On matchday squad, but did not play","On matchday squad, but did not play","On matchday squad, but did not play","On matchday squad, but did not play","On matchday squad, but did not play","On matchday squad, but did not play","On matchday squad, but did not play","On matchday squad, but did not play","On matchday squad, but did not play","On matchday squad, but did not play","On matchday squad, but did not play","On matchday squad, but did not play","On matchday squad, but did not play","On matchday squad, but did not play","On matchday squad, but did not play",Everton,Michael-Keane,c5b7c315
2024-12-26,Thu,Matchweek 18,Away,D 1–1,Everton,Manchester City,N,"On matchday squad, but did not play","On matchday squad, but did not play","On matchday squad, but did not play","On matchday squad, but did not play","On matchday squad, but did not play","On matchday squad, but did not play","On matchday squad, but did not play","On matchday squad, but did not play","On matchday squad, but did not play","On matchday squad, but did not play","On matchday squad, but did not play","On matchday squad, but did not play","On matchday squad, but did not play","On matchday squad, but did not play","On matchday squad, but did not play","On matchday squad, but did not play","On matchday squad, but did not play","On matchday squad, but did not play","On matchday squad, but did not play","On matchday squad, but did not play","On matchday squad, but did not play","On matchday squad, but did not play","On matchday squad, but did not play","On matchday squad, but did not play","On matchday squad, but did not play","On matchday squad, but did not play","On matchday squad, but did not play",Match Report,"On matchday squad, but did not play","On matchday squad, but did not play","On matchday squad, but did not play","On matchday squad, but did not play","On matchday squad, but did not play","On matchday squad, but did not play","On matchday squad, but did not play","On matchday squad, but did not play","On matchday squad, but did not play","On matchday squad, but did not play","On matchday squad, but did not play","On matchday squad, but did not play","On matchday squad, but did not play","On matchday squad, but did not play","On matchday squad, but did not play","On matchday squad, but did not play","On matchday squad, but did not play","On matchday squad, but did not play","On matchday squad, but did not play","On matchday squad, but did not play","On matchday squad, but did not play","On matchday squad, but did not play","On matchday squad, but did not play","On matchday squad, but did not play","On matchday squad, but did not play","On matchday squad, but did not play","On matchday squad, but did not play","On matchday squad, but did not play","On matchday squad, but did not play","On matchday squad, but did not play","On matchday squad, but did not play","On matchday squad, but did not play","On matchday squad, but did not play","On matchday squad, but did not play","On matchday squad, but did not play","On matchday squad, but did not play","On matchday squad, but did not play","On matchday squad, but did not play","On matchday squad, but did not play","On matchday squad, but did not play","On matchday squad, but did not play","On matchday squad, but did not play","On matchday squad, but did not play","On matchday squad, but did not play","On matchday squad, but did not play","On matchday squad, but did not play","On matchday squad, but did not play","On matchday squad, but did not play","On matchday squad, but did not play","On matchday squad, but did not play","On matchday squad, but did not play","On matchday squad, but did not play","On matchday squad, but did not play","On matchday squad, but did not play","On matchday squad, but did not play","On matchday squad, but did not play","On matchday squad, but did not play","On matchday squad, but did not play","On matchday squad, but did not play","On matchday squad, but did not play","On matchday squad, but did not play","On matchday squad, but did not play","On matchday squad, but did not play","On matchday squad, but did not play","On matchday squad, but did not play","On matchday squad, but did not play","On matchday squad, but did not play","On matchday squad, but did not play","On matchday squad, but did not play","On matchday squad, but did not play","On matchday squad, but did not play","On matchday squad, but did not play","On matchday squad, but did not play","On matchday squad, but did not play","On matchday squad, but did not play","On matchday squad, but did not play","On matchday squad, but did not play","On matchday squad, but did not play","On matchday squad, but did not play","On matchday squad, but did not play","On matchday squad, but did not play","On matchday squad, but did not play","On matchday squad, but did not play","On matchday squad, but did not play","On matchday squad, but did not play","On matchday squad, but did not play","On matchday squad, but did not play","On matchday squad, but did not play","On matchday squad, but did not play",Everton,Michael-Keane,c5b7c315
2024-12-29,Sun,Matchweek 19,Home,L 0–2,Everton,Nott'ham Forest,N,"On matchday squad, but did not play","On matchday squad, but did not play","On matchday squad, but did not play","On matchday squad, but did not play","On matchday squad, but did not play","On matchday squad, but did not play","On matchday squad, but did not play","On matchday squad, but did not play","On matchday squad, but did not play","On matchday squad, but did not play","On matchday squad, but did not play","On matchday squad, but did not play","On matchday squad, but did not play","On matchday squad, but did not play","On matchday squad, but did not play","On matchday squad, but did not play","On matchday squad, but did not play","On matchday squad, but did not play","On matchday squad, but did not play","On matchday squad, but did not play","On matchday squad, but did not play","On matchday squad, but did not play","On matchday squad, but did not play","On matchday squad, but did not play","On matchday squad, but did not play","On matchday squad, but did not play","On matchday squad, but did not play",Match Report,"On matchday squad, but did not play","On matchday squad, but did not play","On matchday squad, but did not play","On matchday squad, but did not play","On matchday squad, but did not play","On matchday squad, but did not play","On matchday squad, but did not play","On matchday squad, but did not play","On matchday squad, but did not play","On matchday squad, but did not play","On matchday squad, but did not play","On matchday squad, but did not play","On matchday squad, but did not play","On matchday squad, but did not play","On matchday squad, but did not play","On matchday squad, but did not play","On matchday squad, but did not play","On matchday squad, but did not play","On matchday squad, but did not play","On matchday squad, but did not play","On matchday squad, but did not play","On matchday squad, but did not play","On matchday squad, but did not play","On matchday squad, but did not play","On matchday squad, but did not play","On matchday squad, but did not play","On matchday squad, but did not play","On matchday squad, but did not play","On matchday squad, but did not play","On matchday squad, but did not play","On matchday squad, but did not play","On matchday squad, but did not play","On matchday squad, but did not play","On matchday squad, but did not play","On matchday squad, but did not play","On matchday squad, but did not play","On matchday squad, but did not play","On matchday squad, but did not play","On matchday squad, but did not play","On matchday squad, but did not play","On matchday squad, but did not play","On matchday squad, but did not play","On matchday squad, but did not play","On matchday squad, but did not play","On matchday squad, but did not play","On matchday squad, but did not play","On matchday squad, but did not play","On matchday squad, but did not play","On matchday squad, but did not play","On matchday squad, but did not play","On matchday squad, but did not play","On matchday squad, but did not play","On matchday squad, but did not play","On matchday squad, but did not play","On matchday squad, but did not play","On matchday squad, but did not play","On matchday squad, but did not play","On matchday squad, but did not play","On matchday squad, but did not play","On matchday squad, but did not play","On matchday squad, but did not play","On matchday squad, but did not play","On matchday squad, but did not play","On matchday squad, but did not play","On matchday squad, but did not play","On matchday squad, but did not play","On matchday squad, but did not play","On matchday squad, but did not play","On matchday squad, but did not play","On matchday squad, but did not play","On matchday squad, but did not play","On matchday squad, but did not play","On matchday squad, but did not play","On matchday squad, but did not play","On matchday squad, but did not play","On matchday squad, but did not play","On matchday squad, but did not play","On matchday squad, but did not play","On matchday squad, but did not play","On matchday squad, but did not play","On matchday squad, but did not play","On matchday squad, but did not play","On matchday squad, but did not play","On matchday squad, but did not play","On matchday squad, but did not play","On matchday squad, but did not play","On matchday squad, but did not play","On matchday squad, but did not play","On matchday squad, but did not play",Everton,Michael-Keane,c5b7c315
2025-01-04,Sat,Matchweek 20,Away,L 0–1,Everton,Bournemouth,N,"On matchday squad, but did not play","On matchday squad, but did not play","On matchday squad, but did not play","On matchday squad, but did not play","On matchday squad, but did not play","On matchday squad, but did not play","On matchday squad, but did not play","On matchday squad, but did not play","On matchday squad, but did not play","On matchday squad, but did not play","On matchday squad, but did not play","On matchday squad, but did not play","On matchday squad, but did not play","On matchday squad, but did not play","On matchday squad, but did not play","On matchday squad, but did not play","On matchday squad, but did not play","On matchday squad, but did not play","On matchday squad, but did not play","On matchday squad, but did not play","On matchday squad, but did not play","On matchday squad, but did not play","On matchday squad, but did not play","On matchday squad, but did not play","On matchday squad, but did not play","On matchday squad, but did not play","On matchday squad, but did not play",Match Report,"On matchday squad, but did not play","On matchday squad, but did not play","On matchday squad, but did not play","On matchday squad, but did not play","On matchday squad, but did not play","On matchday squad, but did not play","On matchday squad, but did not play","On matchday squad, but did not play","On matchday squad, but did not play","On matchday squad, but did not play","On matchday squad, but did not play","On matchday squad, but did not play","On matchday squad, but did not play","On matchday squad, but did not play","On matchday squad, but did not play","On matchday squad, but did not play","On matchday squad, but did not play","On matchday squad, but did not play","On matchday squad, but did not play","On matchday squad, but did not play","On matchday squad, but did not play","On matchday squad, but did not play","On matchday squad, but did not play","On matchday squad, but did not play","On matchday squad, but did not play","On matchday squad, but did not play","On matchday squad, but did not play","On matchday squad, but did not play","On matchday squad, but did not play","On matchday squad, but did not play","On matchday squad, but did not play","On matchday squad, but did not play","On matchday squad, but did not play","On matchday squad, but did not play","On matchday squad, but did not play","On matchday squad, but did not play","On matchday squad, but did not play","On matchday squad, but did not play","On matchday squad, but did not play","On matchday squad, but did not play","On matchday squad, but did not play","On matchday squad, but did not play","On matchday squad, but did not play","On matchday squad, but did not play","On matchday squad, but did not play","On matchday squad, but did not play","On matchday squad, but did not play","On matchday squad, but did not play","On matchday squad, but did not play","On matchday squad, but did not play","On matchday squad, but did not play","On matchday squad, but did not play","On matchday squad, but did not play","On matchday squad, but did not play","On matchday squad, but did not play","On matchday squad, but did not play","On matchday squad, but did not play","On matchday squad, but did not play","On matchday squad, but did not play","On matchday squad, but did not play","On matchday squad, but did not play","On matchday squad, but did not play","On matchday squad, but did not play","On matchday squad, but did not play","On matchday squad, but did not play","On matchday squad, but did not play","On matchday squad, but did not play","On matchday squad, but did not play","On matchday squad, but did not play","On matchday squad, but did not play","On matchday squad, but did not play","On matchday squad, but did not play","On matchday squad, but did not play","On matchday squad, but did not play","On matchday squad, but did not play","On matchday squad, but did not play","On matchday squad, but did not play","On matchday squad, but did not play","On matchday squad, but did not play","On matchday squad, but did not play","On matchday squad, but did not play","On matchday squad, but did not play","On matchday squad, but did not play","On matchday squad, but did not play","On matchday squad, but did not play","On matchday squad, but did not play","On matchday squad, but did not play","On matchday squad, but did not play","On matchday squad, but did not play",Everton,Michael-Keane,c5b7c315
2025-01-15,Wed,Matchweek 21,Home,L 0–1,Everton,Aston Villa,N,"On matchday squad, but did not play","On matchday squad, but did not play","On matchday squad, but did not play","On matchday squad, but did not play","On matchday squad, but did not play","On matchday squad, but did not play","On matchday squad, but did not play","On matchday squad, but did not play","On matchday squad, but did not play","On matchday squad, but did not play","On matchday squad, but did not play","On matchday squad, but did not play","On matchday squad, but did not play","On matchday squad, but did not play","On matchday squad, but did not play","On matchday squad, but did not play","On matchday squad, but did not play","On matchday squad, but did not play","On matchday squad, but did not play","On matchday squad, but did not play","On matchday squad, but did not play","On matchday squad, but did not play","On matchday squad, but did not play","On matchday squad, but did not play","On matchday squad, but did not play","On matchday squad, but did not play","On matchday squad, but did not play",Match Report,"On matchday squad, but did not play","On matchday squad, but did not play","On matchday squad, but did not play","On matchday squad, but did not play","On matchday squad, but did not play","On matchday squad, but did not play","On matchday squad, but did not play","On matchday squad, but did not play","On matchday squad, but did not play","On matchday squad, but did not play","On matchday squad, but did not play","On matchday squad, but did not play","On matchday squad, but did not play","On matchday squad, but did not play","On matchday squad, but did not play","On matchday squad, but did not play","On matchday squad, but did not play","On matchday squad, but did not play","On matchday squad, but did not play","On matchday squad, but did not play","On matchday squad, but did not play","On matchday squad, but did not play","On matchday squad, but did not play","On matchday squad, but did not play","On matchday squad, but did not play","On matchday squad, but did not play","On matchday squad, but did not play","On matchday squad, but did not play","On matchday squad, but did not play","On matchday squad, but did not play","On matchday squad, but did not play","On matchday squad, but did not play","On matchday squad, but did not play","On matchday squad, but did not play","On matchday squad, but did not play","On matchday squad, but did not play","On matchday squad, but did not play","On matchday squad, but did not play","On matchday squad, but did not play","On matchday squad, but did not play","On matchday squad, but did not play","On matchday squad, but did not play","On matchday squad, but did not play","On matchday squad, but did not play","On matchday squad, but did not play","On matchday squad, but did not play","On matchday squad, but did not play","On matchday squad, but did not play","On matchday squad, but did not play","On matchday squad, but did not play","On matchday squad, but did not play","On matchday squad, but did not play","On matchday squad, but did not play","On matchday squad, but did not play","On matchday squad, but did not play","On matchday squad, but did not play","On matchday squad, but did not play","On matchday squad, but did not play","On matchday squad, but did not play","On matchday squad, but did not play","On matchday squad, but did not play","On matchday squad, but did not play","On matchday squad, but did not play","On matchday squad, but did not play","On matchday squad, but did not play","On matchday squad, but did not play","On matchday squad, but did not play","On matchday squad, but did not play","On matchday squad, but did not play","On matchday squad, but did not play","On matchday squad, but did not play","On matchday squad, but did not play","On matchday squad, but did not play","On matchday squad, but did not play","On matchday squad, but did not play","On matchday squad, but did not play","On matchday squad, but did not play","On matchday squad, but did not play","On matchday squad, but did not play","On matchday squad, but did not play","On matchday squad, but did not play","On matchday squad, but did not play","On matchday squad, but did not play","On matchday squad, but did not play","On matchday squad, but did not play","On matchday squad, but did not play","On matchday squad, but did not play","On matchday squad, but did not play","On matchday squad, but did not play",Everton,Michael-Keane,c5b7c315
2025-01-19,Sun,Matchweek 22,Home,W 3–2,Everton,Tottenham,N,CB,3,0,0,0,0,0,0,0,0,2,0,0,0,0.0,0.0,0.0,0,0,0,1,0.0,0,1,0,1,0,Match Report,0,1,0.0,0,0,0,0,,0,1,0.0,0,0,,0,0.0,0.0,0,0,0,0,0,1,1,0,0,0,0,0,0,0,0,0,0,0,0,0,0,0,0,0,0,0,0,0,0,0,0,0,0,0,2,0,0,2,0,0,2,1,0,0.0,1,100.0,1,3,0,0,0,0,0,0,1,0,0,0,0,0,0,0,0,,0,0,0,0,0,0,0,0,Everton,Michael-Keane,c5b7c315
2025-01-25,Sat,Matchweek 23,Away,W 1–0,Everton,Brighton,N,"On matchday squad, but did not play","On matchday squad, but did not play","On matchday squad, but did not play","On matchday squad, but did not play","On matchday squad, but did not play","On matchday squad, but did not play","On matchday squad, but did not play","On matchday squad, but did not play","On matchday squad, but did not play","On matchday squad, but did not play","On matchday squad, but did not play","On matchday squad, but did not play","On matchday squad, but did not play","On matchday squad, but did not play","On matchday squad, but did not play","On matchday squad, but did not play","On matchday squad, but did not play","On matchday squad, but did not play","On matchday squad, but did not play","On matchday squad, but did not play","On matchday squad, but did not play","On matchday squad, but did not play","On matchday squad, but did not play","On matchday squad, but did not play","On matchday squad, but did not play","On matchday squad, but did not play","On matchday squad, but did not play",Match Report,"On matchday squad, but did not play","On matchday squad, but did not play","On matchday squad, but did not play","On matchday squad, but did not play","On matchday squad, but did not play","On matchday squad, but did not play","On matchday squad, but did not play","On matchday squad, but did not play","On matchday squad, but did not play","On matchday squad, but did not play","On matchday squad, but did not play","On matchday squad, but did not play","On matchday squad, but did not play","On matchday squad, but did not play","On matchday squad, but did not play","On matchday squad, but did not play","On matchday squad, but did not play","On matchday squad, but did not play","On matchday squad, but did not play","On matchday squad, but did not play","On matchday squad, but did not play","On matchday squad, but did not play","On matchday squad, but did not play","On matchday squad, but did not play","On matchday squad, but did not play","On matchday squad, but did not play","On matchday squad, but did not play","On matchday squad, but did not play","On matchday squad, but did not play","On matchday squad, but did not play","On matchday squad, but did not play","On matchday squad, but did not play","On matchday squad, but did not play","On matchday squad, but did not play","On matchday squad, but did not play","On matchday squad, but did not play","On matchday squad, but did not play","On matchday squad, but did not play","On matchday squad, but did not play","On matchday squad, but did not play","On matchday squad, but did not play","On matchday squad, but did not play","On matchday squad, but did not play","On matchday squad, but did not play","On matchday squad, but did not play","On matchday squad, but did not play","On matchday squad, but did not play","On matchday squad, but did not play","On matchday squad, but did not play","On matchday squad, but did not play","On matchday squad, but did not play","On matchday squad, but did not play","On matchday squad, but did not play","On matchday squad, but did not play","On matchday squad, but did not play","On matchday squad, but did not play","On matchday squad, but did not play","On matchday squad, but did not play","On matchday squad, but did not play","On matchday squad, but did not play","On matchday squad, but did not play","On matchday squad, but did not play","On matchday squad, but did not play","On matchday squad, but did not play","On matchday squad, but did not play","On matchday squad, but did not play","On matchday squad, but did not play","On matchday squad, but did not play","On matchday squad, but did not play","On matchday squad, but did not play","On matchday squad, but did not play","On matchday squad, but did not play","On matchday squad, but did not play","On matchday squad, but did not play","On matchday squad, but did not play","On matchday squad, but did not play","On matchday squad, but did not play","On matchday squad, but did not play","On matchday squad, but did not play","On matchday squad, but did not play","On matchday squad, but did not play","On matchday squad, but did not play","On matchday squad, but did not play","On matchday squad, but did not play","On matchday squad, but did not play","On matchday squad, but did not play","On matchday squad, but did not play","On matchday squad, but did not play","On matchday squad, but did not play",Everton,Michael-Keane,c5b7c315
2025-02-01,Sat,Matchweek 24,Home,W 4–0,Everton,Leicester City,N,"On matchday squad, but did not play","On matchday squad, but did not play","On matchday squad, but did not play","On matchday squad, but did not play","On matchday squad, but did not play","On matchday squad, but did not play","On matchday squad, but did not play","On matchday squad, but did not play","On matchday squad, but did not play","On matchday squad, but did not play","On matchday squad, but did not play","On matchday squad, but did not play","On matchday squad, but did not play","On matchday squad, but did not play","On matchday squad, but did not play","On matchday squad, but did not play","On matchday squad, but did not play","On matchday squad, but did not play","On matchday squad, but did not play","On matchday squad, but did not play","On matchday squad, but did not play","On matchday squad, but did not play","On matchday squad, but did not play","On matchday squad, but did not play","On matchday squad, but did not play","On matchday squad, but did not play","On matchday squad, but did not play",Match Report,"On matchday squad, but did not play","On matchday squad, but did not play","On matchday squad, but did not play","On matchday squad, but did not play","On matchday squad, but did not play","On matchday squad, but did not play","On matchday squad, but did not play","On matchday squad, but did not play","On matchday squad, but did not play","On matchday squad, but did not play","On matchday squad, but did not play","On matchday squad, but did not play","On matchday squad, but did not play","On matchday squad, but did not play","On matchday squad, but did not play","On matchday squad, but did not play","On matchday squad, but did not play","On matchday squad, but did not play","On matchday squad, but did not play","On matchday squad, but did not play","On matchday squad, but did not play","On matchday squad, but did not play","On matchday squad, but did not play","On matchday squad, but did not play","On matchday squad, but did not play","On matchday squad, but did not play","On matchday squad, but did not play","On matchday squad, but did not play","On matchday squad, but did not play","On matchday squad, but did not play","On matchday squad, but did not play","On matchday squad, but did not play","On matchday squad, but did not play","On matchday squad, but did not play","On matchday squad, but did not play","On matchday squad, but did not play","On matchday squad, but did not play","On matchday squad, but did not play","On matchday squad, but did not play","On matchday squad, but did not play","On matchday squad, but did not play","On matchday squad, but did not play","On matchday squad, but did not play","On matchday squad, but did not play","On matchday squad, but did not play","On matchday squad, but did not play","On matchday squad, but did not play","On matchday squad, but did not play","On matchday squad, but did not play","On matchday squad, but did not play","On matchday squad, but did not play","On matchday squad, but did not play","On matchday squad, but did not play","On matchday squad, but did not play","On matchday squad, but did not play","On matchday squad, but did not play","On matchday squad, but did not play","On matchday squad, but did not play","On matchday squad, but did not play","On matchday squad, but did not play","On matchday squad, but did not play","On matchday squad, but did not play","On matchday squad, but did not play","On matchday squad, but did not play","On matchday squad, but did not play","On matchday squad, but did not play","On matchday squad, but did not play","On matchday squad, but did not play","On matchday squad, but did not play","On matchday squad, but did not play","On matchday squad, but did not play","On matchday squad, but did not play","On matchday squad, but did not play","On matchday squad, but did not play","On matchday squad, but did not play","On matchday squad, but did not play","On matchday squad, but did not play","On matchday squad, but did not play","On matchday squad, but did not play","On matchday squad, but did not play","On matchday squad, but did not play","On matchday squad, but did not play","On matchday squad, but did not play","On matchday squad, but did not play","On matchday squad, but did not play","On matchday squad, but did not play","On matchday squad, but did not play","On matchday squad, but did not play","On matchday squad, but did not play",Everton,Michael-Keane,c5b7c315
2025-02-12,Wed,Matchweek 15,Home,D 2–2,Everton,Liverpool,N,"On matchday squad, but did not play","On matchday squad, but did not play","On matchday squad, but did not play","On matchday squad, but did not play","On matchday squad, but did not play","On matchday squad, but did not play","On matchday squad, but did not play","On matchday squad, but did not play","On matchday squad, but did not play","On matchday squad, but did not play","On matchday squad, but did not play","On matchday squad, but did not play","On matchday squad, but did not play","On matchday squad, but did not play","On matchday squad, but did not play","On matchday squad, but did not play","On matchday squad, but did not play","On matchday squad, but did not play","On matchday squad, but did not play","On matchday squad, but did not play","On matchday squad, but did not play","On matchday squad, but did not play","On matchday squad, but did not play","On matchday squad, but did not play","On matchday squad, but did not play","On matchday squad, but did not play","On matchday squad, but did not play",Match Report,"On matchday squad, but did not play","On matchday squad, but did not play","On matchday squad, but did not play","On matchday squad, but did not play","On matchday squad, but did not play","On matchday squad, but did not play","On matchday squad, but did not play","On matchday squad, but did not play","On matchday squad, but did not play","On matchday squad, but did not play","On matchday squad, but did not play","On matchday squad, but did not play","On matchday squad, but did not play","On matchday squad, but did not play","On matchday squad, but did not play","On matchday squad, but did not play","On matchday squad, but did not play","On matchday squad, but did not play","On matchday squad, but did not play","On matchday squad, but did not play","On matchday squad, but did not play","On matchday squad, but did not play","On matchday squad, but did not play","On matchday squad, but did not play","On matchday squad, but did not play","On matchday squad, but did not play","On matchday squad, but did not play","On matchday squad, but did not play","On matchday squad, but did not play","On matchday squad, but did not play","On matchday squad, but did not play","On matchday squad, but did not play","On matchday squad, but did not play","On matchday squad, but did not play","On matchday squad, but did not play","On matchday squad, but did not play","On matchday squad, but did not play","On matchday squad, but did not play","On matchday squad, but did not play","On matchday squad, but did not play","On matchday squad, but did not play","On matchday squad, but did not play","On matchday squad, but did not play","On matchday squad, but did not play","On matchday squad, but did not play","On matchday squad, but did not play","On matchday squad, but did not play","On matchday squad, but did not play","On matchday squad, but did not play","On matchday squad, but did not play","On matchday squad, but did not play","On matchday squad, but did not play","On matchday squad, but did not play","On matchday squad, but did not play","On matchday squad, but did not play","On matchday squad, but did not play","On matchday squad, but did not play","On matchday squad, but did not play","On matchday squad, but did not play","On matchday squad, but did not play","On matchday squad, but did not play","On matchday squad, but did not play","On matchday squad, but did not play","On matchday squad, but did not play","On matchday squad, but did not play","On matchday squad, but did not play","On matchday squad, but did not play","On matchday squad, but did not play","On matchday squad, but did not play","On matchday squad, but did not play","On matchday squad, but did not play","On matchday squad, but did not play","On matchday squad, but did not play","On matchday squad, but did not play","On matchday squad, but did not play","On matchday squad, but did not play","On matchday squad, but did not play","On matchday squad, but did not play","On matchday squad, but did not play","On matchday squad, but did not play","On matchday squad, but did not play","On matchday squad, but did not play","On matchday squad, but did not play","On matchday squad, but did not play","On matchday squad, but did not play","On matchday squad, but did not play","On matchday squad, but did not play","On matchday squad, but did not play","On matchday squad, but did not play",Everton,Michael-Keane,c5b7c315
2025-02-15,Sat,Matchweek 25,Away,W 2–1,Everton,Crystal Palace,N,"On matchday squad, but did not play","On matchday squad, but did not play","On matchday squad, but did not play","On matchday squad, but did not play","On matchday squad, but did not play","On matchday squad, but did not play","On matchday squad, but did not play","On matchday squad, but did not play","On matchday squad, but did not play","On matchday squad, but did not play","On matchday squad, but did not play","On matchday squad, but did not play","On matchday squad, but did not play","On matchday squad, but did not play","On matchday squad, but did not play","On matchday squad, but did not play","On matchday squad, but did not play","On matchday squad, but did not play","On matchday squad, but did not play","On matchday squad, but did not play","On matchday squad, but did not play","On matchday squad, but did not play","On matchday squad, but did not play","On matchday squad, but did not play","On matchday squad, but did not play","On matchday squad, but did not play","On matchday squad, but did not play",Match Report,"On matchday squad, but did not play","On matchday squad, but did not play","On matchday squad, but did not play","On matchday squad, but did not play","On matchday squad, but did not play","On matchday squad, but did not play","On matchday squad, but did not play","On matchday squad, but did not play","On matchday squad, but did not play","On matchday squad, but did not play","On matchday squad, but did not play","On matchday squad, but did not play","On matchday squad, but did not play","On matchday squad, but did not play","On matchday squad, but did not play","On matchday squad, but did not play","On matchday squad, but did not play","On matchday squad, but did not play","On matchday squad, but did not play","On matchday squad, but did not play","On matchday squad, but did not play","On matchday squad, but did not play","On matchday squad, but did not play","On matchday squad, but did not play","On matchday squad, but did not play","On matchday squad, but did not play","On matchday squad, but did not play","On matchday squad, but did not play","On matchday squad, but did not play","On matchday squad, but did not play","On matchday squad, but did not play","On matchday squad, but did not play","On matchday squad, but did not play","On matchday squad, but did not play","On matchday squad, but did not play","On matchday squad, but did not play","On matchday squad, but did not play","On matchday squad, but did not play","On matchday squad, but did not play","On matchday squad, but did not play","On matchday squad, but did not play","On matchday squad, but did not play","On matchday squad, but did not play","On matchday squad, but did not play","On matchday squad, but did not play","On matchday squad, but did not play","On matchday squad, but did not play","On matchday squad, but did not play","On matchday squad, but did not play","On matchday squad, but did not play","On matchday squad, but did not play","On matchday squad, but did not play","On matchday squad, but did not play","On matchday squad, but did not play","On matchday squad, but did not play","On matchday squad, but did not play","On matchday squad, but did not play","On matchday squad, but did not play","On matchday squad, but did not play","On matchday squad, but did not play","On matchday squad, but did not play","On matchday squad, but did not play","On matchday squad, but did not play","On matchday squad, but did not play","On matchday squad, but did not play","On matchday squad, but did not play","On matchday squad, but did not play","On matchday squad, but did not play","On matchday squad, but did not play","On matchday squad, but did not play","On matchday squad, but did not play","On matchday squad, but did not play","On matchday squad, but did not play","On matchday squad, but did not play","On matchday squad, but did not play","On matchday squad, but did not play","On matchday squad, but did not play","On matchday squad, but did not play","On matchday squad, but did not play","On matchday squad, but did not play","On matchday squad, but did not play","On matchday squad, but did not play","On matchday squad, but did not play","On matchday squad, but did not play","On matchday squad, but did not play","On matchday squad, but did not play","On matchday squad, but did not play","On matchday squad, but did not play","On matchday squad, but did not play",Everton,Michael-Keane,c5b7c315
2025-02-22,Sat,Matchweek 26,Home,D 2–2,Everton,Manchester Utd,N,"On matchday squad, but did not play","On matchday squad, but did not play","On matchday squad, but did not play","On matchday squad, but did not play","On matchday squad, but did not play","On matchday squad, but did not play","On matchday squad, but did not play","On matchday squad, but did not play","On matchday squad, but did not play","On matchday squad, but did not play","On matchday squad, but did not play","On matchday squad, but did not play","On matchday squad, but did not play","On matchday squad, but did not play","On matchday squad, but did not play","On matchday squad, but did not play","On matchday squad, but did not play","On matchday squad, but did not play","On matchday squad, but did not play","On matchday squad, but did not play","On matchday squad, but did not play","On matchday squad, but did not play","On matchday squad, but did not play","On matchday squad, but did not play","On matchday squad, but did not play","On matchday squad, but did not play","On matchday squad, but did not play",Match Report,"On matchday squad, but did not play","On matchday squad, but did not play","On matchday squad, but did not play","On matchday squad, but did not play","On matchday squad, but did not play","On matchday squad, but did not play","On matchday squad, but did not play","On matchday squad, but did not play","On matchday squad, but did not play","On matchday squad, but did not play","On matchday squad, but did not play","On matchday squad, but did not play","On matchday squad, but did not play","On matchday squad, but did not play","On matchday squad, but did not play","On matchday squad, but did not play","On matchday squad, but did not play","On matchday squad, but did not play","On matchday squad, but did not play","On matchday squad, but did not play","On matchday squad, but did not play","On matchday squad, but did not play","On matchday squad, but did not play","On matchday squad, but did not play","On matchday squad, but did not play","On matchday squad, but did not play","On matchday squad, but did not play","On matchday squad, but did not play","On matchday squad, but did not play","On matchday squad, but did not play","On matchday squad, but did not play","On matchday squad, but did not play","On matchday squad, but did not play","On matchday squad, but did not play","On matchday squad, but did not play","On matchday squad, but did not play","On matchday squad, but did not play","On matchday squad, but did not play","On matchday squad, but did not play","On matchday squad, but did not play","On matchday squad, but did not play","On matchday squad, but did not play","On matchday squad, but did not play","On matchday squad, but did not play","On matchday squad, but did not play","On matchday squad, but did not play","On matchday squad, but did not play","On matchday squad, but did not play","On matchday squad, but did not play","On matchday squad, but did not play","On matchday squad, but did not play","On matchday squad, but did not play","On matchday squad, but did not play","On matchday squad, but did not play","On matchday squad, but did not play","On matchday squad, but did not play","On matchday squad, but did not play","On matchday squad, but did not play","On matchday squad, but did not play","On matchday squad, but did not play","On matchday squad, but did not play","On matchday squad, but did not play","On matchday squad, but did not play","On matchday squad, but did not play","On matchday squad, but did not play","On matchday squad, but did not play","On matchday squad, but did not play","On matchday squad, but did not play","On matchday squad, but did not play","On matchday squad, but did not play","On matchday squad, but did not play","On matchday squad, but did not play","On matchday squad, but did not play","On matchday squad, but did not play","On matchday squad, but did not play","On matchday squad, but did not play","On matchday squad, but did not play","On matchday squad, but did not play","On matchday squad, but did not play","On matchday squad, but did not play","On matchday squad, but did not play","On matchday squad, but did not play","On matchday squad, but did not play","On matchday squad, but did not play","On matchday squad, but did not play","On matchday squad, but did not play","On matchday squad, but did not play","On matchday squad, but did not play","On matchday squad, but did not play",Everton,Michael-Keane,c5b7c315
2025-02-26,Wed,Matchweek 27,Away,D 1–1,Everton,Brentford,N,"On matchday squad, but did not play","On matchday squad, but did not play","On matchday squad, but did not play","On matchday squad, but did not play","On matchday squad, but did not play","On matchday squad, but did not play","On matchday squad, but did not play","On matchday squad, but did not play","On matchday squad, but did not play","On matchday squad, but did not play","On matchday squad, but did not play","On matchday squad, but did not play","On matchday squad, but did not play","On matchday squad, but did not play","On matchday squad, but did not play","On matchday squad, but did not play","On matchday squad, but did not play","On matchday squad, but did not play","On matchday squad, but did not play","On matchday squad, but did not play","On matchday squad, but did not play","On matchday squad, but did not play","On matchday squad, but did not play","On matchday squad, but did not play","On matchday squad, but did not play","On matchday squad, but did not play","On matchday squad, but did not play",Match Report,"On matchday squad, but did not play","On matchday squad, but did not play","On matchday squad, but did not play","On matchday squad, but did not play","On matchday squad, but did not play","On matchday squad, but did not play","On matchday squad, but did not play","On matchday squad, but did not play","On matchday squad, but did not play","On matchday squad, but did not play","On matchday squad, but did not play","On matchday squad, but did not play","On matchday squad, but did not play","On matchday squad, but did not play","On matchday squad, but did not play","On matchday squad, but did not play","On matchday squad, but did not play","On matchday squad, but did not play","On matchday squad, but did not play","On matchday squad, but did not play","On matchday squad, but did not play","On matchday squad, but did not play","On matchday squad, but did not play","On matchday squad, but did not play","On matchday squad, but did not play","On matchday squad, but did not play","On matchday squad, but did not play","On matchday squad, but did not play","On matchday squad, but did not play","On matchday squad, but did not play","On matchday squad, but did not play","On matchday squad, but did not play","On matchday squad, but did not play","On matchday squad, but did not play","On matchday squad, but did not play","On matchday squad, but did not play","On matchday squad, but did not play","On matchday squad, but did not play","On matchday squad, but did not play","On matchday squad, but did not play","On matchday squad, but did not play","On matchday squad, but did not play","On matchday squad, but did not play","On matchday squad, but did not play","On matchday squad, but did not play","On matchday squad, but did not play","On matchday squad, but did not play","On matchday squad, but did not play","On matchday squad, but did not play","On matchday squad, but did not play","On matchday squad, but did not play","On matchday squad, but did not play","On matchday squad, but did not play","On matchday squad, but did not play","On matchday squad, but did not play","On matchday squad, but did not play","On matchday squad, but did not play","On matchday squad, but did not play","On matchday squad, but did not play","On matchday squad, but did not play","On matchday squad, but did not play","On matchday squad, but did not play","On matchday squad, but did not play","On matchday squad, but did not play","On matchday squad, but did not play","On matchday squad, but did not play","On matchday squad, but did not play","On matchday squad, but did not play","On matchday squad, but did not play","On matchday squad, but did not play","On matchday squad, but did not play","On matchday squad, but did not play","On matchday squad, but did not play","On matchday squad, but did not play","On matchday squad, but did not play","On matchday squad, but did not play","On matchday squad, but did not play","On matchday squad, but did not play","On matchday squad, but did not play","On matchday squad, but did not play","On matchday squad, but did not play","On matchday squad, but did not play","On matchday squad, but did not play","On matchday squad, but did not play","On matchday squad, but did not play","On matchday squad, but did not play","On matchday squad, but did not play","On matchday squad, but did not play","On matchday squad, but did not play",Everton,Michael-Keane,c5b7c315
2025-03-08,Sat,Matchweek 28,Away,D 1–1,Everton,Wolves,N,"On matchday squad, but did not play","On matchday squad, but did not play","On matchday squad, but did not play","On matchday squad, but did not play","On matchday squad, but did not play","On matchday squad, but did not play","On matchday squad, but did not play","On matchday squad, but did not play","On matchday squad, but did not play","On matchday squad, but did not play","On matchday squad, but did not play","On matchday squad, but did not play","On matchday squad, but did not play","On matchday squad, but did not play","On matchday squad, but did not play","On matchday squad, but did not play","On matchday squad, but did not play","On matchday squad, but did not play","On matchday squad, but did not play","On matchday squad, but did not play","On matchday squad, but did not play","On matchday squad, but did not play","On matchday squad, but did not play","On matchday squad, but did not play","On matchday squad, but did not play","On matchday squad, but did not play","On matchday squad, but did not play",Match Report,"On matchday squad, but did not play","On matchday squad, but did not play","On matchday squad, but did not play","On matchday squad, but did not play","On matchday squad, but did not play","On matchday squad, but did not play","On matchday squad, but did not play","On matchday squad, but did not play","On matchday squad, but did not play","On matchday squad, but did not play","On matchday squad, but did not play","On matchday squad, but did not play","On matchday squad, but did not play","On matchday squad, but did not play","On matchday squad, but did not play","On matchday squad, but did not play","On matchday squad, but did not play","On matchday squad, but did not play","On matchday squad, but did not play","On matchday squad, but did not play","On matchday squad, but did not play","On matchday squad, but did not play","On matchday squad, but did not play","On matchday squad, but did not play","On matchday squad, but did not play","On matchday squad, but did not play","On matchday squad, but did not play","On matchday squad, but did not play","On matchday squad, but did not play","On matchday squad, but did not play","On matchday squad, but did not play","On matchday squad, but did not play","On matchday squad, but did not play","On matchday squad, but did not play","On matchday squad, but did not play","On matchday squad, but did not play","On matchday squad, but did not play","On matchday squad, but did not play","On matchday squad, but did not play","On matchday squad, but did not play","On matchday squad, but did not play","On matchday squad, but did not play","On matchday squad, but did not play","On matchday squad, but did not play","On matchday squad, but did not play","On matchday squad, but did not play","On matchday squad, but did not play","On matchday squad, but did not play","On matchday squad, but did not play","On matchday squad, but did not play","On matchday squad, but did not play","On matchday squad, but did not play","On matchday squad, but did not play","On matchday squad, but did not play","On matchday squad, but did not play","On matchday squad, but did not play","On matchday squad, but did not play","On matchday squad, but did not play","On matchday squad, but did not play","On matchday squad, but did not play","On matchday squad, but did not play","On matchday squad, but did not play","On matchday squad, but did not play","On matchday squad, but did not play","On matchday squad, but did not play","On matchday squad, but did not play","On matchday squad, but did not play","On matchday squad, but did not play","On matchday squad, but did not play","On matchday squad, but did not play","On matchday squad, but did not play","On matchday squad, but did not play","On matchday squad, but did not play","On matchday squad, but did not play","On matchday squad, but did not play","On matchday squad, but did not play","On matchday squad, but did not play","On matchday squad, but did not play","On matchday squad, but did not play","On matchday squad, but did not play","On matchday squad, but did not play","On matchday squad, but did not play","On matchday squad, but did not play","On matchday squad, but did not play","On matchday squad, but did not play","On matchday squad, but did not play","On matchday squad, but did not play","On matchday squad, but did not play","On matchday squad, but did not play",Everton,Michael-Keane,c5b7c315
2025-03-15,Sat,Matchweek 29,Home,D 1–1,Everton,West Ham,N,"On matchday squad, but did not play","On matchday squad, but did not play","On matchday squad, but did not play","On matchday squad, but did not play","On matchday squad, but did not play","On matchday squad, but did not play","On matchday squad, but did not play","On matchday squad, but did not play","On matchday squad, but did not play","On matchday squad, but did not play","On matchday squad, but did not play","On matchday squad, but did not play","On matchday squad, but did not play","On matchday squad, but did not play","On matchday squad, but did not play","On matchday squad, but did not play","On matchday squad, but did not play","On matchday squad, but did not play","On matchday squad, but did not play","On matchday squad, but did not play","On matchday squad, but did not play","On matchday squad, but did not play","On matchday squad, but did not play","On matchday squad, but did not play","On matchday squad, but did not play","On matchday squad, but did not play","On matchday squad, but did not play",Match Report,"On matchday squad, but did not play","On matchday squad, but did not play","On matchday squad, but did not play","On matchday squad, but did not play","On matchday squad, but did not play","On matchday squad, but did not play","On matchday squad, but did not play","On matchday squad, but did not play","On matchday squad, but did not play","On matchday squad, but did not play","On matchday squad, but did not play","On matchday squad, but did not play","On matchday squad, but did not play","On matchday squad, but did not play","On matchday squad, but did not play","On matchday squad, but did not play","On matchday squad, but did not play","On matchday squad, but did not play","On matchday squad, but did not play","On matchday squad, but did not play","On matchday squad, but did not play","On matchday squad, but did not play","On matchday squad, but did not play","On matchday squad, but did not play","On matchday squad, but did not play","On matchday squad, but did not play","On matchday squad, but did not play","On matchday squad, but did not play","On matchday squad, but did not play","On matchday squad, but did not play","On matchday squad, but did not play","On matchday squad, but did not play","On matchday squad, but did not play","On matchday squad, but did not play","On matchday squad, but did not play","On matchday squad, but did not play","On matchday squad, but did not play","On matchday squad, but did not play","On matchday squad, but did not play","On matchday squad, but did not play","On matchday squad, but did not play","On matchday squad, but did not play","On matchday squad, but did not play","On matchday squad, but did not play","On matchday squad, but did not play","On matchday squad, but did not play","On matchday squad, but did not play","On matchday squad, but did not play","On matchday squad, but did not play","On matchday squad, but did not play","On matchday squad, but did not play","On matchday squad, but did not play","On matchday squad, but did not play","On matchday squad, but did not play","On matchday squad, but did not play","On matchday squad, but did not play","On matchday squad, but did not play","On matchday squad, but did not play","On matchday squad, but did not play","On matchday squad, but did not play","On matchday squad, but did not play","On matchday squad, but did not play","On matchday squad, but did not play","On matchday squad, but did not play","On matchday squad, but did not play","On matchday squad, but did not play","On matchday squad, but did not play","On matchday squad, but did not play","On matchday squad, but did not play","On matchday squad, but did not play","On matchday squad, but did not play","On matchday squad, but did not play","On matchday squad, but did not play","On matchday squad, but did not play","On matchday squad, but did not play","On matchday squad, but did not play","On matchday squad, but did not play","On matchday squad, but did not play","On matchday squad, but did not play","On matchday squad, but did not play","On matchday squad, but did not play","On matchday squad, but did not play","On matchday squad, but did not play","On matchday squad, but did not play","On matchday squad, but did not play","On matchday squad, but did not play","On matchday squad, but did not play","On matchday squad, but did not play","On matchday squad, but did not play",Everton,Michael-Keane,c5b7c315
2025-04-02,Wed,Matchweek 30,Away,L 0–1,Everton,Liverpool,N,"On matchday squad, but did not play","On matchday squad, but did not play","On matchday squad, but did not play","On matchday squad, but did not play","On matchday squad, but did not play","On matchday squad, but did not play","On matchday squad, but did not play","On matchday squad, but did not play","On matchday squad, but did not play","On matchday squad, but did not play","On matchday squad, but did not play","On matchday squad, but did not play","On matchday squad, but did not play","On matchday squad, but did not play","On matchday squad, but did not play","On matchday squad, but did not play","On matchday squad, but did not play","On matchday squad, but did not play","On matchday squad, but did not play","On matchday squad, but did not play","On matchday squad, but did not play","On matchday squad, but did not play","On matchday squad, but did not play","On matchday squad, but did not play","On matchday squad, but did not play","On matchday squad, but did not play","On matchday squad, but did not play",Match Report,"On matchday squad, but did not play","On matchday squad, but did not play","On matchday squad, but did not play","On matchday squad, but did not play","On matchday squad, but did not play","On matchday squad, but did not play","On matchday squad, but did not play","On matchday squad, but did not play","On matchday squad, but did not play","On matchday squad, but did not play","On matchday squad, but did not play","On matchday squad, but did not play","On matchday squad, but did not play","On matchday squad, but did not play","On matchday squad, but did not play","On matchday squad, but did not play","On matchday squad, but did not play","On matchday squad, but did not play","On matchday squad, but did not play","On matchday squad, but did not play","On matchday squad, but did not play","On matchday squad, but did not play","On matchday squad, but did not play","On matchday squad, but did not play","On matchday squad, but did not play","On matchday squad, but did not play","On matchday squad, but did not play","On matchday squad, but did not play","On matchday squad, but did not play","On matchday squad, but did not play","On matchday squad, but did not play","On matchday squad, but did not play","On matchday squad, but did not play","On matchday squad, but did not play","On matchday squad, but did not play","On matchday squad, but did not play","On matchday squad, but did not play","On matchday squad, but did not play","On matchday squad, but did not play","On matchday squad, but did not play","On matchday squad, but did not play","On matchday squad, but did not play","On matchday squad, but did not play","On matchday squad, but did not play","On matchday squad, but did not play","On matchday squad, but did not play","On matchday squad, but did not play","On matchday squad, but did not play","On matchday squad, but did not play","On matchday squad, but did not play","On matchday squad, but did not play","On matchday squad, but did not play","On matchday squad, but did not play","On matchday squad, but did not play","On matchday squad, but did not play","On matchday squad, but did not play","On matchday squad, but did not play","On matchday squad, but did not play","On matchday squad, but did not play","On matchday squad, but did not play","On matchday squad, but did not play","On matchday squad, but did not play","On matchday squad, but did not play","On matchday squad, but did not play","On matchday squad, but did not play","On matchday squad, but did not play","On matchday squad, but did not play","On matchday squad, but did not play","On matchday squad, but did not play","On matchday squad, but did not play","On matchday squad, but did not play","On matchday squad, but did not play","On matchday squad, but did not play","On matchday squad, but did not play","On matchday squad, but did not play","On matchday squad, but did not play","On matchday squad, but did not play","On matchday squad, but did not play","On matchday squad, but did not play","On matchday squad, but did not play","On matchday squad, but did not play","On matchday squad, but did not play","On matchday squad, but did not play","On matchday squad, but did not play","On matchday squad, but did not play","On matchday squad, but did not play","On matchday squad, but did not play","On matchday squad, but did not play","On matchday squad, but did not play",Everton,Michael-Keane,c5b7c315
2025-04-05,Sat,Matchweek 31,Home,D 1–1,Everton,Arsenal,N,"On matchday squad, but did not play","On matchday squad, but did not play","On matchday squad, but did not play","On matchday squad, but did not play","On matchday squad, but did not play","On matchday squad, but did not play","On matchday squad, but did not play","On matchday squad, but did not play","On matchday squad, but did not play","On matchday squad, but did not play","On matchday squad, but did not play","On matchday squad, but did not play","On matchday squad, but did not play","On matchday squad, but did not play","On matchday squad, but did not play","On matchday squad, but did not play","On matchday squad, but did not play","On matchday squad, but did not play","On matchday squad, but did not play","On matchday squad, but did not play","On matchday squad, but did not play","On matchday squad, but did not play","On matchday squad, but did not play","On matchday squad, but did not play","On matchday squad, but did not play","On matchday squad, but did not play","On matchday squad, but did not play",Match Report,"On matchday squad, but did not play","On matchday squad, but did not play","On matchday squad, but did not play","On matchday squad, but did not play","On matchday squad, but did not play","On matchday squad, but did not play","On matchday squad, but did not play","On matchday squad, but did not play","On matchday squad, but did not play","On matchday squad, but did not play","On matchday squad, but did not play","On matchday squad, but did not play","On matchday squad, but did not play","On matchday squad, but did not play","On matchday squad, but did not play","On matchday squad, but did not play","On matchday squad, but did not play","On matchday squad, but did not play","On matchday squad, but did not play","On matchday squad, but did not play","On matchday squad, but did not play","On matchday squad, but did not play","On matchday squad, but did not play","On matchday squad, but did not play","On matchday squad, but did not play","On matchday squad, but did not play","On matchday squad, but did not play","On matchday squad, but did not play","On matchday squad, but did not play","On matchday squad, but did not play","On matchday squad, but did not play","On matchday squad, but did not play","On matchday squad, but did not play","On matchday squad, but did not play","On matchday squad, but did not play","On matchday squad, but did not play","On matchday squad, but did not play","On matchday squad, but did not play","On matchday squad, but did not play","On matchday squad, but did not play","On matchday squad, but did not play","On matchday squad, but did not play","On matchday squad, but did not play","On matchday squad, but did not play","On matchday squad, but did not play","On matchday squad, but did not play","On matchday squad, but did not play","On matchday squad, but did not play","On matchday squad, but did not play","On matchday squad, but did not play","On matchday squad, but did not play","On matchday squad, but did not play","On matchday squad, but did not play","On matchday squad, but did not play","On matchday squad, but did not play","On matchday squad, but did not play","On matchday squad, but did not play","On matchday squad, but did not play","On matchday squad, but did not play","On matchday squad, but did not play","On matchday squad, but did not play","On matchday squad, but did not play","On matchday squad, but did not play","On matchday squad, but did not play","On matchday squad, but did not play","On matchday squad, but did not play","On matchday squad, but did not play","On matchday squad, but did not play","On matchday squad, but did not play","On matchday squad, but did not play","On matchday squad, but did not play","On matchday squad, but did not play","On matchday squad, but did not play","On matchday squad, but did not play","On matchday squad, but did not play","On matchday squad, but did not play","On matchday squad, but did not play","On matchday squad, but did not play","On matchday squad, but did not play","On matchday squad, but did not play","On matchday squad, but did not play","On matchday squad, but did not play","On matchday squad, but did not play","On matchday squad, but did not play","On matchday squad, but did not play","On matchday squad, but did not play","On matchday squad, but did not play","On matchday squad, but did not play","On matchday squad, but did not play",Everton,Michael-Keane,c5b7c315
2025-04-12,Sat,Matchweek 32,Away,W 1–0,Everton,Nott'ham Forest,N,"On matchday squad, but did not play","On matchday squad, but did not play","On matchday squad, but did not play","On matchday squad, but did not play","On matchday squad, but did not play","On matchday squad, but did not play","On matchday squad, but did not play","On matchday squad, but did not play","On matchday squad, but did not play","On matchday squad, but did not play","On matchday squad, but did not play","On matchday squad, but did not play","On matchday squad, but did not play","On matchday squad, but did not play","On matchday squad, but did not play","On matchday squad, but did not play","On matchday squad, but did not play","On matchday squad, but did not play","On matchday squad, but did not play","On matchday squad, but did not play","On matchday squad, but did not play","On matchday squad, but did not play","On matchday squad, but did not play","On matchday squad, but did not play","On matchday squad, but did not play","On matchday squad, but did not play","On matchday squad, but did not play",Match Report,"On matchday squad, but did not play","On matchday squad, but did not play","On matchday squad, but did not play","On matchday squad, but did not play","On matchday squad, but did not play","On matchday squad, but did not play","On matchday squad, but did not play","On matchday squad, but did not play","On matchday squad, but did not play","On matchday squad, but did not play","On matchday squad, but did not play","On matchday squad, but did not play","On matchday squad, but did not play","On matchday squad, but did not play","On matchday squad, but did not play","On matchday squad, but did not play","On matchday squad, but did not play","On matchday squad, but did not play","On matchday squad, but did not play","On matchday squad, but did not play","On matchday squad, but did not play","On matchday squad, but did not play","On matchday squad, but did not play","On matchday squad, but did not play","On matchday squad, but did not play","On matchday squad, but did not play","On matchday squad, but did not play","On matchday squad, but did not play","On matchday squad, but did not play","On matchday squad, but did not play","On matchday squad, but did not play","On matchday squad, but did not play","On matchday squad, but did not play","On matchday squad, but did not play","On matchday squad, but did not play","On matchday squad, but did not play","On matchday squad, but did not play","On matchday squad, but did not play","On matchday squad, but did not play","On matchday squad, but did not play","On matchday squad, but did not play","On matchday squad, but did not play","On matchday squad, but did not play","On matchday squad, but did not play","On matchday squad, but did not play","On matchday squad, but did not play","On matchday squad, but did not play","On matchday squad, but did not play","On matchday squad, but did not play","On matchday squad, but did not play","On matchday squad, but did not play","On matchday squad, but did not play","On matchday squad, but did not play","On matchday squad, but did not play","On matchday squad, but did not play","On matchday squad, but did not play","On matchday squad, but did not play","On matchday squad, but did not play","On matchday squad, but did not play","On matchday squad, but did not play","On matchday squad, but did not play","On matchday squad, but did not play","On matchday squad, but did not play","On matchday squad, but did not play","On matchday squad, but did not play","On matchday squad, but did not play","On matchday squad, but did not play","On matchday squad, but did not play","On matchday squad, but did not play","On matchday squad, but did not play","On matchday squad, but did not play","On matchday squad, but did not play","On matchday squad, but did not play","On matchday squad, but did not play","On matchday squad, but did not play","On matchday squad, but did not play","On matchday squad, but did not play","On matchday squad, but did not play","On matchday squad, but did not play","On matchday squad, but did not play","On matchday squad, but did not play","On matchday squad, but did not play","On matchday squad, but did not play","On matchday squad, but did not play","On matchday squad, but did not play","On matchday squad, but did not play","On matchday squad, but did not play","On matchday squad, but did not play","On matchday squad, but did not play",Everton,Michael-Keane,c5b7c315
2025-04-19,Sat,Matchweek 33,Home,L 0–2,Everton,Manchester City,N,CB,39,0,0,0,0,0,0,1,0,17,0,0,2,0.0,0.0,0.0,0,0,5,7,71.4,0,2,0,0,0,Match Report,5,7,71.4,63,2,3,4,75.0,2,2,100.0,0,0,,0,0.0,0.0,0,0,0,0,0,7,5,2,0,0,0,0,0,0,0,0,0,5,0,1,0,0,0,0,0,0,0,0,0,0,0,0,0,0,17,7,15,2,0,0,17,0,0,,0,,2,17,2,0,0,0,1,0,4,0,0,0,0,0,0,0,3,0.0,3,2,1,1,0,0,5,2,Everton,Michael-Keane,c5b7c315
2025-04-26,Sat,Matchweek 34,Away,L 0–1,Everton,Chelsea,N,"On matchday squad, but did not play","On matchday squad, but did not play","On matchday squad, but did not play","On matchday squad, but did not play","On matchday squad, but did not play","On matchday squad, but did not play","On matchday squad, but did not play","On matchday squad, but did not play","On matchday squad, but did not play","On matchday squad, but did not play","On matchday squad, but did not play","On matchday squad, but did not play","On matchday squad, but did not play","On matchday squad, but did not play","On matchday squad, but did not play","On matchday squad, but did not play","On matchday squad, but did not play","On matchday squad, but did not play","On matchday squad, but did not play","On matchday squad, but did not play","On matchday squad, but did not play","On matchday squad, but did not play","On matchday squad, but did not play","On matchday squad, but did not play","On matchday squad, but did not play","On matchday squad, but did not play","On matchday squad, but did not play",Match Report,"On matchday squad, but did not play","On matchday squad, but did not play","On matchday squad, but did not play","On matchday squad, but did not play","On matchday squad, but did not play","On matchday squad, but did not play","On matchday squad, but did not play","On matchday squad, but did not play","On matchday squad, but did not play","On matchday squad, but did not play","On matchday squad, but did not play","On matchday squad, but did not play","On matchday squad, but did not play","On matchday squad, but did not play","On matchday squad, but did not play","On matchday squad, but did not play","On matchday squad, but did not play","On matchday squad, but did not play","On matchday squad, but did not play","On matchday squad, but did not play","On matchday squad, but did not play","On matchday squad, but did not play","On matchday squad, but did not play","On matchday squad, but did not play","On matchday squad, but did not play","On matchday squad, but did not play","On matchday squad, but did not play","On matchday squad, but did not play","On matchday squad, but did not play","On matchday squad, but did not play","On matchday squad, but did not play","On matchday squad, but did not play","On matchday squad, but did not play","On matchday squad, but did not play","On matchday squad, but did not play","On matchday squad, but did not play","On matchday squad, but did not play","On matchday squad, but did not play","On matchday squad, but did not play","On matchday squad, but did not play","On matchday squad, but did not play","On matchday squad, but did not play","On matchday squad, but did not play","On matchday squad, but did not play","On matchday squad, but did not play","On matchday squad, but did not play","On matchday squad, but did not play","On matchday squad, but did not play","On matchday squad, but did not play","On matchday squad, but did not play","On matchday squad, but did not play","On matchday squad, but did not play","On matchday squad, but did not play","On matchday squad, but did not play","On matchday squad, but did not play","On matchday squad, but did not play","On matchday squad, but did not play","On matchday squad, but did not play","On matchday squad, but did not play","On matchday squad, but did not play","On matchday squad, but did not play","On matchday squad, but did not play","On matchday squad, but did not play","On matchday squad, but did not play","On matchday squad, but did not play","On matchday squad, but did not play","On matchday squad, but did not play","On matchday squad, but did not play","On matchday squad, but did not play","On matchday squad, but did not play","On matchday squad, but did not play","On matchday squad, but did not play","On matchday squad, but did not play","On matchday squad, but did not play","On matchday squad, but did not play","On matchday squad, but did not play","On matchday squad, but did not play","On matchday squad, but did not play","On matchday squad, but did not play","On matchday squad, but did not play","On matchday squad, but did not play","On matchday squad, but did not play","On matchday squad, but did not play","On matchday squad, but did not play","On matchday squad, but did not play","On matchday squad, but did not play","On matchday squad, but did not play","On matchday squad, but did not play","On matchday squad, but did not play",Everton,Michael-Keane,c5b7c315
2025-05-03,Sat,Matchweek 35,Home,D 2–2,Everton,Ipswich Town,N,"On matchday squad, but did not play","On matchday squad, but did not play","On matchday squad, but did not play","On matchday squad, but did not play","On matchday squad, but did not play","On matchday squad, but did not play","On matchday squad, but did not play","On matchday squad, but did not play","On matchday squad, but did not play","On matchday squad, but did not play","On matchday squad, but did not play","On matchday squad, but did not play","On matchday squad, but did not play","On matchday squad, but did not play","On matchday squad, but did not play","On matchday squad, but did not play","On matchday squad, but did not play","On matchday squad, but did not play","On matchday squad, but did not play","On matchday squad, but did not play","On matchday squad, but did not play","On matchday squad, but did not play","On matchday squad, but did not play","On matchday squad, but did not play","On matchday squad, but did not play","On matchday squad, but did not play","On matchday squad, but did not play",Match Report,"On matchday squad, but did not play","On matchday squad, but did not play","On matchday squad, but did not play","On matchday squad, but did not play","On matchday squad, but did not play","On matchday squad, but did not play","On matchday squad, but did not play","On matchday squad, but did not play","On matchday squad, but did not play","On matchday squad, but did not play","On matchday squad, but did not play","On matchday squad, but did not play","On matchday squad, but did not play","On matchday squad, but did not play","On matchday squad, but did not play","On matchday squad, but did not play","On matchday squad, but did not play","On matchday squad, but did not play","On matchday squad, but did not play","On matchday squad, but did not play","On matchday squad, but did not play","On matchday squad, but did not play","On matchday squad, but did not play","On matchday squad, but did not play","On matchday squad, but did not play","On matchday squad, but did not play","On matchday squad, but did not play","On matchday squad, but did not play","On matchday squad, but did not play","On matchday squad, but did not play","On matchday squad, but did not play","On matchday squad, but did not play","On matchday squad, but did not play","On matchday squad, but did not play","On matchday squad, but did not play","On matchday squad, but did not play","On matchday squad, but did not play","On matchday squad, but did not play","On matchday squad, but did not play","On matchday squad, but did not play","On matchday squad, but did not play","On matchday squad, but did not play","On matchday squad, but did not play","On matchday squad, but did not play","On matchday squad, but did not play","On matchday squad, but did not play","On matchday squad, but did not play","On matchday squad, but did not play","On matchday squad, but did not play","On matchday squad, but did not play","On matchday squad, but did not play","On matchday squad, but did not play","On matchday squad, but did not play","On matchday squad, but did not play","On matchday squad, but did not play","On matchday squad, but did not play","On matchday squad, but did not play","On matchday squad, but did not play","On matchday squad, but did not play","On matchday squad, but did not play","On matchday squad, but did not play","On matchday squad, but did not play","On matchday squad, but did not play","On matchday squad, but did not play","On matchday squad, but did not play","On matchday squad, but did not play","On matchday squad, but did not play","On matchday squad, but did not play","On matchday squad, but did not play","On matchday squad, but did not play","On matchday squad, but did not play","On matchday squad, but did not play","On matchday squad, but did not play","On matchday squad, but did not play","On matchday squad, but did not play","On matchday squad, but did not play","On matchday squad, but did not play","On matchday squad, but did not play","On matchday squad, but did not play","On matchday squad, but did not play","On matchday squad, but did not play","On matchday squad, but did not play","On matchday squad, but did not play","On matchday squad, but did not play","On matchday squad, but did not play","On matchday squad, but did not play","On matchday squad, but did not play","On matchday squad, but did not play","On matchday squad, but did not play",Everton,Michael-Keane,c5b7c315
2025-05-10,Sat,Matchweek 36,Away,W 3–1,Everton,Fulham,Y,CB,90,1,0,0,0,2,1,0,0,42,0,5,0,0.2,0.2,0.0,0,0,27,30,90.0,0,20,0,0,0,Match Report,27,30,90.0,559,296,15,15,100.0,8,8,100.0,4,7,57.1,0,0.0,0.0,0,3,0,0,0,30,26,4,2,0,1,0,0,0,0,0,0,27,0,0,0,0,0,0,0,0,0,0,0,0,0,0,0,0,42,11,25,15,2,2,42,0,0,,0,,20,78,41,0,0,0,0,0,23,0,0,0,0,0,0,0,0,,0,0,0,0,5,5,6,0,Everton,Michael-Keane,c5b7c315
2025-05-18,Sun,Matchweek 37,Home,W 2–0,Everton,Southampton,N,CB,17,0,0,0,0,0,0,0,0,11,2,0,1,0.0,0.0,0.0,0,0,7,8,87.5,1,4,0,0,0,Match Report,7,8,87.5,131,47,2,3,66.7,5,5,100.0,0,0,,0,0.0,0.0,0,0,0,0,1,8,8,0,0,0,0,0,0,0,0,0,0,7,0,0,0,0,0,0,0,0,0,0,0,0,0,0,0,0,11,2,7,2,2,1,11,0,0,,0,,4,15,2,0,0,0,0,0,4,0,2,2,1,0,1,1,2,50.0,1,1,1,0,0,2,0,0,Everton,Michael-Keane,c5b7c315
2025-05-25,Sun,Matchweek 38,Away,W 1–0,Everton,Newcastle Utd,Y,CB,90,0,0,0,0,0,0,0,0,34,0,1,2,0.0,0.0,0.0,0,0,20,23,87.0,1,16,0,0,0,Match Report,20,23,87.0,464,185,2,3,66.7,12,13,92.3,5,5,100.0,0,0.0,0.0,0,1,0,0,1,23,22,1,1,0,0,0,0,0,0,0,0,20,0,1,0,0,0,0,0,0,0,0,0,0,0,0,0,0,34,8,22,12,0,0,34,0,0,,0,,16,58,11,0,0,0,1,0,19,0,0,0,0,0,0,0,0,,0,2,2,0,1,1,4,0,Everton,Michael-Keane,c5b7c315
2024-08-17,Sat,Matchweek 1,Away,L 0–1,Southampton,Newcastle Utd,N,CM,10,0,0,0,0,1,1,0,0,17,0,1,0,0.1,0.1,0.1,1,0,13,13,100.0,6,12,4,2,0,Match Report,13,13,100.0,221,66,7,7,100.0,4,4,100.0,2,2,100.0,0,0.1,0.0,1,4,1,1,6,13,11,2,0,0,0,1,1,1,0,0,0,13,0,0,1,1,0,0,0,0,0,0,0,0,0,0,0,0,17,0,1,8,9,2,17,2,0,0.0,2,100.0,12,112,98,4,1,0,0,0,12,1,0,0,0,0,0,0,0,,0,0,0,0,1,1,0,0,Everton,Carlos-Alcaraz,4abac767
Date,Day,Round,Venue,Result,Squad,Opponent,Start,Pos,Min,Gls,Ast,PK,PKatt,Sh,SoT,CrdY,CrdR,Touches,Tkl,Int,Blocks,xG,npxG,xAG,SCA,GCA,Cmp,Att,Cmp%,PrgP,Carries,PrgC,Att,Succ,Match Report,Cmp,Att,Cmp%,TotDist,PrgDist,Cmp,Att,Cmp%,Cmp,Att,Cmp%,Cmp,Att,Cmp%,Ast,xAG,xA,KP,1/3,PPA,CrsPA,PrgP,Att,Live,Dead,FK,TB,Sw,Crs,TI,CK,In,Out,Str,Cmp,Off,Blocks,SCA,PassLive,PassDead,TO,Sh,Fld,Def,GCA,PassLive,PassDead,TO,Sh,Fld,Def,Touches,Def Pen,Def 3rd,Mid 3rd,Att 3rd,Att Pen,Live,Att,Succ,Succ%,Tkld,Tkld%,Carries,TotDist,PrgDist,PrgC,1/3,CPA,Mis,Dis,Rec,PrgR,Tkl,TklW,Def 3rd,Mid 3rd,Att 3rd,Tkl,Att,Tkl%,Lost,Blocks,Sh,Pass,Int,Tkl+Int,Clr,Err,Everton,Carlos-Alcaraz,4abac767
2025-02-12,Wed,Matchweek 15,Home,D 2–2,Everton,Liverpool,N,"DM,RW",14,0,0,0,0,0,0,0,0,11,1,0,0,0.0,0.0,0.0,0,0,5,8,62.5,1,5,0,1,1,Match Report,5,8,62.5,99,22,2,2,100.0,2,4,50.0,1,2,50.0,0,0.0,0.0,0,1,0,0,1,8,8,0,0,0,1,0,0,0,0,0,0,5,0,0,0,0,0,0,0,0,0,0,0,0,0,0,0,0,11,1,5,5,1,0,11,1,1,100.0,0,0.0,5,28,14,0,1,0,0,0,6,0,1,0,1,0,0,0,0,,0,0,0,0,0,1,0,0,Everton,Carlos-Alcaraz,4abac767
2025-02-15,Sat,Matchweek 25,Away,W 2–1,Everton,Crystal Palace,Y,AM,85,1,1,0,0,5,3,0,0,36,1,0,0,0.2,0.2,0.3,4,1,20,24,83.3,3,23,3,1,0,Match Report,20,24,83.3,304,80,8,9,88.9,10,10,100.0,0,1,0.0,1,0.3,0.1,3,2,3,0,3,24,23,1,0,1,0,0,1,0,0,0,0,20,0,1,4,3,0,0,0,1,0,1,1,0,0,0,0,0,36,1,8,14,15,2,36,1,0,0.0,1,100.0,23,107,75,3,3,0,1,1,27,6,1,0,1,0,0,0,0,,0,0,0,0,0,1,3,0,Everton,Carlos-Alcaraz,4abac767
2025-02-22,Sat,Matchweek 26,Home,D 2–2,Everton,Manchester Utd,N,AM,10,0,0,0,0,0,0,0,0,5,1,0,1,0.0,0.0,0.0,1,0,3,3,100.0,1,1,1,0,0,Match Report,3,3,100.0,54,5,2,2,100.0,1,1,100.0,0,0,,0,0.0,0.0,0,0,1,0,1,3,2,1,0,0,0,0,0,0,0,0,0,3,0,0,1,1,0,0,0,0,0,0,0,0,0,0,0,0,5,1,1,2,3,0,5,0,0,,0,,1,25,19,1,1,0,0,0,1,0,1,0,0,0,1,0,0,,0,1,1,0,0,1,0,0,Everton,Carlos-Alcaraz,4abac767
2025-02-26,Wed,Matchweek 27,Away,D 1–1,Everton,Brentford,Y,AM,90,0,0,0,0,5,1,1,0,50,2,0,2,0.3,0.3,0.5,4,0,33,41,80.5,4,29,2,2,2,Match Report,33,41,80.5,557,120,16,18,88.9,14,15,93.3,3,4,75.0,0,0.5,0.1,3,1,2,0,4,41,40,1,0,0,0,0,1,0,0,0,0,33,0,3,4,3,0,1,0,0,0,0,0,0,0,0,0,0,50,0,10,25,17,1,50,2,2,100.0,0,0.0,29,188,106,2,4,0,0,2,37,0,2,2,1,1,0,1,3,33.3,2,2,0,2,0,2,0,0,Everton,Carlos-Alcaraz,4abac767
2025-03-08,Sat,Matchweek 28,Away,D 1–1,Everton,Wolves,N,"LW,AM",28,0,0,0,0,2,1,1,0,14,0,1,0,0.1,0.1,0.2,3,0,8,10,80.0,3,10,2,3,2,Match Report,8,10,80.0,134,47,3,3,100.0,5,5,100.0,0,0,,0,0.2,0.0,1,1,2,0,3,10,10,0,0,0,0,0,0,0,0,0,0,8,0,2,3,1,0,2,0,0,0,0,0,0,0,0,0,0,14,0,3,5,7,1,14,3,2,66.7,1,33.3,10,83,58,2,1,0,0,3,11,0,0,0,0,0,0,0,0,,0,0,0,0,1,1,0,0,Everton,Carlos-Alcaraz,4abac767
2025-03-15,Sat,Matchweek 29,Home,D 1–1,Everton,West Ham,Y,"LW,LM,AM",90,0,0,0,0,2,1,0,0,60,3,1,0,0.2,0.2,0.1,5,1,39,50,78.0,5,27,0,2,1,Match Report,39,50,78.0,702,225,19,23,82.6,12,15,80.0,6,10,60.0,0,0.1,0.1,2,3,3,1,5,50,43,7,2,0,1,6,2,3,2,1,0,39,0,0,5,4,1,0,0,0,0,1,1,0,0,0,0,0,60,2,5,22,33,2,60,2,1,50.0,0,0.0,27,129,42,0,1,0,2,0,34,2,3,2,1,1,1,1,3,33.3,2,0,0,0,1,4,0,0,Everton,Carlos-Alcaraz,4abac767
2025-04-02,Wed,Matchweek 30,Away,L 0–1,Everton,Liverpool,Y,"LW,RW",77,0,0,0,0,3,0,0,0,38,3,1,1,0.3,0.3,0.0,1,0,14,22,63.6,3,19,2,1,0,Match Report,14,22,63.6,274,84,3,4,75.0,10,12,83.3,1,3,33.3,0,0.0,0.0,0,1,1,0,3,22,22,0,0,0,0,2,0,0,0,0,0,14,0,3,1,1,0,0,0,0,0,0,0,0,0,0,0,0,38,4,9,15,15,5,38,1,0,0.0,1,100.0,19,133,76,2,1,0,2,2,19,0,3,1,1,1,1,1,1,100.0,0,1,0,1,1,4,2,0,Everton,Carlos-Alcaraz,4abac767
2025-04-05,Sat,Matchweek 31,Home,D 1–1,Everton,Arsenal,N,"LW,RW",16,0,0,0,0,0,0,1,0,4,0,0,0,0.0,0.0,0.0,0,0,0,1,0.0,0,0,0,0,0,Match Report,0,1,0.0,0,0,0,1,0.0,0,0,,0,0,,0,0.0,0.0,0,0,0,0,0,1,1,0,0,0,0,0,0,0,0,0,0,0,0,0,0,0,0,0,0,0,0,0,0,0,0,0,0,0,4,0,0,2,2,0,4,0,0,,0,,0,0,0,0,0,0,3,0,1,0,0,0,0,0,0,0,1,0.0,1,0,0,0,0,0,0,0,Everton,Carlos-Alcaraz,4abac767
2025-04-12,Sat,Matchweek 32,Away,W 1–0,Everton,Nott'ham Forest,N,LW,24,0,0,0,0,1,0,0,0,16,0,0,0,0.1,0.1,0.0,4,0,9,12,75.0,4,11,0,1,1,Match Report,9,12,75.0,138,65,5,7,71.4,3,3,100.0,0,0,,0,0.0,0.1,0,1,1,0,4,12,12,0,0,0,0,0,0,0,0,0,0,9,0,1,4,4,0,0,0,0,0,0,0,0,0,0,0,0,16,1,1,6,9,2,16,1,1,100.0,0,0.0,11,73,24,0,1,1,1,0,11,0,0,0,0,0,0,0,0,,0,0,0,0,0,0,1,0,Everton,Carlos-Alcaraz,4abac767
2025-04-19,Sat,Matchweek 33,Home,L 0–2,Everton,Manchester City,N,LW,12,0,0,0,0,0,0,0,0,4,0,0,0,0.0,0.0,0.0,0,0,0,3,0.0,0,3,1,0,0,Match Report,0,3,0.0,0,0,0,0,,0,2,0.0,0,1,0.0,0,0.0,0.0,0,0,0,0,0,3,3,0,0,0,0,0,0,0,0,0,0,0,0,0,0,0,0,0,0,0,0,0,0,0,0,0,0,0,4,0,0,2,2,0,4,0,0,,0,,3,26,19,1,1,0,1,0,4,1,0,0,0,0,0,0,1,0.0,1,0,0,0,0,0,0,0,Everton,Carlos-Alcaraz,4abac767
2025-04-26,Sat,Matchweek 34,Away,L 0–1,Everton,Chelsea,N,LW,45,0,0,0,0,1,0,0,0,26,0,0,1,0.0,0.0,0.2,1,0,16,18,88.9,3,17,3,3,2,Match Report,16,18,88.9,346,55,5,5,100.0,7,7,100.0,4,5,80.0,0,0.2,0.1,1,2,2,1,3,18,16,1,0,0,0,1,1,0,0,0,0,16,1,0,1,1,0,0,0,0,0,0,0,0,0,0,0,0,26,0,5,13,8,1,26,3,2,66.7,1,33.3,17,123,69,3,1,1,1,2,18,1,0,0,0,0,0,0,0,,0,1,0,1,0,0,1,0,Everton,Carlos-Alcaraz,4abac767
2025-05-03,Sat,Matchweek 35,Home,D 2–2,Everton,Ipswich Town,Y,"LW,AM",89,0,1,0,0,0,0,1,0,47,0,1,1,0.0,0.0,0.2,3,2,37,41,90.2,10,35,1,2,0,Match Report,37,41,90.2,680,135,13,15,86.7,19,20,95.0,4,5,80.0,1,0.2,0.1,1,3,3,1,10,41,41,0,0,0,0,1,0,0,0,0,0,37,0,0,3,3,0,0,0,0,0,2,2,0,0,0,0,0,47,0,4,28,18,1,47,2,0,0.0,1,50.0,35,189,74,1,2,0,0,1,37,7,0,0,0,0,0,0,0,,0,1,0,1,1,1,0,0,Everton,Carlos-Alcaraz,4abac767
2025-05-10,Sat,Matchweek 36,Away,W 3–1,Everton,Fulham,Y,"LW,AM",83,0,1,0,0,2,1,0,0,28,0,0,1,0.1,0.1,0.2,3,2,16,18,88.9,3,13,1,1,0,Match Report,16,18,88.9,341,101,9,11,81.8,3,3,100.0,4,4,100.0,1,0.2,0.0,2,4,0,0,3,18,18,0,0,0,0,0,0,0,0,0,0,16,0,0,3,2,0,0,1,0,0,2,1,0,0,1,0,0,28,2,5,11,12,2,28,1,0,0.0,1,100.0,13,65,36,1,2,0,1,2,17,3,0,0,0,0,0,0,0,,0,1,0,1,0,0,3,0,Everton,Carlos-Alcaraz,4abac767
2025-05-18,Sun,Matchweek 37,Home,W 2–0,Everton,Southampton,N,"LW,AM",26,0,0,0,0,0,0,0,0,13,0,0,0,0.0,0.0,0.0,0,0,8,10,80.0,1,7,1,0,0,Match Report,8,10,80.0,116,30,5,6,83.3,3,4,75.0,0,0,,0,0.0,0.0,0,0,0,0,1,10,10,0,0,0,0,0,0,0,0,0,0,8,0,0,0,0,0,0,0,0,0,0,0,0,0,0,0,0,13,1,1,9,3,0,13,0,0,,0,,7,55,43,1,1,0,2,0,8,0,0,0,0,0,0,0,0,,0,0,0,0,0,0,0,0,Everton,Carlos-Alcaraz,4abac767
2025-05-25,Sun,Matchweek 38,Away,W 1–0,Everton,Newcastle Utd,Y,AM,75,1,0,0,0,5,4,0,0,26,0,1,2,0.3,0.3,0.0,4,0,16,17,94.1,1,11,2,1,0,Match Report,16,17,94.1,218,38,6,6,100.0,6,6,100.0,1,2,50.0,0,0.0,0.0,0,1,0,0,1,17,16,1,0,0,0,1,1,0,0,0,0,16,0,0,4,1,1,0,2,0,0,0,0,0,0,0,0,0,26,2,6,9,11,2,26,1,0,0.0,1,100.0,11,107,52,2,1,0,0,0,16,1,0,0,0,0,0,0,2,0.0,2,2,1,1,1,1,0,0,Everton,Carlos-Alcaraz,4abac767
2024-08-17,Sat,Matchweek 1,Home,L 0–3,Everton,Brighton,Y,DM,90,0,0,0,0,2,0,0,0,47,9,4,1,0.1,0.1,0.0,3,0,17,29,58.6,3,26,1,2,1,Match Report,17,29,58.6,316,107,6,9,66.7,5,10,50.0,3,5,60.0,0,0.0,0.0,0,3,0,0,3,29,28,0,0,0,0,0,0,0,0,0,0,17,1,1,3,1,0,0,0,1,1,0,0,0,0,0,0,0,47,3,9,24,15,3,47,2,1,50.0,1,50.0,26,139,69,1,2,1,1,5,18,1,9,5,4,1,4,2,2,100.0,0,1,0,1,4,13,1,1,Everton,Tim-Iroegbunam,84c5ceea
2024-08-24,Sat,Matchweek 2,Away,L 0–4,Everton,Tottenham,Y,DM,90,0,0,0,0,0,0,0,0,19,1,0,0,0.0,0.0,0.0,0,0,10,14,71.4,1,14,0,4,1,Match Report,10,14,71.4,148,37,6,7,85.7,4,4,100.0,0,1,0.0,0,0.0,0.0,0,0,0,0,1,14,13,0,0,0,0,0,0,0,0,0,0,10,1,1,0,0,0,0,0,0,0,0,0,0,0,0,0,0,19,0,3,11,5,2,19,4,1,25.0,3,75.0,14,67,26,0,1,0,0,0,13,3,1,1,0,1,0,0,0,,0,0,0,0,0,1,1,0,Everton,Tim-Iroegbunam,84c5ceea
2024-08-31,Sat,Matchweek 3,Home,L 2–3,Everton,Bournemouth,Y,DM,90,0,0,0,0,2,0,1,0,51,2,3,3,0.1,0.1,0.1,5,0,24,32,75.0,5,30,4,4,2,Match Report,24,32,75.0,475,173,8,12,66.7,10,12,83.3,6,6,100.0,0,0.1,0.1,2,3,1,0,5,32,32,0,0,0,0,0,0,0,0,0,0,24,0,2,5,3,0,1,0,0,1,0,0,0,0,0,0,0,51,1,8,29,18,6,51,4,2,50.0,1,25.0,30,218,121,4,4,1,3,3,31,3,2,1,1,0,1,1,2,50.0,1,3,0,3,3,5,1,0,Everton,Tim-Iroegbunam,84c5ceea
2024-09-14,Sat,Matchweek 4,Away,L 2–3,Everton,Aston Villa,Y,"DM,CM",80,0,0,0,0,0,0,1,0,21,3,1,0,0.0,0.0,0.0,0,0,14,15,93.3,1,8,0,2,1,Match Report,14,15,93.3,191,104,9,10,90.0,4,4,100.0,1,1,100.0,0,0.0,0.0,0,1,0,0,1,15,15,0,0,0,0,0,0,0,0,0,0,14,0,0,0,0,0,0,0,0,0,0,0,0,0,0,0,0,21,1,9,11,1,0,21,2,1,50.0,0,0.0,8,42,16,0,0,0,1,0,5,0,3,1,2,1,0,1,2,50.0,1,0,0,0,1,4,1,0,Everton,Tim-Iroegbunam,84c5ceea
2024-09-21,Sat,Matchweek 5,Away,D 1–1,Everton,Leicester City,N,LW,10,0,0,0,0,0,0,0,0,10,2,0,1,0.0,0.0,0.0,1,0,2,4,50.0,0,2,0,0,0,Match Report,2,4,50.0,24,9,2,3,66.7,0,0,,0,0,,0,0.0,0.0,0,0,0,0,0,4,4,0,0,0,0,0,0,0,0,0,0,2,0,0,1,1,0,0,0,0,0,0,0,0,0,0,0,0,10,1,8,1,1,0,10,0,0,,0,,2,4,0,0,0,0,1,1,4,0,2,1,2,0,0,2,4,50.0,2,1,0,1,0,2,0,0,Everton,Tim-Iroegbunam,84c5ceea
2024-09-28,Sat,Matchweek 6,Home,W 2–1,Everton,Crystal Palace,N,"On matchday squad, but did not play","On matchday squad, but did not play","On matchday squad, but did not play","On matchday squad, but did not play","On matchday squad, but did not play","On matchday squad, but did not play","On matchday squad, but did not play","On matchday squad, but did not play","On matchday squad, but did not play","On matchday squad, but did not play","On matchday squad, but did not play","On matchday squad, but did not play","On matchday squad, but did not play","On matchday squad, but did not play","On matchday squad, but did not play","On matchday squad, but did not play","On matchday squad, but did not play","On matchday squad, but did not play","On matchday squad, but did not play","On matchday squad, but did not play","On matchday squad, but did not play","On matchday squad, but did not play","On matchday squad, but did not play","On matchday squad, but did not play","On matchday squad, but did not play","On matchday squad, but did not play","On matchday squad, but did not play",Match Report,"On matchday squad, but did not play","On matchday squad, but did not play","On matchday squad, but did not play","On matchday squad, but did not play","On matchday squad, but did not play","On matchday squad, but did not play","On matchday squad, but did not play","On matchday squad, but did not play","On matchday squad, but did not play","On matchday squad, but did not play","On matchday squad, but did not play","On matchday squad, but did not play","On matchday squad, but did not play","On matchday squad, but did not play","On matchday squad, but did not play","On matchday squad, but did not play","On matchday squad, but did not play","On matchday squad, but did not play","On matchday squad, but did not play","On matchday squad, but did not play","On matchday squad, but did not play","On matchday squad, but did not play","On matchday squad, but did not play","On matchday squad, but did not play","On matchday squad, but did not play","On matchday squad, but did not play","On matchday squad, but did not play","On matchday squad, but did not play","On matchday squad, but did not play","On matchday squad, but did not play","On matchday squad, but did not play","On matchday squad, but did not play","On matchday squad, but did not play","On matchday squad, but did not play","On matchday squad, but did not play","On matchday squad, but did not play","On matchday squad, but did not play","On matchday squad, but did not play","On matchday squad, but did not play","On matchday squad, but did not play","On matchday squad, but did not play","On matchday squad, but did not play","On matchday squad, but did not play","On matchday squad, but did not play","On matchday squad, but did not play","On matchday squad, but did not play","On matchday squad, but did not play","On matchday squad, but did not play","On matchday squad, but did not play","On matchday squad, but did not play","On matchday squad, but did not play","On matchday squad, but did not play","On matchday squad, but did not play","On matchday squad, but did not play","On matchday squad, but did not play","On matchday squad, but did not play","On matchday squad, but did not play","On matchday squad, but did not play","On matchday squad, but did not play","On matchday squad, but did not play","On matchday squad, but did not play","On matchday squad, but did not play","On matchday squad, but did not play","On matchday squad, but did not play","On matchday squad, but did not play","On matchday squad, but did not play","On matchday squad, but did not play","On matchday squad, but did not play","On matchday squad, but did not play","On matchday squad, but did not play","On matchday squad, but did not play","On matchday squad, but did not play","On matchday squad, but did not play","On matchday squad, but did not play","On matchday squad, but did not play","On matchday squad, but did not play","On matchday squad, but did not play","On matchday squad, but did not play","On matchday squad, but did not play","On matchday squad, but did not play","On matchday squad, but did not play","On matchday squad, but did not play","On matchday squad, but did not play","On matchday squad, but did not play","On matchday squad, but did not play","On matchday squad, but did not play","On matchday squad, but did not play","On matchday squad, but did not play","On matchday squad, but did not play",Everton,Tim-Iroegbunam,84c5ceea
2024-10-05,Sat,Matchweek 7,Home,D 0–0,Everton,Newcastle Utd,N,DM,23,0,0,0,0,0,0,0,0,10,1,0,1,0.0,0.0,0.0,0,0,3,5,60.0,0,0,0,0,0,Match Report,3,5,60.0,40,16,2,4,50.0,1,1,100.0,0,0,,0,0.0,0.0,0,1,0,0,0,5,5,0,0,0,0,0,0,0,0,0,0,3,0,0,0,0,0,0,0,0,0,0,0,0,0,0,0,0,10,3,6,3,1,0,10,0,0,,0,,0,0,0,0,0,0,0,0,1,0,1,0,0,1,0,1,2,50.0,1,1,0,1,0,1,1,0,Everton,Tim-Iroegbunam,84c5ceea
2025-02-01,Sat,Matchweek 24,Home,W 4–0,Everton,Leicester City,N,DM,9,0,0,0,0,0,0,0,0,12,1,1,1,0.0,0.0,0.0,0,0,7,7,100.0,1,5,0,2,1,Match Report,7,7,100.0,126,33,2,2,100.0,4,4,100.0,1,1,100.0,0,0.0,0.0,0,1,0,0,1,7,7,0,0,0,0,0,0,0,0,0,0,7,0,0,0,0,0,0,0,0,0,0,0,0,0,0,0,0,12,1,5,7,0,0,12,2,1,50.0,0,0.0,5,26,11,0,0,0,0,0,6,0,1,1,0,1,0,1,2,50.0,1,1,1,0,1,2,1,0,Everton,Tim-Iroegbunam,84c5ceea
2025-02-12,Wed,Matchweek 15,Home,D 2–2,Everton,Liverpool,N,DM,14,0,1,0,0,1,0,0,0,13,1,0,0,0.0,0.0,0.1,1,1,4,9,44.4,0,6,0,0,0,Match Report,4,9,44.4,51,31,1,4,25.0,2,3,66.7,0,1,0.0,1,0.1,0.0,1,0,0,0,0,9,9,0,0,0,0,0,0,0,0,0,0,4,0,0,1,1,0,0,0,0,0,1,1,0,0,0,0,0,13,1,5,3,5,1,13,0,0,,0,,6,22,16,0,0,0,0,1,6,2,1,0,1,0,0,1,1,100.0,0,0,0,0,0,1,0,0,Everton,Tim-Iroegbunam,84c5ceea
2025-02-15,Sat,Matchweek 25,Away,W 2–1,Everton,Crystal Palace,N,AM,5,0,0,0,0,0,0,0,0,8,1,0,1,0.0,0.0,0.0,0,0,3,5,60.0,0,2,0,1,1,Match Report,3,5,60.0,47,22,1,2,50.0,2,2,100.0,0,1,0.0,0,0.0,0.0,0,0,0,0,0,5,5,0,0,0,0,0,0,0,0,0,0,3,0,0,0,0,0,0,0,0,0,0,0,0,0,0,0,0,8,2,4,4,0,0,8,1,1,100.0,0,0.0,2,9,6,0,0,0,0,0,2,0,1,1,0,1,0,1,1,100.0,0,1,1,0,0,1,1,0,Everton,Tim-Iroegbunam,84c5ceea
2025-02-22,Sat,Matchweek 26,Home,D 2–2,Everton,Manchester Utd,N,DM,10,0,0,0,0,0,0,0,0,5,1,0,1,0.0,0.0,0.0,0,0,0,0,,0,1,0,0,0,Match Report,0,0,,0,0,0,0,,0,0,,0,0,,0,0.0,0.0,0,0,0,0,0,0,0,0,0,0,0,0,0,0,0,0,0,0,0,0,0,0,0,0,0,0,0,0,0,0,0,0,0,0,5,3,3,1,1,0,5,0,0,,0,,1,7,7,0,0,0,0,1,0,0,1,1,0,1,0,1,1,100.0,0,1,0,1,0,1,2,0,Everton,Tim-Iroegbunam,84c5ceea
2025-02-26,Wed,Matchweek 27,Away,D 1–1,Everton,Brentford,N,DM,16,0,0,0,0,0,0,0,0,4,0,0,0,0.0,0.0,0.0,0,0,2,3,66.7,1,2,0,0,0,Match Report,2,3,66.7,43,5,0,0,,2,2,100.0,0,0,,0,0.0,0.0,0,0,0,0,1,3,3,0,0,0,0,0,0,0,0,0,0,2,0,1,0,0,0,0,0,0,0,0,0,0,0,0,0,0,4,0,0,2,2,0,4,0,0,,0,,2,6,4,0,1,0,0,2,3,0,0,0,0,0,0,0,0,,0,0,0,0,0,0,0,0,Everton,Tim-Iroegbunam,84c5ceea
2025-03-08,Sat,Matchweek 28,Away,D 1–1,Everton,Wolves,N,DM,28,0,0,0,0,0,0,1,0,16,3,2,1,0.0,0.0,0.0,0,0,6,7,85.7,0,5,0,1,0,Match Report,6,7,85.7,68,7,6,7,85.7,0,0,,0,0,,0,0.0,0.0,0,0,0,0,0,7,7,0,0,0,0,0,0,0,0,0,0,6,0,0,0,0,0,0,0,0,0,0,0,0,0,0,0,0,16,0,9,6,1,0,16,1,0,0.0,1,100.0,5,15,1,0,0,0,0,1,5,0,3,0,2,1,0,1,1,100.0,0,1,0,1,2,5,1,0,Everton,Tim-Iroegbunam,84c5ceea
2025-03-15,Sat,Matchweek 29,Home,D 1–1,Everton,West Ham,N,CM,12,0,0,0,0,0,0,0,0,7,0,1,0,0.0,0.0,0.0,0,0,6,6,100.0,1,7,2,1,1,Match Report,6,6,100.0,112,27,2,2,100.0,3,3,100.0,1,1,100.0,0,0.0,0.0,0,0,0,0,1,6,6,0,0,0,0,0,0,0,0,0,0,6,0,0,0,0,0,0,0,0,0,0,0,0,0,0,0,0,7,0,1,3,4,0,7,1,1,100.0,0,0.0,7,72,42,2,1,0,1,1,5,0,0,0,0,0,0,0,0,,0,0,0,0,1,1,0,0,Everton,Tim-Iroegbunam,84c5ceea
2025-04-02,Wed,Matchweek 30,Away,L 0–1,Everton,Liverpool,N,DM,13,0,0,0,0,0,0,0,0,7,0,1,1,0.0,0.0,0.0,0,0,2,2,100.0,0,3,0,1,0,Match Report,2,2,100.0,65,4,0,0,,1,1,100.0,1,1,100.0,0,0.0,0.0,0,0,0,0,0,2,2,0,0,0,0,0,0,0,0,0,0,2,0,0,0,0,0,0,0,0,0,0,0,0,0,0,0,0,7,1,2,5,0,0,7,1,0,0.0,0,0.0,3,28,13,0,0,0,2,0,2,0,0,0,0,0,0,0,0,,0,1,1,0,1,1,0,0,Everton,Tim-Iroegbunam,84c5ceea
2025-04-05,Sat,Matchweek 31,Home,D 1–1,Everton,Arsenal,Y,DM,64,0,0,0,0,0,0,0,0,18,1,1,5,0.0,0.0,0.0,0,0,5,7,71.4,1,8,1,1,0,Match Report,5,7,71.4,73,7,1,2,50.0,3,3,100.0,0,1,0.0,0,0.0,0.0,0,1,0,0,1,7,7,0,0,0,0,1,0,0,0,0,0,5,0,0,0,0,0,0,0,0,0,0,0,0,0,0,0,0,18,3,7,7,4,0,18,1,0,0.0,1,100.0,8,53,28,1,1,0,1,3,7,0,1,0,0,1,0,1,2,50.0,1,5,1,4,1,2,1,0,Everton,Tim-Iroegbunam,84c5ceea
2025-04-12,Sat,Matchweek 32,Away,W 1–0,Everton,Nott'ham Forest,N,"On matchday squad, but did not play","On matchday squad, but did not play","On matchday squad, but did not play","On matchday squad, but did not play","On matchday squad, but did not play","On matchday squad, but did not play","On matchday squad, but did not play","On matchday squad, but did not play","On matchday squad, but did not play","On matchday squad, but did not play","On matchday squad, but did not play","On matchday squad, but did not play","On matchday squad, but did not play","On matchday squad, but did not play","On matchday squad, but did not play","On matchday squad, but did not play","On matchday squad, but did not play","On matchday squad, but did not play","On matchday squad, but did not play","On matchday squad, but did not play","On matchday squad, but did not play","On matchday squad, but did not play","On matchday squad, but did not play","On matchday squad, but did not play","On matchday squad, but did not play","On matchday squad, but did not play","On matchday squad, but did not play",Match Report,"On matchday squad, but did not play","On matchday squad, but did not play","On matchday squad, but did not play","On matchday squad, but did not play","On matchday squad, but did not play","On matchday squad, but did not play","On matchday squad, but did not play","On matchday squad, but did not play","On matchday squad, but did not play","On matchday squad, but did not play","On matchday squad, but did not play","On matchday squad, but did not play","On matchday squad, but did not play","On matchday squad, but did not play","On matchday squad, but did not play","On matchday squad, but did not play","On matchday squad, but did not play","On matchday squad, but did not play","On matchday squad, but did not play","On matchday squad, but did not play","On matchday squad, but did not play","On matchday squad, but did not play","On matchday squad, but did not play","On matchday squad, but did not play","On matchday squad, but did not play","On matchday squad, but did not play","On matchday squad, but did not play","On matchday squad, but did not play","On matchday squad, but did not play","On matchday squad, but did not play","On matchday squad, but did not play","On matchday squad, but did not play","On matchday squad, but did not play","On matchday squad, but did not play","On matchday squad, but did not play","On matchday squad, but did not play","On matchday squad, but did not play","On matchday squad, but did not play","On matchday squad, but did not play","On matchday squad, but did not play","On matchday squad, but did not play","On matchday squad, but did not play","On matchday squad, but did not play","On matchday squad, but did not play","On matchday squad, but did not play","On matchday squad, but did not play","On matchday squad, but did not play","On matchday squad, but did not play","On matchday squad, but did not play","On matchday squad, but did not play","On matchday squad, but did not play","On matchday squad, but did not play","On matchday squad, but did not play","On matchday squad, but did not play","On matchday squad, but did not play","On matchday squad, but did not play","On matchday squad, but did not play","On matchday squad, but did not play","On matchday squad, but did not play","On matchday squad, but did not play","On matchday squad, but did not play","On matchday squad, but did not play","On matchday squad, but did not play","On matchday squad, but did not play","On matchday squad, but did not play","On matchday squad, but did not play","On matchday squad, but did not play","On matchday squad, but did not play","On matchday squad, but did not play","On matchday squad, but did not play","On matchday squad, but did not play","On matchday squad, but did not play","On matchday squad, but did not play","On matchday squad, but did not play","On matchday squad, but did not play","On matchday squad, but did not play","On matchday squad, but did not play","On matchday squad, but did not play","On matchday squad, but did not play","On matchday squad, but did not play","On matchday squad, but did not play","On matchday squad, but did not play","On matchday squad, but did not play","On matchday squad, but did not play","On matchday squad, but did not play","On matchday squad, but did not play","On matchday squad, but did not play","On matchday squad, but did not play","On matchday squad, but did not play",Everton,Tim-Iroegbunam,84c5ceea
2025-04-19,Sat,Matchweek 33,Home,L 0–2,Everton,Manchester City,N,DM,12,0,0,0,0,0,0,1,0,7,1,1,0,0.0,0.0,0.0,0,0,4,5,80.0,0,2,0,1,0,Match Report,4,5,80.0,51,4,3,3,100.0,1,1,100.0,0,0,,0,0.0,0.0,0,0,0,0,0,5,5,0,0,0,0,0,0,0,0,0,0,4,0,0,0,0,0,0,0,0,0,0,0,0,0,0,0,0,7,1,1,5,1,0,7,1,0,0.0,1,100.0,2,15,0,0,0,0,0,0,2,0,1,1,0,1,0,1,2,50.0,1,0,0,0,1,2,0,0,Everton,Tim-Iroegbunam,84c5ceea
2025-04-26,Sat,Matchweek 34,Away,L 0–1,Everton,Chelsea,N,"On matchday squad, but did not play","On matchday squad, but did not play","On matchday squad, but did not play","On matchday squad, but did not play","On matchday squad, but did not play","On matchday squad, but did not play","On matchday squad, but did not play","On matchday squad, but did not play","On matchday squad, but did not play","On matchday squad, but did not play","On matchday squad, but did not play","On matchday squad, but did not play","On matchday squad, but did not play","On matchday squad, but did not play","On matchday squad, but did not play","On matchday squad, but did not play","On matchday squad, but did not play","On matchday squad, but did not play","On matchday squad, but did not play","On matchday squad, but did not play","On matchday squad, but did not play","On matchday squad, but did not play","On matchday squad, but did not play","On matchday squad, but did not play","On matchday squad, but did not play","On matchday squad, but did not play","On matchday squad, but did not play",Match Report,"On matchday squad, but did not play","On matchday squad, but did not play","On matchday squad, but did not play","On matchday squad, but did not play","On matchday squad, but did not play","On matchday squad, but did not play","On matchday squad, but did not play","On matchday squad, but did not play","On matchday squad, but did not play","On matchday squad, but did not play","On matchday squad, but did not play","On matchday squad, but did not play","On matchday squad, but did not play","On matchday squad, but did not play","On matchday squad, but did not play","On matchday squad, but did not play","On matchday squad, but did not play","On matchday squad, but did not play","On matchday squad, but did not play","On matchday squad, but did not play","On matchday squad, but did not play","On matchday squad, but did not play","On matchday squad, but did not play","On matchday squad, but did not play","On matchday squad, but did not play","On matchday squad, but did not play","On matchday squad, but did not play","On matchday squad, but did not play","On matchday squad, but did not play","On matchday squad, but did not play","On matchday squad, but did not play","On matchday squad, but did not play","On matchday squad, but did not play","On matchday squad, but did not play","On matchday squad, but did not play","On matchday squad, but did not play","On matchday squad, but did not play","On matchday squad, but did not play","On matchday squad, but did not play","On matchday squad, but did not play","On matchday squad, but did not play","On matchday squad, but did not play","On matchday squad, but did not play","On matchday squad, but did not play","On matchday squad, but did not play","On matchday squad, but did not play","On matchday squad, but did not play","On matchday squad, but did not play","On matchday squad, but did not play","On matchday squad, but did not play","On matchday squad, but did not play","On matchday squad, but did not play","On matchday squad, but did not play","On matchday squad, but did not play","On matchday squad, but did not play","On matchday squad, but did not play","On matchday squad, but did not play","On matchday squad, but did not play","On matchday squad, but did not play","On matchday squad, but did not play","On matchday squad, but did not play","On matchday squad, but did not play","On matchday squad, but did not play","On matchday squad, but did not play","On matchday squad, but did not play","On matchday squad, but did not play","On matchday squad, but did not play","On matchday squad, but did not play","On matchday squad, but did not play","On matchday squad, but did not play","On matchday squad, but did not play","On matchday squad, but did not play","On matchday squad, but did not play","On matchday squad, but did not play","On matchday squad, but did not play","On matchday squad, but did not play","On matchday squad, but did not play","On matchday squad, but did not play","On matchday squad, but did not play","On matchday squad, but did not play","On matchday squad, but did not play","On matchday squad, but did not play","On matchday squad, but did not play","On matchday squad, but did not play","On matchday squad, but did not play","On matchday squad, but did not play","On matchday squad, but did not play","On matchday squad, but did not play","On matchday squad, but did not play",Everton,Tim-Iroegbunam,84c5ceea
2025-05-03,Sat,Matchweek 35,Home,D 2–2,Everton,Ipswich Town,N,DM,1,0,0,0,0,0,0,0,0,5,1,0,1,0.0,0.0,0.0,0,0,1,3,33.3,0,1,0,0,0,Match Report,1,3,33.3,12,3,1,2,50.0,0,0,,0,0,,0,0.0,0.0,0,0,0,0,0,3,3,0,0,0,0,0,0,0,0,0,0,1,0,0,0,0,0,0,0,0,0,0,0,0,0,0,0,0,5,0,2,2,1,0,5,0,0,,0,,1,0,0,0,0,0,0,0,0,0,1,0,1,0,0,0,1,0.0,1,1,0,1,0,1,0,0,Everton,Tim-Iroegbunam,84c5ceea
2025-05-10,Sat,Matchweek 36,Away,W 3–1,Everton,Fulham,N,"CM,AM",7,0,0,0,0,0,0,0,0,9,1,1,1,0.0,0.0,0.0,0,0,5,5,100.0,1,5,0,0,0,Match Report,5,5,100.0,79,32,4,4,100.0,0,0,,1,1,100.0,0,0.0,0.0,0,0,0,0,1,5,5,0,0,0,0,0,0,0,0,0,0,5,0,0,0,0,0,0,0,0,0,0,0,0,0,0,0,0,9,3,7,3,0,0,9,0,0,,0,,5,21,19,0,0,0,1,0,3,0,1,1,1,0,0,0,0,,0,1,0,1,1,2,1,0,Everton,Tim-Iroegbunam,84c5ceea
2025-05-18,Sun,Matchweek 37,Home,W 2–0,Everton,Southampton,N,"On matchday squad, but did not play","On matchday squad, but did not play","On matchday squad, but did not play","On matchday squad, but did not play","On matchday squad, but did not play","On matchday squad, but did not play","On matchday squad, but did not play","On matchday squad, but did not play","On matchday squad, but did not play","On matchday squad, but did not play","On matchday squad, but did not play","On matchday squad, but did not play","On matchday squad, but did not play","On matchday squad, but did not play","On matchday squad, but did not play","On matchday squad, but did not play","On matchday squad, but did not play","On matchday squad, but did not play","On matchday squad, but did not play","On matchday squad, but did not play","On matchday squad, but did not play","On matchday squad, but did not play","On matchday squad, but did not play","On matchday squad, but did not play","On matchday squad, but did not play","On matchday squad, but did not play","On matchday squad, but did not play",Match Report,"On matchday squad, but did not play","On matchday squad, but did not play","On matchday squad, but did not play","On matchday squad, but did not play","On matchday squad, but did not play","On matchday squad, but did not play","On matchday squad, but did not play","On matchday squad, but did not play","On matchday squad, but did not play","On matchday squad, but did not play","On matchday squad, but did not play","On matchday squad, but did not play","On matchday squad, but did not play","On matchday squad, but did not play","On matchday squad, but did not play","On matchday squad, but did not play","On matchday squad, but did not play","On matchday squad, but did not play","On matchday squad, but did not play","On matchday squad, but did not play","On matchday squad, but did not play","On matchday squad, but did not play","On matchday squad, but did not play","On matchday squad, but did not play","On matchday squad, but did not play","On matchday squad, but did not play","On matchday squad, but did not play","On matchday squad, but did not play","On matchday squad, but did not play","On matchday squad, but did not play","On matchday squad, but did not play","On matchday squad, but did not play","On matchday squad, but did not play","On matchday squad, but did not play","On matchday squad, but did not play","On matchday squad, but did not play","On matchday squad, but did not play","On matchday squad, but did not play","On matchday squad, but did not play","On matchday squad, but did not play","On matchday squad, but did not play","On matchday squad, but did not play","On matchday squad, but did not play","On matchday squad, but did not play","On matchday squad, but did not play","On matchday squad, but did not play","On matchday squad, but did not play","On matchday squad, but did not play","On matchday squad, but did not play","On matchday squad, but did not play","On matchday squad, but did not play","On matchday squad, but did not play","On matchday squad, but did not play","On matchday squad, but did not play","On matchday squad, but did not play","On matchday squad, but did not play","On matchday squad, but did not play","On matchday squad, but did not play","On matchday squad, but did not play","On matchday squad, but did not play","On matchday squad, but did not play","On matchday squad, but did not play","On matchday squad, but did not play","On matchday squad, but did not play","On matchday squad, but did not play","On matchday squad, but did not play","On matchday squad, but did not play","On matchday squad, but did not play","On matchday squad, but did not play","On matchday squad, but did not play","On matchday squad, but did not play","On matchday squad, but did not play","On matchday squad, but did not play","On matchday squad, but did not play","On matchday squad, but did not play","On matchday squad, but did not play","On matchday squad, but did not play","On matchday squad, but did not play","On matchday squad, but did not play","On matchday squad, but did not play","On matchday squad, but did not play","On matchday squad, but did not play","On matchday squad, but did not play","On matchday squad, but did not play","On matchday squad, but did not play","On matchday squad, but did not play","On matchday squad, but did not play","On matchday squad, but did not play","On matchday squad, but did not play",Everton,Tim-Iroegbunam,84c5ceea
2024-12-04,Wed,Matchweek 14,Home,W 4–0,Everton,Wolves,N,FW,8,0,0,0,0,0,0,0,0,7,0,0,0,0.0,0.0,0.0,1,0,2,3,66.7,0,6,3,3,1,Match Report,2,3,66.7,24,6,1,1,100.0,1,1,100.0,0,0,,0,0.0,0.1,0,0,0,0,0,3,3,0,0,0,0,0,0,0,0,0,0,2,0,0,1,1,0,0,0,0,0,0,0,0,0,0,0,0,7,0,0,0,7,3,7,3,1,33.3,2,66.7,6,90,37,3,0,2,0,1,6,5,0,0,0,0,0,0,0,,0,0,0,0,0,0,0,0,Everton,Armando-Broja,97220da2
2024-12-14,Sat,Matchweek 16,Away,D 0–0,Everton,Arsenal,N,FW,25,0,0,0,0,0,0,1,0,10,1,0,0,0.0,0.0,0.0,0,0,2,3,66.7,0,3,0,4,3,Match Report,2,3,66.7,19,5,2,3,66.7,0,0,,0,0,,0,0.0,0.0,0,1,0,0,0,3,3,0,0,0,0,0,0,0,0,0,0,2,0,0,0,0,0,0,0,0,0,0,0,0,0,0,0,0,10,1,1,6,4,0,10,4,3,75.0,1,25.0,3,65,0,0,1,0,1,3,6,1,1,0,0,1,0,0,0,,0,0,0,0,0,1,1,0,Everton,Armando-Broja,97220da2
2024-12-26,Thu,Matchweek 18,Away,D 1–1,Everton,Manchester City,N,FW,21,0,0,0,0,0,0,0,0,11,0,0,0,0.0,0.0,0.1,1,0,7,7,100.0,1,8,3,3,1,Match Report,7,7,100.0,121,45,3,3,100.0,3,3,100.0,1,1,100.0,0,0.1,0.0,2,0,0,0,1,7,7,0,0,0,0,0,0,0,0,0,0,7,0,0,1,1,0,0,0,0,0,0,0,0,0,0,0,0,11,0,4,1,8,1,11,3,1,33.3,1,33.3,8,130,98,3,2,0,1,0,6,1,0,0,0,0,0,0,0,,0,0,0,0,0,0,0,0,Everton,Armando-Broja,97220da2
2024-12-29,Sun,Matchweek 19,Home,L 0–2,Everton,Nott'ham Forest,Y,FW,74,0,0,0,0,3,0,0,0,31,0,0,2,0.1,0.1,0.0,1,0,13,17,76.5,1,13,1,1,0,Match Report,13,17,76.5,150,29,10,12,83.3,3,4,75.0,0,0,,0,0.0,0.0,0,1,0,0,1,17,17,0,0,0,0,0,0,0,0,0,0,13,0,1,1,1,0,0,0,0,0,0,0,0,0,0,0,0,31,2,3,10,18,4,31,1,0,0.0,1,100.0,13,73,30,1,1,0,5,3,24,6,0,0,0,0,0,0,0,,0,2,0,2,0,0,2,0,Everton,Armando-Broja,97220da2
2025-01-04,Sat,Matchweek 20,Away,L 0–1,Everton,Bournemouth,Y,FW,31,0,0,0,0,1,0,0,0,6,1,0,1,0.0,0.0,0.0,1,0,3,4,75.0,0,2,1,0,0,Match Report,3,4,75.0,20,0,2,2,100.0,0,0,,0,1,0.0,0,0.0,0.0,0,0,0,0,0,4,4,0,0,0,0,1,0,0,0,0,0,3,0,0,1,1,0,0,0,0,0,0,0,0,0,0,0,0,6,0,1,2,4,3,6,0,0,,0,,2,45,37,1,1,1,0,0,4,2,1,1,1,0,0,0,0,,0,1,0,1,0,1,0,0,Everton,Armando-Broja,97220da2
2025-03-15,Sat,Matchweek 29,Home,D 1–1,Everton,West Ham,N,FW,12,0,0,0,0,0,0,0,0,6,0,0,0,0.0,0.0,0.0,0,0,3,4,75.0,0,5,1,1,1,Match Report,3,4,75.0,34,5,2,2,100.0,1,1,100.0,0,0,,0,0.0,0.0,0,0,0,0,0,4,4,0,0,0,0,0,0,0,0,0,0,3,0,0,0,0,0,0,0,0,0,0,0,0,0,0,0,0,6,0,0,1,5,1,6,1,1,100.0,0,0.0,5,27,20,1,0,0,1,1,5,2,0,0,0,0,0,0,0,,0,0,0,0,0,0,0,0,Everton,Armando-Broja,97220da2
2025-04-02,Wed,Matchweek 30,Away,L 0–1,Everton,Liverpool,N,FW,12,0,0,0,0,0,0,0,0,5,0,0,0,0.0,0.0,0.0,0,0,1,2,50.0,0,1,1,0,0,Match Report,1,2,50.0,33,0,0,1,0.0,0,0,,1,1,100.0,0,0.0,0.0,0,0,0,0,0,2,2,0,0,0,0,0,0,0,0,0,0,1,0,0,0,0,0,0,0,0,0,0,0,0,0,0,0,0,5,0,0,2,3,1,5,0,0,,0,,1,23,23,1,1,0,0,0,2,0,0,0,0,0,0,0,0,,0,0,0,0,0,0,0,0,Everton,Armando-Broja,97220da2
2025-04-05,Sat,Matchweek 31,Home,D 1–1,Everton,Arsenal,N,FW,26,0,0,0,0,0,0,0,0,7,0,0,0,0.0,0.0,0.0,0,0,3,3,100.0,0,5,0,2,0,Match Report,3,3,100.0,20,0,2,2,100.0,0,0,,0,0,,0,0.0,0.0,0,0,0,0,0,3,3,0,0,0,0,0,0,0,0,0,0,3,0,0,0,0,0,0,0,0,0,0,0,0,0,0,0,0,7,1,1,3,3,0,7,2,0,0.0,2,100.0,5,9,1,0,0,0,0,1,6,1,0,0,0,0,0,0,0,,0,0,0,0,0,0,1,0,Everton,Armando-Broja,97220da2
2025-04-12,Sat,Matchweek 32,Away,W 1–0,Everton,Nott'ham Forest,Y,FW,63,0,0,0,0,0,0,0,0,25,0,0,0,0.0,0.0,0.1,3,0,15,19,78.9,0,14,2,2,2,Match Report,15,19,78.9,121,10,12,15,80.0,0,1,0.0,0,0,,0,0.1,0.0,2,1,0,0,0,19,19,0,0,0,0,0,0,0,0,0,0,15,0,0,3,3,0,0,0,0,0,0,0,0,0,0,0,0,25,0,2,8,17,5,25,2,2,100.0,0,0.0,14,102,33,2,2,0,3,3,20,7,0,0,0,0,0,0,0,,0,0,0,0,0,0,0,0,Everton,Armando-Broja,97220da2
2025-04-19,Sat,Matchweek 33,Home,L 0–2,Everton,Manchester City,Y,FW,62,0,0,0,0,0,0,0,0,19,1,1,0,0.0,0.0,0.0,0,0,4,11,36.4,0,7,0,0,0,Match Report,4,11,36.4,52,1,1,4,25.0,2,2,100.0,0,0,,0,0.0,0.0,0,0,0,0,0,11,10,0,0,0,0,0,0,0,0,0,0,4,1,0,0,0,0,0,0,0,0,0,0,0,0,0,0,0,19,0,2,14,3,0,19,0,0,,0,,7,13,2,0,0,0,5,1,15,1,1,0,0,0,1,0,0,,0,0,0,0,1,2,0,0,Everton,Armando-Broja,97220da2
2025-05-03,Sat,Matchweek 35,Home,D 2–2,Everton,Ipswich Town,N,"On matchday squad, but did not play","On matchday squad, but did not play","On matchday squad, but did not play","On matchday squad, but did not play","On matchday squad, but did not play","On matchday squad, but did not play","On matchday squad, but did not play","On matchday squad, but did not play","On matchday squad, but did not play","On matchday squad, but did not play","On matchday squad, but did not play","On matchday squad, but did not play","On matchday squad, but did not play","On matchday squad, but did not play","On matchday squad, but did not play","On matchday squad, but did not play","On matchday squad, but did not play","On matchday squad, but did not play","On matchday squad, but did not play","On matchday squad, but did not play","On matchday squad, but did not play","On matchday squad, but did not play","On matchday squad, but did not play","On matchday squad, but did not play","On matchday squad, but did not play","On matchday squad, but did not play","On matchday squad, but did not play",Match Report,"On matchday squad, but did not play","On matchday squad, but did not play","On matchday squad, but did not play","On matchday squad, but did not play","On matchday squad, but did not play","On matchday squad, but did not play","On matchday squad, but did not play","On matchday squad, but did not play","On matchday squad, but did not play","On matchday squad, but did not play","On matchday squad, but did not play","On matchday squad, but did not play","On matchday squad, but did not play","On matchday squad, but did not play","On matchday squad, but did not play","On matchday squad, but did not play","On matchday squad, but did not play","On matchday squad, but did not play","On matchday squad, but did not play","On matchday squad, but did not play","On matchday squad, but did not play","On matchday squad, but did not play","On matchday squad, but did not play","On matchday squad, but did not play","On matchday squad, but did not play","On matchday squad, but did not play","On matchday squad, but did not play","On matchday squad, but did not play","On matchday squad, but did not play","On matchday squad, but did not play","On matchday squad, but did not play","On matchday squad, but did not play","On matchday squad, but did not play","On matchday squad, but did not play","On matchday squad, but did not play","On matchday squad, but did not play","On matchday squad, but did not play","On matchday squad, but did not play","On matchday squad, but did not play","On matchday squad, but did not play","On matchday squad, but did not play","On matchday squad, but did not play","On matchday squad, but did not play","On matchday squad, but did not play","On matchday squad, but did not play","On matchday squad, but did not play","On matchday squad, but did not play","On matchday squad, but did not play","On matchday squad, but did not play","On matchday squad, but did not play","On matchday squad, but did not play","On matchday squad, but did not play","On matchday squad, but did not play","On matchday squad, but did not play","On matchday squad, but did not play","On matchday squad, but did not play","On matchday squad, but did not play","On matchday squad, but did not play","On matchday squad, but did not play","On matchday squad, but did not play","On matchday squad, but did not play","On matchday squad, but did not play","On matchday squad, but did not play","On matchday squad, but did not play","On matchday squad, but did not play","On matchday squad, but did not play","On matchday squad, but did not play","On matchday squad, but did not play","On matchday squad, but did not play","On matchday squad, but did not play","On matchday squad, but did not play","On matchday squad, but did not play","On matchday squad, but did not play","On matchday squad, but did not play","On matchday squad, but did not play","On matchday squad, but did not play","On matchday squad, but did not play","On matchday squad, but did not play","On matchday squad, but did not play","On matchday squad, but did not play","On matchday squad, but did not play","On matchday squad, but did not play","On matchday squad, but did not play","On matchday squad, but did not play","On matchday squad, but did not play","On matchday squad, but did not play","On matchday squad, but did not play","On matchday squad, but did not play","On matchday squad, but did not play",Everton,Armando-Broja,97220da2
2025-05-10,Sat,Matchweek 36,Away,W 3–1,Everton,Fulham,N,"On matchday squad, but did not play","On matchday squad, but did not play","On matchday squad, but did not play","On matchday squad, but did not play","On matchday squad, but did not play","On matchday squad, but did not play","On matchday squad, but did not play","On matchday squad, but did not play","On matchday squad, but did not play","On matchday squad, but did not play","On matchday squad, but did not play","On matchday squad, but did not play","On matchday squad, but did not play","On matchday squad, but did not play","On matchday squad, but did not play","On matchday squad, but did not play","On matchday squad, but did not play","On matchday squad, but did not play","On matchday squad, but did not play","On matchday squad, but did not play","On matchday squad, but did not play","On matchday squad, but did not play","On matchday squad, but did not play","On matchday squad, but did not play","On matchday squad, but did not play","On matchday squad, but did not play","On matchday squad, but did not play",Match Report,"On matchday squad, but did not play","On matchday squad, but did not play","On matchday squad, but did not play","On matchday squad, but did not play","On matchday squad, but did not play","On matchday squad, but did not play","On matchday squad, but did not play","On matchday squad, but did not play","On matchday squad, but did not play","On matchday squad, but did not play","On matchday squad, but did not play","On matchday squad, but did not play","On matchday squad, but did not play","On matchday squad, but did not play","On matchday squad, but did not play","On matchday squad, but did not play","On matchday squad, but did not play","On matchday squad, but did not play","On matchday squad, but did not play","On matchday squad, but did not play","On matchday squad, but did not play","On matchday squad, but did not play","On matchday squad, but did not play","On matchday squad, but did not play","On matchday squad, but did not play","On matchday squad, but did not play","On matchday squad, but did not play","On matchday squad, but did not play","On matchday squad, but did not play","On matchday squad, but did not play","On matchday squad, but did not play","On matchday squad, but did not play","On matchday squad, but did not play","On matchday squad, but did not play","On matchday squad, but did not play","On matchday squad, but did not play","On matchday squad, but did not play","On matchday squad, but did not play","On matchday squad, but did not play","On matchday squad, but did not play","On matchday squad, but did not play","On matchday squad, but did not play","On matchday squad, but did not play","On matchday squad, but did not play","On matchday squad, but did not play","On matchday squad, but did not play","On matchday squad, but did not play","On matchday squad, but did not play","On matchday squad, but did not play","On matchday squad, but did not play","On matchday squad, but did not play","On matchday squad, but did not play","On matchday squad, but did not play","On matchday squad, but did not play","On matchday squad, but did not play","On matchday squad, but did not play","On matchday squad, but did not play","On matchday squad, but did not play","On matchday squad, but did not play","On matchday squad, but did not play","On matchday squad, but did not play","On matchday squad, but did not play","On matchday squad, but did not play","On matchday squad, but did not play","On matchday squad, but did not play","On matchday squad, but did not play","On matchday squad, but did not play","On matchday squad, but did not play","On matchday squad, but did not play","On matchday squad, but did not play","On matchday squad, but did not play","On matchday squad, but did not play","On matchday squad, but did not play","On matchday squad, but did not play","On matchday squad, but did not play","On matchday squad, but did not play","On matchday squad, but did not play","On matchday squad, but did not play","On matchday squad, but did not play","On matchday squad, but did not play","On matchday squad, but did not play","On matchday squad, but did not play","On matchday squad, but did not play","On matchday squad, but did not play","On matchday squad, but did not play","On matchday squad, but did not play","On matchday squad, but did not play","On matchday squad, but did not play","On matchday squad, but did not play",Everton,Armando-Broja,97220da2
2025-05-25,Sun,Matchweek 38,Away,W 1–0,Everton,Newcastle Utd,N,"On matchday squad, but did not play","On matchday squad, but did not play","On matchday squad, but did not play","On matchday squad, but did not play","On matchday squad, but did not play","On matchday squad, but did not play","On matchday squad, but did not play","On matchday squad, but did not play","On matchday squad, but did not play","On matchday squad, but did not play","On matchday squad, but did not play","On matchday squad, but did not play","On matchday squad, but did not play","On matchday squad, but did not play","On matchday squad, but did not play","On matchday squad, but did not play","On matchday squad, but did not play","On matchday squad, but did not play","On matchday squad, but did not play","On matchday squad, but did not play","On matchday squad, but did not play","On matchday squad, but did not play","On matchday squad, but did not play","On matchday squad, but did not play","On matchday squad, but did not play","On matchday squad, but did not play","On matchday squad, but did not play",Match Report,"On matchday squad, but did not play","On matchday squad, but did not play","On matchday squad, but did not play","On matchday squad, but did not play","On matchday squad, but did not play","On matchday squad, but did not play","On matchday squad, but did not play","On matchday squad, but did not play","On matchday squad, but did not play","On matchday squad, but did not play","On matchday squad, but did not play","On matchday squad, but did not play","On matchday squad, but did not play","On matchday squad, but did not play","On matchday squad, but did not play","On matchday squad, but did not play","On matchday squad, but did not play","On matchday squad, but did not play","On matchday squad, but did not play","On matchday squad, but did not play","On matchday squad, but did not play","On matchday squad, but did not play","On matchday squad, but did not play","On matchday squad, but did not play","On matchday squad, but did not play","On matchday squad, but did not play","On matchday squad, but did not play","On matchday squad, but did not play","On matchday squad, but did not play","On matchday squad, but did not play","On matchday squad, but did not play","On matchday squad, but did not play","On matchday squad, but did not play","On matchday squad, but did not play","On matchday squad, but did not play","On matchday squad, but did not play","On matchday squad, but did not play","On matchday squad, but did not play","On matchday squad, but did not play","On matchday squad, but did not play","On matchday squad, but did not play","On matchday squad, but did not play","On matchday squad, but did not play","On matchday squad, but did not play","On matchday squad, but did not play","On matchday squad, but did not play","On matchday squad, but did not play","On matchday squad, but did not play","On matchday squad, but did not play","On matchday squad, but did not play","On matchday squad, but did not play","On matchday squad, but did not play","On matchday squad, but did not play","On matchday squad, but did not play","On matchday squad, but did not play","On matchday squad, but did not play","On matchday squad, but did not play","On matchday squad, but did not play","On matchday squad, but did not play","On matchday squad, but did not play","On matchday squad, but did not play","On matchday squad, but did not play","On matchday squad, but did not play","On matchday squad, but did not play","On matchday squad, but did not play","On matchday squad, but did not play","On matchday squad, but did not play","On matchday squad, but did not play","On matchday squad, but did not play","On matchday squad, but did not play","On matchday squad, but did not play","On matchday squad, but did not play","On matchday squad, but did not play","On matchday squad, but did not play","On matchday squad, but did not play","On matchday squad, but did not play","On matchday squad, but did not play","On matchday squad, but did not play","On matchday squad, but did not play","On matchday squad, but did not play","On matchday squad, but did not play","On matchday squad, but did not play","On matchday squad, but did not play","On matchday squad, but did not play","On matchday squad, but did not play","On matchday squad, but did not play","On matchday squad, but did not play","On matchday squad, but did not play","On matchday squad, but did not play",Everton,Armando-Broja,97220da2
2024-10-19,Sat,Matchweek 8,Away,W 2–0,Everton,Ipswich Town,N,"On matchday squad, but did not play","On matchday squad, but did not play","On matchday squad, but did not play","On matchday squad, but did not play","On matchday squad, but did not play","On matchday squad, but did not play","On matchday squad, but did not play","On matchday squad, but did not play","On matchday squad, but did not play","On matchday squad, but did not play","On matchday squad, but did not play","On matchday squad, but did not play","On matchday squad, but did not play","On matchday squad, but did not play","On matchday squad, but did not play","On matchday squad, but did not play","On matchday squad, but did not play","On matchday squad, but did not play","On matchday squad, but did not play","On matchday squad, but did not play","On matchday squad, but did not play","On matchday squad, but did not play","On matchday squad, but did not play","On matchday squad, but did not play","On matchday squad, but did not play","On matchday squad, but did not play","On matchday squad, but did not play",Match Report,"On matchday squad, but did not play","On matchday squad, but did not play","On matchday squad, but did not play","On matchday squad, but did not play","On matchday squad, but did not play","On matchday squad, but did not play","On matchday squad, but did not play","On matchday squad, but did not play","On matchday squad, but did not play","On matchday squad, but did not play","On matchday squad, but did not play","On matchday squad, but did not play","On matchday squad, but did not play","On matchday squad, but did not play","On matchday squad, but did not play","On matchday squad, but did not play","On matchday squad, but did not play","On matchday squad, but did not play","On matchday squad, but did not play","On matchday squad, but did not play","On matchday squad, but did not play","On matchday squad, but did not play","On matchday squad, but did not play","On matchday squad, but did not play","On matchday squad, but did not play","On matchday squad, but did not play","On matchday squad, but did not play","On matchday squad, but did not play","On matchday squad, but did not play","On matchday squad, but did not play","On matchday squad, but did not play","On matchday squad, but did not play","On matchday squad, but did not play","On matchday squad, but did not play","On matchday squad, but did not play","On matchday squad, but did not play","On matchday squad, but did not play","On matchday squad, but did not play","On matchday squad, but did not play","On matchday squad, but did not play","On matchday squad, but did not play","On matchday squad, but did not play","On matchday squad, but did not play","On matchday squad, but did not play","On matchday squad, but did not play","On matchday squad, but did not play","On matchday squad, but did not play","On matchday squad, but did not play","On matchday squad, but did not play","On matchday squad, but did not play","On matchday squad, but did not play","On matchday squad, but did not play","On matchday squad, but did not play","On matchday squad, but did not play","On matchday squad, but did not play","On matchday squad, but did not play","On matchday squad, but did not play","On matchday squad, but did not play","On matchday squad, but did not play","On matchday squad, but did not play","On matchday squad, but did not play","On matchday squad, but did not play","On matchday squad, but did not play","On matchday squad, but did not play","On matchday squad, but did not play","On matchday squad, but did not play","On matchday squad, but did not play","On matchday squad, but did not play","On matchday squad, but did not play","On matchday squad, but did not play","On matchday squad, but did not play","On matchday squad, but did not play","On matchday squad, but did not play","On matchday squad, but did not play","On matchday squad, but did not play","On matchday squad, but did not play","On matchday squad, but did not play","On matchday squad, but did not play","On matchday squad, but did not play","On matchday squad, but did not play","On matchday squad, but did not play","On matchday squad, but did not play","On matchday squad, but did not play","On matchday squad, but did not play","On matchday squad, but did not play","On matchday squad, but did not play","On matchday squad, but did not play","On matchday squad, but did not play","On matchday squad, but did not play",Everton,Nathan-Patterson,230f0471
2024-10-26,Sat,Matchweek 9,Home,D 1–1,Everton,Fulham,N,"On matchday squad, but did not play","On matchday squad, but did not play","On matchday squad, but did not play","On matchday squad, but did not play","On matchday squad, but did not play","On matchday squad, but did not play","On matchday squad, but did not play","On matchday squad, but did not play","On matchday squad, but did not play","On matchday squad, but did not play","On matchday squad, but did not play","On matchday squad, but did not play","On matchday squad, but did not play","On matchday squad, but did not play","On matchday squad, but did not play","On matchday squad, but did not play","On matchday squad, but did not play","On matchday squad, but did not play","On matchday squad, but did not play","On matchday squad, but did not play","On matchday squad, but did not play","On matchday squad, but did not play","On matchday squad, but did not play","On matchday squad, but did not play","On matchday squad, but did not play","On matchday squad, but did not play","On matchday squad, but did not play",Match Report,"On matchday squad, but did not play","On matchday squad, but did not play","On matchday squad, but did not play","On matchday squad, but did not play","On matchday squad, but did not play","On matchday squad, but did not play","On matchday squad, but did not play","On matchday squad, but did not play","On matchday squad, but did not play","On matchday squad, but did not play","On matchday squad, but did not play","On matchday squad, but did not play","On matchday squad, but did not play","On matchday squad, but did not play","On matchday squad, but did not play","On matchday squad, but did not play","On matchday squad, but did not play","On matchday squad, but did not play","On matchday squad, but did not play","On matchday squad, but did not play","On matchday squad, but did not play","On matchday squad, but did not play","On matchday squad, but did not play","On matchday squad, but did not play","On matchday squad, but did not play","On matchday squad, but did not play","On matchday squad, but did not play","On matchday squad, but did not play","On matchday squad, but did not play","On matchday squad, but did not play","On matchday squad, but did not play","On matchday squad, but did not play","On matchday squad, but did not play","On matchday squad, but did not play","On matchday squad, but did not play","On matchday squad, but did not play","On matchday squad, but did not play","On matchday squad, but did not play","On matchday squad, but did not play","On matchday squad, but did not play","On matchday squad, but did not play","On matchday squad, but did not play","On matchday squad, but did not play","On matchday squad, but did not play","On matchday squad, but did not play","On matchday squad, but did not play","On matchday squad, but did not play","On matchday squad, but did not play","On matchday squad, but did not play","On matchday squad, but did not play","On matchday squad, but did not play","On matchday squad, but did not play","On matchday squad, but did not play","On matchday squad, but did not play","On matchday squad, but did not play","On matchday squad, but did not play","On matchday squad, but did not play","On matchday squad, but did not play","On matchday squad, but did not play","On matchday squad, but did not play","On matchday squad, but did not play","On matchday squad, but did not play","On matchday squad, but did not play","On matchday squad, but did not play","On matchday squad, but did not play","On matchday squad, but did not play","On matchday squad, but did not play","On matchday squad, but did not play","On matchday squad, but did not play","On matchday squad, but did not play","On matchday squad, but did not play","On matchday squad, but did not play","On matchday squad, but did not play","On matchday squad, but did not play","On matchday squad, but did not play","On matchday squad, but did not play","On matchday squad, but did not play","On matchday squad, but did not play","On matchday squad, but did not play","On matchday squad, but did not play","On matchday squad, but did not play","On matchday squad, but did not play","On matchday squad, but did not play","On matchday squad, but did not play","On matchday squad, but did not play","On matchday squad, but did not play","On matchday squad, but did not play","On matchday squad, but did not play","On matchday squad, but did not play",Everton,Nathan-Patterson,230f0471
2024-11-02,Sat,Matchweek 10,Away,L 0–1,Everton,Southampton,N,"On matchday squad, but did not play","On matchday squad, but did not play","On matchday squad, but did not play","On matchday squad, but did not play","On matchday squad, but did not play","On matchday squad, but did not play","On matchday squad, but did not play","On matchday squad, but did not play","On matchday squad, but did not play","On matchday squad, but did not play","On matchday squad, but did not play","On matchday squad, but did not play","On matchday squad, but did not play","On matchday squad, but did not play","On matchday squad, but did not play","On matchday squad, but did not play","On matchday squad, but did not play","On matchday squad, but did not play","On matchday squad, but did not play","On matchday squad, but did not play","On matchday squad, but did not play","On matchday squad, but did not play","On matchday squad, but did not play","On matchday squad, but did not play","On matchday squad, but did not play","On matchday squad, but did not play","On matchday squad, but did not play",Match Report,"On matchday squad, but did not play","On matchday squad, but did not play","On matchday squad, but did not play","On matchday squad, but did not play","On matchday squad, but did not play","On matchday squad, but did not play","On matchday squad, but did not play","On matchday squad, but did not play","On matchday squad, but did not play","On matchday squad, but did not play","On matchday squad, but did not play","On matchday squad, but did not play","On matchday squad, but did not play","On matchday squad, but did not play","On matchday squad, but did not play","On matchday squad, but did not play","On matchday squad, but did not play","On matchday squad, but did not play","On matchday squad, but did not play","On matchday squad, but did not play","On matchday squad, but did not play","On matchday squad, but did not play","On matchday squad, but did not play","On matchday squad, but did not play","On matchday squad, but did not play","On matchday squad, but did not play","On matchday squad, but did not play","On matchday squad, but did not play","On matchday squad, but did not play","On matchday squad, but did not play","On matchday squad, but did not play","On matchday squad, but did not play","On matchday squad, but did not play","On matchday squad, but did not play","On matchday squad, but did not play","On matchday squad, but did not play","On matchday squad, but did not play","On matchday squad, but did not play","On matchday squad, but did not play","On matchday squad, but did not play","On matchday squad, but did not play","On matchday squad, but did not play","On matchday squad, but did not play","On matchday squad, but did not play","On matchday squad, but did not play","On matchday squad, but did not play","On matchday squad, but did not play","On matchday squad, but did not play","On matchday squad, but did not play","On matchday squad, but did not play","On matchday squad, but did not play","On matchday squad, but did not play","On matchday squad, but did not play","On matchday squad, but did not play","On matchday squad, but did not play","On matchday squad, but did not play","On matchday squad, but did not play","On matchday squad, but did not play","On matchday squad, but did not play","On matchday squad, but did not play","On matchday squad, but did not play","On matchday squad, but did not play","On matchday squad, but did not play","On matchday squad, but did not play","On matchday squad, but did not play","On matchday squad, but did not play","On matchday squad, but did not play","On matchday squad, but did not play","On matchday squad, but did not play","On matchday squad, but did not play","On matchday squad, but did not play","On matchday squad, but did not play","On matchday squad, but did not play","On matchday squad, but did not play","On matchday squad, but did not play","On matchday squad, but did not play","On matchday squad, but did not play","On matchday squad, but did not play","On matchday squad, but did not play","On matchday squad, but did not play","On matchday squad, but did not play","On matchday squad, but did not play","On matchday squad, but did not play","On matchday squad, but did not play","On matchday squad, but did not play","On matchday squad, but did not play","On matchday squad, but did not play","On matchday squad, but did not play","On matchday squad, but did not play",Everton,Nathan-Patterson,230f0471
2024-11-09,Sat,Matchweek 11,Away,D 0–0,Everton,West Ham,N,"On matchday squad, but did not play","On matchday squad, but did not play","On matchday squad, but did not play","On matchday squad, but did not play","On matchday squad, but did not play","On matchday squad, but did not play","On matchday squad, but did not play","On matchday squad, but did not play","On matchday squad, but did not play","On matchday squad, but did not play","On matchday squad, but did not play","On matchday squad, but did not play","On matchday squad, but did not play","On matchday squad, but did not play","On matchday squad, but did not play","On matchday squad, but did not play","On matchday squad, but did not play","On matchday squad, but did not play","On matchday squad, but did not play","On matchday squad, but did not play","On matchday squad, but did not play","On matchday squad, but did not play","On matchday squad, but did not play","On matchday squad, but did not play","On matchday squad, but did not play","On matchday squad, but did not play","On matchday squad, but did not play",Match Report,"On matchday squad, but did not play","On matchday squad, but did not play","On matchday squad, but did not play","On matchday squad, but did not play","On matchday squad, but did not play","On matchday squad, but did not play","On matchday squad, but did not play","On matchday squad, but did not play","On matchday squad, but did not play","On matchday squad, but did not play","On matchday squad, but did not play","On matchday squad, but did not play","On matchday squad, but did not play","On matchday squad, but did not play","On matchday squad, but did not play","On matchday squad, but did not play","On matchday squad, but did not play","On matchday squad, but did not play","On matchday squad, but did not play","On matchday squad, but did not play","On matchday squad, but did not play","On matchday squad, but did not play","On matchday squad, but did not play","On matchday squad, but did not play","On matchday squad, but did not play","On matchday squad, but did not play","On matchday squad, but did not play","On matchday squad, but did not play","On matchday squad, but did not play","On matchday squad, but did not play","On matchday squad, but did not play","On matchday squad, but did not play","On matchday squad, but did not play","On matchday squad, but did not play","On matchday squad, but did not play","On matchday squad, but did not play","On matchday squad, but did not play","On matchday squad, but did not play","On matchday squad, but did not play","On matchday squad, but did not play","On matchday squad, but did not play","On matchday squad, but did not play","On matchday squad, but did not play","On matchday squad, but did not play","On matchday squad, but did not play","On matchday squad, but did not play","On matchday squad, but did not play","On matchday squad, but did not play","On matchday squad, but did not play","On matchday squad, but did not play","On matchday squad, but did not play","On matchday squad, but did not play","On matchday squad, but did not play","On matchday squad, but did not play","On matchday squad, but did not play","On matchday squad, but did not play","On matchday squad, but did not play","On matchday squad, but did not play","On matchday squad, but did not play","On matchday squad, but did not play","On matchday squad, but did not play","On matchday squad, but did not play","On matchday squad, but did not play","On matchday squad, but did not play","On matchday squad, but did not play","On matchday squad, but did not play","On matchday squad, but did not play","On matchday squad, but did not play","On matchday squad, but did not play","On matchday squad, but did not play","On matchday squad, but did not play","On matchday squad, but did not play","On matchday squad, but did not play","On matchday squad, but did not play","On matchday squad, but did not play","On matchday squad, but did not play","On matchday squad, but did not play","On matchday squad, but did not play","On matchday squad, but did not play","On matchday squad, but did not play","On matchday squad, but did not play","On matchday squad, but did not play","On matchday squad, but did not play","On matchday squad, but did not play","On matchday squad, but did not play","On matchday squad, but did not play","On matchday squad, but did not play","On matchday squad, but did not play","On matchday squad, but did not play",Everton,Nathan-Patterson,230f0471
2024-11-23,Sat,Matchweek 12,Home,D 0–0,Everton,Brentford,N,"On matchday squad, but did not play","On matchday squad, but did not play","On matchday squad, but did not play","On matchday squad, but did not play","On matchday squad, but did not play","On matchday squad, but did not play","On matchday squad, but did not play","On matchday squad, but did not play","On matchday squad, but did not play","On matchday squad, but did not play","On matchday squad, but did not play","On matchday squad, but did not play","On matchday squad, but did not play","On matchday squad, but did not play","On matchday squad, but did not play","On matchday squad, but did not play","On matchday squad, but did not play","On matchday squad, but did not play","On matchday squad, but did not play","On matchday squad, but did not play","On matchday squad, but did not play","On matchday squad, but did not play","On matchday squad, but did not play","On matchday squad, but did not play","On matchday squad, but did not play","On matchday squad, but did not play","On matchday squad, but did not play",Match Report,"On matchday squad, but did not play","On matchday squad, but did not play","On matchday squad, but did not play","On matchday squad, but did not play","On matchday squad, but did not play","On matchday squad, but did not play","On matchday squad, but did not play","On matchday squad, but did not play","On matchday squad, but did not play","On matchday squad, but did not play","On matchday squad, but did not play","On matchday squad, but did not play","On matchday squad, but did not play","On matchday squad, but did not play","On matchday squad, but did not play","On matchday squad, but did not play","On matchday squad, but did not play","On matchday squad, but did not play","On matchday squad, but did not play","On matchday squad, but did not play","On matchday squad, but did not play","On matchday squad, but did not play","On matchday squad, but did not play","On matchday squad, but did not play","On matchday squad, but did not play","On matchday squad, but did not play","On matchday squad, but did not play","On matchday squad, but did not play","On matchday squad, but did not play","On matchday squad, but did not play","On matchday squad, but did not play","On matchday squad, but did not play","On matchday squad, but did not play","On matchday squad, but did not play","On matchday squad, but did not play","On matchday squad, but did not play","On matchday squad, but did not play","On matchday squad, but did not play","On matchday squad, but did not play","On matchday squad, but did not play","On matchday squad, but did not play","On matchday squad, but did not play","On matchday squad, but did not play","On matchday squad, but did not play","On matchday squad, but did not play","On matchday squad, but did not play","On matchday squad, but did not play","On matchday squad, but did not play","On matchday squad, but did not play","On matchday squad, but did not play","On matchday squad, but did not play","On matchday squad, but did not play","On matchday squad, but did not play","On matchday squad, but did not play","On matchday squad, but did not play","On matchday squad, but did not play","On matchday squad, but did not play","On matchday squad, but did not play","On matchday squad, but did not play","On matchday squad, but did not play","On matchday squad, but did not play","On matchday squad, but did not play","On matchday squad, but did not play","On matchday squad, but did not play","On matchday squad, but did not play","On matchday squad, but did not play","On matchday squad, but did not play","On matchday squad, but did not play","On matchday squad, but did not play","On matchday squad, but did not play","On matchday squad, but did not play","On matchday squad, but did not play","On matchday squad, but did not play","On matchday squad, but did not play","On matchday squad, but did not play","On matchday squad, but did not play","On matchday squad, but did not play","On matchday squad, but did not play","On matchday squad, but did not play","On matchday squad, but did not play","On matchday squad, but did not play","On matchday squad, but did not play","On matchday squad, but did not play","On matchday squad, but did not play","On matchday squad, but did not play","On matchday squad, but did not play","On matchday squad, but did not play","On matchday squad, but did not play","On matchday squad, but did not play",Everton,Nathan-Patterson,230f0471
2024-12-01,Sun,Matchweek 13,Away,L 0–4,Everton,Manchester Utd,N,RB,18,0,0,0,0,0,0,0,0,15,1,0,0,0.0,0.0,0.2,1,0,12,14,85.7,1,7,1,0,0,Match Report,12,14,85.7,192,58,6,7,85.7,5,5,100.0,1,2,50.0,0,0.2,0.1,1,1,1,1,1,14,12,2,0,1,0,1,2,0,0,0,0,12,0,0,1,1,0,0,0,0,0,0,0,0,0,0,0,0,15,0,0,10,5,1,15,0,0,,0,,7,37,26,1,0,1,0,0,10,1,1,0,0,1,0,1,1,100.0,0,0,0,0,0,1,0,0,Everton,Nathan-Patterson,230f0471
2024-12-04,Wed,Matchweek 14,Home,W 4–0,Everton,Wolves,N,"On matchday squad, but did not play","On matchday squad, but did not play","On matchday squad, but did not play","On matchday squad, but did not play","On matchday squad, but did not play","On matchday squad, but did not play","On matchday squad, but did not play","On matchday squad, but did not play","On matchday squad, but did not play","On matchday squad, but did not play","On matchday squad, but did not play","On matchday squad, but did not play","On matchday squad, but did not play","On matchday squad, but did not play","On matchday squad, but did not play","On matchday squad, but did not play","On matchday squad, but did not play","On matchday squad, but did not play","On matchday squad, but did not play","On matchday squad, but did not play","On matchday squad, but did not play","On matchday squad, but did not play","On matchday squad, but did not play","On matchday squad, but did not play","On matchday squad, but did not play","On matchday squad, but did not play","On matchday squad, but did not play",Match Report,"On matchday squad, but did not play","On matchday squad, but did not play","On matchday squad, but did not play","On matchday squad, but did not play","On matchday squad, but did not play","On matchday squad, but did not play","On matchday squad, but did not play","On matchday squad, but did not play","On matchday squad, but did not play","On matchday squad, but did not play","On matchday squad, but did not play","On matchday squad, but did not play","On matchday squad, but did not play","On matchday squad, but did not play","On matchday squad, but did not play","On matchday squad, but did not play","On matchday squad, but did not play","On matchday squad, but did not play","On matchday squad, but did not play","On matchday squad, but did not play","On matchday squad, but did not play","On matchday squad, but did not play","On matchday squad, but did not play","On matchday squad, but did not play","On matchday squad, but did not play","On matchday squad, but did not play","On matchday squad, but did not play","On matchday squad, but did not play","On matchday squad, but did not play","On matchday squad, but did not play","On matchday squad, but did not play","On matchday squad, but did not play","On matchday squad, but did not play","On matchday squad, but did not play","On matchday squad, but did not play","On matchday squad, but did not play","On matchday squad, but did not play","On matchday squad, but did not play","On matchday squad, but did not play","On matchday squad, but did not play","On matchday squad, but did not play","On matchday squad, but did not play","On matchday squad, but did not play","On matchday squad, but did not play","On matchday squad, but did not play","On matchday squad, but did not play","On matchday squad, but did not play","On matchday squad, but did not play","On matchday squad, but did not play","On matchday squad, but did not play","On matchday squad, but did not play","On matchday squad, but did not play","On matchday squad, but did not play","On matchday squad, but did not play","On matchday squad, but did not play","On matchday squad, but did not play","On matchday squad, but did not play","On matchday squad, but did not play","On matchday squad, but did not play","On matchday squad, but did not play","On matchday squad, but did not play","On matchday squad, but did not play","On matchday squad, but did not play","On matchday squad, but did not play","On matchday squad, but did not play","On matchday squad, but did not play","On matchday squad, but did not play","On matchday squad, but did not play","On matchday squad, but did not play","On matchday squad, but did not play","On matchday squad, but did not play","On matchday squad, but did not play","On matchday squad, but did not play","On matchday squad, but did not play","On matchday squad, but did not play","On matchday squad, but did not play","On matchday squad, but did not play","On matchday squad, but did not play","On matchday squad, but did not play","On matchday squad, but did not play","On matchday squad, but did not play","On matchday squad, but did not play","On matchday squad, but did not play","On matchday squad, but did not play","On matchday squad, but did not play","On matchday squad, but did not play","On matchday squad, but did not play","On matchday squad, but did not play","On matchday squad, but did not play",Everton,Nathan-Patterson,230f0471
2024-12-14,Sat,Matchweek 16,Away,D 0–0,Everton,Arsenal,N,"On matchday squad, but did not play","On matchday squad, but did not play","On matchday squad, but did not play","On matchday squad, but did not play","On matchday squad, but did not play","On matchday squad, but did not play","On matchday squad, but did not play","On matchday squad, but did not play","On matchday squad, but did not play","On matchday squad, but did not play","On matchday squad, but did not play","On matchday squad, but did not play","On matchday squad, but did not play","On matchday squad, but did not play","On matchday squad, but did not play","On matchday squad, but did not play","On matchday squad, but did not play","On matchday squad, but did not play","On matchday squad, but did not play","On matchday squad, but did not play","On matchday squad, but did not play","On matchday squad, but did not play","On matchday squad, but did not play","On matchday squad, but did not play","On matchday squad, but did not play","On matchday squad, but did not play","On matchday squad, but did not play",Match Report,"On matchday squad, but did not play","On matchday squad, but did not play","On matchday squad, but did not play","On matchday squad, but did not play","On matchday squad, but did not play","On matchday squad, but did not play","On matchday squad, but did not play","On matchday squad, but did not play","On matchday squad, but did not play","On matchday squad, but did not play","On matchday squad, but did not play","On matchday squad, but did not play","On matchday squad, but did not play","On matchday squad, but did not play","On matchday squad, but did not play","On matchday squad, but did not play","On matchday squad, but did not play","On matchday squad, but did not play","On matchday squad, but did not play","On matchday squad, but did not play","On matchday squad, but did not play","On matchday squad, but did not play","On matchday squad, but did not play","On matchday squad, but did not play","On matchday squad, but did not play","On matchday squad, but did not play","On matchday squad, but did not play","On matchday squad, but did not play","On matchday squad, but did not play","On matchday squad, but did not play","On matchday squad, but did not play","On matchday squad, but did not play","On matchday squad, but did not play","On matchday squad, but did not play","On matchday squad, but did not play","On matchday squad, but did not play","On matchday squad, but did not play","On matchday squad, but did not play","On matchday squad, but did not play","On matchday squad, but did not play","On matchday squad, but did not play","On matchday squad, but did not play","On matchday squad, but did not play","On matchday squad, but did not play","On matchday squad, but did not play","On matchday squad, but did not play","On matchday squad, but did not play","On matchday squad, but did not play","On matchday squad, but did not play","On matchday squad, but did not play","On matchday squad, but did not play","On matchday squad, but did not play","On matchday squad, but did not play","On matchday squad, but did not play","On matchday squad, but did not play","On matchday squad, but did not play","On matchday squad, but did not play","On matchday squad, but did not play","On matchday squad, but did not play","On matchday squad, but did not play","On matchday squad, but did not play","On matchday squad, but did not play","On matchday squad, but did not play","On matchday squad, but did not play","On matchday squad, but did not play","On matchday squad, but did not play","On matchday squad, but did not play","On matchday squad, but did not play","On matchday squad, but did not play","On matchday squad, but did not play","On matchday squad, but did not play","On matchday squad, but did not play","On matchday squad, but did not play","On matchday squad, but did not play","On matchday squad, but did not play","On matchday squad, but did not play","On matchday squad, but did not play","On matchday squad, but did not play","On matchday squad, but did not play","On matchday squad, but did not play","On matchday squad, but did not play","On matchday squad, but did not play","On matchday squad, but did not play","On matchday squad, but did not play","On matchday squad, but did not play","On matchday squad, but did not play","On matchday squad, but did not play","On matchday squad, but did not play","On matchday squad, but did not play",Everton,Nathan-Patterson,230f0471
2024-12-22,Sun,Matchweek 17,Home,D 0–0,Everton,Chelsea,N,"On matchday squad, but did not play","On matchday squad, but did not play","On matchday squad, but did not play","On matchday squad, but did not play","On matchday squad, but did not play","On matchday squad, but did not play","On matchday squad, but did not play","On matchday squad, but did not play","On matchday squad, but did not play","On matchday squad, but did not play","On matchday squad, but did not play","On matchday squad, but did not play","On matchday squad, but did not play","On matchday squad, but did not play","On matchday squad, but did not play","On matchday squad, but did not play","On matchday squad, but did not play","On matchday squad, but did not play","On matchday squad, but did not play","On matchday squad, but did not play","On matchday squad, but did not play","On matchday squad, but did not play","On matchday squad, but did not play","On matchday squad, but did not play","On matchday squad, but did not play","On matchday squad, but did not play","On matchday squad, but did not play",Match Report,"On matchday squad, but did not play","On matchday squad, but did not play","On matchday squad, but did not play","On matchday squad, but did not play","On matchday squad, but did not play","On matchday squad, but did not play","On matchday squad, but did not play","On matchday squad, but did not play","On matchday squad, but did not play","On matchday squad, but did not play","On matchday squad, but did not play","On matchday squad, but did not play","On matchday squad, but did not play","On matchday squad, but did not play","On matchday squad, but did not play","On matchday squad, but did not play","On matchday squad, but did not play","On matchday squad, but did not play","On matchday squad, but did not play","On matchday squad, but did not play","On matchday squad, but did not play","On matchday squad, but did not play","On matchday squad, but did not play","On matchday squad, but did not play","On matchday squad, but did not play","On matchday squad, but did not play","On matchday squad, but did not play","On matchday squad, but did not play","On matchday squad, but did not play","On matchday squad, but did not play","On matchday squad, but did not play","On matchday squad, but did not play","On matchday squad, but did not play","On matchday squad, but did not play","On matchday squad, but did not play","On matchday squad, but did not play","On matchday squad, but did not play","On matchday squad, but did not play","On matchday squad, but did not play","On matchday squad, but did not play","On matchday squad, but did not play","On matchday squad, but did not play","On matchday squad, but did not play","On matchday squad, but did not play","On matchday squad, but did not play","On matchday squad, but did not play","On matchday squad, but did not play","On matchday squad, but did not play","On matchday squad, but did not play","On matchday squad, but did not play","On matchday squad, but did not play","On matchday squad, but did not play","On matchday squad, but did not play","On matchday squad, but did not play","On matchday squad, but did not play","On matchday squad, but did not play","On matchday squad, but did not play","On matchday squad, but did not play","On matchday squad, but did not play","On matchday squad, but did not play","On matchday squad, but did not play","On matchday squad, but did not play","On matchday squad, but did not play","On matchday squad, but did not play","On matchday squad, but did not play","On matchday squad, but did not play","On matchday squad, but did not play","On matchday squad, but did not play","On matchday squad, but did not play","On matchday squad, but did not play","On matchday squad, but did not play","On matchday squad, but did not play","On matchday squad, but did not play","On matchday squad, but did not play","On matchday squad, but did not play","On matchday squad, but did not play","On matchday squad, but did not play","On matchday squad, but did not play","On matchday squad, but did not play","On matchday squad, but did not play","On matchday squad, but did not play","On matchday squad, but did not play","On matchday squad, but did not play","On matchday squad, but did not play","On matchday squad, but did not play","On matchday squad, but did not play","On matchday squad, but did not play","On matchday squad, but did not play","On matchday squad, but did not play",Everton,Nathan-Patterson,230f0471
2024-12-26,Thu,Matchweek 18,Away,D 1–1,Everton,Manchester City,N,RB,1,0,0,0,0,0,0,0,0,4,0,0,0,0.0,0.0,0.0,0,0,1,2,50.0,0,0,0,0,0,Match Report,1,2,50.0,15,0,1,1,100.0,0,1,0.0,0,0,,0,0.0,0.0,0,0,0,0,0,2,2,0,0,0,0,0,0,0,0,0,0,1,0,0,0,0,0,0,0,0,0,0,0,0,0,0,0,0,4,0,2,2,0,0,4,0,0,,0,,0,0,0,0,0,0,0,0,1,0,0,0,0,0,0,0,0,,0,0,0,0,0,0,2,0,Everton,Nathan-Patterson,230f0471
2024-12-29,Sun,Matchweek 19,Home,L 0–2,Everton,Nott'ham Forest,N,RB,23,0,0,0,0,0,0,0,0,28,0,0,1,0.0,0.0,0.2,2,0,23,26,88.5,5,12,2,1,1,Match Report,23,26,88.5,418,198,10,10,100.0,11,12,91.7,2,4,50.0,0,0.2,0.2,1,3,3,1,5,26,20,6,0,0,0,4,6,0,0,0,0,23,0,0,2,2,0,0,0,0,0,0,0,0,0,0,0,0,28,0,2,9,17,1,28,1,1,100.0,0,0.0,12,60,35,2,0,0,1,0,18,3,0,0,0,0,0,0,0,,0,1,0,1,0,0,0,0,Everton,Nathan-Patterson,230f0471
2025-01-04,Sat,Matchweek 20,Away,L 0–1,Everton,Bournemouth,N,RB,45,0,0,0,0,1,0,0,0,38,1,0,0,0.1,0.1,0.0,3,0,18,29,62.1,0,13,1,2,2,Match Report,18,29,62.1,304,183,12,12,100.0,2,12,16.7,3,3,100.0,0,0.0,0.0,0,3,0,0,0,29,16,13,0,0,0,0,13,0,0,0,0,18,0,0,3,1,0,2,0,0,0,0,0,0,0,0,0,0,38,2,11,17,11,1,38,2,2,100.0,0,0.0,13,42,33,1,1,1,2,0,14,0,1,0,1,0,0,0,3,0.0,3,0,0,0,0,1,1,0,Everton,Nathan-Patterson,230f0471
2025-01-15,Wed,Matchweek 21,Home,L 0–1,Everton,Aston Villa,N,"On matchday squad, but did not play","On matchday squad, but did not play","On matchday squad, but did not play","On matchday squad, but did not play","On matchday squad, but did not play","On matchday squad, but did not play","On matchday squad, but did not play","On matchday squad, but did not play","On matchday squad, but did not play","On matchday squad, but did not play","On matchday squad, but did not play","On matchday squad, but did not play","On matchday squad, but did not play","On matchday squad, but did not play","On matchday squad, but did not play","On matchday squad, but did not play","On matchday squad, but did not play","On matchday squad, but did not play","On matchday squad, but did not play","On matchday squad, but did not play","On matchday squad, but did not play","On matchday squad, but did not play","On matchday squad, but did not play","On matchday squad, but did not play","On matchday squad, but did not play","On matchday squad, but did not play","On matchday squad, but did not play",Match Report,"On matchday squad, but did not play","On matchday squad, but did not play","On matchday squad, but did not play","On matchday squad, but did not play","On matchday squad, but did not play","On matchday squad, but did not play","On matchday squad, but did not play","On matchday squad, but did not play","On matchday squad, but did not play","On matchday squad, but did not play","On matchday squad, but did not play","On matchday squad, but did not play","On matchday squad, but did not play","On matchday squad, but did not play","On matchday squad, but did not play","On matchday squad, but did not play","On matchday squad, but did not play","On matchday squad, but did not play","On matchday squad, but did not play","On matchday squad, but did not play","On matchday squad, but did not play","On matchday squad, but did not play","On matchday squad, but did not play","On matchday squad, but did not play","On matchday squad, but did not play","On matchday squad, but did not play","On matchday squad, but did not play","On matchday squad, but did not play","On matchday squad, but did not play","On matchday squad, but did not play","On matchday squad, but did not play","On matchday squad, but did not play","On matchday squad, but did not play","On matchday squad, but did not play","On matchday squad, but did not play","On matchday squad, but did not play","On matchday squad, but did not play","On matchday squad, but did not play","On matchday squad, but did not play","On matchday squad, but did not play","On matchday squad, but did not play","On matchday squad, but did not play","On matchday squad, but did not play","On matchday squad, but did not play","On matchday squad, but did not play","On matchday squad, but did not play","On matchday squad, but did not play","On matchday squad, but did not play","On matchday squad, but did not play","On matchday squad, but did not play","On matchday squad, but did not play","On matchday squad, but did not play","On matchday squad, but did not play","On matchday squad, but did not play","On matchday squad, but did not play","On matchday squad, but did not play","On matchday squad, but did not play","On matchday squad, but did not play","On matchday squad, but did not play","On matchday squad, but did not play","On matchday squad, but did not play","On matchday squad, but did not play","On matchday squad, but did not play","On matchday squad, but did not play","On matchday squad, but did not play","On matchday squad, but did not play","On matchday squad, but did not play","On matchday squad, but did not play","On matchday squad, but did not play","On matchday squad, but did not play","On matchday squad, but did not play","On matchday squad, but did not play","On matchday squad, but did not play","On matchday squad, but did not play","On matchday squad, but did not play","On matchday squad, but did not play","On matchday squad, but did not play","On matchday squad, but did not play","On matchday squad, but did not play","On matchday squad, but did not play","On matchday squad, but did not play","On matchday squad, but did not play","On matchday squad, but did not play","On matchday squad, but did not play","On matchday squad, but did not play","On matchday squad, but did not play","On matchday squad, but did not play","On matchday squad, but did not play","On matchday squad, but did not play",Everton,Nathan-Patterson,230f0471
2025-01-19,Sun,Matchweek 22,Home,W 3–2,Everton,Tottenham,N,"RB,RW",10,0,0,0,0,0,0,0,0,7,1,0,1,0.0,0.0,0.0,0,0,4,4,100.0,1,4,0,4,3,Match Report,4,4,100.0,59,16,1,1,100.0,3,3,100.0,0,0,,0,0.0,0.0,0,0,0,0,1,4,4,0,0,0,0,0,0,0,0,0,0,4,0,0,0,0,0,0,0,0,0,0,0,0,0,0,0,0,7,1,2,4,2,0,7,4,3,75.0,0,0.0,4,21,10,0,1,0,0,0,4,2,1,1,0,1,0,0,0,,0,1,0,1,0,1,0,0,Everton,Nathan-Patterson,230f0471
2025-01-25,Sat,Matchweek 23,Away,W 1–0,Everton,Brighton,N,"RM,RW",29,0,0,0,0,0,0,0,0,5,0,0,0,0.0,0.0,0.0,0,0,0,5,0.0,0,2,0,0,0,Match Report,0,5,0.0,0,0,0,0,,0,2,0.0,0,2,0.0,0,0.0,0.0,0,0,0,0,0,5,5,0,0,0,0,1,0,0,0,0,0,0,0,0,0,0,0,0,0,0,0,0,0,0,0,0,0,0,5,1,3,1,1,0,5,0,0,,0,,2,14,1,0,0,0,0,1,3,0,0,0,0,0,0,0,0,,0,0,0,0,0,0,0,0,Everton,Nathan-Patterson,230f0471
2025-02-01,Sat,Matchweek 24,Home,W 4–0,Everton,Leicester City,N,RW,3,0,0,0,0,0,0,0,0,2,0,0,0,0.0,0.0,0.0,0,0,2,2,100.0,0,2,0,0,0,Match Report,2,2,100.0,36,0,0,0,,2,2,100.0,0,0,,0,0.0,0.0,0,0,0,0,0,2,2,0,0,0,0,0,0,0,0,0,0,2,0,0,0,0,0,0,0,0,0,0,0,0,0,0,0,0,2,0,0,2,0,0,2,0,0,,0,,2,12,0,0,0,0,0,0,2,1,0,0,0,0,0,0,0,,0,0,0,0,0,0,0,0,Everton,Nathan-Patterson,230f0471
2025-02-26,Wed,Matchweek 27,Away,D 1–1,Everton,Brentford,N,"On matchday squad, but did not play","On matchday squad, but did not play","On matchday squad, but did not play","On matchday squad, but did not play","On matchday squad, but did not play","On matchday squad, but did not play","On matchday squad, but did not play","On matchday squad, but did not play","On matchday squad, but did not play","On matchday squad, but did not play","On matchday squad, but did not play","On matchday squad, but did not play","On matchday squad, but did not play","On matchday squad, but did not play","On matchday squad, but did not play","On matchday squad, but did not play","On matchday squad, but did not play","On matchday squad, but did not play","On matchday squad, but did not play","On matchday squad, but did not play","On matchday squad, but did not play","On matchday squad, but did not play","On matchday squad, but did not play","On matchday squad, but did not play","On matchday squad, but did not play","On matchday squad, but did not play","On matchday squad, but did not play",Match Report,"On matchday squad, but did not play","On matchday squad, but did not play","On matchday squad, but did not play","On matchday squad, but did not play","On matchday squad, but did not play","On matchday squad, but did not play","On matchday squad, but did not play","On matchday squad, but did not play","On matchday squad, but did not play","On matchday squad, but did not play","On matchday squad, but did not play","On matchday squad, but did not play","On matchday squad, but did not play","On matchday squad, but did not play","On matchday squad, but did not play","On matchday squad, but did not play","On matchday squad, but did not play","On matchday squad, but did not play","On matchday squad, but did not play","On matchday squad, but did not play","On matchday squad, but did not play","On matchday squad, but did not play","On matchday squad, but did not play","On matchday squad, but did not play","On matchday squad, but did not play","On matchday squad, but did not play","On matchday squad, but did not play","On matchday squad, but did not play","On matchday squad, but did not play","On matchday squad, but did not play","On matchday squad, but did not play","On matchday squad, but did not play","On matchday squad, but did not play","On matchday squad, but did not play","On matchday squad, but did not play","On matchday squad, but did not play","On matchday squad, but did not play","On matchday squad, but did not play","On matchday squad, but did not play","On matchday squad, but did not play","On matchday squad, but did not play","On matchday squad, but did not play","On matchday squad, but did not play","On matchday squad, but did not play","On matchday squad, but did not play","On matchday squad, but did not play","On matchday squad, but did not play","On matchday squad, but did not play","On matchday squad, but did not play","On matchday squad, but did not play","On matchday squad, but did not play","On matchday squad, but did not play","On matchday squad, but did not play","On matchday squad, but did not play","On matchday squad, but did not play","On matchday squad, but did not play","On matchday squad, but did not play","On matchday squad, but did not play","On matchday squad, but did not play","On matchday squad, but did not play","On matchday squad, but did not play","On matchday squad, but did not play","On matchday squad, but did not play","On matchday squad, but did not play","On matchday squad, but did not play","On matchday squad, but did not play","On matchday squad, but did not play","On matchday squad, but did not play","On matchday squad, but did not play","On matchday squad, but did not play","On matchday squad, but did not play","On matchday squad, but did not play","On matchday squad, but did not play","On matchday squad, but did not play","On matchday squad, but did not play","On matchday squad, but did not play","On matchday squad, but did not play","On matchday squad, but did not play","On matchday squad, but did not play","On matchday squad, but did not play","On matchday squad, but did not play","On matchday squad, but did not play","On matchday squad, but did not play","On matchday squad, but did not play","On matchday squad, but did not play","On matchday squad, but did not play","On matchday squad, but did not play","On matchday squad, but did not play","On matchday squad, but did not play",Everton,Nathan-Patterson,230f0471
2025-03-08,Sat,Matchweek 28,Away,D 1–1,Everton,Wolves,N,"On matchday squad, but did not play","On matchday squad, but did not play","On matchday squad, but did not play","On matchday squad, but did not play","On matchday squad, but did not play","On matchday squad, but did not play","On matchday squad, but did not play","On matchday squad, but did not play","On matchday squad, but did not play","On matchday squad, but did not play","On matchday squad, but did not play","On matchday squad, but did not play","On matchday squad, but did not play","On matchday squad, but did not play","On matchday squad, but did not play","On matchday squad, but did not play","On matchday squad, but did not play","On matchday squad, but did not play","On matchday squad, but did not play","On matchday squad, but did not play","On matchday squad, but did not play","On matchday squad, but did not play","On matchday squad, but did not play","On matchday squad, but did not play","On matchday squad, but did not play","On matchday squad, but did not play","On matchday squad, but did not play",Match Report,"On matchday squad, but did not play","On matchday squad, but did not play","On matchday squad, but did not play","On matchday squad, but did not play","On matchday squad, but did not play","On matchday squad, but did not play","On matchday squad, but did not play","On matchday squad, but did not play","On matchday squad, but did not play","On matchday squad, but did not play","On matchday squad, but did not play","On matchday squad, but did not play","On matchday squad, but did not play","On matchday squad, but did not play","On matchday squad, but did not play","On matchday squad, but did not play","On matchday squad, but did not play","On matchday squad, but did not play","On matchday squad, but did not play","On matchday squad, but did not play","On matchday squad, but did not play","On matchday squad, but did not play","On matchday squad, but did not play","On matchday squad, but did not play","On matchday squad, but did not play","On matchday squad, but did not play","On matchday squad, but did not play","On matchday squad, but did not play","On matchday squad, but did not play","On matchday squad, but did not play","On matchday squad, but did not play","On matchday squad, but did not play","On matchday squad, but did not play","On matchday squad, but did not play","On matchday squad, but did not play","On matchday squad, but did not play","On matchday squad, but did not play","On matchday squad, but did not play","On matchday squad, but did not play","On matchday squad, but did not play","On matchday squad, but did not play","On matchday squad, but did not play","On matchday squad, but did not play","On matchday squad, but did not play","On matchday squad, but did not play","On matchday squad, but did not play","On matchday squad, but did not play","On matchday squad, but did not play","On matchday squad, but did not play","On matchday squad, but did not play","On matchday squad, but did not play","On matchday squad, but did not play","On matchday squad, but did not play","On matchday squad, but did not play","On matchday squad, but did not play","On matchday squad, but did not play","On matchday squad, but did not play","On matchday squad, but did not play","On matchday squad, but did not play","On matchday squad, but did not play","On matchday squad, but did not play","On matchday squad, but did not play","On matchday squad, but did not play","On matchday squad, but did not play","On matchday squad, but did not play","On matchday squad, but did not play","On matchday squad, but did not play","On matchday squad, but did not play","On matchday squad, but did not play","On matchday squad, but did not play","On matchday squad, but did not play","On matchday squad, but did not play","On matchday squad, but did not play","On matchday squad, but did not play","On matchday squad, but did not play","On matchday squad, but did not play","On matchday squad, but did not play","On matchday squad, but did not play","On matchday squad, but did not play","On matchday squad, but did not play","On matchday squad, but did not play","On matchday squad, but did not play","On matchday squad, but did not play","On matchday squad, but did not play","On matchday squad, but did not play","On matchday squad, but did not play","On matchday squad, but did not play","On matchday squad, but did not play","On matchday squad, but did not play",Everton,Nathan-Patterson,230f0471
2025-03-15,Sat,Matchweek 29,Home,D 1–1,Everton,West Ham,N,"On matchday squad, but did not play","On matchday squad, but did not play","On matchday squad, but did not play","On matchday squad, but did not play","On matchday squad, but did not play","On matchday squad, but did not play","On matchday squad, but did not play","On matchday squad, but did not play","On matchday squad, but did not play","On matchday squad, but did not play","On matchday squad, but did not play","On matchday squad, but did not play","On matchday squad, but did not play","On matchday squad, but did not play","On matchday squad, but did not play","On matchday squad, but did not play","On matchday squad, but did not play","On matchday squad, but did not play","On matchday squad, but did not play","On matchday squad, but did not play","On matchday squad, but did not play","On matchday squad, but did not play","On matchday squad, but did not play","On matchday squad, but did not play","On matchday squad, but did not play","On matchday squad, but did not play","On matchday squad, but did not play",Match Report,"On matchday squad, but did not play","On matchday squad, but did not play","On matchday squad, but did not play","On matchday squad, but did not play","On matchday squad, but did not play","On matchday squad, but did not play","On matchday squad, but did not play","On matchday squad, but did not play","On matchday squad, but did not play","On matchday squad, but did not play","On matchday squad, but did not play","On matchday squad, but did not play","On matchday squad, but did not play","On matchday squad, but did not play","On matchday squad, but did not play","On matchday squad, but did not play","On matchday squad, but did not play","On matchday squad, but did not play","On matchday squad, but did not play","On matchday squad, but did not play","On matchday squad, but did not play","On matchday squad, but did not play","On matchday squad, but did not play","On matchday squad, but did not play","On matchday squad, but did not play","On matchday squad, but did not play","On matchday squad, but did not play","On matchday squad, but did not play","On matchday squad, but did not play","On matchday squad, but did not play","On matchday squad, but did not play","On matchday squad, but did not play","On matchday squad, but did not play","On matchday squad, but did not play","On matchday squad, but did not play","On matchday squad, but did not play","On matchday squad, but did not play","On matchday squad, but did not play","On matchday squad, but did not play","On matchday squad, but did not play","On matchday squad, but did not play","On matchday squad, but did not play","On matchday squad, but did not play","On matchday squad, but did not play","On matchday squad, but did not play","On matchday squad, but did not play","On matchday squad, but did not play","On matchday squad, but did not play","On matchday squad, but did not play","On matchday squad, but did not play","On matchday squad, but did not play","On matchday squad, but did not play","On matchday squad, but did not play","On matchday squad, but did not play","On matchday squad, but did not play","On matchday squad, but did not play","On matchday squad, but did not play","On matchday squad, but did not play","On matchday squad, but did not play","On matchday squad, but did not play","On matchday squad, but did not play","On matchday squad, but did not play","On matchday squad, but did not play","On matchday squad, but did not play","On matchday squad, but did not play","On matchday squad, but did not play","On matchday squad, but did not play","On matchday squad, but did not play","On matchday squad, but did not play","On matchday squad, but did not play","On matchday squad, but did not play","On matchday squad, but did not play","On matchday squad, but did not play","On matchday squad, but did not play","On matchday squad, but did not play","On matchday squad, but did not play","On matchday squad, but did not play","On matchday squad, but did not play","On matchday squad, but did not play","On matchday squad, but did not play","On matchday squad, but did not play","On matchday squad, but did not play","On matchday squad, but did not play","On matchday squad, but did not play","On matchday squad, but did not play","On matchday squad, but did not play","On matchday squad, but did not play","On matchday squad, but did not play","On matchday squad, but did not play",Everton,Nathan-Patterson,230f0471
2025-04-02,Wed,Matchweek 30,Away,L 0–1,Everton,Liverpool,N,"On matchday squad, but did not play","On matchday squad, but did not play","On matchday squad, but did not play","On matchday squad, but did not play","On matchday squad, but did not play","On matchday squad, but did not play","On matchday squad, but did not play","On matchday squad, but did not play","On matchday squad, but did not play","On matchday squad, but did not play","On matchday squad, but did not play","On matchday squad, but did not play","On matchday squad, but did not play","On matchday squad, but did not play","On matchday squad, but did not play","On matchday squad, but did not play","On matchday squad, but did not play","On matchday squad, but did not play","On matchday squad, but did not play","On matchday squad, but did not play","On matchday squad, but did not play","On matchday squad, but did not play","On matchday squad, but did not play","On matchday squad, but did not play","On matchday squad, but did not play","On matchday squad, but did not play","On matchday squad, but did not play",Match Report,"On matchday squad, but did not play","On matchday squad, but did not play","On matchday squad, but did not play","On matchday squad, but did not play","On matchday squad, but did not play","On matchday squad, but did not play","On matchday squad, but did not play","On matchday squad, but did not play","On matchday squad, but did not play","On matchday squad, but did not play","On matchday squad, but did not play","On matchday squad, but did not play","On matchday squad, but did not play","On matchday squad, but did not play","On matchday squad, but did not play","On matchday squad, but did not play","On matchday squad, but did not play","On matchday squad, but did not play","On matchday squad, but did not play","On matchday squad, but did not play","On matchday squad, but did not play","On matchday squad, but did not play","On matchday squad, but did not play","On matchday squad, but did not play","On matchday squad, but did not play","On matchday squad, but did not play","On matchday squad, but did not play","On matchday squad, but did not play","On matchday squad, but did not play","On matchday squad, but did not play","On matchday squad, but did not play","On matchday squad, but did not play","On matchday squad, but did not play","On matchday squad, but did not play","On matchday squad, but did not play","On matchday squad, but did not play","On matchday squad, but did not play","On matchday squad, but did not play","On matchday squad, but did not play","On matchday squad, but did not play","On matchday squad, but did not play","On matchday squad, but did not play","On matchday squad, but did not play","On matchday squad, but did not play","On matchday squad, but did not play","On matchday squad, but did not play","On matchday squad, but did not play","On matchday squad, but did not play","On matchday squad, but did not play","On matchday squad, but did not play","On matchday squad, but did not play","On matchday squad, but did not play","On matchday squad, but did not play","On matchday squad, but did not play","On matchday squad, but did not play","On matchday squad, but did not play","On matchday squad, but did not play","On matchday squad, but did not play","On matchday squad, but did not play","On matchday squad, but did not play","On matchday squad, but did not play","On matchday squad, but did not play","On matchday squad, but did not play","On matchday squad, but did not play","On matchday squad, but did not play","On matchday squad, but did not play","On matchday squad, but did not play","On matchday squad, but did not play","On matchday squad, but did not play","On matchday squad, but did not play","On matchday squad, but did not play","On matchday squad, but did not play","On matchday squad, but did not play","On matchday squad, but did not play","On matchday squad, but did not play","On matchday squad, but did not play","On matchday squad, but did not play","On matchday squad, but did not play","On matchday squad, but did not play","On matchday squad, but did not play","On matchday squad, but did not play","On matchday squad, but did not play","On matchday squad, but did not play","On matchday squad, but did not play","On matchday squad, but did not play","On matchday squad, but did not play","On matchday squad, but did not play","On matchday squad, but did not play","On matchday squad, but did not play",Everton,Nathan-Patterson,230f0471
2025-04-05,Sat,Matchweek 31,Home,D 1–1,Everton,Arsenal,Y,LB,74,0,0,0,0,0,0,0,0,27,1,0,0,0.0,0.0,0.0,0,0,17,23,73.9,0,10,0,1,1,Match Report,17,23,73.9,270,49,8,8,100.0,9,12,75.0,0,3,0.0,0,0.0,0.0,0,0,0,0,0,23,15,8,0,0,0,1,8,0,0,0,0,17,0,0,0,0,0,0,0,0,0,0,0,0,0,0,0,0,27,2,11,6,10,1,27,1,1,100.0,0,0.0,10,34,8,0,0,0,0,0,11,0,1,0,1,0,0,1,2,50.0,1,0,0,0,0,1,1,0,Everton,Nathan-Patterson,230f0471
2025-04-12,Sat,Matchweek 32,Away,W 1–0,Everton,Nott'ham Forest,N,"On matchday squad, but did not play","On matchday squad, but did not play","On matchday squad, but did not play","On matchday squad, but did not play","On matchday squad, but did not play","On matchday squad, but did not play","On matchday squad, but did not play","On matchday squad, but did not play","On matchday squad, but did not play","On matchday squad, but did not play","On matchday squad, but did not play","On matchday squad, but did not play","On matchday squad, but did not play","On matchday squad, but did not play","On matchday squad, but did not play","On matchday squad, but did not play","On matchday squad, but did not play","On matchday squad, but did not play","On matchday squad, but did not play","On matchday squad, but did not play","On matchday squad, but did not play","On matchday squad, but did not play","On matchday squad, but did not play","On matchday squad, but did not play","On matchday squad, but did not play","On matchday squad, but did not play","On matchday squad, but did not play",Match Report,"On matchday squad, but did not play","On matchday squad, but did not play","On matchday squad, but did not play","On matchday squad, but did not play","On matchday squad, but did not play","On matchday squad, but did not play","On matchday squad, but did not play","On matchday squad, but did not play","On matchday squad, but did not play","On matchday squad, but did not play","On matchday squad, but did not play","On matchday squad, but did not play","On matchday squad, but did not play","On matchday squad, but did not play","On matchday squad, but did not play","On matchday squad, but did not play","On matchday squad, but did not play","On matchday squad, but did not play","On matchday squad, but did not play","On matchday squad, but did not play","On matchday squad, but did not play","On matchday squad, but did not play","On matchday squad, but did not play","On matchday squad, but did not play","On matchday squad, but did not play","On matchday squad, but did not play","On matchday squad, but did not play","On matchday squad, but did not play","On matchday squad, but did not play","On matchday squad, but did not play","On matchday squad, but did not play","On matchday squad, but did not play","On matchday squad, but did not play","On matchday squad, but did not play","On matchday squad, but did not play","On matchday squad, but did not play","On matchday squad, but did not play","On matchday squad, but did not play","On matchday squad, but did not play","On matchday squad, but did not play","On matchday squad, but did not play","On matchday squad, but did not play","On matchday squad, but did not play","On matchday squad, but did not play","On matchday squad, but did not play","On matchday squad, but did not play","On matchday squad, but did not play","On matchday squad, but did not play","On matchday squad, but did not play","On matchday squad, but did not play","On matchday squad, but did not play","On matchday squad, but did not play","On matchday squad, but did not play","On matchday squad, but did not play","On matchday squad, but did not play","On matchday squad, but did not play","On matchday squad, but did not play","On matchday squad, but did not play","On matchday squad, but did not play","On matchday squad, but did not play","On matchday squad, but did not play","On matchday squad, but did not play","On matchday squad, but did not play","On matchday squad, but did not play","On matchday squad, but did not play","On matchday squad, but did not play","On matchday squad, but did not play","On matchday squad, but did not play","On matchday squad, but did not play","On matchday squad, but did not play","On matchday squad, but did not play","On matchday squad, but did not play","On matchday squad, but did not play","On matchday squad, but did not play","On matchday squad, but did not play","On matchday squad, but did not play","On matchday squad, but did not play","On matchday squad, but did not play","On matchday squad, but did not play","On matchday squad, but did not play","On matchday squad, but did not play","On matchday squad, but did not play","On matchday squad, but did not play","On matchday squad, but did not play","On matchday squad, but did not play","On matchday squad, but did not play","On matchday squad, but did not play","On matchday squad, but did not play","On matchday squad, but did not play",Everton,Nathan-Patterson,230f0471
2025-04-19,Sat,Matchweek 33,Home,L 0–2,Everton,Manchester City,N,"On matchday squad, but did not play","On matchday squad, but did not play","On matchday squad, but did not play","On matchday squad, but did not play","On matchday squad, but did not play","On matchday squad, but did not play","On matchday squad, but did not play","On matchday squad, but did not play","On matchday squad, but did not play","On matchday squad, but did not play","On matchday squad, but did not play","On matchday squad, but did not play","On matchday squad, but did not play","On matchday squad, but did not play","On matchday squad, but did not play","On matchday squad, but did not play","On matchday squad, but did not play","On matchday squad, but did not play","On matchday squad, but did not play","On matchday squad, but did not play","On matchday squad, but did not play","On matchday squad, but did not play","On matchday squad, but did not play","On matchday squad, but did not play","On matchday squad, but did not play","On matchday squad, but did not play","On matchday squad, but did not play",Match Report,"On matchday squad, but did not play","On matchday squad, but did not play","On matchday squad, but did not play","On matchday squad, but did not play","On matchday squad, but did not play","On matchday squad, but did not play","On matchday squad, but did not play","On matchday squad, but did not play","On matchday squad, but did not play","On matchday squad, but did not play","On matchday squad, but did not play","On matchday squad, but did not play","On matchday squad, but did not play","On matchday squad, but did not play","On matchday squad, but did not play","On matchday squad, but did not play","On matchday squad, but did not play","On matchday squad, but did not play","On matchday squad, but did not play","On matchday squad, but did not play","On matchday squad, but did not play","On matchday squad, but did not play","On matchday squad, but did not play","On matchday squad, but did not play","On matchday squad, but did not play","On matchday squad, but did not play","On matchday squad, but did not play","On matchday squad, but did not play","On matchday squad, but did not play","On matchday squad, but did not play","On matchday squad, but did not play","On matchday squad, but did not play","On matchday squad, but did not play","On matchday squad, but did not play","On matchday squad, but did not play","On matchday squad, but did not play","On matchday squad, but did not play","On matchday squad, but did not play","On matchday squad, but did not play","On matchday squad, but did not play","On matchday squad, but did not play","On matchday squad, but did not play","On matchday squad, but did not play","On matchday squad, but did not play","On matchday squad, but did not play","On matchday squad, but did not play","On matchday squad, but did not play","On matchday squad, but did not play","On matchday squad, but did not play","On matchday squad, but did not play","On matchday squad, but did not play","On matchday squad, but did not play","On matchday squad, but did not play","On matchday squad, but did not play","On matchday squad, but did not play","On matchday squad, but did not play","On matchday squad, but did not play","On matchday squad, but did not play","On matchday squad, but did not play","On matchday squad, but did not play","On matchday squad, but did not play","On matchday squad, but did not play","On matchday squad, but did not play","On matchday squad, but did not play","On matchday squad, but did not play","On matchday squad, but did not play","On matchday squad, but did not play","On matchday squad, but did not play","On matchday squad, but did not play","On matchday squad, but did not play","On matchday squad, but did not play","On matchday squad, but did not play","On matchday squad, but did not play","On matchday squad, but did not play","On matchday squad, but did not play","On matchday squad, but did not play","On matchday squad, but did not play","On matchday squad, but did not play","On matchday squad, but did not play","On matchday squad, but did not play","On matchday squad, but did not play","On matchday squad, but did not play","On matchday squad, but did not play","On matchday squad, but did not play","On matchday squad, but did not play","On matchday squad, but did not play","On matchday squad, but did not play","On matchday squad, but did not play","On matchday squad, but did not play",Everton,Nathan-Patterson,230f0471
2025-04-26,Sat,Matchweek 34,Away,L 0–1,Everton,Chelsea,Y,RB,63,0,0,0,0,0,0,0,0,33,4,1,0,0.0,0.0,0.0,1,0,19,24,79.2,2,10,1,0,0,Match Report,19,24,79.2,341,91,11,13,84.6,6,8,75.0,2,3,66.7,0,0.0,0.0,0,0,0,0,2,24,21,3,0,0,0,1,3,0,0,0,0,19,0,0,1,1,0,0,0,0,0,0,0,0,0,0,0,0,33,5,15,12,6,0,33,0,0,,0,,10,77,27,1,0,0,1,1,18,3,4,3,4,0,0,3,5,60.0,2,0,0,0,1,5,2,0,Everton,Nathan-Patterson,230f0471
2025-05-03,Sat,Matchweek 35,Home,D 2–2,Everton,Ipswich Town,Y,RB,81,0,1,0,0,0,0,1,0,56,3,1,0,0.0,0.0,0.1,4,1,34,47,72.3,4,35,1,4,2,Match Report,34,47,72.3,637,211,16,20,80.0,14,18,77.8,4,7,57.1,1,0.1,0.1,2,2,1,1,4,47,37,10,0,0,0,6,10,0,0,0,0,34,0,0,4,3,1,0,0,0,0,1,1,0,0,0,0,0,56,0,6,27,23,1,56,4,2,50.0,2,50.0,35,123,76,1,3,0,0,0,36,8,3,2,1,2,0,2,3,66.7,1,0,0,0,1,4,1,0,Everton,Nathan-Patterson,230f0471
2025-05-10,Sat,Matchweek 36,Away,W 3–1,Everton,Fulham,N,"On matchday squad, but did not play","On matchday squad, but did not play","On matchday squad, but did not play","On matchday squad, but did not play","On matchday squad, but did not play","On matchday squad, but did not play","On matchday squad, but did not play","On matchday squad, but did not play","On matchday squad, but did not play","On matchday squad, but did not play","On matchday squad, but did not play","On matchday squad, but did not play","On matchday squad, but did not play","On matchday squad, but did not play","On matchday squad, but did not play","On matchday squad, but did not play","On matchday squad, but did not play","On matchday squad, but did not play","On matchday squad, but did not play","On matchday squad, but did not play","On matchday squad, but did not play","On matchday squad, but did not play","On matchday squad, but did not play","On matchday squad, but did not play","On matchday squad, but did not play","On matchday squad, but did not play","On matchday squad, but did not play",Match Report,"On matchday squad, but did not play","On matchday squad, but did not play","On matchday squad, but did not play","On matchday squad, but did not play","On matchday squad, but did not play","On matchday squad, but did not play","On matchday squad, but did not play","On matchday squad, but did not play","On matchday squad, but did not play","On matchday squad, but did not play","On matchday squad, but did not play","On matchday squad, but did not play","On matchday squad, but did not play","On matchday squad, but did not play","On matchday squad, but did not play","On matchday squad, but did not play","On matchday squad, but did not play","On matchday squad, but did not play","On matchday squad, but did not play","On matchday squad, but did not play","On matchday squad, but did not play","On matchday squad, but did not play","On matchday squad, but did not play","On matchday squad, but did not play","On matchday squad, but did not play","On matchday squad, but did not play","On matchday squad, but did not play","On matchday squad, but did not play","On matchday squad, but did not play","On matchday squad, but did not play","On matchday squad, but did not play","On matchday squad, but did not play","On matchday squad, but did not play","On matchday squad, but did not play","On matchday squad, but did not play","On matchday squad, but did not play","On matchday squad, but did not play","On matchday squad, but did not play","On matchday squad, but did not play","On matchday squad, but did not play","On matchday squad, but did not play","On matchday squad, but did not play","On matchday squad, but did not play","On matchday squad, but did not play","On matchday squad, but did not play","On matchday squad, but did not play","On matchday squad, but did not play","On matchday squad, but did not play","On matchday squad, but did not play","On matchday squad, but did not play","On matchday squad, but did not play","On matchday squad, but did not play","On matchday squad, but did not play","On matchday squad, but did not play","On matchday squad, but did not play","On matchday squad, but did not play","On matchday squad, but did not play","On matchday squad, but did not play","On matchday squad, but did not play","On matchday squad, but did not play","On matchday squad, but did not play","On matchday squad, but did not play","On matchday squad, but did not play","On matchday squad, but did not play","On matchday squad, but did not play","On matchday squad, but did not play","On matchday squad, but did not play","On matchday squad, but did not play","On matchday squad, but did not play","On matchday squad, but did not play","On matchday squad, but did not play","On matchday squad, but did not play","On matchday squad, but did not play","On matchday squad, but did not play","On matchday squad, but did not play","On matchday squad, but did not play","On matchday squad, but did not play","On matchday squad, but did not play","On matchday squad, but did not play","On matchday squad, but did not play","On matchday squad, but did not play","On matchday squad, but did not play","On matchday squad, but did not play","On matchday squad, but did not play","On matchday squad, but did not play","On matchday squad, but did not play","On matchday squad, but did not play","On matchday squad, but did not play","On matchday squad, but did not play",Everton,Nathan-Patterson,230f0471
2025-05-18,Sun,Matchweek 37,Home,W 2–0,Everton,Southampton,N,"On matchday squad, but did not play","On matchday squad, but did not play","On matchday squad, but did not play","On matchday squad, but did not play","On matchday squad, but did not play","On matchday squad, but did not play","On matchday squad, but did not play","On matchday squad, but did not play","On matchday squad, but did not play","On matchday squad, but did not play","On matchday squad, but did not play","On matchday squad, but did not play","On matchday squad, but did not play","On matchday squad, but did not play","On matchday squad, but did not play","On matchday squad, but did not play","On matchday squad, but did not play","On matchday squad, but did not play","On matchday squad, but did not play","On matchday squad, but did not play","On matchday squad, but did not play","On matchday squad, but did not play","On matchday squad, but did not play","On matchday squad, but did not play","On matchday squad, but did not play","On matchday squad, but did not play","On matchday squad, but did not play",Match Report,"On matchday squad, but did not play","On matchday squad, but did not play","On matchday squad, but did not play","On matchday squad, but did not play","On matchday squad, but did not play","On matchday squad, but did not play","On matchday squad, but did not play","On matchday squad, but did not play","On matchday squad, but did not play","On matchday squad, but did not play","On matchday squad, but did not play","On matchday squad, but did not play","On matchday squad, but did not play","On matchday squad, but did not play","On matchday squad, but did not play","On matchday squad, but did not play","On matchday squad, but did not play","On matchday squad, but did not play","On matchday squad, but did not play","On matchday squad, but did not play","On matchday squad, but did not play","On matchday squad, but did not play","On matchday squad, but did not play","On matchday squad, but did not play","On matchday squad, but did not play","On matchday squad, but did not play","On matchday squad, but did not play","On matchday squad, but did not play","On matchday squad, but did not play","On matchday squad, but did not play","On matchday squad, but did not play","On matchday squad, but did not play","On matchday squad, but did not play","On matchday squad, but did not play","On matchday squad, but did not play","On matchday squad, but did not play","On matchday squad, but did not play","On matchday squad, but did not play","On matchday squad, but did not play","On matchday squad, but did not play","On matchday squad, but did not play","On matchday squad, but did not play","On matchday squad, but did not play","On matchday squad, but did not play","On matchday squad, but did not play","On matchday squad, but did not play","On matchday squad, but did not play","On matchday squad, but did not play","On matchday squad, but did not play","On matchday squad, but did not play","On matchday squad, but did not play","On matchday squad, but did not play","On matchday squad, but did not play","On matchday squad, but did not play","On matchday squad, but did not play","On matchday squad, but did not play","On matchday squad, but did not play","On matchday squad, but did not play","On matchday squad, but did not play","On matchday squad, but did not play","On matchday squad, but did not play","On matchday squad, but did not play","On matchday squad, but did not play","On matchday squad, but did not play","On matchday squad, but did not play","On matchday squad, but did not play","On matchday squad, but did not play","On matchday squad, but did not play","On matchday squad, but did not play","On matchday squad, but did not play","On matchday squad, but did not play","On matchday squad, but did not play","On matchday squad, but did not play","On matchday squad, but did not play","On matchday squad, but did not play","On matchday squad, but did not play","On matchday squad, but did not play","On matchday squad, but did not play","On matchday squad, but did not play","On matchday squad, but did not play","On matchday squad, but did not play","On matchday squad, but did not play","On matchday squad, but did not play","On matchday squad, but did not play","On matchday squad, but did not play","On matchday squad, but did not play","On matchday squad, but did not play","On matchday squad, but did not play","On matchday squad, but did not play",Everton,Nathan-Patterson,230f0471
2025-05-25,Sun,Matchweek 38,Away,W 1–0,Everton,Newcastle Utd,N,"On matchday squad, but did not play","On matchday squad, but did not play","On matchday squad, but did not play","On matchday squad, but did not play","On matchday squad, but did not play","On matchday squad, but did not play","On matchday squad, but did not play","On matchday squad, but did not play","On matchday squad, but did not play","On matchday squad, but did not play","On matchday squad, but did not play","On matchday squad, but did not play","On matchday squad, but did not play","On matchday squad, but did not play","On matchday squad, but did not play","On matchday squad, but did not play","On matchday squad, but did not play","On matchday squad, but did not play","On matchday squad, but did not play","On matchday squad, but did not play","On matchday squad, but did not play","On matchday squad, but did not play","On matchday squad, but did not play","On matchday squad, but did not play","On matchday squad, but did not play","On matchday squad, but did not play","On matchday squad, but did not play",Match Report,"On matchday squad, but did not play","On matchday squad, but did not play","On matchday squad, but did not play","On matchday squad, but did not play","On matchday squad, but did not play","On matchday squad, but did not play","On matchday squad, but did not play","On matchday squad, but did not play","On matchday squad, but did not play","On matchday squad, but did not play","On matchday squad, but did not play","On matchday squad, but did not play","On matchday squad, but did not play","On matchday squad, but did not play","On matchday squad, but did not play","On matchday squad, but did not play","On matchday squad, but did not play","On matchday squad, but did not play","On matchday squad, but did not play","On matchday squad, but did not play","On matchday squad, but did not play","On matchday squad, but did not play","On matchday squad, but did not play","On matchday squad, but did not play","On matchday squad, but did not play","On matchday squad, but did not play","On matchday squad, but did not play","On matchday squad, but did not play","On matchday squad, but did not play","On matchday squad, but did not play","On matchday squad, but did not play","On matchday squad, but did not play","On matchday squad, but did not play","On matchday squad, but did not play","On matchday squad, but did not play","On matchday squad, but did not play","On matchday squad, but did not play","On matchday squad, but did not play","On matchday squad, but did not play","On matchday squad, but did not play","On matchday squad, but did not play","On matchday squad, but did not play","On matchday squad, but did not play","On matchday squad, but did not play","On matchday squad, but did not play","On matchday squad, but did not play","On matchday squad, but did not play","On matchday squad, but did not play","On matchday squad, but did not play","On matchday squad, but did not play","On matchday squad, but did not play","On matchday squad, but did not play","On matchday squad, but did not play","On matchday squad, but did not play","On matchday squad, but did not play","On matchday squad, but did not play","On matchday squad, but did not play","On matchday squad, but did not play","On matchday squad, but did not play","On matchday squad, but did not play","On matchday squad, but did not play","On matchday squad, but did not play","On matchday squad, but did not play","On matchday squad, but did not play","On matchday squad, but did not play","On matchday squad, but did not play","On matchday squad, but did not play","On matchday squad, but did not play","On matchday squad, but did not play","On matchday squad, but did not play","On matchday squad, but did not play","On matchday squad, but did not play","On matchday squad, but did not play","On matchday squad, but did not play","On matchday squad, but did not play","On matchday squad, but did not play","On matchday squad, but did not play","On matchday squad, but did not play","On matchday squad, but did not play","On matchday squad, but did not play","On matchday squad, but did not play","On matchday squad, but did not play","On matchday squad, but did not play","On matchday squad, but did not play","On matchday squad, but did not play","On matchday squad, but did not play","On matchday squad, but did not play","On matchday squad, but did not play","On matchday squad, but did not play",Everton,Nathan-Patterson,230f0471
2024-08-31,Sat,Matchweek 3,Home,L 2–3,Everton,Bournemouth,Y*,RB,90,0,0,0,0,1,1,0,0,52,1,0,2,0.6,0.6,0.0,1,0,32,43,74.4,6,22,0,2,2,Match Report,32,43,74.4,535,247,17,19,89.5,13,18,72.2,2,6,33.3,0,0.0,0.0,0,3,0,0,6,43,32,11,0,0,0,1,11,0,0,0,0,32,0,0,1,0,0,1,0,0,0,0,0,0,0,0,0,0,52,3,12,30,10,2,52,2,2,100.0,0,0.0,22,100,35,0,0,0,1,0,25,2,1,0,0,1,0,1,2,50.0,1,2,1,1,0,1,2,0,Everton,Seamus-Coleman,0420d84f
2024-10-19,Sat,Matchweek 8,Away,W 2–0,Everton,Ipswich Town,N,"On matchday squad, but did not play","On matchday squad, but did not play","On matchday squad, but did not play","On matchday squad, but did not play","On matchday squad, but did not play","On matchday squad, but did not play","On matchday squad, but did not play","On matchday squad, but did not play","On matchday squad, but did not play","On matchday squad, but did not play","On matchday squad, but did not play","On matchday squad, but did not play","On matchday squad, but did not play","On matchday squad, but did not play","On matchday squad, but did not play","On matchday squad, but did not play","On matchday squad, but did not play","On matchday squad, but did not play","On matchday squad, but did not play","On matchday squad, but did not play","On matchday squad, but did not play","On matchday squad, but did not play","On matchday squad, but did not play","On matchday squad, but did not play","On matchday squad, but did not play","On matchday squad, but did not play","On matchday squad, but did not play",Match Report,"On matchday squad, but did not play","On matchday squad, but did not play","On matchday squad, but did not play","On matchday squad, but did not play","On matchday squad, but did not play","On matchday squad, but did not play","On matchday squad, but did not play","On matchday squad, but did not play","On matchday squad, but did not play","On matchday squad, but did not play","On matchday squad, but did not play","On matchday squad, but did not play","On matchday squad, but did not play","On matchday squad, but did not play","On matchday squad, but did not play","On matchday squad, but did not play","On matchday squad, but did not play","On matchday squad, but did not play","On matchday squad, but did not play","On matchday squad, but did not play","On matchday squad, but did not play","On matchday squad, but did not play","On matchday squad, but did not play","On matchday squad, but did not play","On matchday squad, but did not play","On matchday squad, but did not play","On matchday squad, but did not play","On matchday squad, but did not play","On matchday squad, but did not play","On matchday squad, but did not play","On matchday squad, but did not play","On matchday squad, but did not play","On matchday squad, but did not play","On matchday squad, but did not play","On matchday squad, but did not play","On matchday squad, but did not play","On matchday squad, but did not play","On matchday squad, but did not play","On matchday squad, but did not play","On matchday squad, but did not play","On matchday squad, but did not play","On matchday squad, but did not play","On matchday squad, but did not play","On matchday squad, but did not play","On matchday squad, but did not play","On matchday squad, but did not play","On matchday squad, but did not play","On matchday squad, but did not play","On matchday squad, but did not play","On matchday squad, but did not play","On matchday squad, but did not play","On matchday squad, but did not play","On matchday squad, but did not play","On matchday squad, but did not play","On matchday squad, but did not play","On matchday squad, but did not play","On matchday squad, but did not play","On matchday squad, but did not play","On matchday squad, but did not play","On matchday squad, but did not play","On matchday squad, but did not play","On matchday squad, but did not play","On matchday squad, but did not play","On matchday squad, but did not play","On matchday squad, but did not play","On matchday squad, but did not play","On matchday squad, but did not play","On matchday squad, but did not play","On matchday squad, but did not play","On matchday squad, but did not play","On matchday squad, but did not play","On matchday squad, but did not play","On matchday squad, but did not play","On matchday squad, but did not play","On matchday squad, but did not play","On matchday squad, but did not play","On matchday squad, but did not play","On matchday squad, but did not play","On matchday squad, but did not play","On matchday squad, but did not play","On matchday squad, but did not play","On matchday squad, but did not play","On matchday squad, but did not play","On matchday squad, but did not play","On matchday squad, but did not play","On matchday squad, but did not play","On matchday squad, but did not play","On matchday squad, but did not play","On matchday squad, but did not play",Everton,Seamus-Coleman,0420d84f
2024-10-26,Sat,Matchweek 9,Home,D 1–1,Everton,Fulham,N,"On matchday squad, but did not play","On matchday squad, but did not play","On matchday squad, but did not play","On matchday squad, but did not play","On matchday squad, but did not play","On matchday squad, but did not play","On matchday squad, but did not play","On matchday squad, but did not play","On matchday squad, but did not play","On matchday squad, but did not play","On matchday squad, but did not play","On matchday squad, but did not play","On matchday squad, but did not play","On matchday squad, but did not play","On matchday squad, but did not play","On matchday squad, but did not play","On matchday squad, but did not play","On matchday squad, but did not play","On matchday squad, but did not play","On matchday squad, but did not play","On matchday squad, but did not play","On matchday squad, but did not play","On matchday squad, but did not play","On matchday squad, but did not play","On matchday squad, but did not play","On matchday squad, but did not play","On matchday squad, but did not play",Match Report,"On matchday squad, but did not play","On matchday squad, but did not play","On matchday squad, but did not play","On matchday squad, but did not play","On matchday squad, but did not play","On matchday squad, but did not play","On matchday squad, but did not play","On matchday squad, but did not play","On matchday squad, but did not play","On matchday squad, but did not play","On matchday squad, but did not play","On matchday squad, but did not play","On matchday squad, but did not play","On matchday squad, but did not play","On matchday squad, but did not play","On matchday squad, but did not play","On matchday squad, but did not play","On matchday squad, but did not play","On matchday squad, but did not play","On matchday squad, but did not play","On matchday squad, but did not play","On matchday squad, but did not play","On matchday squad, but did not play","On matchday squad, but did not play","On matchday squad, but did not play","On matchday squad, but did not play","On matchday squad, but did not play","On matchday squad, but did not play","On matchday squad, but did not play","On matchday squad, but did not play","On matchday squad, but did not play","On matchday squad, but did not play","On matchday squad, but did not play","On matchday squad, but did not play","On matchday squad, but did not play","On matchday squad, but did not play","On matchday squad, but did not play","On matchday squad, but did not play","On matchday squad, but did not play","On matchday squad, but did not play","On matchday squad, but did not play","On matchday squad, but did not play","On matchday squad, but did not play","On matchday squad, but did not play","On matchday squad, but did not play","On matchday squad, but did not play","On matchday squad, but did not play","On matchday squad, but did not play","On matchday squad, but did not play","On matchday squad, but did not play","On matchday squad, but did not play","On matchday squad, but did not play","On matchday squad, but did not play","On matchday squad, but did not play","On matchday squad, but did not play","On matchday squad, but did not play","On matchday squad, but did not play","On matchday squad, but did not play","On matchday squad, but did not play","On matchday squad, but did not play","On matchday squad, but did not play","On matchday squad, but did not play","On matchday squad, but did not play","On matchday squad, but did not play","On matchday squad, but did not play","On matchday squad, but did not play","On matchday squad, but did not play","On matchday squad, but did not play","On matchday squad, but did not play","On matchday squad, but did not play","On matchday squad, but did not play","On matchday squad, but did not play","On matchday squad, but did not play","On matchday squad, but did not play","On matchday squad, but did not play","On matchday squad, but did not play","On matchday squad, but did not play","On matchday squad, but did not play","On matchday squad, but did not play","On matchday squad, but did not play","On matchday squad, but did not play","On matchday squad, but did not play","On matchday squad, but did not play","On matchday squad, but did not play","On matchday squad, but did not play","On matchday squad, but did not play","On matchday squad, but did not play","On matchday squad, but did not play","On matchday squad, but did not play",Everton,Seamus-Coleman,0420d84f
2024-11-02,Sat,Matchweek 10,Away,L 0–1,Everton,Southampton,N,"On matchday squad, but did not play","On matchday squad, but did not play","On matchday squad, but did not play","On matchday squad, but did not play","On matchday squad, but did not play","On matchday squad, but did not play","On matchday squad, but did not play","On matchday squad, but did not play","On matchday squad, but did not play","On matchday squad, but did not play","On matchday squad, but did not play","On matchday squad, but did not play","On matchday squad, but did not play","On matchday squad, but did not play","On matchday squad, but did not play","On matchday squad, but did not play","On matchday squad, but did not play","On matchday squad, but did not play","On matchday squad, but did not play","On matchday squad, but did not play","On matchday squad, but did not play","On matchday squad, but did not play","On matchday squad, but did not play","On matchday squad, but did not play","On matchday squad, but did not play","On matchday squad, but did not play","On matchday squad, but did not play",Match Report,"On matchday squad, but did not play","On matchday squad, but did not play","On matchday squad, but did not play","On matchday squad, but did not play","On matchday squad, but did not play","On matchday squad, but did not play","On matchday squad, but did not play","On matchday squad, but did not play","On matchday squad, but did not play","On matchday squad, but did not play","On matchday squad, but did not play","On matchday squad, but did not play","On matchday squad, but did not play","On matchday squad, but did not play","On matchday squad, but did not play","On matchday squad, but did not play","On matchday squad, but did not play","On matchday squad, but did not play","On matchday squad, but did not play","On matchday squad, but did not play","On matchday squad, but did not play","On matchday squad, but did not play","On matchday squad, but did not play","On matchday squad, but did not play","On matchday squad, but did not play","On matchday squad, but did not play","On matchday squad, but did not play","On matchday squad, but did not play","On matchday squad, but did not play","On matchday squad, but did not play","On matchday squad, but did not play","On matchday squad, but did not play","On matchday squad, but did not play","On matchday squad, but did not play","On matchday squad, but did not play","On matchday squad, but did not play","On matchday squad, but did not play","On matchday squad, but did not play","On matchday squad, but did not play","On matchday squad, but did not play","On matchday squad, but did not play","On matchday squad, but did not play","On matchday squad, but did not play","On matchday squad, but did not play","On matchday squad, but did not play","On matchday squad, but did not play","On matchday squad, but did not play","On matchday squad, but did not play","On matchday squad, but did not play","On matchday squad, but did not play","On matchday squad, but did not play","On matchday squad, but did not play","On matchday squad, but did not play","On matchday squad, but did not play","On matchday squad, but did not play","On matchday squad, but did not play","On matchday squad, but did not play","On matchday squad, but did not play","On matchday squad, but did not play","On matchday squad, but did not play","On matchday squad, but did not play","On matchday squad, but did not play","On matchday squad, but did not play","On matchday squad, but did not play","On matchday squad, but did not play","On matchday squad, but did not play","On matchday squad, but did not play","On matchday squad, but did not play","On matchday squad, but did not play","On matchday squad, but did not play","On matchday squad, but did not play","On matchday squad, but did not play","On matchday squad, but did not play","On matchday squad, but did not play","On matchday squad, but did not play","On matchday squad, but did not play","On matchday squad, but did not play","On matchday squad, but did not play","On matchday squad, but did not play","On matchday squad, but did not play","On matchday squad, but did not play","On matchday squad, but did not play","On matchday squad, but did not play","On matchday squad, but did not play","On matchday squad, but did not play","On matchday squad, but did not play","On matchday squad, but did not play","On matchday squad, but did not play","On matchday squad, but did not play",Everton,Seamus-Coleman,0420d84f
2024-12-01,Sun,Matchweek 13,Away,L 0–4,Everton,Manchester Utd,N,"On matchday squad, but did not play","On matchday squad, but did not play","On matchday squad, but did not play","On matchday squad, but did not play","On matchday squad, but did not play","On matchday squad, but did not play","On matchday squad, but did not play","On matchday squad, but did not play","On matchday squad, but did not play","On matchday squad, but did not play","On matchday squad, but did not play","On matchday squad, but did not play","On matchday squad, but did not play","On matchday squad, but did not play","On matchday squad, but did not play","On matchday squad, but did not play","On matchday squad, but did not play","On matchday squad, but did not play","On matchday squad, but did not play","On matchday squad, but did not play","On matchday squad, but did not play","On matchday squad, but did not play","On matchday squad, but did not play","On matchday squad, but did not play","On matchday squad, but did not play","On matchday squad, but did not play","On matchday squad, but did not play",Match Report,"On matchday squad, but did not play","On matchday squad, but did not play","On matchday squad, but did not play","On matchday squad, but did not play","On matchday squad, but did not play","On matchday squad, but did not play","On matchday squad, but did not play","On matchday squad, but did not play","On matchday squad, but did not play","On matchday squad, but did not play","On matchday squad, but did not play","On matchday squad, but did not play","On matchday squad, but did not play","On matchday squad, but did not play","On matchday squad, but did not play","On matchday squad, but did not play","On matchday squad, but did not play","On matchday squad, but did not play","On matchday squad, but did not play","On matchday squad, but did not play","On matchday squad, but did not play","On matchday squad, but did not play","On matchday squad, but did not play","On matchday squad, but did not play","On matchday squad, but did not play","On matchday squad, but did not play","On matchday squad, but did not play","On matchday squad, but did not play","On matchday squad, but did not play","On matchday squad, but did not play","On matchday squad, but did not play","On matchday squad, but did not play","On matchday squad, but did not play","On matchday squad, but did not play","On matchday squad, but did not play","On matchday squad, but did not play","On matchday squad, but did not play","On matchday squad, but did not play","On matchday squad, but did not play","On matchday squad, but did not play","On matchday squad, but did not play","On matchday squad, but did not play","On matchday squad, but did not play","On matchday squad, but did not play","On matchday squad, but did not play","On matchday squad, but did not play","On matchday squad, but did not play","On matchday squad, but did not play","On matchday squad, but did not play","On matchday squad, but did not play","On matchday squad, but did not play","On matchday squad, but did not play","On matchday squad, but did not play","On matchday squad, but did not play","On matchday squad, but did not play","On matchday squad, but did not play","On matchday squad, but did not play","On matchday squad, but did not play","On matchday squad, but did not play","On matchday squad, but did not play","On matchday squad, but did not play","On matchday squad, but did not play","On matchday squad, but did not play","On matchday squad, but did not play","On matchday squad, but did not play","On matchday squad, but did not play","On matchday squad, but did not play","On matchday squad, but did not play","On matchday squad, but did not play","On matchday squad, but did not play","On matchday squad, but did not play","On matchday squad, but did not play","On matchday squad, but did not play","On matchday squad, but did not play","On matchday squad, but did not play","On matchday squad, but did not play","On matchday squad, but did not play","On matchday squad, but did not play","On matchday squad, but did not play","On matchday squad, but did not play","On matchday squad, but did not play","On matchday squad, but did not play","On matchday squad, but did not play","On matchday squad, but did not play","On matchday squad, but did not play","On matchday squad, but did not play","On matchday squad, but did not play","On matchday squad, but did not play","On matchday squad, but did not play",Everton,Seamus-Coleman,0420d84f
2024-12-04,Wed,Matchweek 14,Home,W 4–0,Everton,Wolves,N,"On matchday squad, but did not play","On matchday squad, but did not play","On matchday squad, but did not play","On matchday squad, but did not play","On matchday squad, but did not play","On matchday squad, but did not play","On matchday squad, but did not play","On matchday squad, but did not play","On matchday squad, but did not play","On matchday squad, but did not play","On matchday squad, but did not play","On matchday squad, but did not play","On matchday squad, but did not play","On matchday squad, but did not play","On matchday squad, but did not play","On matchday squad, but did not play","On matchday squad, but did not play","On matchday squad, but did not play","On matchday squad, but did not play","On matchday squad, but did not play","On matchday squad, but did not play","On matchday squad, but did not play","On matchday squad, but did not play","On matchday squad, but did not play","On matchday squad, but did not play","On matchday squad, but did not play","On matchday squad, but did not play",Match Report,"On matchday squad, but did not play","On matchday squad, but did not play","On matchday squad, but did not play","On matchday squad, but did not play","On matchday squad, but did not play","On matchday squad, but did not play","On matchday squad, but did not play","On matchday squad, but did not play","On matchday squad, but did not play","On matchday squad, but did not play","On matchday squad, but did not play","On matchday squad, but did not play","On matchday squad, but did not play","On matchday squad, but did not play","On matchday squad, but did not play","On matchday squad, but did not play","On matchday squad, but did not play","On matchday squad, but did not play","On matchday squad, but did not play","On matchday squad, but did not play","On matchday squad, but did not play","On matchday squad, but did not play","On matchday squad, but did not play","On matchday squad, but did not play","On matchday squad, but did not play","On matchday squad, but did not play","On matchday squad, but did not play","On matchday squad, but did not play","On matchday squad, but did not play","On matchday squad, but did not play","On matchday squad, but did not play","On matchday squad, but did not play","On matchday squad, but did not play","On matchday squad, but did not play","On matchday squad, but did not play","On matchday squad, but did not play","On matchday squad, but did not play","On matchday squad, but did not play","On matchday squad, but did not play","On matchday squad, but did not play","On matchday squad, but did not play","On matchday squad, but did not play","On matchday squad, but did not play","On matchday squad, but did not play","On matchday squad, but did not play","On matchday squad, but did not play","On matchday squad, but did not play","On matchday squad, but did not play","On matchday squad, but did not play","On matchday squad, but did not play","On matchday squad, but did not play","On matchday squad, but did not play","On matchday squad, but did not play","On matchday squad, but did not play","On matchday squad, but did not play","On matchday squad, but did not play","On matchday squad, but did not play","On matchday squad, but did not play","On matchday squad, but did not play","On matchday squad, but did not play","On matchday squad, but did not play","On matchday squad, but did not play","On matchday squad, but did not play","On matchday squad, but did not play","On matchday squad, but did not play","On matchday squad, but did not play","On matchday squad, but did not play","On matchday squad, but did not play","On matchday squad, but did not play","On matchday squad, but did not play","On matchday squad, but did not play","On matchday squad, but did not play","On matchday squad, but did not play","On matchday squad, but did not play","On matchday squad, but did not play","On matchday squad, but did not play","On matchday squad, but did not play","On matchday squad, but did not play","On matchday squad, but did not play","On matchday squad, but did not play","On matchday squad, but did not play","On matchday squad, but did not play","On matchday squad, but did not play","On matchday squad, but did not play","On matchday squad, but did not play","On matchday squad, but did not play","On matchday squad, but did not play","On matchday squad, but did not play","On matchday squad, but did not play",Everton,Seamus-Coleman,0420d84f
2024-12-14,Sat,Matchweek 16,Away,D 0–0,Everton,Arsenal,N,"On matchday squad, but did not play","On matchday squad, but did not play","On matchday squad, but did not play","On matchday squad, but did not play","On matchday squad, but did not play","On matchday squad, but did not play","On matchday squad, but did not play","On matchday squad, but did not play","On matchday squad, but did not play","On matchday squad, but did not play","On matchday squad, but did not play","On matchday squad, but did not play","On matchday squad, but did not play","On matchday squad, but did not play","On matchday squad, but did not play","On matchday squad, but did not play","On matchday squad, but did not play","On matchday squad, but did not play","On matchday squad, but did not play","On matchday squad, but did not play","On matchday squad, but did not play","On matchday squad, but did not play","On matchday squad, but did not play","On matchday squad, but did not play","On matchday squad, but did not play","On matchday squad, but did not play","On matchday squad, but did not play",Match Report,"On matchday squad, but did not play","On matchday squad, but did not play","On matchday squad, but did not play","On matchday squad, but did not play","On matchday squad, but did not play","On matchday squad, but did not play","On matchday squad, but did not play","On matchday squad, but did not play","On matchday squad, but did not play","On matchday squad, but did not play","On matchday squad, but did not play","On matchday squad, but did not play","On matchday squad, but did not play","On matchday squad, but did not play","On matchday squad, but did not play","On matchday squad, but did not play","On matchday squad, but did not play","On matchday squad, but did not play","On matchday squad, but did not play","On matchday squad, but did not play","On matchday squad, but did not play","On matchday squad, but did not play","On matchday squad, but did not play","On matchday squad, but did not play","On matchday squad, but did not play","On matchday squad, but did not play","On matchday squad, but did not play","On matchday squad, but did not play","On matchday squad, but did not play","On matchday squad, but did not play","On matchday squad, but did not play","On matchday squad, but did not play","On matchday squad, but did not play","On matchday squad, but did not play","On matchday squad, but did not play","On matchday squad, but did not play","On matchday squad, but did not play","On matchday squad, but did not play","On matchday squad, but did not play","On matchday squad, but did not play","On matchday squad, but did not play","On matchday squad, but did not play","On matchday squad, but did not play","On matchday squad, but did not play","On matchday squad, but did not play","On matchday squad, but did not play","On matchday squad, but did not play","On matchday squad, but did not play","On matchday squad, but did not play","On matchday squad, but did not play","On matchday squad, but did not play","On matchday squad, but did not play","On matchday squad, but did not play","On matchday squad, but did not play","On matchday squad, but did not play","On matchday squad, but did not play","On matchday squad, but did not play","On matchday squad, but did not play","On matchday squad, but did not play","On matchday squad, but did not play","On matchday squad, but did not play","On matchday squad, but did not play","On matchday squad, but did not play","On matchday squad, but did not play","On matchday squad, but did not play","On matchday squad, but did not play","On matchday squad, but did not play","On matchday squad, but did not play","On matchday squad, but did not play","On matchday squad, but did not play","On matchday squad, but did not play","On matchday squad, but did not play","On matchday squad, but did not play","On matchday squad, but did not play","On matchday squad, but did not play","On matchday squad, but did not play","On matchday squad, but did not play","On matchday squad, but did not play","On matchday squad, but did not play","On matchday squad, but did not play","On matchday squad, but did not play","On matchday squad, but did not play","On matchday squad, but did not play","On matchday squad, but did not play","On matchday squad, but did not play","On matchday squad, but did not play","On matchday squad, but did not play","On matchday squad, but did not play","On matchday squad, but did not play",Everton,Seamus-Coleman,0420d84f
2024-12-22,Sun,Matchweek 17,Home,D 0–0,Everton,Chelsea,N,RB,18,0,0,0,0,0,0,0,0,7,0,0,0,0.0,0.0,0.0,0,0,4,6,66.7,0,5,0,0,0,Match Report,4,6,66.7,84,38,1,1,100.0,3,3,100.0,0,1,0.0,0,0.0,0.0,0,0,0,0,0,6,6,0,0,0,0,1,0,0,0,0,0,4,0,1,0,0,0,0,0,0,0,0,0,0,0,0,0,0,7,1,4,1,2,0,7,0,0,,0,,5,37,6,0,1,0,0,0,5,0,0,0,0,0,0,0,0,,0,0,0,0,0,0,0,0,Everton,Seamus-Coleman,0420d84f
2024-12-26,Thu,Matchweek 18,Away,D 1–1,Everton,Manchester City,Y*,RB,89,0,0,0,0,0,0,1,0,41,1,1,3,0.0,0.0,0.0,1,1,21,30,70.0,2,16,1,3,2,Match Report,21,30,70.0,427,219,9,9,100.0,8,10,80.0,4,9,44.4,0,0.0,0.0,0,3,0,0,2,30,22,7,0,0,0,1,7,0,0,0,0,21,1,0,1,1,0,0,0,0,0,1,1,0,0,0,0,0,41,7,23,12,7,0,41,3,2,66.7,1,33.3,16,88,68,1,0,0,0,1,21,0,1,1,1,0,0,1,1,100.0,0,3,2,1,1,2,5,0,Everton,Seamus-Coleman,0420d84f
2025-03-08,Sat,Matchweek 28,Away,D 1–1,Everton,Wolves,N,"On matchday squad, but did not play","On matchday squad, but did not play","On matchday squad, but did not play","On matchday squad, but did not play","On matchday squad, but did not play","On matchday squad, but did not play","On matchday squad, but did not play","On matchday squad, but did not play","On matchday squad, but did not play","On matchday squad, but did not play","On matchday squad, but did not play","On matchday squad, but did not play","On matchday squad, but did not play","On matchday squad, but did not play","On matchday squad, but did not play","On matchday squad, but did not play","On matchday squad, but did not play","On matchday squad, but did not play","On matchday squad, but did not play","On matchday squad, but did not play","On matchday squad, but did not play","On matchday squad, but did not play","On matchday squad, but did not play","On matchday squad, but did not play","On matchday squad, but did not play","On matchday squad, but did not play","On matchday squad, but did not play",Match Report,"On matchday squad, but did not play","On matchday squad, but did not play","On matchday squad, but did not play","On matchday squad, but did not play","On matchday squad, but did not play","On matchday squad, but did not play","On matchday squad, but did not play","On matchday squad, but did not play","On matchday squad, but did not play","On matchday squad, but did not play","On matchday squad, but did not play","On matchday squad, but did not play","On matchday squad, but did not play","On matchday squad, but did not play","On matchday squad, but did not play","On matchday squad, but did not play","On matchday squad, but did not play","On matchday squad, but did not play","On matchday squad, but did not play","On matchday squad, but did not play","On matchday squad, but did not play","On matchday squad, but did not play","On matchday squad, but did not play","On matchday squad, but did not play","On matchday squad, but did not play","On matchday squad, but did not play","On matchday squad, but did not play","On matchday squad, but did not play","On matchday squad, but did not play","On matchday squad, but did not play","On matchday squad, but did not play","On matchday squad, but did not play","On matchday squad, but did not play","On matchday squad, but did not play","On matchday squad, but did not play","On matchday squad, but did not play","On matchday squad, but did not play","On matchday squad, but did not play","On matchday squad, but did not play","On matchday squad, but did not play","On matchday squad, but did not play","On matchday squad, but did not play","On matchday squad, but did not play","On matchday squad, but did not play","On matchday squad, but did not play","On matchday squad, but did not play","On matchday squad, but did not play","On matchday squad, but did not play","On matchday squad, but did not play","On matchday squad, but did not play","On matchday squad, but did not play","On matchday squad, but did not play","On matchday squad, but did not play","On matchday squad, but did not play","On matchday squad, but did not play","On matchday squad, but did not play","On matchday squad, but did not play","On matchday squad, but did not play","On matchday squad, but did not play","On matchday squad, but did not play","On matchday squad, but did not play","On matchday squad, but did not play","On matchday squad, but did not play","On matchday squad, but did not play","On matchday squad, but did not play","On matchday squad, but did not play","On matchday squad, but did not play","On matchday squad, but did not play","On matchday squad, but did not play","On matchday squad, but did not play","On matchday squad, but did not play","On matchday squad, but did not play","On matchday squad, but did not play","On matchday squad, but did not play","On matchday squad, but did not play","On matchday squad, but did not play","On matchday squad, but did not play","On matchday squad, but did not play","On matchday squad, but did not play","On matchday squad, but did not play","On matchday squad, but did not play","On matchday squad, but did not play","On matchday squad, but did not play","On matchday squad, but did not play","On matchday squad, but did not play","On matchday squad, but did not play","On matchday squad, but did not play","On matchday squad, but did not play","On matchday squad, but did not play",Everton,Seamus-Coleman,0420d84f
2025-03-15,Sat,Matchweek 29,Home,D 1–1,Everton,West Ham,N,"On matchday squad, but did not play","On matchday squad, but did not play","On matchday squad, but did not play","On matchday squad, but did not play","On matchday squad, but did not play","On matchday squad, but did not play","On matchday squad, but did not play","On matchday squad, but did not play","On matchday squad, but did not play","On matchday squad, but did not play","On matchday squad, but did not play","On matchday squad, but did not play","On matchday squad, but did not play","On matchday squad, but did not play","On matchday squad, but did not play","On matchday squad, but did not play","On matchday squad, but did not play","On matchday squad, but did not play","On matchday squad, but did not play","On matchday squad, but did not play","On matchday squad, but did not play","On matchday squad, but did not play","On matchday squad, but did not play","On matchday squad, but did not play","On matchday squad, but did not play","On matchday squad, but did not play","On matchday squad, but did not play",Match Report,"On matchday squad, but did not play","On matchday squad, but did not play","On matchday squad, but did not play","On matchday squad, but did not play","On matchday squad, but did not play","On matchday squad, but did not play","On matchday squad, but did not play","On matchday squad, but did not play","On matchday squad, but did not play","On matchday squad, but did not play","On matchday squad, but did not play","On matchday squad, but did not play","On matchday squad, but did not play","On matchday squad, but did not play","On matchday squad, but did not play","On matchday squad, but did not play","On matchday squad, but did not play","On matchday squad, but did not play","On matchday squad, but did not play","On matchday squad, but did not play","On matchday squad, but did not play","On matchday squad, but did not play","On matchday squad, but did not play","On matchday squad, but did not play","On matchday squad, but did not play","On matchday squad, but did not play","On matchday squad, but did not play","On matchday squad, but did not play","On matchday squad, but did not play","On matchday squad, but did not play","On matchday squad, but did not play","On matchday squad, but did not play","On matchday squad, but did not play","On matchday squad, but did not play","On matchday squad, but did not play","On matchday squad, but did not play","On matchday squad, but did not play","On matchday squad, but did not play","On matchday squad, but did not play","On matchday squad, but did not play","On matchday squad, but did not play","On matchday squad, but did not play","On matchday squad, but did not play","On matchday squad, but did not play","On matchday squad, but did not play","On matchday squad, but did not play","On matchday squad, but did not play","On matchday squad, but did not play","On matchday squad, but did not play","On matchday squad, but did not play","On matchday squad, but did not play","On matchday squad, but did not play","On matchday squad, but did not play","On matchday squad, but did not play","On matchday squad, but did not play","On matchday squad, but did not play","On matchday squad, but did not play","On matchday squad, but did not play","On matchday squad, but did not play","On matchday squad, but did not play","On matchday squad, but did not play","On matchday squad, but did not play","On matchday squad, but did not play","On matchday squad, but did not play","On matchday squad, but did not play","On matchday squad, but did not play","On matchday squad, but did not play","On matchday squad, but did not play","On matchday squad, but did not play","On matchday squad, but did not play","On matchday squad, but did not play","On matchday squad, but did not play","On matchday squad, but did not play","On matchday squad, but did not play","On matchday squad, but did not play","On matchday squad, but did not play","On matchday squad, but did not play","On matchday squad, but did not play","On matchday squad, but did not play","On matchday squad, but did not play","On matchday squad, but did not play","On matchday squad, but did not play","On matchday squad, but did not play","On matchday squad, but did not play","On matchday squad, but did not play","On matchday squad, but did not play","On matchday squad, but did not play","On matchday squad, but did not play","On matchday squad, but did not play",Everton,Seamus-Coleman,0420d84f
2025-04-02,Wed,Matchweek 30,Away,L 0–1,Everton,Liverpool,N,"On matchday squad, but did not play","On matchday squad, but did not play","On matchday squad, but did not play","On matchday squad, but did not play","On matchday squad, but did not play","On matchday squad, but did not play","On matchday squad, but did not play","On matchday squad, but did not play","On matchday squad, but did not play","On matchday squad, but did not play","On matchday squad, but did not play","On matchday squad, but did not play","On matchday squad, but did not play","On matchday squad, but did not play","On matchday squad, but did not play","On matchday squad, but did not play","On matchday squad, but did not play","On matchday squad, but did not play","On matchday squad, but did not play","On matchday squad, but did not play","On matchday squad, but did not play","On matchday squad, but did not play","On matchday squad, but did not play","On matchday squad, but did not play","On matchday squad, but did not play","On matchday squad, but did not play","On matchday squad, but did not play",Match Report,"On matchday squad, but did not play","On matchday squad, but did not play","On matchday squad, but did not play","On matchday squad, but did not play","On matchday squad, but did not play","On matchday squad, but did not play","On matchday squad, but did not play","On matchday squad, but did not play","On matchday squad, but did not play","On matchday squad, but did not play","On matchday squad, but did not play","On matchday squad, but did not play","On matchday squad, but did not play","On matchday squad, but did not play","On matchday squad, but did not play","On matchday squad, but did not play","On matchday squad, but did not play","On matchday squad, but did not play","On matchday squad, but did not play","On matchday squad, but did not play","On matchday squad, but did not play","On matchday squad, but did not play","On matchday squad, but did not play","On matchday squad, but did not play","On matchday squad, but did not play","On matchday squad, but did not play","On matchday squad, but did not play","On matchday squad, but did not play","On matchday squad, but did not play","On matchday squad, but did not play","On matchday squad, but did not play","On matchday squad, but did not play","On matchday squad, but did not play","On matchday squad, but did not play","On matchday squad, but did not play","On matchday squad, but did not play","On matchday squad, but did not play","On matchday squad, but did not play","On matchday squad, but did not play","On matchday squad, but did not play","On matchday squad, but did not play","On matchday squad, but did not play","On matchday squad, but did not play","On matchday squad, but did not play","On matchday squad, but did not play","On matchday squad, but did not play","On matchday squad, but did not play","On matchday squad, but did not play","On matchday squad, but did not play","On matchday squad, but did not play","On matchday squad, but did not play","On matchday squad, but did not play","On matchday squad, but did not play","On matchday squad, but did not play","On matchday squad, but did not play","On matchday squad, but did not play","On matchday squad, but did not play","On matchday squad, but did not play","On matchday squad, but did not play","On matchday squad, but did not play","On matchday squad, but did not play","On matchday squad, but did not play","On matchday squad, but did not play","On matchday squad, but did not play","On matchday squad, but did not play","On matchday squad, but did not play","On matchday squad, but did not play","On matchday squad, but did not play","On matchday squad, but did not play","On matchday squad, but did not play","On matchday squad, but did not play","On matchday squad, but did not play","On matchday squad, but did not play","On matchday squad, but did not play","On matchday squad, but did not play","On matchday squad, but did not play","On matchday squad, but did not play","On matchday squad, but did not play","On matchday squad, but did not play","On matchday squad, but did not play","On matchday squad, but did not play","On matchday squad, but did not play","On matchday squad, but did not play","On matchday squad, but did not play","On matchday squad, but did not play","On matchday squad, but did not play","On matchday squad, but did not play","On matchday squad, but did not play","On matchday squad, but did not play",Everton,Seamus-Coleman,0420d84f
2025-04-05,Sat,Matchweek 31,Home,D 1–1,Everton,Arsenal,N,"On matchday squad, but did not play","On matchday squad, but did not play","On matchday squad, but did not play","On matchday squad, but did not play","On matchday squad, but did not play","On matchday squad, but did not play","On matchday squad, but did not play","On matchday squad, but did not play","On matchday squad, but did not play","On matchday squad, but did not play","On matchday squad, but did not play","On matchday squad, but did not play","On matchday squad, but did not play","On matchday squad, but did not play","On matchday squad, but did not play","On matchday squad, but did not play","On matchday squad, but did not play","On matchday squad, but did not play","On matchday squad, but did not play","On matchday squad, but did not play","On matchday squad, but did not play","On matchday squad, but did not play","On matchday squad, but did not play","On matchday squad, but did not play","On matchday squad, but did not play","On matchday squad, but did not play","On matchday squad, but did not play",Match Report,"On matchday squad, but did not play","On matchday squad, but did not play","On matchday squad, but did not play","On matchday squad, but did not play","On matchday squad, but did not play","On matchday squad, but did not play","On matchday squad, but did not play","On matchday squad, but did not play","On matchday squad, but did not play","On matchday squad, but did not play","On matchday squad, but did not play","On matchday squad, but did not play","On matchday squad, but did not play","On matchday squad, but did not play","On matchday squad, but did not play","On matchday squad, but did not play","On matchday squad, but did not play","On matchday squad, but did not play","On matchday squad, but did not play","On matchday squad, but did not play","On matchday squad, but did not play","On matchday squad, but did not play","On matchday squad, but did not play","On matchday squad, but did not play","On matchday squad, but did not play","On matchday squad, but did not play","On matchday squad, but did not play","On matchday squad, but did not play","On matchday squad, but did not play","On matchday squad, but did not play","On matchday squad, but did not play","On matchday squad, but did not play","On matchday squad, but did not play","On matchday squad, but did not play","On matchday squad, but did not play","On matchday squad, but did not play","On matchday squad, but did not play","On matchday squad, but did not play","On matchday squad, but did not play","On matchday squad, but did not play","On matchday squad, but did not play","On matchday squad, but did not play","On matchday squad, but did not play","On matchday squad, but did not play","On matchday squad, but did not play","On matchday squad, but did not play","On matchday squad, but did not play","On matchday squad, but did not play","On matchday squad, but did not play","On matchday squad, but did not play","On matchday squad, but did not play","On matchday squad, but did not play","On matchday squad, but did not play","On matchday squad, but did not play","On matchday squad, but did not play","On matchday squad, but did not play","On matchday squad, but did not play","On matchday squad, but did not play","On matchday squad, but did not play","On matchday squad, but did not play","On matchday squad, but did not play","On matchday squad, but did not play","On matchday squad, but did not play","On matchday squad, but did not play","On matchday squad, but did not play","On matchday squad, but did not play","On matchday squad, but did not play","On matchday squad, but did not play","On matchday squad, but did not play","On matchday squad, but did not play","On matchday squad, but did not play","On matchday squad, but did not play","On matchday squad, but did not play","On matchday squad, but did not play","On matchday squad, but did not play","On matchday squad, but did not play","On matchday squad, but did not play","On matchday squad, but did not play","On matchday squad, but did not play","On matchday squad, but did not play","On matchday squad, but did not play","On matchday squad, but did not play","On matchday squad, but did not play","On matchday squad, but did not play","On matchday squad, but did not play","On matchday squad, but did not play","On matchday squad, but did not play","On matchday squad, but did not play","On matchday squad, but did not play",Everton,Seamus-Coleman,0420d84f
2025-04-19,Sat,Matchweek 33,Home,L 0–2,Everton,Manchester City,N,"On matchday squad, but did not play","On matchday squad, but did not play","On matchday squad, but did not play","On matchday squad, but did not play","On matchday squad, but did not play","On matchday squad, but did not play","On matchday squad, but did not play","On matchday squad, but did not play","On matchday squad, but did not play","On matchday squad, but did not play","On matchday squad, but did not play","On matchday squad, but did not play","On matchday squad, but did not play","On matchday squad, but did not play","On matchday squad, but did not play","On matchday squad, but did not play","On matchday squad, but did not play","On matchday squad, but did not play","On matchday squad, but did not play","On matchday squad, but did not play","On matchday squad, but did not play","On matchday squad, but did not play","On matchday squad, but did not play","On matchday squad, but did not play","On matchday squad, but did not play","On matchday squad, but did not play","On matchday squad, but did not play",Match Report,"On matchday squad, but did not play","On matchday squad, but did not play","On matchday squad, but did not play","On matchday squad, but did not play","On matchday squad, but did not play","On matchday squad, but did not play","On matchday squad, but did not play","On matchday squad, but did not play","On matchday squad, but did not play","On matchday squad, but did not play","On matchday squad, but did not play","On matchday squad, but did not play","On matchday squad, but did not play","On matchday squad, but did not play","On matchday squad, but did not play","On matchday squad, but did not play","On matchday squad, but did not play","On matchday squad, but did not play","On matchday squad, but did not play","On matchday squad, but did not play","On matchday squad, but did not play","On matchday squad, but did not play","On matchday squad, but did not play","On matchday squad, but did not play","On matchday squad, but did not play","On matchday squad, but did not play","On matchday squad, but did not play","On matchday squad, but did not play","On matchday squad, but did not play","On matchday squad, but did not play","On matchday squad, but did not play","On matchday squad, but did not play","On matchday squad, but did not play","On matchday squad, but did not play","On matchday squad, but did not play","On matchday squad, but did not play","On matchday squad, but did not play","On matchday squad, but did not play","On matchday squad, but did not play","On matchday squad, but did not play","On matchday squad, but did not play","On matchday squad, but did not play","On matchday squad, but did not play","On matchday squad, but did not play","On matchday squad, but did not play","On matchday squad, but did not play","On matchday squad, but did not play","On matchday squad, but did not play","On matchday squad, but did not play","On matchday squad, but did not play","On matchday squad, but did not play","On matchday squad, but did not play","On matchday squad, but did not play","On matchday squad, but did not play","On matchday squad, but did not play","On matchday squad, but did not play","On matchday squad, but did not play","On matchday squad, but did not play","On matchday squad, but did not play","On matchday squad, but did not play","On matchday squad, but did not play","On matchday squad, but did not play","On matchday squad, but did not play","On matchday squad, but did not play","On matchday squad, but did not play","On matchday squad, but did not play","On matchday squad, but did not play","On matchday squad, but did not play","On matchday squad, but did not play","On matchday squad, but did not play","On matchday squad, but did not play","On matchday squad, but did not play","On matchday squad, but did not play","On matchday squad, but did not play","On matchday squad, but did not play","On matchday squad, but did not play","On matchday squad, but did not play","On matchday squad, but did not play","On matchday squad, but did not play","On matchday squad, but did not play","On matchday squad, but did not play","On matchday squad, but did not play","On matchday squad, but did not play","On matchday squad, but did not play","On matchday squad, but did not play","On matchday squad, but did not play","On matchday squad, but did not play","On matchday squad, but did not play","On matchday squad, but did not play",Everton,Seamus-Coleman,0420d84f
2025-04-26,Sat,Matchweek 34,Away,L 0–1,Everton,Chelsea,N,"On matchday squad, but did not play","On matchday squad, but did not play","On matchday squad, but did not play","On matchday squad, but did not play","On matchday squad, but did not play","On matchday squad, but did not play","On matchday squad, but did not play","On matchday squad, but did not play","On matchday squad, but did not play","On matchday squad, but did not play","On matchday squad, but did not play","On matchday squad, but did not play","On matchday squad, but did not play","On matchday squad, but did not play","On matchday squad, but did not play","On matchday squad, but did not play","On matchday squad, but did not play","On matchday squad, but did not play","On matchday squad, but did not play","On matchday squad, but did not play","On matchday squad, but did not play","On matchday squad, but did not play","On matchday squad, but did not play","On matchday squad, but did not play","On matchday squad, but did not play","On matchday squad, but did not play","On matchday squad, but did not play",Match Report,"On matchday squad, but did not play","On matchday squad, but did not play","On matchday squad, but did not play","On matchday squad, but did not play","On matchday squad, but did not play","On matchday squad, but did not play","On matchday squad, but did not play","On matchday squad, but did not play","On matchday squad, but did not play","On matchday squad, but did not play","On matchday squad, but did not play","On matchday squad, but did not play","On matchday squad, but did not play","On matchday squad, but did not play","On matchday squad, but did not play","On matchday squad, but did not play","On matchday squad, but did not play","On matchday squad, but did not play","On matchday squad, but did not play","On matchday squad, but did not play","On matchday squad, but did not play","On matchday squad, but did not play","On matchday squad, but did not play","On matchday squad, but did not play","On matchday squad, but did not play","On matchday squad, but did not play","On matchday squad, but did not play","On matchday squad, but did not play","On matchday squad, but did not play","On matchday squad, but did not play","On matchday squad, but did not play","On matchday squad, but did not play","On matchday squad, but did not play","On matchday squad, but did not play","On matchday squad, but did not play","On matchday squad, but did not play","On matchday squad, but did not play","On matchday squad, but did not play","On matchday squad, but did not play","On matchday squad, but did not play","On matchday squad, but did not play","On matchday squad, but did not play","On matchday squad, but did not play","On matchday squad, but did not play","On matchday squad, but did not play","On matchday squad, but did not play","On matchday squad, but did not play","On matchday squad, but did not play","On matchday squad, but did not play","On matchday squad, but did not play","On matchday squad, but did not play","On matchday squad, but did not play","On matchday squad, but did not play","On matchday squad, but did not play","On matchday squad, but did not play","On matchday squad, but did not play","On matchday squad, but did not play","On matchday squad, but did not play","On matchday squad, but did not play","On matchday squad, but did not play","On matchday squad, but did not play","On matchday squad, but did not play","On matchday squad, but did not play","On matchday squad, but did not play","On matchday squad, but did not play","On matchday squad, but did not play","On matchday squad, but did not play","On matchday squad, but did not play","On matchday squad, but did not play","On matchday squad, but did not play","On matchday squad, but did not play","On matchday squad, but did not play","On matchday squad, but did not play","On matchday squad, but did not play","On matchday squad, but did not play","On matchday squad, but did not play","On matchday squad, but did not play","On matchday squad, but did not play","On matchday squad, but did not play","On matchday squad, but did not play","On matchday squad, but did not play","On matchday squad, but did not play","On matchday squad, but did not play","On matchday squad, but did not play","On matchday squad, but did not play","On matchday squad, but did not play","On matchday squad, but did not play","On matchday squad, but did not play","On matchday squad, but did not play",Everton,Seamus-Coleman,0420d84f
2025-05-03,Sat,Matchweek 35,Home,D 2–2,Everton,Ipswich Town,N,"On matchday squad, but did not play","On matchday squad, but did not play","On matchday squad, but did not play","On matchday squad, but did not play","On matchday squad, but did not play","On matchday squad, but did not play","On matchday squad, but did not play","On matchday squad, but did not play","On matchday squad, but did not play","On matchday squad, but did not play","On matchday squad, but did not play","On matchday squad, but did not play","On matchday squad, but did not play","On matchday squad, but did not play","On matchday squad, but did not play","On matchday squad, but did not play","On matchday squad, but did not play","On matchday squad, but did not play","On matchday squad, but did not play","On matchday squad, but did not play","On matchday squad, but did not play","On matchday squad, but did not play","On matchday squad, but did not play","On matchday squad, but did not play","On matchday squad, but did not play","On matchday squad, but did not play","On matchday squad, but did not play",Match Report,"On matchday squad, but did not play","On matchday squad, but did not play","On matchday squad, but did not play","On matchday squad, but did not play","On matchday squad, but did not play","On matchday squad, but did not play","On matchday squad, but did not play","On matchday squad, but did not play","On matchday squad, but did not play","On matchday squad, but did not play","On matchday squad, but did not play","On matchday squad, but did not play","On matchday squad, but did not play","On matchday squad, but did not play","On matchday squad, but did not play","On matchday squad, but did not play","On matchday squad, but did not play","On matchday squad, but did not play","On matchday squad, but did not play","On matchday squad, but did not play","On matchday squad, but did not play","On matchday squad, but did not play","On matchday squad, but did not play","On matchday squad, but did not play","On matchday squad, but did not play","On matchday squad, but did not play","On matchday squad, but did not play","On matchday squad, but did not play","On matchday squad, but did not play","On matchday squad, but did not play","On matchday squad, but did not play","On matchday squad, but did not play","On matchday squad, but did not play","On matchday squad, but did not play","On matchday squad, but did not play","On matchday squad, but did not play","On matchday squad, but did not play","On matchday squad, but did not play","On matchday squad, but did not play","On matchday squad, but did not play","On matchday squad, but did not play","On matchday squad, but did not play","On matchday squad, but did not play","On matchday squad, but did not play","On matchday squad, but did not play","On matchday squad, but did not play","On matchday squad, but did not play","On matchday squad, but did not play","On matchday squad, but did not play","On matchday squad, but did not play","On matchday squad, but did not play","On matchday squad, but did not play","On matchday squad, but did not play","On matchday squad, but did not play","On matchday squad, but did not play","On matchday squad, but did not play","On matchday squad, but did not play","On matchday squad, but did not play","On matchday squad, but did not play","On matchday squad, but did not play","On matchday squad, but did not play","On matchday squad, but did not play","On matchday squad, but did not play","On matchday squad, but did not play","On matchday squad, but did not play","On matchday squad, but did not play","On matchday squad, but did not play","On matchday squad, but did not play","On matchday squad, but did not play","On matchday squad, but did not play","On matchday squad, but did not play","On matchday squad, but did not play","On matchday squad, but did not play","On matchday squad, but did not play","On matchday squad, but did not play","On matchday squad, but did not play","On matchday squad, but did not play","On matchday squad, but did not play","On matchday squad, but did not play","On matchday squad, but did not play","On matchday squad, but did not play","On matchday squad, but did not play","On matchday squad, but did not play","On matchday squad, but did not play","On matchday squad, but did not play","On matchday squad, but did not play","On matchday squad, but did not play","On matchday squad, but did not play","On matchday squad, but did not play",Everton,Seamus-Coleman,0420d84f
2025-05-10,Sat,Matchweek 36,Away,W 3–1,Everton,Fulham,N,CB,1,0,0,0,0,0,0,0,0,5,1,0,0,0.0,0.0,0.0,0,0,3,3,100.0,1,3,0,0,0,Match Report,3,3,100.0,41,12,2,2,100.0,1,1,100.0,0,0,,0,0.0,0.0,0,0,0,0,1,3,3,0,0,0,0,0,0,0,0,0,0,3,0,0,0,0,0,0,0,0,0,0,0,0,0,0,0,0,5,1,2,2,1,0,5,0,0,,0,,3,49,46,0,0,0,0,0,3,1,1,1,1,0,0,1,1,100.0,0,0,0,0,0,1,1,0,Everton,Seamus-Coleman,0420d84f
2025-05-18,Sun,Matchweek 37,Home,W 2–0,Everton,Southampton,Y*,RB,17,0,0,0,0,0,0,0,0,16,0,0,0,0.0,0.0,0.0,0,0,14,16,87.5,2,8,0,0,0,Match Report,14,16,87.5,212,126,7,7,100.0,2,2,100.0,2,3,66.7,0,0.0,0.0,0,2,2,0,2,16,15,1,0,0,0,1,1,0,0,0,0,14,0,1,0,0,0,0,0,0,0,0,0,0,0,0,0,0,16,0,1,9,6,1,16,0,0,,0,,8,36,22,0,1,0,0,0,14,4,0,0,0,0,0,0,0,,0,0,0,0,0,0,0,0,Everton,Seamus-Coleman,0420d84f
2024-08-24,Sat,Matchweek 2,Away,L 0–4,Everton,Tottenham,Y,RB,90,0,0,0,0,0,0,0,0,36,5,1,1,0.0,0.0,0.0,0,0,11,19,57.9,0,16,0,3,0,Match Report,11,19,57.9,205,111,6,8,75.0,4,8,50.0,1,3,33.3,0,0.0,0.0,0,3,0,0,0,19,16,3,0,0,0,0,3,0,0,0,0,11,0,0,0,0,0,0,0,0,0,0,0,0,0,0,0,0,36,8,19,14,4,0,36,3,0,0.0,3,100.0,16,107,48,0,0,0,2,0,13,1,5,5,3,2,0,4,4,100.0,0,1,0,1,1,6,3,0,Everton,Roman-Dixon,6fba4dba
2024-08-31,Sat,Matchweek 3,Home,L 2–3,Everton,Bournemouth,N,"On matchday squad, but did not play","On matchday squad, but did not play","On matchday squad, but did not play","On matchday squad, but did not play","On matchday squad, but did not play","On matchday squad, but did not play","On matchday squad, but did not play","On matchday squad, but did not play","On matchday squad, but did not play","On matchday squad, but did not play","On matchday squad, but did not play","On matchday squad, but did not play","On matchday squad, but did not play","On matchday squad, but did not play","On matchday squad, but did not play","On matchday squad, but did not play","On matchday squad, but did not play","On matchday squad, but did not play","On matchday squad, but did not play","On matchday squad, but did not play","On matchday squad, but did not play","On matchday squad, but did not play","On matchday squad, but did not play","On matchday squad, but did not play","On matchday squad, but did not play","On matchday squad, but did not play","On matchday squad, but did not play",Match Report,"On matchday squad, but did not play","On matchday squad, but did not play","On matchday squad, but did not play","On matchday squad, but did not play","On matchday squad, but did not play","On matchday squad, but did not play","On matchday squad, but did not play","On matchday squad, but did not play","On matchday squad, but did not play","On matchday squad, but did not play","On matchday squad, but did not play","On matchday squad, but did not play","On matchday squad, but did not play","On matchday squad, but did not play","On matchday squad, but did not play","On matchday squad, but did not play","On matchday squad, but did not play","On matchday squad, but did not play","On matchday squad, but did not play","On matchday squad, but did not play","On matchday squad, but did not play","On matchday squad, but did not play","On matchday squad, but did not play","On matchday squad, but did not play","On matchday squad, but did not play","On matchday squad, but did not play","On matchday squad, but did not play","On matchday squad, but did not play","On matchday squad, but did not play","On matchday squad, but did not play","On matchday squad, but did not play","On matchday squad, but did not play","On matchday squad, but did not play","On matchday squad, but did not play","On matchday squad, but did not play","On matchday squad, but did not play","On matchday squad, but did not play","On matchday squad, but did not play","On matchday squad, but did not play","On matchday squad, but did not play","On matchday squad, but did not play","On matchday squad, but did not play","On matchday squad, but did not play","On matchday squad, but did not play","On matchday squad, but did not play","On matchday squad, but did not play","On matchday squad, but did not play","On matchday squad, but did not play","On matchday squad, but did not play","On matchday squad, but did not play","On matchday squad, but did not play","On matchday squad, but did not play","On matchday squad, but did not play","On matchday squad, but did not play","On matchday squad, but did not play","On matchday squad, but did not play","On matchday squad, but did not play","On matchday squad, but did not play","On matchday squad, but did not play","On matchday squad, but did not play","On matchday squad, but did not play","On matchday squad, but did not play","On matchday squad, but did not play","On matchday squad, but did not play","On matchday squad, but did not play","On matchday squad, but did not play","On matchday squad, but did not play","On matchday squad, but did not play","On matchday squad, but did not play","On matchday squad, but did not play","On matchday squad, but did not play","On matchday squad, but did not play","On matchday squad, but did not play","On matchday squad, but did not play","On matchday squad, but did not play","On matchday squad, but did not play","On matchday squad, but did not play","On matchday squad, but did not play","On matchday squad, but did not play","On matchday squad, but did not play","On matchday squad, but did not play","On matchday squad, but did not play","On matchday squad, but did not play","On matchday squad, but did not play","On matchday squad, but did not play","On matchday squad, but did not play","On matchday squad, but did not play","On matchday squad, but did not play","On matchday squad, but did not play",Everton,Roman-Dixon,6fba4dba
2024-09-14,Sat,Matchweek 4,Away,L 2–3,Everton,Aston Villa,N,"On matchday squad, but did not play","On matchday squad, but did not play","On matchday squad, but did not play","On matchday squad, but did not play","On matchday squad, but did not play","On matchday squad, but did not play","On matchday squad, but did not play","On matchday squad, but did not play","On matchday squad, but did not play","On matchday squad, but did not play","On matchday squad, but did not play","On matchday squad, but did not play","On matchday squad, but did not play","On matchday squad, but did not play","On matchday squad, but did not play","On matchday squad, but did not play","On matchday squad, but did not play","On matchday squad, but did not play","On matchday squad, but did not play","On matchday squad, but did not play","On matchday squad, but did not play","On matchday squad, but did not play","On matchday squad, but did not play","On matchday squad, but did not play","On matchday squad, but did not play","On matchday squad, but did not play","On matchday squad, but did not play",Match Report,"On matchday squad, but did not play","On matchday squad, but did not play","On matchday squad, but did not play","On matchday squad, but did not play","On matchday squad, but did not play","On matchday squad, but did not play","On matchday squad, but did not play","On matchday squad, but did not play","On matchday squad, but did not play","On matchday squad, but did not play","On matchday squad, but did not play","On matchday squad, but did not play","On matchday squad, but did not play","On matchday squad, but did not play","On matchday squad, but did not play","On matchday squad, but did not play","On matchday squad, but did not play","On matchday squad, but did not play","On matchday squad, but did not play","On matchday squad, but did not play","On matchday squad, but did not play","On matchday squad, but did not play","On matchday squad, but did not play","On matchday squad, but did not play","On matchday squad, but did not play","On matchday squad, but did not play","On matchday squad, but did not play","On matchday squad, but did not play","On matchday squad, but did not play","On matchday squad, but did not play","On matchday squad, but did not play","On matchday squad, but did not play","On matchday squad, but did not play","On matchday squad, but did not play","On matchday squad, but did not play","On matchday squad, but did not play","On matchday squad, but did not play","On matchday squad, but did not play","On matchday squad, but did not play","On matchday squad, but did not play","On matchday squad, but did not play","On matchday squad, but did not play","On matchday squad, but did not play","On matchday squad, but did not play","On matchday squad, but did not play","On matchday squad, but did not play","On matchday squad, but did not play","On matchday squad, but did not play","On matchday squad, but did not play","On matchday squad, but did not play","On matchday squad, but did not play","On matchday squad, but did not play","On matchday squad, but did not play","On matchday squad, but did not play","On matchday squad, but did not play","On matchday squad, but did not play","On matchday squad, but did not play","On matchday squad, but did not play","On matchday squad, but did not play","On matchday squad, but did not play","On matchday squad, but did not play","On matchday squad, but did not play","On matchday squad, but did not play","On matchday squad, but did not play","On matchday squad, but did not play","On matchday squad, but did not play","On matchday squad, but did not play","On matchday squad, but did not play","On matchday squad, but did not play","On matchday squad, but did not play","On matchday squad, but did not play","On matchday squad, but did not play","On matchday squad, but did not play","On matchday squad, but did not play","On matchday squad, but did not play","On matchday squad, but did not play","On matchday squad, but did not play","On matchday squad, but did not play","On matchday squad, but did not play","On matchday squad, but did not play","On matchday squad, but did not play","On matchday squad, but did not play","On matchday squad, but did not play","On matchday squad, but did not play","On matchday squad, but did not play","On matchday squad, but did not play","On matchday squad, but did not play","On matchday squad, but did not play","On matchday squad, but did not play",Everton,Roman-Dixon,6fba4dba
2024-09-21,Sat,Matchweek 5,Away,D 1–1,Everton,Leicester City,N,"On matchday squad, but did not play","On matchday squad, but did not play","On matchday squad, but did not play","On matchday squad, but did not play","On matchday squad, but did not play","On matchday squad, but did not play","On matchday squad, but did not play","On matchday squad, but did not play","On matchday squad, but did not play","On matchday squad, but did not play","On matchday squad, but did not play","On matchday squad, but did not play","On matchday squad, but did not play","On matchday squad, but did not play","On matchday squad, but did not play","On matchday squad, but did not play","On matchday squad, but did not play","On matchday squad, but did not play","On matchday squad, but did not play","On matchday squad, but did not play","On matchday squad, but did not play","On matchday squad, but did not play","On matchday squad, but did not play","On matchday squad, but did not play","On matchday squad, but did not play","On matchday squad, but did not play","On matchday squad, but did not play",Match Report,"On matchday squad, but did not play","On matchday squad, but did not play","On matchday squad, but did not play","On matchday squad, but did not play","On matchday squad, but did not play","On matchday squad, but did not play","On matchday squad, but did not play","On matchday squad, but did not play","On matchday squad, but did not play","On matchday squad, but did not play","On matchday squad, but did not play","On matchday squad, but did not play","On matchday squad, but did not play","On matchday squad, but did not play","On matchday squad, but did not play","On matchday squad, but did not play","On matchday squad, but did not play","On matchday squad, but did not play","On matchday squad, but did not play","On matchday squad, but did not play","On matchday squad, but did not play","On matchday squad, but did not play","On matchday squad, but did not play","On matchday squad, but did not play","On matchday squad, but did not play","On matchday squad, but did not play","On matchday squad, but did not play","On matchday squad, but did not play","On matchday squad, but did not play","On matchday squad, but did not play","On matchday squad, but did not play","On matchday squad, but did not play","On matchday squad, but did not play","On matchday squad, but did not play","On matchday squad, but did not play","On matchday squad, but did not play","On matchday squad, but did not play","On matchday squad, but did not play","On matchday squad, but did not play","On matchday squad, but did not play","On matchday squad, but did not play","On matchday squad, but did not play","On matchday squad, but did not play","On matchday squad, but did not play","On matchday squad, but did not play","On matchday squad, but did not play","On matchday squad, but did not play","On matchday squad, but did not play","On matchday squad, but did not play","On matchday squad, but did not play","On matchday squad, but did not play","On matchday squad, but did not play","On matchday squad, but did not play","On matchday squad, but did not play","On matchday squad, but did not play","On matchday squad, but did not play","On matchday squad, but did not play","On matchday squad, but did not play","On matchday squad, but did not play","On matchday squad, but did not play","On matchday squad, but did not play","On matchday squad, but did not play","On matchday squad, but did not play","On matchday squad, but did not play","On matchday squad, but did not play","On matchday squad, but did not play","On matchday squad, but did not play","On matchday squad, but did not play","On matchday squad, but did not play","On matchday squad, but did not play","On matchday squad, but did not play","On matchday squad, but did not play","On matchday squad, but did not play","On matchday squad, but did not play","On matchday squad, but did not play","On matchday squad, but did not play","On matchday squad, but did not play","On matchday squad, but did not play","On matchday squad, but did not play","On matchday squad, but did not play","On matchday squad, but did not play","On matchday squad, but did not play","On matchday squad, but did not play","On matchday squad, but did not play","On matchday squad, but did not play","On matchday squad, but did not play","On matchday squad, but did not play","On matchday squad, but did not play","On matchday squad, but did not play",Everton,Roman-Dixon,6fba4dba
2024-10-05,Sat,Matchweek 7,Home,D 0–0,Everton,Newcastle Utd,N,"On matchday squad, but did not play","On matchday squad, but did not play","On matchday squad, but did not play","On matchday squad, but did not play","On matchday squad, but did not play","On matchday squad, but did not play","On matchday squad, but did not play","On matchday squad, but did not play","On matchday squad, but did not play","On matchday squad, but did not play","On matchday squad, but did not play","On matchday squad, but did not play","On matchday squad, but did not play","On matchday squad, but did not play","On matchday squad, but did not play","On matchday squad, but did not play","On matchday squad, but did not play","On matchday squad, but did not play","On matchday squad, but did not play","On matchday squad, but did not play","On matchday squad, but did not play","On matchday squad, but did not play","On matchday squad, but did not play","On matchday squad, but did not play","On matchday squad, but did not play","On matchday squad, but did not play","On matchday squad, but did not play",Match Report,"On matchday squad, but did not play","On matchday squad, but did not play","On matchday squad, but did not play","On matchday squad, but did not play","On matchday squad, but did not play","On matchday squad, but did not play","On matchday squad, but did not play","On matchday squad, but did not play","On matchday squad, but did not play","On matchday squad, but did not play","On matchday squad, but did not play","On matchday squad, but did not play","On matchday squad, but did not play","On matchday squad, but did not play","On matchday squad, but did not play","On matchday squad, but did not play","On matchday squad, but did not play","On matchday squad, but did not play","On matchday squad, but did not play","On matchday squad, but did not play","On matchday squad, but did not play","On matchday squad, but did not play","On matchday squad, but did not play","On matchday squad, but did not play","On matchday squad, but did not play","On matchday squad, but did not play","On matchday squad, but did not play","On matchday squad, but did not play","On matchday squad, but did not play","On matchday squad, but did not play","On matchday squad, but did not play","On matchday squad, but did not play","On matchday squad, but did not play","On matchday squad, but did not play","On matchday squad, but did not play","On matchday squad, but did not play","On matchday squad, but did not play","On matchday squad, but did not play","On matchday squad, but did not play","On matchday squad, but did not play","On matchday squad, but did not play","On matchday squad, but did not play","On matchday squad, but did not play","On matchday squad, but did not play","On matchday squad, but did not play","On matchday squad, but did not play","On matchday squad, but did not play","On matchday squad, but did not play","On matchday squad, but did not play","On matchday squad, but did not play","On matchday squad, but did not play","On matchday squad, but did not play","On matchday squad, but did not play","On matchday squad, but did not play","On matchday squad, but did not play","On matchday squad, but did not play","On matchday squad, but did not play","On matchday squad, but did not play","On matchday squad, but did not play","On matchday squad, but did not play","On matchday squad, but did not play","On matchday squad, but did not play","On matchday squad, but did not play","On matchday squad, but did not play","On matchday squad, but did not play","On matchday squad, but did not play","On matchday squad, but did not play","On matchday squad, but did not play","On matchday squad, but did not play","On matchday squad, but did not play","On matchday squad, but did not play","On matchday squad, but did not play","On matchday squad, but did not play","On matchday squad, but did not play","On matchday squad, but did not play","On matchday squad, but did not play","On matchday squad, but did not play","On matchday squad, but did not play","On matchday squad, but did not play","On matchday squad, but did not play","On matchday squad, but did not play","On matchday squad, but did not play","On matchday squad, but did not play","On matchday squad, but did not play","On matchday squad, but did not play","On matchday squad, but did not play","On matchday squad, but did not play","On matchday squad, but did not play","On matchday squad, but did not play",Everton,Roman-Dixon,6fba4dba
2024-10-19,Sat,Matchweek 8,Away,W 2–0,Everton,Ipswich Town,N,"On matchday squad, but did not play","On matchday squad, but did not play","On matchday squad, but did not play","On matchday squad, but did not play","On matchday squad, but did not play","On matchday squad, but did not play","On matchday squad, but did not play","On matchday squad, but did not play","On matchday squad, but did not play","On matchday squad, but did not play","On matchday squad, but did not play","On matchday squad, but did not play","On matchday squad, but did not play","On matchday squad, but did not play","On matchday squad, but did not play","On matchday squad, but did not play","On matchday squad, but did not play","On matchday squad, but did not play","On matchday squad, but did not play","On matchday squad, but did not play","On matchday squad, but did not play","On matchday squad, but did not play","On matchday squad, but did not play","On matchday squad, but did not play","On matchday squad, but did not play","On matchday squad, but did not play","On matchday squad, but did not play",Match Report,"On matchday squad, but did not play","On matchday squad, but did not play","On matchday squad, but did not play","On matchday squad, but did not play","On matchday squad, but did not play","On matchday squad, but did not play","On matchday squad, but did not play","On matchday squad, but did not play","On matchday squad, but did not play","On matchday squad, but did not play","On matchday squad, but did not play","On matchday squad, but did not play","On matchday squad, but did not play","On matchday squad, but did not play","On matchday squad, but did not play","On matchday squad, but did not play","On matchday squad, but did not play","On matchday squad, but did not play","On matchday squad, but did not play","On matchday squad, but did not play","On matchday squad, but did not play","On matchday squad, but did not play","On matchday squad, but did not play","On matchday squad, but did not play","On matchday squad, but did not play","On matchday squad, but did not play","On matchday squad, but did not play","On matchday squad, but did not play","On matchday squad, but did not play","On matchday squad, but did not play","On matchday squad, but did not play","On matchday squad, but did not play","On matchday squad, but did not play","On matchday squad, but did not play","On matchday squad, but did not play","On matchday squad, but did not play","On matchday squad, but did not play","On matchday squad, but did not play","On matchday squad, but did not play","On matchday squad, but did not play","On matchday squad, but did not play","On matchday squad, but did not play","On matchday squad, but did not play","On matchday squad, but did not play","On matchday squad, but did not play","On matchday squad, but did not play","On matchday squad, but did not play","On matchday squad, but did not play","On matchday squad, but did not play","On matchday squad, but did not play","On matchday squad, but did not play","On matchday squad, but did not play","On matchday squad, but did not play","On matchday squad, but did not play","On matchday squad, but did not play","On matchday squad, but did not play","On matchday squad, but did not play","On matchday squad, but did not play","On matchday squad, but did not play","On matchday squad, but did not play","On matchday squad, but did not play","On matchday squad, but did not play","On matchday squad, but did not play","On matchday squad, but did not play","On matchday squad, but did not play","On matchday squad, but did not play","On matchday squad, but did not play","On matchday squad, but did not play","On matchday squad, but did not play","On matchday squad, but did not play","On matchday squad, but did not play","On matchday squad, but did not play","On matchday squad, but did not play","On matchday squad, but did not play","On matchday squad, but did not play","On matchday squad, but did not play","On matchday squad, but did not play","On matchday squad, but did not play","On matchday squad, but did not play","On matchday squad, but did not play","On matchday squad, but did not play","On matchday squad, but did not play","On matchday squad, but did not play","On matchday squad, but did not play","On matchday squad, but did not play","On matchday squad, but did not play","On matchday squad, but did not play","On matchday squad, but did not play","On matchday squad, but did not play",Everton,Roman-Dixon,6fba4dba
2025-02-15,Sat,Matchweek 25,Away,W 2–1,Everton,Crystal Palace,N,"On matchday squad, but did not play","On matchday squad, but did not play","On matchday squad, but did not play","On matchday squad, but did not play","On matchday squad, but did not play","On matchday squad, but did not play","On matchday squad, but did not play","On matchday squad, but did not play","On matchday squad, but did not play","On matchday squad, but did not play","On matchday squad, but did not play","On matchday squad, but did not play","On matchday squad, but did not play","On matchday squad, but did not play","On matchday squad, but did not play","On matchday squad, but did not play","On matchday squad, but did not play","On matchday squad, but did not play","On matchday squad, but did not play","On matchday squad, but did not play","On matchday squad, but did not play","On matchday squad, but did not play","On matchday squad, but did not play","On matchday squad, but did not play","On matchday squad, but did not play","On matchday squad, but did not play","On matchday squad, but did not play",Match Report,"On matchday squad, but did not play","On matchday squad, but did not play","On matchday squad, but did not play","On matchday squad, but did not play","On matchday squad, but did not play","On matchday squad, but did not play","On matchday squad, but did not play","On matchday squad, but did not play","On matchday squad, but did not play","On matchday squad, but did not play","On matchday squad, but did not play","On matchday squad, but did not play","On matchday squad, but did not play","On matchday squad, but did not play","On matchday squad, but did not play","On matchday squad, but did not play","On matchday squad, but did not play","On matchday squad, but did not play","On matchday squad, but did not play","On matchday squad, but did not play","On matchday squad, but did not play","On matchday squad, but did not play","On matchday squad, but did not play","On matchday squad, but did not play","On matchday squad, but did not play","On matchday squad, but did not play","On matchday squad, but did not play","On matchday squad, but did not play","On matchday squad, but did not play","On matchday squad, but did not play","On matchday squad, but did not play","On matchday squad, but did not play","On matchday squad, but did not play","On matchday squad, but did not play","On matchday squad, but did not play","On matchday squad, but did not play","On matchday squad, but did not play","On matchday squad, but did not play","On matchday squad, but did not play","On matchday squad, but did not play","On matchday squad, but did not play","On matchday squad, but did not play","On matchday squad, but did not play","On matchday squad, but did not play","On matchday squad, but did not play","On matchday squad, but did not play","On matchday squad, but did not play","On matchday squad, but did not play","On matchday squad, but did not play","On matchday squad, but did not play","On matchday squad, but did not play","On matchday squad, but did not play","On matchday squad, but did not play","On matchday squad, but did not play","On matchday squad, but did not play","On matchday squad, but did not play","On matchday squad, but did not play","On matchday squad, but did not play","On matchday squad, but did not play","On matchday squad, but did not play","On matchday squad, but did not play","On matchday squad, but did not play","On matchday squad, but did not play","On matchday squad, but did not play","On matchday squad, but did not play","On matchday squad, but did not play","On matchday squad, but did not play","On matchday squad, but did not play","On matchday squad, but did not play","On matchday squad, but did not play","On matchday squad, but did not play","On matchday squad, but did not play","On matchday squad, but did not play","On matchday squad, but did not play","On matchday squad, but did not play","On matchday squad, but did not play","On matchday squad, but did not play","On matchday squad, but did not play","On matchday squad, but did not play","On matchday squad, but did not play","On matchday squad, but did not play","On matchday squad, but did not play","On matchday squad, but did not play","On matchday squad, but did not play","On matchday squad, but did not play","On matchday squad, but did not play","On matchday squad, but did not play","On matchday squad, but did not play","On matchday squad, but did not play",Everton,Roman-Dixon,6fba4dba
2025-02-22,Sat,Matchweek 26,Home,D 2–2,Everton,Manchester Utd,N,"On matchday squad, but did not play","On matchday squad, but did not play","On matchday squad, but did not play","On matchday squad, but did not play","On matchday squad, but did not play","On matchday squad, but did not play","On matchday squad, but did not play","On matchday squad, but did not play","On matchday squad, but did not play","On matchday squad, but did not play","On matchday squad, but did not play","On matchday squad, but did not play","On matchday squad, but did not play","On matchday squad, but did not play","On matchday squad, but did not play","On matchday squad, but did not play","On matchday squad, but did not play","On matchday squad, but did not play","On matchday squad, but did not play","On matchday squad, but did not play","On matchday squad, but did not play","On matchday squad, but did not play","On matchday squad, but did not play","On matchday squad, but did not play","On matchday squad, but did not play","On matchday squad, but did not play","On matchday squad, but did not play",Match Report,"On matchday squad, but did not play","On matchday squad, but did not play","On matchday squad, but did not play","On matchday squad, but did not play","On matchday squad, but did not play","On matchday squad, but did not play","On matchday squad, but did not play","On matchday squad, but did not play","On matchday squad, but did not play","On matchday squad, but did not play","On matchday squad, but did not play","On matchday squad, but did not play","On matchday squad, but did not play","On matchday squad, but did not play","On matchday squad, but did not play","On matchday squad, but did not play","On matchday squad, but did not play","On matchday squad, but did not play","On matchday squad, but did not play","On matchday squad, but did not play","On matchday squad, but did not play","On matchday squad, but did not play","On matchday squad, but did not play","On matchday squad, but did not play","On matchday squad, but did not play","On matchday squad, but did not play","On matchday squad, but did not play","On matchday squad, but did not play","On matchday squad, but did not play","On matchday squad, but did not play","On matchday squad, but did not play","On matchday squad, but did not play","On matchday squad, but did not play","On matchday squad, but did not play","On matchday squad, but did not play","On matchday squad, but did not play","On matchday squad, but did not play","On matchday squad, but did not play","On matchday squad, but did not play","On matchday squad, but did not play","On matchday squad, but did not play","On matchday squad, but did not play","On matchday squad, but did not play","On matchday squad, but did not play","On matchday squad, but did not play","On matchday squad, but did not play","On matchday squad, but did not play","On matchday squad, but did not play","On matchday squad, but did not play","On matchday squad, but did not play","On matchday squad, but did not play","On matchday squad, but did not play","On matchday squad, but did not play","On matchday squad, but did not play","On matchday squad, but did not play","On matchday squad, but did not play","On matchday squad, but did not play","On matchday squad, but did not play","On matchday squad, but did not play","On matchday squad, but did not play","On matchday squad, but did not play","On matchday squad, but did not play","On matchday squad, but did not play","On matchday squad, but did not play","On matchday squad, but did not play","On matchday squad, but did not play","On matchday squad, but did not play","On matchday squad, but did not play","On matchday squad, but did not play","On matchday squad, but did not play","On matchday squad, but did not play","On matchday squad, but did not play","On matchday squad, but did not play","On matchday squad, but did not play","On matchday squad, but did not play","On matchday squad, but did not play","On matchday squad, but did not play","On matchday squad, but did not play","On matchday squad, but did not play","On matchday squad, but did not play","On matchday squad, but did not play","On matchday squad, but did not play","On matchday squad, but did not play","On matchday squad, but did not play","On matchday squad, but did not play","On matchday squad, but did not play","On matchday squad, but did not play","On matchday squad, but did not play","On matchday squad, but did not play",Everton,Roman-Dixon,6fba4dba
2024-08-17,Sat,Matchweek 1,Home,L 0–3,Everton,Brighton,N,"On matchday squad, but did not play","On matchday squad, but did not play","On matchday squad, but did not play","On matchday squad, but did not play","On matchday squad, but did not play","On matchday squad, but did not play","On matchday squad, but did not play","On matchday squad, but did not play","On matchday squad, but did not play","On matchday squad, but did not play","On matchday squad, but did not play","On matchday squad, but did not play","On matchday squad, but did not play","On matchday squad, but did not play","On matchday squad, but did not play","On matchday squad, but did not play","On matchday squad, but did not play","On matchday squad, but did not play","On matchday squad, but did not play","On matchday squad, but did not play","On matchday squad, but did not play","On matchday squad, but did not play","On matchday squad, but did not play","On matchday squad, but did not play","On matchday squad, but did not play","On matchday squad, but did not play","On matchday squad, but did not play",Match Report,"On matchday squad, but did not play","On matchday squad, but did not play","On matchday squad, but did not play","On matchday squad, but did not play","On matchday squad, but did not play","On matchday squad, but did not play","On matchday squad, but did not play","On matchday squad, but did not play","On matchday squad, but did not play","On matchday squad, but did not play","On matchday squad, but did not play","On matchday squad, but did not play","On matchday squad, but did not play","On matchday squad, but did not play","On matchday squad, but did not play","On matchday squad, but did not play","On matchday squad, but did not play","On matchday squad, but did not play","On matchday squad, but did not play","On matchday squad, but did not play","On matchday squad, but did not play","On matchday squad, but did not play","On matchday squad, but did not play","On matchday squad, but did not play","On matchday squad, but did not play","On matchday squad, but did not play","On matchday squad, but did not play","On matchday squad, but did not play","On matchday squad, but did not play","On matchday squad, but did not play","On matchday squad, but did not play","On matchday squad, but did not play","On matchday squad, but did not play","On matchday squad, but did not play","On matchday squad, but did not play","On matchday squad, but did not play","On matchday squad, but did not play","On matchday squad, but did not play","On matchday squad, but did not play","On matchday squad, but did not play","On matchday squad, but did not play","On matchday squad, but did not play","On matchday squad, but did not play","On matchday squad, but did not play","On matchday squad, but did not play","On matchday squad, but did not play","On matchday squad, but did not play","On matchday squad, but did not play","On matchday squad, but did not play","On matchday squad, but did not play","On matchday squad, but did not play","On matchday squad, but did not play","On matchday squad, but did not play","On matchday squad, but did not play","On matchday squad, but did not play","On matchday squad, but did not play","On matchday squad, but did not play","On matchday squad, but did not play","On matchday squad, but did not play","On matchday squad, but did not play","On matchday squad, but did not play","On matchday squad, but did not play","On matchday squad, but did not play","On matchday squad, but did not play","On matchday squad, but did not play","On matchday squad, but did not play","On matchday squad, but did not play","On matchday squad, but did not play","On matchday squad, but did not play","On matchday squad, but did not play","On matchday squad, but did not play","On matchday squad, but did not play","On matchday squad, but did not play","On matchday squad, but did not play","On matchday squad, but did not play","On matchday squad, but did not play","On matchday squad, but did not play","On matchday squad, but did not play","On matchday squad, but did not play","On matchday squad, but did not play","On matchday squad, but did not play","On matchday squad, but did not play","On matchday squad, but did not play","On matchday squad, but did not play","On matchday squad, but did not play","On matchday squad, but did not play","On matchday squad, but did not play","On matchday squad, but did not play","On matchday squad, but did not play",Everton,Harrison-Armstrong,de59e609
2024-08-24,Sat,Matchweek 2,Away,L 0–4,Everton,Tottenham,N,DM,1,0,0,0,0,0,0,0,0,4,0,0,0,0.0,0.0,0.0,0,0,1,4,25.0,0,3,0,0,0,Match Report,1,4,25.0,23,0,0,0,,1,2,50.0,0,1,0.0,0,0.0,0.0,0,0,0,0,0,4,3,0,0,0,0,1,0,0,0,0,0,1,1,0,0,0,0,0,0,0,0,0,0,0,0,0,0,0,4,0,0,2,2,1,4,0,0,,0,,3,9,0,0,0,0,0,0,4,0,0,0,0,0,0,0,1,0.0,1,0,0,0,0,0,0,0,Everton,Harrison-Armstrong,de59e609
2024-08-31,Sat,Matchweek 3,Home,L 2–3,Everton,Bournemouth,N,"On matchday squad, but did not play","On matchday squad, but did not play","On matchday squad, but did not play","On matchday squad, but did not play","On matchday squad, but did not play","On matchday squad, but did not play","On matchday squad, but did not play","On matchday squad, but did not play","On matchday squad, but did not play","On matchday squad, but did not play","On matchday squad, but did not play","On matchday squad, but did not play","On matchday squad, but did not play","On matchday squad, but did not play","On matchday squad, but did not play","On matchday squad, but did not play","On matchday squad, but did not play","On matchday squad, but did not play","On matchday squad, but did not play","On matchday squad, but did not play","On matchday squad, but did not play","On matchday squad, but did not play","On matchday squad, but did not play","On matchday squad, but did not play","On matchday squad, but did not play","On matchday squad, but did not play","On matchday squad, but did not play",Match Report,"On matchday squad, but did not play","On matchday squad, but did not play","On matchday squad, but did not play","On matchday squad, but did not play","On matchday squad, but did not play","On matchday squad, but did not play","On matchday squad, but did not play","On matchday squad, but did not play","On matchday squad, but did not play","On matchday squad, but did not play","On matchday squad, but did not play","On matchday squad, but did not play","On matchday squad, but did not play","On matchday squad, but did not play","On matchday squad, but did not play","On matchday squad, but did not play","On matchday squad, but did not play","On matchday squad, but did not play","On matchday squad, but did not play","On matchday squad, but did not play","On matchday squad, but did not play","On matchday squad, but did not play","On matchday squad, but did not play","On matchday squad, but did not play","On matchday squad, but did not play","On matchday squad, but did not play","On matchday squad, but did not play","On matchday squad, but did not play","On matchday squad, but did not play","On matchday squad, but did not play","On matchday squad, but did not play","On matchday squad, but did not play","On matchday squad, but did not play","On matchday squad, but did not play","On matchday squad, but did not play","On matchday squad, but did not play","On matchday squad, but did not play","On matchday squad, but did not play","On matchday squad, but did not play","On matchday squad, but did not play","On matchday squad, but did not play","On matchday squad, but did not play","On matchday squad, but did not play","On matchday squad, but did not play","On matchday squad, but did not play","On matchday squad, but did not play","On matchday squad, but did not play","On matchday squad, but did not play","On matchday squad, but did not play","On matchday squad, but did not play","On matchday squad, but did not play","On matchday squad, but did not play","On matchday squad, but did not play","On matchday squad, but did not play","On matchday squad, but did not play","On matchday squad, but did not play","On matchday squad, but did not play","On matchday squad, but did not play","On matchday squad, but did not play","On matchday squad, but did not play","On matchday squad, but did not play","On matchday squad, but did not play","On matchday squad, but did not play","On matchday squad, but did not play","On matchday squad, but did not play","On matchday squad, but did not play","On matchday squad, but did not play","On matchday squad, but did not play","On matchday squad, but did not play","On matchday squad, but did not play","On matchday squad, but did not play","On matchday squad, but did not play","On matchday squad, but did not play","On matchday squad, but did not play","On matchday squad, but did not play","On matchday squad, but did not play","On matchday squad, but did not play","On matchday squad, but did not play","On matchday squad, but did not play","On matchday squad, but did not play","On matchday squad, but did not play","On matchday squad, but did not play","On matchday squad, but did not play","On matchday squad, but did not play","On matchday squad, but did not play","On matchday squad, but did not play","On matchday squad, but did not play","On matchday squad, but did not play","On matchday squad, but did not play",Everton,Harrison-Armstrong,de59e609
2024-09-14,Sat,Matchweek 4,Away,L 2–3,Everton,Aston Villa,N,"On matchday squad, but did not play","On matchday squad, but did not play","On matchday squad, but did not play","On matchday squad, but did not play","On matchday squad, but did not play","On matchday squad, but did not play","On matchday squad, but did not play","On matchday squad, but did not play","On matchday squad, but did not play","On matchday squad, but did not play","On matchday squad, but did not play","On matchday squad, but did not play","On matchday squad, but did not play","On matchday squad, but did not play","On matchday squad, but did not play","On matchday squad, but did not play","On matchday squad, but did not play","On matchday squad, but did not play","On matchday squad, but did not play","On matchday squad, but did not play","On matchday squad, but did not play","On matchday squad, but did not play","On matchday squad, but did not play","On matchday squad, but did not play","On matchday squad, but did not play","On matchday squad, but did not play","On matchday squad, but did not play",Match Report,"On matchday squad, but did not play","On matchday squad, but did not play","On matchday squad, but did not play","On matchday squad, but did not play","On matchday squad, but did not play","On matchday squad, but did not play","On matchday squad, but did not play","On matchday squad, but did not play","On matchday squad, but did not play","On matchday squad, but did not play","On matchday squad, but did not play","On matchday squad, but did not play","On matchday squad, but did not play","On matchday squad, but did not play","On matchday squad, but did not play","On matchday squad, but did not play","On matchday squad, but did not play","On matchday squad, but did not play","On matchday squad, but did not play","On matchday squad, but did not play","On matchday squad, but did not play","On matchday squad, but did not play","On matchday squad, but did not play","On matchday squad, but did not play","On matchday squad, but did not play","On matchday squad, but did not play","On matchday squad, but did not play","On matchday squad, but did not play","On matchday squad, but did not play","On matchday squad, but did not play","On matchday squad, but did not play","On matchday squad, but did not play","On matchday squad, but did not play","On matchday squad, but did not play","On matchday squad, but did not play","On matchday squad, but did not play","On matchday squad, but did not play","On matchday squad, but did not play","On matchday squad, but did not play","On matchday squad, but did not play","On matchday squad, but did not play","On matchday squad, but did not play","On matchday squad, but did not play","On matchday squad, but did not play","On matchday squad, but did not play","On matchday squad, but did not play","On matchday squad, but did not play","On matchday squad, but did not play","On matchday squad, but did not play","On matchday squad, but did not play","On matchday squad, but did not play","On matchday squad, but did not play","On matchday squad, but did not play","On matchday squad, but did not play","On matchday squad, but did not play","On matchday squad, but did not play","On matchday squad, but did not play","On matchday squad, but did not play","On matchday squad, but did not play","On matchday squad, but did not play","On matchday squad, but did not play","On matchday squad, but did not play","On matchday squad, but did not play","On matchday squad, but did not play","On matchday squad, but did not play","On matchday squad, but did not play","On matchday squad, but did not play","On matchday squad, but did not play","On matchday squad, but did not play","On matchday squad, but did not play","On matchday squad, but did not play","On matchday squad, but did not play","On matchday squad, but did not play","On matchday squad, but did not play","On matchday squad, but did not play","On matchday squad, but did not play","On matchday squad, but did not play","On matchday squad, but did not play","On matchday squad, but did not play","On matchday squad, but did not play","On matchday squad, but did not play","On matchday squad, but did not play","On matchday squad, but did not play","On matchday squad, but did not play","On matchday squad, but did not play","On matchday squad, but did not play","On matchday squad, but did not play","On matchday squad, but did not play","On matchday squad, but did not play",Everton,Harrison-Armstrong,de59e609
2024-09-21,Sat,Matchweek 5,Away,D 1–1,Everton,Leicester City,N,"On matchday squad, but did not play","On matchday squad, but did not play","On matchday squad, but did not play","On matchday squad, but did not play","On matchday squad, but did not play","On matchday squad, but did not play","On matchday squad, but did not play","On matchday squad, but did not play","On matchday squad, but did not play","On matchday squad, but did not play","On matchday squad, but did not play","On matchday squad, but did not play","On matchday squad, but did not play","On matchday squad, but did not play","On matchday squad, but did not play","On matchday squad, but did not play","On matchday squad, but did not play","On matchday squad, but did not play","On matchday squad, but did not play","On matchday squad, but did not play","On matchday squad, but did not play","On matchday squad, but did not play","On matchday squad, but did not play","On matchday squad, but did not play","On matchday squad, but did not play","On matchday squad, but did not play","On matchday squad, but did not play",Match Report,"On matchday squad, but did not play","On matchday squad, but did not play","On matchday squad, but did not play","On matchday squad, but did not play","On matchday squad, but did not play","On matchday squad, but did not play","On matchday squad, but did not play","On matchday squad, but did not play","On matchday squad, but did not play","On matchday squad, but did not play","On matchday squad, but did not play","On matchday squad, but did not play","On matchday squad, but did not play","On matchday squad, but did not play","On matchday squad, but did not play","On matchday squad, but did not play","On matchday squad, but did not play","On matchday squad, but did not play","On matchday squad, but did not play","On matchday squad, but did not play","On matchday squad, but did not play","On matchday squad, but did not play","On matchday squad, but did not play","On matchday squad, but did not play","On matchday squad, but did not play","On matchday squad, but did not play","On matchday squad, but did not play","On matchday squad, but did not play","On matchday squad, but did not play","On matchday squad, but did not play","On matchday squad, but did not play","On matchday squad, but did not play","On matchday squad, but did not play","On matchday squad, but did not play","On matchday squad, but did not play","On matchday squad, but did not play","On matchday squad, but did not play","On matchday squad, but did not play","On matchday squad, but did not play","On matchday squad, but did not play","On matchday squad, but did not play","On matchday squad, but did not play","On matchday squad, but did not play","On matchday squad, but did not play","On matchday squad, but did not play","On matchday squad, but did not play","On matchday squad, but did not play","On matchday squad, but did not play","On matchday squad, but did not play","On matchday squad, but did not play","On matchday squad, but did not play","On matchday squad, but did not play","On matchday squad, but did not play","On matchday squad, but did not play","On matchday squad, but did not play","On matchday squad, but did not play","On matchday squad, but did not play","On matchday squad, but did not play","On matchday squad, but did not play","On matchday squad, but did not play","On matchday squad, but did not play","On matchday squad, but did not play","On matchday squad, but did not play","On matchday squad, but did not play","On matchday squad, but did not play","On matchday squad, but did not play","On matchday squad, but did not play","On matchday squad, but did not play","On matchday squad, but did not play","On matchday squad, but did not play","On matchday squad, but did not play","On matchday squad, but did not play","On matchday squad, but did not play","On matchday squad, but did not play","On matchday squad, but did not play","On matchday squad, but did not play","On matchday squad, but did not play","On matchday squad, but did not play","On matchday squad, but did not play","On matchday squad, but did not play","On matchday squad, but did not play","On matchday squad, but did not play","On matchday squad, but did not play","On matchday squad, but did not play","On matchday squad, but did not play","On matchday squad, but did not play","On matchday squad, but did not play","On matchday squad, but did not play","On matchday squad, but did not play",Everton,Harrison-Armstrong,de59e609
2024-09-28,Sat,Matchweek 6,Home,W 2–1,Everton,Crystal Palace,N,"On matchday squad, but did not play","On matchday squad, but did not play","On matchday squad, but did not play","On matchday squad, but did not play","On matchday squad, but did not play","On matchday squad, but did not play","On matchday squad, but did not play","On matchday squad, but did not play","On matchday squad, but did not play","On matchday squad, but did not play","On matchday squad, but did not play","On matchday squad, but did not play","On matchday squad, but did not play","On matchday squad, but did not play","On matchday squad, but did not play","On matchday squad, but did not play","On matchday squad, but did not play","On matchday squad, but did not play","On matchday squad, but did not play","On matchday squad, but did not play","On matchday squad, but did not play","On matchday squad, but did not play","On matchday squad, but did not play","On matchday squad, but did not play","On matchday squad, but did not play","On matchday squad, but did not play","On matchday squad, but did not play",Match Report,"On matchday squad, but did not play","On matchday squad, but did not play","On matchday squad, but did not play","On matchday squad, but did not play","On matchday squad, but did not play","On matchday squad, but did not play","On matchday squad, but did not play","On matchday squad, but did not play","On matchday squad, but did not play","On matchday squad, but did not play","On matchday squad, but did not play","On matchday squad, but did not play","On matchday squad, but did not play","On matchday squad, but did not play","On matchday squad, but did not play","On matchday squad, but did not play","On matchday squad, but did not play","On matchday squad, but did not play","On matchday squad, but did not play","On matchday squad, but did not play","On matchday squad, but did not play","On matchday squad, but did not play","On matchday squad, but did not play","On matchday squad, but did not play","On matchday squad, but did not play","On matchday squad, but did not play","On matchday squad, but did not play","On matchday squad, but did not play","On matchday squad, but did not play","On matchday squad, but did not play","On matchday squad, but did not play","On matchday squad, but did not play","On matchday squad, but did not play","On matchday squad, but did not play","On matchday squad, but did not play","On matchday squad, but did not play","On matchday squad, but did not play","On matchday squad, but did not play","On matchday squad, but did not play","On matchday squad, but did not play","On matchday squad, but did not play","On matchday squad, but did not play","On matchday squad, but did not play","On matchday squad, but did not play","On matchday squad, but did not play","On matchday squad, but did not play","On matchday squad, but did not play","On matchday squad, but did not play","On matchday squad, but did not play","On matchday squad, but did not play","On matchday squad, but did not play","On matchday squad, but did not play","On matchday squad, but did not play","On matchday squad, but did not play","On matchday squad, but did not play","On matchday squad, but did not play","On matchday squad, but did not play","On matchday squad, but did not play","On matchday squad, but did not play","On matchday squad, but did not play","On matchday squad, but did not play","On matchday squad, but did not play","On matchday squad, but did not play","On matchday squad, but did not play","On matchday squad, but did not play","On matchday squad, but did not play","On matchday squad, but did not play","On matchday squad, but did not play","On matchday squad, but did not play","On matchday squad, but did not play","On matchday squad, but did not play","On matchday squad, but did not play","On matchday squad, but did not play","On matchday squad, but did not play","On matchday squad, but did not play","On matchday squad, but did not play","On matchday squad, but did not play","On matchday squad, but did not play","On matchday squad, but did not play","On matchday squad, but did not play","On matchday squad, but did not play","On matchday squad, but did not play","On matchday squad, but did not play","On matchday squad, but did not play","On matchday squad, but did not play","On matchday squad, but did not play","On matchday squad, but did not play","On matchday squad, but did not play","On matchday squad, but did not play",Everton,Harrison-Armstrong,de59e609
2024-10-05,Sat,Matchweek 7,Home,D 0–0,Everton,Newcastle Utd,N,"On matchday squad, but did not play","On matchday squad, but did not play","On matchday squad, but did not play","On matchday squad, but did not play","On matchday squad, but did not play","On matchday squad, but did not play","On matchday squad, but did not play","On matchday squad, but did not play","On matchday squad, but did not play","On matchday squad, but did not play","On matchday squad, but did not play","On matchday squad, but did not play","On matchday squad, but did not play","On matchday squad, but did not play","On matchday squad, but did not play","On matchday squad, but did not play","On matchday squad, but did not play","On matchday squad, but did not play","On matchday squad, but did not play","On matchday squad, but did not play","On matchday squad, but did not play","On matchday squad, but did not play","On matchday squad, but did not play","On matchday squad, but did not play","On matchday squad, but did not play","On matchday squad, but did not play","On matchday squad, but did not play",Match Report,"On matchday squad, but did not play","On matchday squad, but did not play","On matchday squad, but did not play","On matchday squad, but did not play","On matchday squad, but did not play","On matchday squad, but did not play","On matchday squad, but did not play","On matchday squad, but did not play","On matchday squad, but did not play","On matchday squad, but did not play","On matchday squad, but did not play","On matchday squad, but did not play","On matchday squad, but did not play","On matchday squad, but did not play","On matchday squad, but did not play","On matchday squad, but did not play","On matchday squad, but did not play","On matchday squad, but did not play","On matchday squad, but did not play","On matchday squad, but did not play","On matchday squad, but did not play","On matchday squad, but did not play","On matchday squad, but did not play","On matchday squad, but did not play","On matchday squad, but did not play","On matchday squad, but did not play","On matchday squad, but did not play","On matchday squad, but did not play","On matchday squad, but did not play","On matchday squad, but did not play","On matchday squad, but did not play","On matchday squad, but did not play","On matchday squad, but did not play","On matchday squad, but did not play","On matchday squad, but did not play","On matchday squad, but did not play","On matchday squad, but did not play","On matchday squad, but did not play","On matchday squad, but did not play","On matchday squad, but did not play","On matchday squad, but did not play","On matchday squad, but did not play","On matchday squad, but did not play","On matchday squad, but did not play","On matchday squad, but did not play","On matchday squad, but did not play","On matchday squad, but did not play","On matchday squad, but did not play","On matchday squad, but did not play","On matchday squad, but did not play","On matchday squad, but did not play","On matchday squad, but did not play","On matchday squad, but did not play","On matchday squad, but did not play","On matchday squad, but did not play","On matchday squad, but did not play","On matchday squad, but did not play","On matchday squad, but did not play","On matchday squad, but did not play","On matchday squad, but did not play","On matchday squad, but did not play","On matchday squad, but did not play","On matchday squad, but did not play","On matchday squad, but did not play","On matchday squad, but did not play","On matchday squad, but did not play","On matchday squad, but did not play","On matchday squad, but did not play","On matchday squad, but did not play","On matchday squad, but did not play","On matchday squad, but did not play","On matchday squad, but did not play","On matchday squad, but did not play","On matchday squad, but did not play","On matchday squad, but did not play","On matchday squad, but did not play","On matchday squad, but did not play","On matchday squad, but did not play","On matchday squad, but did not play","On matchday squad, but did not play","On matchday squad, but did not play","On matchday squad, but did not play","On matchday squad, but did not play","On matchday squad, but did not play","On matchday squad, but did not play","On matchday squad, but did not play","On matchday squad, but did not play","On matchday squad, but did not play","On matchday squad, but did not play",Everton,Harrison-Armstrong,de59e609
2024-10-19,Sat,Matchweek 8,Away,W 2–0,Everton,Ipswich Town,N,"On matchday squad, but did not play","On matchday squad, but did not play","On matchday squad, but did not play","On matchday squad, but did not play","On matchday squad, but did not play","On matchday squad, but did not play","On matchday squad, but did not play","On matchday squad, but did not play","On matchday squad, but did not play","On matchday squad, but did not play","On matchday squad, but did not play","On matchday squad, but did not play","On matchday squad, but did not play","On matchday squad, but did not play","On matchday squad, but did not play","On matchday squad, but did not play","On matchday squad, but did not play","On matchday squad, but did not play","On matchday squad, but did not play","On matchday squad, but did not play","On matchday squad, but did not play","On matchday squad, but did not play","On matchday squad, but did not play","On matchday squad, but did not play","On matchday squad, but did not play","On matchday squad, but did not play","On matchday squad, but did not play",Match Report,"On matchday squad, but did not play","On matchday squad, but did not play","On matchday squad, but did not play","On matchday squad, but did not play","On matchday squad, but did not play","On matchday squad, but did not play","On matchday squad, but did not play","On matchday squad, but did not play","On matchday squad, but did not play","On matchday squad, but did not play","On matchday squad, but did not play","On matchday squad, but did not play","On matchday squad, but did not play","On matchday squad, but did not play","On matchday squad, but did not play","On matchday squad, but did not play","On matchday squad, but did not play","On matchday squad, but did not play","On matchday squad, but did not play","On matchday squad, but did not play","On matchday squad, but did not play","On matchday squad, but did not play","On matchday squad, but did not play","On matchday squad, but did not play","On matchday squad, but did not play","On matchday squad, but did not play","On matchday squad, but did not play","On matchday squad, but did not play","On matchday squad, but did not play","On matchday squad, but did not play","On matchday squad, but did not play","On matchday squad, but did not play","On matchday squad, but did not play","On matchday squad, but did not play","On matchday squad, but did not play","On matchday squad, but did not play","On matchday squad, but did not play","On matchday squad, but did not play","On matchday squad, but did not play","On matchday squad, but did not play","On matchday squad, but did not play","On matchday squad, but did not play","On matchday squad, but did not play","On matchday squad, but did not play","On matchday squad, but did not play","On matchday squad, but did not play","On matchday squad, but did not play","On matchday squad, but did not play","On matchday squad, but did not play","On matchday squad, but did not play","On matchday squad, but did not play","On matchday squad, but did not play","On matchday squad, but did not play","On matchday squad, but did not play","On matchday squad, but did not play","On matchday squad, but did not play","On matchday squad, but did not play","On matchday squad, but did not play","On matchday squad, but did not play","On matchday squad, but did not play","On matchday squad, but did not play","On matchday squad, but did not play","On matchday squad, but did not play","On matchday squad, but did not play","On matchday squad, but did not play","On matchday squad, but did not play","On matchday squad, but did not play","On matchday squad, but did not play","On matchday squad, but did not play","On matchday squad, but did not play","On matchday squad, but did not play","On matchday squad, but did not play","On matchday squad, but did not play","On matchday squad, but did not play","On matchday squad, but did not play","On matchday squad, but did not play","On matchday squad, but did not play","On matchday squad, but did not play","On matchday squad, but did not play","On matchday squad, but did not play","On matchday squad, but did not play","On matchday squad, but did not play","On matchday squad, but did not play","On matchday squad, but did not play","On matchday squad, but did not play","On matchday squad, but did not play","On matchday squad, but did not play","On matchday squad, but did not play","On matchday squad, but did not play",Everton,Harrison-Armstrong,de59e609
2024-10-26,Sat,Matchweek 9,Home,D 1–1,Everton,Fulham,N,"On matchday squad, but did not play","On matchday squad, but did not play","On matchday squad, but did not play","On matchday squad, but did not play","On matchday squad, but did not play","On matchday squad, but did not play","On matchday squad, but did not play","On matchday squad, but did not play","On matchday squad, but did not play","On matchday squad, but did not play","On matchday squad, but did not play","On matchday squad, but did not play","On matchday squad, but did not play","On matchday squad, but did not play","On matchday squad, but did not play","On matchday squad, but did not play","On matchday squad, but did not play","On matchday squad, but did not play","On matchday squad, but did not play","On matchday squad, but did not play","On matchday squad, but did not play","On matchday squad, but did not play","On matchday squad, but did not play","On matchday squad, but did not play","On matchday squad, but did not play","On matchday squad, but did not play","On matchday squad, but did not play",Match Report,"On matchday squad, but did not play","On matchday squad, but did not play","On matchday squad, but did not play","On matchday squad, but did not play","On matchday squad, but did not play","On matchday squad, but did not play","On matchday squad, but did not play","On matchday squad, but did not play","On matchday squad, but did not play","On matchday squad, but did not play","On matchday squad, but did not play","On matchday squad, but did not play","On matchday squad, but did not play","On matchday squad, but did not play","On matchday squad, but did not play","On matchday squad, but did not play","On matchday squad, but did not play","On matchday squad, but did not play","On matchday squad, but did not play","On matchday squad, but did not play","On matchday squad, but did not play","On matchday squad, but did not play","On matchday squad, but did not play","On matchday squad, but did not play","On matchday squad, but did not play","On matchday squad, but did not play","On matchday squad, but did not play","On matchday squad, but did not play","On matchday squad, but did not play","On matchday squad, but did not play","On matchday squad, but did not play","On matchday squad, but did not play","On matchday squad, but did not play","On matchday squad, but did not play","On matchday squad, but did not play","On matchday squad, but did not play","On matchday squad, but did not play","On matchday squad, but did not play","On matchday squad, but did not play","On matchday squad, but did not play","On matchday squad, but did not play","On matchday squad, but did not play","On matchday squad, but did not play","On matchday squad, but did not play","On matchday squad, but did not play","On matchday squad, but did not play","On matchday squad, but did not play","On matchday squad, but did not play","On matchday squad, but did not play","On matchday squad, but did not play","On matchday squad, but did not play","On matchday squad, but did not play","On matchday squad, but did not play","On matchday squad, but did not play","On matchday squad, but did not play","On matchday squad, but did not play","On matchday squad, but did not play","On matchday squad, but did not play","On matchday squad, but did not play","On matchday squad, but did not play","On matchday squad, but did not play","On matchday squad, but did not play","On matchday squad, but did not play","On matchday squad, but did not play","On matchday squad, but did not play","On matchday squad, but did not play","On matchday squad, but did not play","On matchday squad, but did not play","On matchday squad, but did not play","On matchday squad, but did not play","On matchday squad, but did not play","On matchday squad, but did not play","On matchday squad, but did not play","On matchday squad, but did not play","On matchday squad, but did not play","On matchday squad, but did not play","On matchday squad, but did not play","On matchday squad, but did not play","On matchday squad, but did not play","On matchday squad, but did not play","On matchday squad, but did not play","On matchday squad, but did not play","On matchday squad, but did not play","On matchday squad, but did not play","On matchday squad, but did not play","On matchday squad, but did not play","On matchday squad, but did not play","On matchday squad, but did not play","On matchday squad, but did not play",Everton,Harrison-Armstrong,de59e609
2024-11-02,Sat,Matchweek 10,Away,L 0–1,Everton,Southampton,N,"On matchday squad, but did not play","On matchday squad, but did not play","On matchday squad, but did not play","On matchday squad, but did not play","On matchday squad, but did not play","On matchday squad, but did not play","On matchday squad, but did not play","On matchday squad, but did not play","On matchday squad, but did not play","On matchday squad, but did not play","On matchday squad, but did not play","On matchday squad, but did not play","On matchday squad, but did not play","On matchday squad, but did not play","On matchday squad, but did not play","On matchday squad, but did not play","On matchday squad, but did not play","On matchday squad, but did not play","On matchday squad, but did not play","On matchday squad, but did not play","On matchday squad, but did not play","On matchday squad, but did not play","On matchday squad, but did not play","On matchday squad, but did not play","On matchday squad, but did not play","On matchday squad, but did not play","On matchday squad, but did not play",Match Report,"On matchday squad, but did not play","On matchday squad, but did not play","On matchday squad, but did not play","On matchday squad, but did not play","On matchday squad, but did not play","On matchday squad, but did not play","On matchday squad, but did not play","On matchday squad, but did not play","On matchday squad, but did not play","On matchday squad, but did not play","On matchday squad, but did not play","On matchday squad, but did not play","On matchday squad, but did not play","On matchday squad, but did not play","On matchday squad, but did not play","On matchday squad, but did not play","On matchday squad, but did not play","On matchday squad, but did not play","On matchday squad, but did not play","On matchday squad, but did not play","On matchday squad, but did not play","On matchday squad, but did not play","On matchday squad, but did not play","On matchday squad, but did not play","On matchday squad, but did not play","On matchday squad, but did not play","On matchday squad, but did not play","On matchday squad, but did not play","On matchday squad, but did not play","On matchday squad, but did not play","On matchday squad, but did not play","On matchday squad, but did not play","On matchday squad, but did not play","On matchday squad, but did not play","On matchday squad, but did not play","On matchday squad, but did not play","On matchday squad, but did not play","On matchday squad, but did not play","On matchday squad, but did not play","On matchday squad, but did not play","On matchday squad, but did not play","On matchday squad, but did not play","On matchday squad, but did not play","On matchday squad, but did not play","On matchday squad, but did not play","On matchday squad, but did not play","On matchday squad, but did not play","On matchday squad, but did not play","On matchday squad, but did not play","On matchday squad, but did not play","On matchday squad, but did not play","On matchday squad, but did not play","On matchday squad, but did not play","On matchday squad, but did not play","On matchday squad, but did not play","On matchday squad, but did not play","On matchday squad, but did not play","On matchday squad, but did not play","On matchday squad, but did not play","On matchday squad, but did not play","On matchday squad, but did not play","On matchday squad, but did not play","On matchday squad, but did not play","On matchday squad, but did not play","On matchday squad, but did not play","On matchday squad, but did not play","On matchday squad, but did not play","On matchday squad, but did not play","On matchday squad, but did not play","On matchday squad, but did not play","On matchday squad, but did not play","On matchday squad, but did not play","On matchday squad, but did not play","On matchday squad, but did not play","On matchday squad, but did not play","On matchday squad, but did not play","On matchday squad, but did not play","On matchday squad, but did not play","On matchday squad, but did not play","On matchday squad, but did not play","On matchday squad, but did not play","On matchday squad, but did not play","On matchday squad, but did not play","On matchday squad, but did not play","On matchday squad, but did not play","On matchday squad, but did not play","On matchday squad, but did not play","On matchday squad, but did not play","On matchday squad, but did not play",Everton,Harrison-Armstrong,de59e609
2024-11-09,Sat,Matchweek 11,Away,D 0–0,Everton,West Ham,N,"On matchday squad, but did not play","On matchday squad, but did not play","On matchday squad, but did not play","On matchday squad, but did not play","On matchday squad, but did not play","On matchday squad, but did not play","On matchday squad, but did not play","On matchday squad, but did not play","On matchday squad, but did not play","On matchday squad, but did not play","On matchday squad, but did not play","On matchday squad, but did not play","On matchday squad, but did not play","On matchday squad, but did not play","On matchday squad, but did not play","On matchday squad, but did not play","On matchday squad, but did not play","On matchday squad, but did not play","On matchday squad, but did not play","On matchday squad, but did not play","On matchday squad, but did not play","On matchday squad, but did not play","On matchday squad, but did not play","On matchday squad, but did not play","On matchday squad, but did not play","On matchday squad, but did not play","On matchday squad, but did not play",Match Report,"On matchday squad, but did not play","On matchday squad, but did not play","On matchday squad, but did not play","On matchday squad, but did not play","On matchday squad, but did not play","On matchday squad, but did not play","On matchday squad, but did not play","On matchday squad, but did not play","On matchday squad, but did not play","On matchday squad, but did not play","On matchday squad, but did not play","On matchday squad, but did not play","On matchday squad, but did not play","On matchday squad, but did not play","On matchday squad, but did not play","On matchday squad, but did not play","On matchday squad, but did not play","On matchday squad, but did not play","On matchday squad, but did not play","On matchday squad, but did not play","On matchday squad, but did not play","On matchday squad, but did not play","On matchday squad, but did not play","On matchday squad, but did not play","On matchday squad, but did not play","On matchday squad, but did not play","On matchday squad, but did not play","On matchday squad, but did not play","On matchday squad, but did not play","On matchday squad, but did not play","On matchday squad, but did not play","On matchday squad, but did not play","On matchday squad, but did not play","On matchday squad, but did not play","On matchday squad, but did not play","On matchday squad, but did not play","On matchday squad, but did not play","On matchday squad, but did not play","On matchday squad, but did not play","On matchday squad, but did not play","On matchday squad, but did not play","On matchday squad, but did not play","On matchday squad, but did not play","On matchday squad, but did not play","On matchday squad, but did not play","On matchday squad, but did not play","On matchday squad, but did not play","On matchday squad, but did not play","On matchday squad, but did not play","On matchday squad, but did not play","On matchday squad, but did not play","On matchday squad, but did not play","On matchday squad, but did not play","On matchday squad, but did not play","On matchday squad, but did not play","On matchday squad, but did not play","On matchday squad, but did not play","On matchday squad, but did not play","On matchday squad, but did not play","On matchday squad, but did not play","On matchday squad, but did not play","On matchday squad, but did not play","On matchday squad, but did not play","On matchday squad, but did not play","On matchday squad, but did not play","On matchday squad, but did not play","On matchday squad, but did not play","On matchday squad, but did not play","On matchday squad, but did not play","On matchday squad, but did not play","On matchday squad, but did not play","On matchday squad, but did not play","On matchday squad, but did not play","On matchday squad, but did not play","On matchday squad, but did not play","On matchday squad, but did not play","On matchday squad, but did not play","On matchday squad, but did not play","On matchday squad, but did not play","On matchday squad, but did not play","On matchday squad, but did not play","On matchday squad, but did not play","On matchday squad, but did not play","On matchday squad, but did not play","On matchday squad, but did not play","On matchday squad, but did not play","On matchday squad, but did not play","On matchday squad, but did not play","On matchday squad, but did not play",Everton,Harrison-Armstrong,de59e609
2024-11-23,Sat,Matchweek 12,Home,D 0–0,Everton,Brentford,N,"On matchday squad, but did not play","On matchday squad, but did not play","On matchday squad, but did not play","On matchday squad, but did not play","On matchday squad, but did not play","On matchday squad, but did not play","On matchday squad, but did not play","On matchday squad, but did not play","On matchday squad, but did not play","On matchday squad, but did not play","On matchday squad, but did not play","On matchday squad, but did not play","On matchday squad, but did not play","On matchday squad, but did not play","On matchday squad, but did not play","On matchday squad, but did not play","On matchday squad, but did not play","On matchday squad, but did not play","On matchday squad, but did not play","On matchday squad, but did not play","On matchday squad, but did not play","On matchday squad, but did not play","On matchday squad, but did not play","On matchday squad, but did not play","On matchday squad, but did not play","On matchday squad, but did not play","On matchday squad, but did not play",Match Report,"On matchday squad, but did not play","On matchday squad, but did not play","On matchday squad, but did not play","On matchday squad, but did not play","On matchday squad, but did not play","On matchday squad, but did not play","On matchday squad, but did not play","On matchday squad, but did not play","On matchday squad, but did not play","On matchday squad, but did not play","On matchday squad, but did not play","On matchday squad, but did not play","On matchday squad, but did not play","On matchday squad, but did not play","On matchday squad, but did not play","On matchday squad, but did not play","On matchday squad, but did not play","On matchday squad, but did not play","On matchday squad, but did not play","On matchday squad, but did not play","On matchday squad, but did not play","On matchday squad, but did not play","On matchday squad, but did not play","On matchday squad, but did not play","On matchday squad, but did not play","On matchday squad, but did not play","On matchday squad, but did not play","On matchday squad, but did not play","On matchday squad, but did not play","On matchday squad, but did not play","On matchday squad, but did not play","On matchday squad, but did not play","On matchday squad, but did not play","On matchday squad, but did not play","On matchday squad, but did not play","On matchday squad, but did not play","On matchday squad, but did not play","On matchday squad, but did not play","On matchday squad, but did not play","On matchday squad, but did not play","On matchday squad, but did not play","On matchday squad, but did not play","On matchday squad, but did not play","On matchday squad, but did not play","On matchday squad, but did not play","On matchday squad, but did not play","On matchday squad, but did not play","On matchday squad, but did not play","On matchday squad, but did not play","On matchday squad, but did not play","On matchday squad, but did not play","On matchday squad, but did not play","On matchday squad, but did not play","On matchday squad, but did not play","On matchday squad, but did not play","On matchday squad, but did not play","On matchday squad, but did not play","On matchday squad, but did not play","On matchday squad, but did not play","On matchday squad, but did not play","On matchday squad, but did not play","On matchday squad, but did not play","On matchday squad, but did not play","On matchday squad, but did not play","On matchday squad, but did not play","On matchday squad, but did not play","On matchday squad, but did not play","On matchday squad, but did not play","On matchday squad, but did not play","On matchday squad, but did not play","On matchday squad, but did not play","On matchday squad, but did not play","On matchday squad, but did not play","On matchday squad, but did not play","On matchday squad, but did not play","On matchday squad, but did not play","On matchday squad, but did not play","On matchday squad, but did not play","On matchday squad, but did not play","On matchday squad, but did not play","On matchday squad, but did not play","On matchday squad, but did not play","On matchday squad, but did not play","On matchday squad, but did not play","On matchday squad, but did not play","On matchday squad, but did not play","On matchday squad, but did not play","On matchday squad, but did not play","On matchday squad, but did not play",Everton,Harrison-Armstrong,de59e609
2024-12-01,Sun,Matchweek 13,Away,L 0–4,Everton,Manchester Utd,N,"On matchday squad, but did not play","On matchday squad, but did not play","On matchday squad, but did not play","On matchday squad, but did not play","On matchday squad, but did not play","On matchday squad, but did not play","On matchday squad, but did not play","On matchday squad, but did not play","On matchday squad, but did not play","On matchday squad, but did not play","On matchday squad, but did not play","On matchday squad, but did not play","On matchday squad, but did not play","On matchday squad, but did not play","On matchday squad, but did not play","On matchday squad, but did not play","On matchday squad, but did not play","On matchday squad, but did not play","On matchday squad, but did not play","On matchday squad, but did not play","On matchday squad, but did not play","On matchday squad, but did not play","On matchday squad, but did not play","On matchday squad, but did not play","On matchday squad, but did not play","On matchday squad, but did not play","On matchday squad, but did not play",Match Report,"On matchday squad, but did not play","On matchday squad, but did not play","On matchday squad, but did not play","On matchday squad, but did not play","On matchday squad, but did not play","On matchday squad, but did not play","On matchday squad, but did not play","On matchday squad, but did not play","On matchday squad, but did not play","On matchday squad, but did not play","On matchday squad, but did not play","On matchday squad, but did not play","On matchday squad, but did not play","On matchday squad, but did not play","On matchday squad, but did not play","On matchday squad, but did not play","On matchday squad, but did not play","On matchday squad, but did not play","On matchday squad, but did not play","On matchday squad, but did not play","On matchday squad, but did not play","On matchday squad, but did not play","On matchday squad, but did not play","On matchday squad, but did not play","On matchday squad, but did not play","On matchday squad, but did not play","On matchday squad, but did not play","On matchday squad, but did not play","On matchday squad, but did not play","On matchday squad, but did not play","On matchday squad, but did not play","On matchday squad, but did not play","On matchday squad, but did not play","On matchday squad, but did not play","On matchday squad, but did not play","On matchday squad, but did not play","On matchday squad, but did not play","On matchday squad, but did not play","On matchday squad, but did not play","On matchday squad, but did not play","On matchday squad, but did not play","On matchday squad, but did not play","On matchday squad, but did not play","On matchday squad, but did not play","On matchday squad, but did not play","On matchday squad, but did not play","On matchday squad, but did not play","On matchday squad, but did not play","On matchday squad, but did not play","On matchday squad, but did not play","On matchday squad, but did not play","On matchday squad, but did not play","On matchday squad, but did not play","On matchday squad, but did not play","On matchday squad, but did not play","On matchday squad, but did not play","On matchday squad, but did not play","On matchday squad, but did not play","On matchday squad, but did not play","On matchday squad, but did not play","On matchday squad, but did not play","On matchday squad, but did not play","On matchday squad, but did not play","On matchday squad, but did not play","On matchday squad, but did not play","On matchday squad, but did not play","On matchday squad, but did not play","On matchday squad, but did not play","On matchday squad, but did not play","On matchday squad, but did not play","On matchday squad, but did not play","On matchday squad, but did not play","On matchday squad, but did not play","On matchday squad, but did not play","On matchday squad, but did not play","On matchday squad, but did not play","On matchday squad, but did not play","On matchday squad, but did not play","On matchday squad, but did not play","On matchday squad, but did not play","On matchday squad, but did not play","On matchday squad, but did not play","On matchday squad, but did not play","On matchday squad, but did not play","On matchday squad, but did not play","On matchday squad, but did not play","On matchday squad, but did not play","On matchday squad, but did not play","On matchday squad, but did not play",Everton,Harrison-Armstrong,de59e609
2024-12-04,Wed,Matchweek 14,Home,W 4–0,Everton,Wolves,N,DM,2,0,0,0,0,0,0,1,0,1,0,0,0,0.0,0.0,0.0,0,0,1,1,100.0,0,2,0,0,0,Match Report,1,1,100.0,31,0,0,0,,0,0,,1,1,100.0,0,0.0,0.0,0,0,0,0,0,1,1,0,0,0,0,0,0,0,0,0,0,1,0,0,0,0,0,0,0,0,0,0,0,0,0,0,0,0,1,0,0,1,0,0,1,0,0,,0,,2,5,0,0,0,0,0,1,2,0,0,0,0,0,0,0,0,,0,0,0,0,0,0,0,0,Everton,Harrison-Armstrong,de59e609
2024-12-14,Sat,Matchweek 16,Away,D 0–0,Everton,Arsenal,N,"On matchday squad, but did not play","On matchday squad, but did not play","On matchday squad, but did not play","On matchday squad, but did not play","On matchday squad, but did not play","On matchday squad, but did not play","On matchday squad, but did not play","On matchday squad, but did not play","On matchday squad, but did not play","On matchday squad, but did not play","On matchday squad, but did not play","On matchday squad, but did not play","On matchday squad, but did not play","On matchday squad, but did not play","On matchday squad, but did not play","On matchday squad, but did not play","On matchday squad, but did not play","On matchday squad, but did not play","On matchday squad, but did not play","On matchday squad, but did not play","On matchday squad, but did not play","On matchday squad, but did not play","On matchday squad, but did not play","On matchday squad, but did not play","On matchday squad, but did not play","On matchday squad, but did not play","On matchday squad, but did not play",Match Report,"On matchday squad, but did not play","On matchday squad, but did not play","On matchday squad, but did not play","On matchday squad, but did not play","On matchday squad, but did not play","On matchday squad, but did not play","On matchday squad, but did not play","On matchday squad, but did not play","On matchday squad, but did not play","On matchday squad, but did not play","On matchday squad, but did not play","On matchday squad, but did not play","On matchday squad, but did not play","On matchday squad, but did not play","On matchday squad, but did not play","On matchday squad, but did not play","On matchday squad, but did not play","On matchday squad, but did not play","On matchday squad, but did not play","On matchday squad, but did not play","On matchday squad, but did not play","On matchday squad, but did not play","On matchday squad, but did not play","On matchday squad, but did not play","On matchday squad, but did not play","On matchday squad, but did not play","On matchday squad, but did not play","On matchday squad, but did not play","On matchday squad, but did not play","On matchday squad, but did not play","On matchday squad, but did not play","On matchday squad, but did not play","On matchday squad, but did not play","On matchday squad, but did not play","On matchday squad, but did not play","On matchday squad, but did not play","On matchday squad, but did not play","On matchday squad, but did not play","On matchday squad, but did not play","On matchday squad, but did not play","On matchday squad, but did not play","On matchday squad, but did not play","On matchday squad, but did not play","On matchday squad, but did not play","On matchday squad, but did not play","On matchday squad, but did not play","On matchday squad, but did not play","On matchday squad, but did not play","On matchday squad, but did not play","On matchday squad, but did not play","On matchday squad, but did not play","On matchday squad, but did not play","On matchday squad, but did not play","On matchday squad, but did not play","On matchday squad, but did not play","On matchday squad, but did not play","On matchday squad, but did not play","On matchday squad, but did not play","On matchday squad, but did not play","On matchday squad, but did not play","On matchday squad, but did not play","On matchday squad, but did not play","On matchday squad, but did not play","On matchday squad, but did not play","On matchday squad, but did not play","On matchday squad, but did not play","On matchday squad, but did not play","On matchday squad, but did not play","On matchday squad, but did not play","On matchday squad, but did not play","On matchday squad, but did not play","On matchday squad, but did not play","On matchday squad, but did not play","On matchday squad, but did not play","On matchday squad, but did not play","On matchday squad, but did not play","On matchday squad, but did not play","On matchday squad, but did not play","On matchday squad, but did not play","On matchday squad, but did not play","On matchday squad, but did not play","On matchday squad, but did not play","On matchday squad, but did not play","On matchday squad, but did not play","On matchday squad, but did not play","On matchday squad, but did not play","On matchday squad, but did not play","On matchday squad, but did not play","On matchday squad, but did not play",Everton,Harrison-Armstrong,de59e609
2024-12-22,Sun,Matchweek 17,Home,D 0–0,Everton,Chelsea,N,"On matchday squad, but did not play","On matchday squad, but did not play","On matchday squad, but did not play","On matchday squad, but did not play","On matchday squad, but did not play","On matchday squad, but did not play","On matchday squad, but did not play","On matchday squad, but did not play","On matchday squad, but did not play","On matchday squad, but did not play","On matchday squad, but did not play","On matchday squad, but did not play","On matchday squad, but did not play","On matchday squad, but did not play","On matchday squad, but did not play","On matchday squad, but did not play","On matchday squad, but did not play","On matchday squad, but did not play","On matchday squad, but did not play","On matchday squad, but did not play","On matchday squad, but did not play","On matchday squad, but did not play","On matchday squad, but did not play","On matchday squad, but did not play","On matchday squad, but did not play","On matchday squad, but did not play","On matchday squad, but did not play",Match Report,"On matchday squad, but did not play","On matchday squad, but did not play","On matchday squad, but did not play","On matchday squad, but did not play","On matchday squad, but did not play","On matchday squad, but did not play","On matchday squad, but did not play","On matchday squad, but did not play","On matchday squad, but did not play","On matchday squad, but did not play","On matchday squad, but did not play","On matchday squad, but did not play","On matchday squad, but did not play","On matchday squad, but did not play","On matchday squad, but did not play","On matchday squad, but did not play","On matchday squad, but did not play","On matchday squad, but did not play","On matchday squad, but did not play","On matchday squad, but did not play","On matchday squad, but did not play","On matchday squad, but did not play","On matchday squad, but did not play","On matchday squad, but did not play","On matchday squad, but did not play","On matchday squad, but did not play","On matchday squad, but did not play","On matchday squad, but did not play","On matchday squad, but did not play","On matchday squad, but did not play","On matchday squad, but did not play","On matchday squad, but did not play","On matchday squad, but did not play","On matchday squad, but did not play","On matchday squad, but did not play","On matchday squad, but did not play","On matchday squad, but did not play","On matchday squad, but did not play","On matchday squad, but did not play","On matchday squad, but did not play","On matchday squad, but did not play","On matchday squad, but did not play","On matchday squad, but did not play","On matchday squad, but did not play","On matchday squad, but did not play","On matchday squad, but did not play","On matchday squad, but did not play","On matchday squad, but did not play","On matchday squad, but did not play","On matchday squad, but did not play","On matchday squad, but did not play","On matchday squad, but did not play","On matchday squad, but did not play","On matchday squad, but did not play","On matchday squad, but did not play","On matchday squad, but did not play","On matchday squad, but did not play","On matchday squad, but did not play","On matchday squad, but did not play","On matchday squad, but did not play","On matchday squad, but did not play","On matchday squad, but did not play","On matchday squad, but did not play","On matchday squad, but did not play","On matchday squad, but did not play","On matchday squad, but did not play","On matchday squad, but did not play","On matchday squad, but did not play","On matchday squad, but did not play","On matchday squad, but did not play","On matchday squad, but did not play","On matchday squad, but did not play","On matchday squad, but did not play","On matchday squad, but did not play","On matchday squad, but did not play","On matchday squad, but did not play","On matchday squad, but did not play","On matchday squad, but did not play","On matchday squad, but did not play","On matchday squad, but did not play","On matchday squad, but did not play","On matchday squad, but did not play","On matchday squad, but did not play","On matchday squad, but did not play","On matchday squad, but did not play","On matchday squad, but did not play","On matchday squad, but did not play","On matchday squad, but did not play","On matchday squad, but did not play",Everton,Harrison-Armstrong,de59e609
2024-12-26,Thu,Matchweek 18,Away,D 1–1,Everton,Manchester City,N,"On matchday squad, but did not play","On matchday squad, but did not play","On matchday squad, but did not play","On matchday squad, but did not play","On matchday squad, but did not play","On matchday squad, but did not play","On matchday squad, but did not play","On matchday squad, but did not play","On matchday squad, but did not play","On matchday squad, but did not play","On matchday squad, but did not play","On matchday squad, but did not play","On matchday squad, but did not play","On matchday squad, but did not play","On matchday squad, but did not play","On matchday squad, but did not play","On matchday squad, but did not play","On matchday squad, but did not play","On matchday squad, but did not play","On matchday squad, but did not play","On matchday squad, but did not play","On matchday squad, but did not play","On matchday squad, but did not play","On matchday squad, but did not play","On matchday squad, but did not play","On matchday squad, but did not play","On matchday squad, but did not play",Match Report,"On matchday squad, but did not play","On matchday squad, but did not play","On matchday squad, but did not play","On matchday squad, but did not play","On matchday squad, but did not play","On matchday squad, but did not play","On matchday squad, but did not play","On matchday squad, but did not play","On matchday squad, but did not play","On matchday squad, but did not play","On matchday squad, but did not play","On matchday squad, but did not play","On matchday squad, but did not play","On matchday squad, but did not play","On matchday squad, but did not play","On matchday squad, but did not play","On matchday squad, but did not play","On matchday squad, but did not play","On matchday squad, but did not play","On matchday squad, but did not play","On matchday squad, but did not play","On matchday squad, but did not play","On matchday squad, but did not play","On matchday squad, but did not play","On matchday squad, but did not play","On matchday squad, but did not play","On matchday squad, but did not play","On matchday squad, but did not play","On matchday squad, but did not play","On matchday squad, but did not play","On matchday squad, but did not play","On matchday squad, but did not play","On matchday squad, but did not play","On matchday squad, but did not play","On matchday squad, but did not play","On matchday squad, but did not play","On matchday squad, but did not play","On matchday squad, but did not play","On matchday squad, but did not play","On matchday squad, but did not play","On matchday squad, but did not play","On matchday squad, but did not play","On matchday squad, but did not play","On matchday squad, but did not play","On matchday squad, but did not play","On matchday squad, but did not play","On matchday squad, but did not play","On matchday squad, but did not play","On matchday squad, but did not play","On matchday squad, but did not play","On matchday squad, but did not play","On matchday squad, but did not play","On matchday squad, but did not play","On matchday squad, but did not play","On matchday squad, but did not play","On matchday squad, but did not play","On matchday squad, but did not play","On matchday squad, but did not play","On matchday squad, but did not play","On matchday squad, but did not play","On matchday squad, but did not play","On matchday squad, but did not play","On matchday squad, but did not play","On matchday squad, but did not play","On matchday squad, but did not play","On matchday squad, but did not play","On matchday squad, but did not play","On matchday squad, but did not play","On matchday squad, but did not play","On matchday squad, but did not play","On matchday squad, but did not play","On matchday squad, but did not play","On matchday squad, but did not play","On matchday squad, but did not play","On matchday squad, but did not play","On matchday squad, but did not play","On matchday squad, but did not play","On matchday squad, but did not play","On matchday squad, but did not play","On matchday squad, but did not play","On matchday squad, but did not play","On matchday squad, but did not play","On matchday squad, but did not play","On matchday squad, but did not play","On matchday squad, but did not play","On matchday squad, but did not play","On matchday squad, but did not play","On matchday squad, but did not play","On matchday squad, but did not play",Everton,Harrison-Armstrong,de59e609
2024-12-29,Sun,Matchweek 19,Home,L 0–2,Everton,Nott'ham Forest,N,"On matchday squad, but did not play","On matchday squad, but did not play","On matchday squad, but did not play","On matchday squad, but did not play","On matchday squad, but did not play","On matchday squad, but did not play","On matchday squad, but did not play","On matchday squad, but did not play","On matchday squad, but did not play","On matchday squad, but did not play","On matchday squad, but did not play","On matchday squad, but did not play","On matchday squad, but did not play","On matchday squad, but did not play","On matchday squad, but did not play","On matchday squad, but did not play","On matchday squad, but did not play","On matchday squad, but did not play","On matchday squad, but did not play","On matchday squad, but did not play","On matchday squad, but did not play","On matchday squad, but did not play","On matchday squad, but did not play","On matchday squad, but did not play","On matchday squad, but did not play","On matchday squad, but did not play","On matchday squad, but did not play",Match Report,"On matchday squad, but did not play","On matchday squad, but did not play","On matchday squad, but did not play","On matchday squad, but did not play","On matchday squad, but did not play","On matchday squad, but did not play","On matchday squad, but did not play","On matchday squad, but did not play","On matchday squad, but did not play","On matchday squad, but did not play","On matchday squad, but did not play","On matchday squad, but did not play","On matchday squad, but did not play","On matchday squad, but did not play","On matchday squad, but did not play","On matchday squad, but did not play","On matchday squad, but did not play","On matchday squad, but did not play","On matchday squad, but did not play","On matchday squad, but did not play","On matchday squad, but did not play","On matchday squad, but did not play","On matchday squad, but did not play","On matchday squad, but did not play","On matchday squad, but did not play","On matchday squad, but did not play","On matchday squad, but did not play","On matchday squad, but did not play","On matchday squad, but did not play","On matchday squad, but did not play","On matchday squad, but did not play","On matchday squad, but did not play","On matchday squad, but did not play","On matchday squad, but did not play","On matchday squad, but did not play","On matchday squad, but did not play","On matchday squad, but did not play","On matchday squad, but did not play","On matchday squad, but did not play","On matchday squad, but did not play","On matchday squad, but did not play","On matchday squad, but did not play","On matchday squad, but did not play","On matchday squad, but did not play","On matchday squad, but did not play","On matchday squad, but did not play","On matchday squad, but did not play","On matchday squad, but did not play","On matchday squad, but did not play","On matchday squad, but did not play","On matchday squad, but did not play","On matchday squad, but did not play","On matchday squad, but did not play","On matchday squad, but did not play","On matchday squad, but did not play","On matchday squad, but did not play","On matchday squad, but did not play","On matchday squad, but did not play","On matchday squad, but did not play","On matchday squad, but did not play","On matchday squad, but did not play","On matchday squad, but did not play","On matchday squad, but did not play","On matchday squad, but did not play","On matchday squad, but did not play","On matchday squad, but did not play","On matchday squad, but did not play","On matchday squad, but did not play","On matchday squad, but did not play","On matchday squad, but did not play","On matchday squad, but did not play","On matchday squad, but did not play","On matchday squad, but did not play","On matchday squad, but did not play","On matchday squad, but did not play","On matchday squad, but did not play","On matchday squad, but did not play","On matchday squad, but did not play","On matchday squad, but did not play","On matchday squad, but did not play","On matchday squad, but did not play","On matchday squad, but did not play","On matchday squad, but did not play","On matchday squad, but did not play","On matchday squad, but did not play","On matchday squad, but did not play","On matchday squad, but did not play","On matchday squad, but did not play","On matchday squad, but did not play",Everton,Harrison-Armstrong,de59e609
2025-01-04,Sat,Matchweek 20,Away,L 0–1,Everton,Bournemouth,N,"AM,CM",45,0,0,0,0,1,0,0,0,15,0,0,0,0.4,0.4,0.1,1,0,5,10,50.0,1,10,1,1,1,Match Report,5,10,50.0,95,15,3,4,75.0,1,3,33.3,1,2,50.0,0,0.1,0.0,1,1,0,0,1,10,9,1,0,0,0,0,0,0,0,0,0,5,0,0,1,1,0,0,0,0,0,0,0,0,0,0,0,0,15,0,3,9,5,1,15,1,1,100.0,0,0.0,10,96,43,1,2,0,2,2,8,0,0,0,0,0,0,0,0,,0,0,0,0,0,0,1,0,Everton,Harrison-Armstrong,de59e609
2025-01-15,Wed,Matchweek 21,Home,L 0–1,Everton,Aston Villa,N,"On matchday squad, but did not play","On matchday squad, but did not play","On matchday squad, but did not play","On matchday squad, but did not play","On matchday squad, but did not play","On matchday squad, but did not play","On matchday squad, but did not play","On matchday squad, but did not play","On matchday squad, but did not play","On matchday squad, but did not play","On matchday squad, but did not play","On matchday squad, but did not play","On matchday squad, but did not play","On matchday squad, but did not play","On matchday squad, but did not play","On matchday squad, but did not play","On matchday squad, but did not play","On matchday squad, but did not play","On matchday squad, but did not play","On matchday squad, but did not play","On matchday squad, but did not play","On matchday squad, but did not play","On matchday squad, but did not play","On matchday squad, but did not play","On matchday squad, but did not play","On matchday squad, but did not play","On matchday squad, but did not play",Match Report,"On matchday squad, but did not play","On matchday squad, but did not play","On matchday squad, but did not play","On matchday squad, but did not play","On matchday squad, but did not play","On matchday squad, but did not play","On matchday squad, but did not play","On matchday squad, but did not play","On matchday squad, but did not play","On matchday squad, but did not play","On matchday squad, but did not play","On matchday squad, but did not play","On matchday squad, but did not play","On matchday squad, but did not play","On matchday squad, but did not play","On matchday squad, but did not play","On matchday squad, but did not play","On matchday squad, but did not play","On matchday squad, but did not play","On matchday squad, but did not play","On matchday squad, but did not play","On matchday squad, but did not play","On matchday squad, but did not play","On matchday squad, but did not play","On matchday squad, but did not play","On matchday squad, but did not play","On matchday squad, but did not play","On matchday squad, but did not play","On matchday squad, but did not play","On matchday squad, but did not play","On matchday squad, but did not play","On matchday squad, but did not play","On matchday squad, but did not play","On matchday squad, but did not play","On matchday squad, but did not play","On matchday squad, but did not play","On matchday squad, but did not play","On matchday squad, but did not play","On matchday squad, but did not play","On matchday squad, but did not play","On matchday squad, but did not play","On matchday squad, but did not play","On matchday squad, but did not play","On matchday squad, but did not play","On matchday squad, but did not play","On matchday squad, but did not play","On matchday squad, but did not play","On matchday squad, but did not play","On matchday squad, but did not play","On matchday squad, but did not play","On matchday squad, but did not play","On matchday squad, but did not play","On matchday squad, but did not play","On matchday squad, but did not play","On matchday squad, but did not play","On matchday squad, but did not play","On matchday squad, but did not play","On matchday squad, but did not play","On matchday squad, but did not play","On matchday squad, but did not play","On matchday squad, but did not play","On matchday squad, but did not play","On matchday squad, but did not play","On matchday squad, but did not play","On matchday squad, but did not play","On matchday squad, but did not play","On matchday squad, but did not play","On matchday squad, but did not play","On matchday squad, but did not play","On matchday squad, but did not play","On matchday squad, but did not play","On matchday squad, but did not play","On matchday squad, but did not play","On matchday squad, but did not play","On matchday squad, but did not play","On matchday squad, but did not play","On matchday squad, but did not play","On matchday squad, but did not play","On matchday squad, but did not play","On matchday squad, but did not play","On matchday squad, but did not play","On matchday squad, but did not play","On matchday squad, but did not play","On matchday squad, but did not play","On matchday squad, but did not play","On matchday squad, but did not play","On matchday squad, but did not play","On matchday squad, but did not play","On matchday squad, but did not play",Everton,Harrison-Armstrong,de59e609
2025-01-19,Sun,Matchweek 22,Home,W 3–2,Everton,Tottenham,N,"On matchday squad, but did not play","On matchday squad, but did not play","On matchday squad, but did not play","On matchday squad, but did not play","On matchday squad, but did not play","On matchday squad, but did not play","On matchday squad, but did not play","On matchday squad, but did not play","On matchday squad, but did not play","On matchday squad, but did not play","On matchday squad, but did not play","On matchday squad, but did not play","On matchday squad, but did not play","On matchday squad, but did not play","On matchday squad, but did not play","On matchday squad, but did not play","On matchday squad, but did not play","On matchday squad, but did not play","On matchday squad, but did not play","On matchday squad, but did not play","On matchday squad, but did not play","On matchday squad, but did not play","On matchday squad, but did not play","On matchday squad, but did not play","On matchday squad, but did not play","On matchday squad, but did not play","On matchday squad, but did not play",Match Report,"On matchday squad, but did not play","On matchday squad, but did not play","On matchday squad, but did not play","On matchday squad, but did not play","On matchday squad, but did not play","On matchday squad, but did not play","On matchday squad, but did not play","On matchday squad, but did not play","On matchday squad, but did not play","On matchday squad, but did not play","On matchday squad, but did not play","On matchday squad, but did not play","On matchday squad, but did not play","On matchday squad, but did not play","On matchday squad, but did not play","On matchday squad, but did not play","On matchday squad, but did not play","On matchday squad, but did not play","On matchday squad, but did not play","On matchday squad, but did not play","On matchday squad, but did not play","On matchday squad, but did not play","On matchday squad, but did not play","On matchday squad, but did not play","On matchday squad, but did not play","On matchday squad, but did not play","On matchday squad, but did not play","On matchday squad, but did not play","On matchday squad, but did not play","On matchday squad, but did not play","On matchday squad, but did not play","On matchday squad, but did not play","On matchday squad, but did not play","On matchday squad, but did not play","On matchday squad, but did not play","On matchday squad, but did not play","On matchday squad, but did not play","On matchday squad, but did not play","On matchday squad, but did not play","On matchday squad, but did not play","On matchday squad, but did not play","On matchday squad, but did not play","On matchday squad, but did not play","On matchday squad, but did not play","On matchday squad, but did not play","On matchday squad, but did not play","On matchday squad, but did not play","On matchday squad, but did not play","On matchday squad, but did not play","On matchday squad, but did not play","On matchday squad, but did not play","On matchday squad, but did not play","On matchday squad, but did not play","On matchday squad, but did not play","On matchday squad, but did not play","On matchday squad, but did not play","On matchday squad, but did not play","On matchday squad, but did not play","On matchday squad, but did not play","On matchday squad, but did not play","On matchday squad, but did not play","On matchday squad, but did not play","On matchday squad, but did not play","On matchday squad, but did not play","On matchday squad, but did not play","On matchday squad, but did not play","On matchday squad, but did not play","On matchday squad, but did not play","On matchday squad, but did not play","On matchday squad, but did not play","On matchday squad, but did not play","On matchday squad, but did not play","On matchday squad, but did not play","On matchday squad, but did not play","On matchday squad, but did not play","On matchday squad, but did not play","On matchday squad, but did not play","On matchday squad, but did not play","On matchday squad, but did not play","On matchday squad, but did not play","On matchday squad, but did not play","On matchday squad, but did not play","On matchday squad, but did not play","On matchday squad, but did not play","On matchday squad, but did not play","On matchday squad, but did not play","On matchday squad, but did not play","On matchday squad, but did not play","On matchday squad, but did not play",Everton,Harrison-Armstrong,de59e609
2025-01-25,Sat,Matchweek 23,Away,W 1–0,Everton,Brighton,N,"On matchday squad, but did not play","On matchday squad, but did not play","On matchday squad, but did not play","On matchday squad, but did not play","On matchday squad, but did not play","On matchday squad, but did not play","On matchday squad, but did not play","On matchday squad, but did not play","On matchday squad, but did not play","On matchday squad, but did not play","On matchday squad, but did not play","On matchday squad, but did not play","On matchday squad, but did not play","On matchday squad, but did not play","On matchday squad, but did not play","On matchday squad, but did not play","On matchday squad, but did not play","On matchday squad, but did not play","On matchday squad, but did not play","On matchday squad, but did not play","On matchday squad, but did not play","On matchday squad, but did not play","On matchday squad, but did not play","On matchday squad, but did not play","On matchday squad, but did not play","On matchday squad, but did not play","On matchday squad, but did not play",Match Report,"On matchday squad, but did not play","On matchday squad, but did not play","On matchday squad, but did not play","On matchday squad, but did not play","On matchday squad, but did not play","On matchday squad, but did not play","On matchday squad, but did not play","On matchday squad, but did not play","On matchday squad, but did not play","On matchday squad, but did not play","On matchday squad, but did not play","On matchday squad, but did not play","On matchday squad, but did not play","On matchday squad, but did not play","On matchday squad, but did not play","On matchday squad, but did not play","On matchday squad, but did not play","On matchday squad, but did not play","On matchday squad, but did not play","On matchday squad, but did not play","On matchday squad, but did not play","On matchday squad, but did not play","On matchday squad, but did not play","On matchday squad, but did not play","On matchday squad, but did not play","On matchday squad, but did not play","On matchday squad, but did not play","On matchday squad, but did not play","On matchday squad, but did not play","On matchday squad, but did not play","On matchday squad, but did not play","On matchday squad, but did not play","On matchday squad, but did not play","On matchday squad, but did not play","On matchday squad, but did not play","On matchday squad, but did not play","On matchday squad, but did not play","On matchday squad, but did not play","On matchday squad, but did not play","On matchday squad, but did not play","On matchday squad, but did not play","On matchday squad, but did not play","On matchday squad, but did not play","On matchday squad, but did not play","On matchday squad, but did not play","On matchday squad, but did not play","On matchday squad, but did not play","On matchday squad, but did not play","On matchday squad, but did not play","On matchday squad, but did not play","On matchday squad, but did not play","On matchday squad, but did not play","On matchday squad, but did not play","On matchday squad, but did not play","On matchday squad, but did not play","On matchday squad, but did not play","On matchday squad, but did not play","On matchday squad, but did not play","On matchday squad, but did not play","On matchday squad, but did not play","On matchday squad, but did not play","On matchday squad, but did not play","On matchday squad, but did not play","On matchday squad, but did not play","On matchday squad, but did not play","On matchday squad, but did not play","On matchday squad, but did not play","On matchday squad, but did not play","On matchday squad, but did not play","On matchday squad, but did not play","On matchday squad, but did not play","On matchday squad, but did not play","On matchday squad, but did not play","On matchday squad, but did not play","On matchday squad, but did not play","On matchday squad, but did not play","On matchday squad, but did not play","On matchday squad, but did not play","On matchday squad, but did not play","On matchday squad, but did not play","On matchday squad, but did not play","On matchday squad, but did not play","On matchday squad, but did not play","On matchday squad, but did not play","On matchday squad, but did not play","On matchday squad, but did not play","On matchday squad, but did not play","On matchday squad, but did not play","On matchday squad, but did not play",Everton,Harrison-Armstrong,de59e609
2025-02-01,Sat,Matchweek 24,Home,W 4–0,Everton,Leicester City,N,"On matchday squad, but did not play","On matchday squad, but did not play","On matchday squad, but did not play","On matchday squad, but did not play","On matchday squad, but did not play","On matchday squad, but did not play","On matchday squad, but did not play","On matchday squad, but did not play","On matchday squad, but did not play","On matchday squad, but did not play","On matchday squad, but did not play","On matchday squad, but did not play","On matchday squad, but did not play","On matchday squad, but did not play","On matchday squad, but did not play","On matchday squad, but did not play","On matchday squad, but did not play","On matchday squad, but did not play","On matchday squad, but did not play","On matchday squad, but did not play","On matchday squad, but did not play","On matchday squad, but did not play","On matchday squad, but did not play","On matchday squad, but did not play","On matchday squad, but did not play","On matchday squad, but did not play","On matchday squad, but did not play",Match Report,"On matchday squad, but did not play","On matchday squad, but did not play","On matchday squad, but did not play","On matchday squad, but did not play","On matchday squad, but did not play","On matchday squad, but did not play","On matchday squad, but did not play","On matchday squad, but did not play","On matchday squad, but did not play","On matchday squad, but did not play","On matchday squad, but did not play","On matchday squad, but did not play","On matchday squad, but did not play","On matchday squad, but did not play","On matchday squad, but did not play","On matchday squad, but did not play","On matchday squad, but did not play","On matchday squad, but did not play","On matchday squad, but did not play","On matchday squad, but did not play","On matchday squad, but did not play","On matchday squad, but did not play","On matchday squad, but did not play","On matchday squad, but did not play","On matchday squad, but did not play","On matchday squad, but did not play","On matchday squad, but did not play","On matchday squad, but did not play","On matchday squad, but did not play","On matchday squad, but did not play","On matchday squad, but did not play","On matchday squad, but did not play","On matchday squad, but did not play","On matchday squad, but did not play","On matchday squad, but did not play","On matchday squad, but did not play","On matchday squad, but did not play","On matchday squad, but did not play","On matchday squad, but did not play","On matchday squad, but did not play","On matchday squad, but did not play","On matchday squad, but did not play","On matchday squad, but did not play","On matchday squad, but did not play","On matchday squad, but did not play","On matchday squad, but did not play","On matchday squad, but did not play","On matchday squad, but did not play","On matchday squad, but did not play","On matchday squad, but did not play","On matchday squad, but did not play","On matchday squad, but did not play","On matchday squad, but did not play","On matchday squad, but did not play","On matchday squad, but did not play","On matchday squad, but did not play","On matchday squad, but did not play","On matchday squad, but did not play","On matchday squad, but did not play","On matchday squad, but did not play","On matchday squad, but did not play","On matchday squad, but did not play","On matchday squad, but did not play","On matchday squad, but did not play","On matchday squad, but did not play","On matchday squad, but did not play","On matchday squad, but did not play","On matchday squad, but did not play","On matchday squad, but did not play","On matchday squad, but did not play","On matchday squad, but did not play","On matchday squad, but did not play","On matchday squad, but did not play","On matchday squad, but did not play","On matchday squad, but did not play","On matchday squad, but did not play","On matchday squad, but did not play","On matchday squad, but did not play","On matchday squad, but did not play","On matchday squad, but did not play","On matchday squad, but did not play","On matchday squad, but did not play","On matchday squad, but did not play","On matchday squad, but did not play","On matchday squad, but did not play","On matchday squad, but did not play","On matchday squad, but did not play","On matchday squad, but did not play","On matchday squad, but did not play",Everton,Harrison-Armstrong,de59e609
2024-12-22,Sun,Matchweek 17,Home,D 0–0,Everton,Chelsea,N,"On matchday squad, but did not play","On matchday squad, but did not play","On matchday squad, but did not play","On matchday squad, but did not play","On matchday squad, but did not play","On matchday squad, but did not play","On matchday squad, but did not play","On matchday squad, but did not play","On matchday squad, but did not play","On matchday squad, but did not play","On matchday squad, but did not play","On matchday squad, but did not play","On matchday squad, but did not play","On matchday squad, but did not play","On matchday squad, but did not play","On matchday squad, but did not play","On matchday squad, but did not play","On matchday squad, but did not play","On matchday squad, but did not play","On matchday squad, but did not play","On matchday squad, but did not play","On matchday squad, but did not play","On matchday squad, but did not play","On matchday squad, but did not play","On matchday squad, but did not play","On matchday squad, but did not play","On matchday squad, but did not play",Match Report,"On matchday squad, but did not play","On matchday squad, but did not play","On matchday squad, but did not play","On matchday squad, but did not play","On matchday squad, but did not play","On matchday squad, but did not play","On matchday squad, but did not play","On matchday squad, but did not play","On matchday squad, but did not play","On matchday squad, but did not play","On matchday squad, but did not play","On matchday squad, but did not play","On matchday squad, but did not play","On matchday squad, but did not play","On matchday squad, but did not play","On matchday squad, but did not play","On matchday squad, but did not play","On matchday squad, but did not play","On matchday squad, but did not play","On matchday squad, but did not play","On matchday squad, but did not play","On matchday squad, but did not play","On matchday squad, but did not play","On matchday squad, but did not play","On matchday squad, but did not play","On matchday squad, but did not play","On matchday squad, but did not play","On matchday squad, but did not play","On matchday squad, but did not play","On matchday squad, but did not play","On matchday squad, but did not play","On matchday squad, but did not play","On matchday squad, but did not play","On matchday squad, but did not play","On matchday squad, but did not play","On matchday squad, but did not play","On matchday squad, but did not play","On matchday squad, but did not play","On matchday squad, but did not play","On matchday squad, but did not play","On matchday squad, but did not play","On matchday squad, but did not play","On matchday squad, but did not play","On matchday squad, but did not play","On matchday squad, but did not play","On matchday squad, but did not play","On matchday squad, but did not play","On matchday squad, but did not play","On matchday squad, but did not play","On matchday squad, but did not play","On matchday squad, but did not play","On matchday squad, but did not play","On matchday squad, but did not play","On matchday squad, but did not play","On matchday squad, but did not play","On matchday squad, but did not play","On matchday squad, but did not play","On matchday squad, but did not play","On matchday squad, but did not play","On matchday squad, but did not play","On matchday squad, but did not play","On matchday squad, but did not play","On matchday squad, but did not play","On matchday squad, but did not play","On matchday squad, but did not play","On matchday squad, but did not play","On matchday squad, but did not play","On matchday squad, but did not play","On matchday squad, but did not play","On matchday squad, but did not play","On matchday squad, but did not play","On matchday squad, but did not play","On matchday squad, but did not play","On matchday squad, but did not play","On matchday squad, but did not play","On matchday squad, but did not play","On matchday squad, but did not play","On matchday squad, but did not play","On matchday squad, but did not play","On matchday squad, but did not play","On matchday squad, but did not play","On matchday squad, but did not play","On matchday squad, but did not play","On matchday squad, but did not play","On matchday squad, but did not play","On matchday squad, but did not play","On matchday squad, but did not play","On matchday squad, but did not play","On matchday squad, but did not play",Everton,Youssef-Chermiti,890f108d
2024-12-26,Thu,Matchweek 18,Away,D 1–1,Everton,Manchester City,N,"On matchday squad, but did not play","On matchday squad, but did not play","On matchday squad, but did not play","On matchday squad, but did not play","On matchday squad, but did not play","On matchday squad, but did not play","On matchday squad, but did not play","On matchday squad, but did not play","On matchday squad, but did not play","On matchday squad, but did not play","On matchday squad, but did not play","On matchday squad, but did not play","On matchday squad, but did not play","On matchday squad, but did not play","On matchday squad, but did not play","On matchday squad, but did not play","On matchday squad, but did not play","On matchday squad, but did not play","On matchday squad, but did not play","On matchday squad, but did not play","On matchday squad, but did not play","On matchday squad, but did not play","On matchday squad, but did not play","On matchday squad, but did not play","On matchday squad, but did not play","On matchday squad, but did not play","On matchday squad, but did not play",Match Report,"On matchday squad, but did not play","On matchday squad, but did not play","On matchday squad, but did not play","On matchday squad, but did not play","On matchday squad, but did not play","On matchday squad, but did not play","On matchday squad, but did not play","On matchday squad, but did not play","On matchday squad, but did not play","On matchday squad, but did not play","On matchday squad, but did not play","On matchday squad, but did not play","On matchday squad, but did not play","On matchday squad, but did not play","On matchday squad, but did not play","On matchday squad, but did not play","On matchday squad, but did not play","On matchday squad, but did not play","On matchday squad, but did not play","On matchday squad, but did not play","On matchday squad, but did not play","On matchday squad, but did not play","On matchday squad, but did not play","On matchday squad, but did not play","On matchday squad, but did not play","On matchday squad, but did not play","On matchday squad, but did not play","On matchday squad, but did not play","On matchday squad, but did not play","On matchday squad, but did not play","On matchday squad, but did not play","On matchday squad, but did not play","On matchday squad, but did not play","On matchday squad, but did not play","On matchday squad, but did not play","On matchday squad, but did not play","On matchday squad, but did not play","On matchday squad, but did not play","On matchday squad, but did not play","On matchday squad, but did not play","On matchday squad, but did not play","On matchday squad, but did not play","On matchday squad, but did not play","On matchday squad, but did not play","On matchday squad, but did not play","On matchday squad, but did not play","On matchday squad, but did not play","On matchday squad, but did not play","On matchday squad, but did not play","On matchday squad, but did not play","On matchday squad, but did not play","On matchday squad, but did not play","On matchday squad, but did not play","On matchday squad, but did not play","On matchday squad, but did not play","On matchday squad, but did not play","On matchday squad, but did not play","On matchday squad, but did not play","On matchday squad, but did not play","On matchday squad, but did not play","On matchday squad, but did not play","On matchday squad, but did not play","On matchday squad, but did not play","On matchday squad, but did not play","On matchday squad, but did not play","On matchday squad, but did not play","On matchday squad, but did not play","On matchday squad, but did not play","On matchday squad, but did not play","On matchday squad, but did not play","On matchday squad, but did not play","On matchday squad, but did not play","On matchday squad, but did not play","On matchday squad, but did not play","On matchday squad, but did not play","On matchday squad, but did not play","On matchday squad, but did not play","On matchday squad, but did not play","On matchday squad, but did not play","On matchday squad, but did not play","On matchday squad, but did not play","On matchday squad, but did not play","On matchday squad, but did not play","On matchday squad, but did not play","On matchday squad, but did not play","On matchday squad, but did not play","On matchday squad, but did not play","On matchday squad, but did not play","On matchday squad, but did not play",Everton,Youssef-Chermiti,890f108d
2024-12-29,Sun,Matchweek 19,Home,L 0–2,Everton,Nott'ham Forest,N,"On matchday squad, but did not play","On matchday squad, but did not play","On matchday squad, but did not play","On matchday squad, but did not play","On matchday squad, but did not play","On matchday squad, but did not play","On matchday squad, but did not play","On matchday squad, but did not play","On matchday squad, but did not play","On matchday squad, but did not play","On matchday squad, but did not play","On matchday squad, but did not play","On matchday squad, but did not play","On matchday squad, but did not play","On matchday squad, but did not play","On matchday squad, but did not play","On matchday squad, but did not play","On matchday squad, but did not play","On matchday squad, but did not play","On matchday squad, but did not play","On matchday squad, but did not play","On matchday squad, but did not play","On matchday squad, but did not play","On matchday squad, but did not play","On matchday squad, but did not play","On matchday squad, but did not play","On matchday squad, but did not play",Match Report,"On matchday squad, but did not play","On matchday squad, but did not play","On matchday squad, but did not play","On matchday squad, but did not play","On matchday squad, but did not play","On matchday squad, but did not play","On matchday squad, but did not play","On matchday squad, but did not play","On matchday squad, but did not play","On matchday squad, but did not play","On matchday squad, but did not play","On matchday squad, but did not play","On matchday squad, but did not play","On matchday squad, but did not play","On matchday squad, but did not play","On matchday squad, but did not play","On matchday squad, but did not play","On matchday squad, but did not play","On matchday squad, but did not play","On matchday squad, but did not play","On matchday squad, but did not play","On matchday squad, but did not play","On matchday squad, but did not play","On matchday squad, but did not play","On matchday squad, but did not play","On matchday squad, but did not play","On matchday squad, but did not play","On matchday squad, but did not play","On matchday squad, but did not play","On matchday squad, but did not play","On matchday squad, but did not play","On matchday squad, but did not play","On matchday squad, but did not play","On matchday squad, but did not play","On matchday squad, but did not play","On matchday squad, but did not play","On matchday squad, but did not play","On matchday squad, but did not play","On matchday squad, but did not play","On matchday squad, but did not play","On matchday squad, but did not play","On matchday squad, but did not play","On matchday squad, but did not play","On matchday squad, but did not play","On matchday squad, but did not play","On matchday squad, but did not play","On matchday squad, but did not play","On matchday squad, but did not play","On matchday squad, but did not play","On matchday squad, but did not play","On matchday squad, but did not play","On matchday squad, but did not play","On matchday squad, but did not play","On matchday squad, but did not play","On matchday squad, but did not play","On matchday squad, but did not play","On matchday squad, but did not play","On matchday squad, but did not play","On matchday squad, but did not play","On matchday squad, but did not play","On matchday squad, but did not play","On matchday squad, but did not play","On matchday squad, but did not play","On matchday squad, but did not play","On matchday squad, but did not play","On matchday squad, but did not play","On matchday squad, but did not play","On matchday squad, but did not play","On matchday squad, but did not play","On matchday squad, but did not play","On matchday squad, but did not play","On matchday squad, but did not play","On matchday squad, but did not play","On matchday squad, but did not play","On matchday squad, but did not play","On matchday squad, but did not play","On matchday squad, but did not play","On matchday squad, but did not play","On matchday squad, but did not play","On matchday squad, but did not play","On matchday squad, but did not play","On matchday squad, but did not play","On matchday squad, but did not play","On matchday squad, but did not play","On matchday squad, but did not play","On matchday squad, but did not play","On matchday squad, but did not play","On matchday squad, but did not play","On matchday squad, but did not play",Everton,Youssef-Chermiti,890f108d
2025-02-26,Wed,Matchweek 27,Away,D 1–1,Everton,Brentford,N,"On matchday squad, but did not play","On matchday squad, but did not play","On matchday squad, but did not play","On matchday squad, but did not play","On matchday squad, but did not play","On matchday squad, but did not play","On matchday squad, but did not play","On matchday squad, but did not play","On matchday squad, but did not play","On matchday squad, but did not play","On matchday squad, but did not play","On matchday squad, but did not play","On matchday squad, but did not play","On matchday squad, but did not play","On matchday squad, but did not play","On matchday squad, but did not play","On matchday squad, but did not play","On matchday squad, but did not play","On matchday squad, but did not play","On matchday squad, but did not play","On matchday squad, but did not play","On matchday squad, but did not play","On matchday squad, but did not play","On matchday squad, but did not play","On matchday squad, but did not play","On matchday squad, but did not play","On matchday squad, but did not play",Match Report,"On matchday squad, but did not play","On matchday squad, but did not play","On matchday squad, but did not play","On matchday squad, but did not play","On matchday squad, but did not play","On matchday squad, but did not play","On matchday squad, but did not play","On matchday squad, but did not play","On matchday squad, but did not play","On matchday squad, but did not play","On matchday squad, but did not play","On matchday squad, but did not play","On matchday squad, but did not play","On matchday squad, but did not play","On matchday squad, but did not play","On matchday squad, but did not play","On matchday squad, but did not play","On matchday squad, but did not play","On matchday squad, but did not play","On matchday squad, but did not play","On matchday squad, but did not play","On matchday squad, but did not play","On matchday squad, but did not play","On matchday squad, but did not play","On matchday squad, but did not play","On matchday squad, but did not play","On matchday squad, but did not play","On matchday squad, but did not play","On matchday squad, but did not play","On matchday squad, but did not play","On matchday squad, but did not play","On matchday squad, but did not play","On matchday squad, but did not play","On matchday squad, but did not play","On matchday squad, but did not play","On matchday squad, but did not play","On matchday squad, but did not play","On matchday squad, but did not play","On matchday squad, but did not play","On matchday squad, but did not play","On matchday squad, but did not play","On matchday squad, but did not play","On matchday squad, but did not play","On matchday squad, but did not play","On matchday squad, but did not play","On matchday squad, but did not play","On matchday squad, but did not play","On matchday squad, but did not play","On matchday squad, but did not play","On matchday squad, but did not play","On matchday squad, but did not play","On matchday squad, but did not play","On matchday squad, but did not play","On matchday squad, but did not play","On matchday squad, but did not play","On matchday squad, but did not play","On matchday squad, but did not play","On matchday squad, but did not play","On matchday squad, but did not play","On matchday squad, but did not play","On matchday squad, but did not play","On matchday squad, but did not play","On matchday squad, but did not play","On matchday squad, but did not play","On matchday squad, but did not play","On matchday squad, but did not play","On matchday squad, but did not play","On matchday squad, but did not play","On matchday squad, but did not play","On matchday squad, but did not play","On matchday squad, but did not play","On matchday squad, but did not play","On matchday squad, but did not play","On matchday squad, but did not play","On matchday squad, but did not play","On matchday squad, but did not play","On matchday squad, but did not play","On matchday squad, but did not play","On matchday squad, but did not play","On matchday squad, but did not play","On matchday squad, but did not play","On matchday squad, but did not play","On matchday squad, but did not play","On matchday squad, but did not play","On matchday squad, but did not play","On matchday squad, but did not play","On matchday squad, but did not play","On matchday squad, but did not play","On matchday squad, but did not play",Everton,Youssef-Chermiti,890f108d
2025-03-08,Sat,Matchweek 28,Away,D 1–1,Everton,Wolves,N,"On matchday squad, but did not play","On matchday squad, but did not play","On matchday squad, but did not play","On matchday squad, but did not play","On matchday squad, but did not play","On matchday squad, but did not play","On matchday squad, but did not play","On matchday squad, but did not play","On matchday squad, but did not play","On matchday squad, but did not play","On matchday squad, but did not play","On matchday squad, but did not play","On matchday squad, but did not play","On matchday squad, but did not play","On matchday squad, but did not play","On matchday squad, but did not play","On matchday squad, but did not play","On matchday squad, but did not play","On matchday squad, but did not play","On matchday squad, but did not play","On matchday squad, but did not play","On matchday squad, but did not play","On matchday squad, but did not play","On matchday squad, but did not play","On matchday squad, but did not play","On matchday squad, but did not play","On matchday squad, but did not play",Match Report,"On matchday squad, but did not play","On matchday squad, but did not play","On matchday squad, but did not play","On matchday squad, but did not play","On matchday squad, but did not play","On matchday squad, but did not play","On matchday squad, but did not play","On matchday squad, but did not play","On matchday squad, but did not play","On matchday squad, but did not play","On matchday squad, but did not play","On matchday squad, but did not play","On matchday squad, but did not play","On matchday squad, but did not play","On matchday squad, but did not play","On matchday squad, but did not play","On matchday squad, but did not play","On matchday squad, but did not play","On matchday squad, but did not play","On matchday squad, but did not play","On matchday squad, but did not play","On matchday squad, but did not play","On matchday squad, but did not play","On matchday squad, but did not play","On matchday squad, but did not play","On matchday squad, but did not play","On matchday squad, but did not play","On matchday squad, but did not play","On matchday squad, but did not play","On matchday squad, but did not play","On matchday squad, but did not play","On matchday squad, but did not play","On matchday squad, but did not play","On matchday squad, but did not play","On matchday squad, but did not play","On matchday squad, but did not play","On matchday squad, but did not play","On matchday squad, but did not play","On matchday squad, but did not play","On matchday squad, but did not play","On matchday squad, but did not play","On matchday squad, but did not play","On matchday squad, but did not play","On matchday squad, but did not play","On matchday squad, but did not play","On matchday squad, but did not play","On matchday squad, but did not play","On matchday squad, but did not play","On matchday squad, but did not play","On matchday squad, but did not play","On matchday squad, but did not play","On matchday squad, but did not play","On matchday squad, but did not play","On matchday squad, but did not play","On matchday squad, but did not play","On matchday squad, but did not play","On matchday squad, but did not play","On matchday squad, but did not play","On matchday squad, but did not play","On matchday squad, but did not play","On matchday squad, but did not play","On matchday squad, but did not play","On matchday squad, but did not play","On matchday squad, but did not play","On matchday squad, but did not play","On matchday squad, but did not play","On matchday squad, but did not play","On matchday squad, but did not play","On matchday squad, but did not play","On matchday squad, but did not play","On matchday squad, but did not play","On matchday squad, but did not play","On matchday squad, but did not play","On matchday squad, but did not play","On matchday squad, but did not play","On matchday squad, but did not play","On matchday squad, but did not play","On matchday squad, but did not play","On matchday squad, but did not play","On matchday squad, but did not play","On matchday squad, but did not play","On matchday squad, but did not play","On matchday squad, but did not play","On matchday squad, but did not play","On matchday squad, but did not play","On matchday squad, but did not play","On matchday squad, but did not play","On matchday squad, but did not play","On matchday squad, but did not play",Everton,Youssef-Chermiti,890f108d
2025-03-15,Sat,Matchweek 29,Home,D 1–1,Everton,West Ham,N,FW,12,0,0,0,0,2,1,1,0,7,0,0,0,0.1,0.1,0.0,0,0,2,5,40.0,1,4,0,1,1,Match Report,2,5,40.0,44,9,1,3,33.3,0,0,,1,1,100.0,0,0.0,0.0,0,0,0,0,1,5,5,0,0,0,0,0,0,0,0,0,0,2,0,0,0,0,0,0,0,0,0,0,0,0,0,0,0,0,7,0,0,2,5,2,7,1,1,100.0,0,0.0,4,11,1,0,0,0,0,0,6,4,0,0,0,0,0,0,0,,0,0,0,0,0,0,0,0,Everton,Youssef-Chermiti,890f108d
2025-04-02,Wed,Matchweek 30,Away,L 0–1,Everton,Liverpool,N,AM,5,0,0,0,0,0,0,0,0,1,0,0,0,0.0,0.0,0.0,0,0,0,0,,0,0,0,0,0,Match Report,0,0,,0,0,0,0,,0,0,,0,0,,0,0.0,0.0,0,0,0,0,0,0,0,0,0,0,0,0,0,0,0,0,0,0,0,0,0,0,0,0,0,0,0,0,0,0,0,0,0,0,1,0,0,0,1,0,1,0,0,,0,,0,0,0,0,0,0,0,0,0,0,0,0,0,0,0,0,0,,0,0,0,0,0,0,0,0,Everton,Youssef-Chermiti,890f108d
2025-04-05,Sat,Matchweek 31,Home,D 1–1,Everton,Arsenal,N,"On matchday squad, but did not play","On matchday squad, but did not play","On matchday squad, but did not play","On matchday squad, but did not play","On matchday squad, but did not play","On matchday squad, but did not play","On matchday squad, but did not play","On matchday squad, but did not play","On matchday squad, but did not play","On matchday squad, but did not play","On matchday squad, but did not play","On matchday squad, but did not play","On matchday squad, but did not play","On matchday squad, but did not play","On matchday squad, but did not play","On matchday squad, but did not play","On matchday squad, but did not play","On matchday squad, but did not play","On matchday squad, but did not play","On matchday squad, but did not play","On matchday squad, but did not play","On matchday squad, but did not play","On matchday squad, but did not play","On matchday squad, but did not play","On matchday squad, but did not play","On matchday squad, but did not play","On matchday squad, but did not play",Match Report,"On matchday squad, but did not play","On matchday squad, but did not play","On matchday squad, but did not play","On matchday squad, but did not play","On matchday squad, but did not play","On matchday squad, but did not play","On matchday squad, but did not play","On matchday squad, but did not play","On matchday squad, but did not play","On matchday squad, but did not play","On matchday squad, but did not play","On matchday squad, but did not play","On matchday squad, but did not play","On matchday squad, but did not play","On matchday squad, but did not play","On matchday squad, but did not play","On matchday squad, but did not play","On matchday squad, but did not play","On matchday squad, but did not play","On matchday squad, but did not play","On matchday squad, but did not play","On matchday squad, but did not play","On matchday squad, but did not play","On matchday squad, but did not play","On matchday squad, but did not play","On matchday squad, but did not play","On matchday squad, but did not play","On matchday squad, but did not play","On matchday squad, but did not play","On matchday squad, but did not play","On matchday squad, but did not play","On matchday squad, but did not play","On matchday squad, but did not play","On matchday squad, but did not play","On matchday squad, but did not play","On matchday squad, but did not play","On matchday squad, but did not play","On matchday squad, but did not play","On matchday squad, but did not play","On matchday squad, but did not play","On matchday squad, but did not play","On matchday squad, but did not play","On matchday squad, but did not play","On matchday squad, but did not play","On matchday squad, but did not play","On matchday squad, but did not play","On matchday squad, but did not play","On matchday squad, but did not play","On matchday squad, but did not play","On matchday squad, but did not play","On matchday squad, but did not play","On matchday squad, but did not play","On matchday squad, but did not play","On matchday squad, but did not play","On matchday squad, but did not play","On matchday squad, but did not play","On matchday squad, but did not play","On matchday squad, but did not play","On matchday squad, but did not play","On matchday squad, but did not play","On matchday squad, but did not play","On matchday squad, but did not play","On matchday squad, but did not play","On matchday squad, but did not play","On matchday squad, but did not play","On matchday squad, but did not play","On matchday squad, but did not play","On matchday squad, but did not play","On matchday squad, but did not play","On matchday squad, but did not play","On matchday squad, but did not play","On matchday squad, but did not play","On matchday squad, but did not play","On matchday squad, but did not play","On matchday squad, but did not play","On matchday squad, but did not play","On matchday squad, but did not play","On matchday squad, but did not play","On matchday squad, but did not play","On matchday squad, but did not play","On matchday squad, but did not play","On matchday squad, but did not play","On matchday squad, but did not play","On matchday squad, but did not play","On matchday squad, but did not play","On matchday squad, but did not play","On matchday squad, but did not play","On matchday squad, but did not play","On matchday squad, but did not play",Everton,Youssef-Chermiti,890f108d
2025-04-12,Sat,Matchweek 32,Away,W 1–0,Everton,Nott'ham Forest,N,"On matchday squad, but did not play","On matchday squad, but did not play","On matchday squad, but did not play","On matchday squad, but did not play","On matchday squad, but did not play","On matchday squad, but did not play","On matchday squad, but did not play","On matchday squad, but did not play","On matchday squad, but did not play","On matchday squad, but did not play","On matchday squad, but did not play","On matchday squad, but did not play","On matchday squad, but did not play","On matchday squad, but did not play","On matchday squad, but did not play","On matchday squad, but did not play","On matchday squad, but did not play","On matchday squad, but did not play","On matchday squad, but did not play","On matchday squad, but did not play","On matchday squad, but did not play","On matchday squad, but did not play","On matchday squad, but did not play","On matchday squad, but did not play","On matchday squad, but did not play","On matchday squad, but did not play","On matchday squad, but did not play",Match Report,"On matchday squad, but did not play","On matchday squad, but did not play","On matchday squad, but did not play","On matchday squad, but did not play","On matchday squad, but did not play","On matchday squad, but did not play","On matchday squad, but did not play","On matchday squad, but did not play","On matchday squad, but did not play","On matchday squad, but did not play","On matchday squad, but did not play","On matchday squad, but did not play","On matchday squad, but did not play","On matchday squad, but did not play","On matchday squad, but did not play","On matchday squad, but did not play","On matchday squad, but did not play","On matchday squad, but did not play","On matchday squad, but did not play","On matchday squad, but did not play","On matchday squad, but did not play","On matchday squad, but did not play","On matchday squad, but did not play","On matchday squad, but did not play","On matchday squad, but did not play","On matchday squad, but did not play","On matchday squad, but did not play","On matchday squad, but did not play","On matchday squad, but did not play","On matchday squad, but did not play","On matchday squad, but did not play","On matchday squad, but did not play","On matchday squad, but did not play","On matchday squad, but did not play","On matchday squad, but did not play","On matchday squad, but did not play","On matchday squad, but did not play","On matchday squad, but did not play","On matchday squad, but did not play","On matchday squad, but did not play","On matchday squad, but did not play","On matchday squad, but did not play","On matchday squad, but did not play","On matchday squad, but did not play","On matchday squad, but did not play","On matchday squad, but did not play","On matchday squad, but did not play","On matchday squad, but did not play","On matchday squad, but did not play","On matchday squad, but did not play","On matchday squad, but did not play","On matchday squad, but did not play","On matchday squad, but did not play","On matchday squad, but did not play","On matchday squad, but did not play","On matchday squad, but did not play","On matchday squad, but did not play","On matchday squad, but did not play","On matchday squad, but did not play","On matchday squad, but did not play","On matchday squad, but did not play","On matchday squad, but did not play","On matchday squad, but did not play","On matchday squad, but did not play","On matchday squad, but did not play","On matchday squad, but did not play","On matchday squad, but did not play","On matchday squad, but did not play","On matchday squad, but did not play","On matchday squad, but did not play","On matchday squad, but did not play","On matchday squad, but did not play","On matchday squad, but did not play","On matchday squad, but did not play","On matchday squad, but did not play","On matchday squad, but did not play","On matchday squad, but did not play","On matchday squad, but did not play","On matchday squad, but did not play","On matchday squad, but did not play","On matchday squad, but did not play","On matchday squad, but did not play","On matchday squad, but did not play","On matchday squad, but did not play","On matchday squad, but did not play","On matchday squad, but did not play","On matchday squad, but did not play","On matchday squad, but did not play","On matchday squad, but did not play",Everton,Youssef-Chermiti,890f108d
2025-04-26,Sat,Matchweek 34,Away,L 0–1,Everton,Chelsea,N,FW,27,0,0,0,0,1,0,0,0,5,0,0,0,0.0,0.0,0.0,0,0,3,4,75.0,0,2,0,0,0,Match Report,3,4,75.0,29,0,2,3,66.7,0,0,,0,0,,0,0.0,0.0,0,0,0,0,0,4,4,0,0,0,0,0,0,0,0,0,0,3,0,0,0,0,0,0,0,0,0,0,0,0,0,0,0,0,5,0,0,3,2,1,5,0,0,,0,,2,8,0,0,0,0,0,1,5,1,0,0,0,0,0,0,0,,0,0,0,0,0,0,0,0,Everton,Youssef-Chermiti,890f108d
2025-05-03,Sat,Matchweek 35,Home,D 2–2,Everton,Ipswich Town,N,AM,1,0,0,0,0,0,0,0,0,2,0,0,0,0.0,0.0,0.0,0,0,1,2,50.0,0,1,0,0,0,Match Report,1,2,50.0,5,5,1,1,100.0,0,1,0.0,0,0,,0,0.0,0.0,0,1,0,0,0,2,2,0,0,0,0,1,0,0,0,0,0,1,0,0,0,0,0,0,0,0,0,0,0,0,0,0,0,0,2,0,0,1,1,0,2,0,0,,0,,1,2,1,0,0,0,0,0,2,1,0,0,0,0,0,0,1,0.0,1,0,0,0,0,0,0,0,Everton,Youssef-Chermiti,890f108d
2025-05-10,Sat,Matchweek 36,Away,W 3–1,Everton,Fulham,N,"On matchday squad, but did not play","On matchday squad, but did not play","On matchday squad, but did not play","On matchday squad, but did not play","On matchday squad, but did not play","On matchday squad, but did not play","On matchday squad, but did not play","On matchday squad, but did not play","On matchday squad, but did not play","On matchday squad, but did not play","On matchday squad, but did not play","On matchday squad, but did not play","On matchday squad, but did not play","On matchday squad, but did not play","On matchday squad, but did not play","On matchday squad, but did not play","On matchday squad, but did not play","On matchday squad, but did not play","On matchday squad, but did not play","On matchday squad, but did not play","On matchday squad, but did not play","On matchday squad, but did not play","On matchday squad, but did not play","On matchday squad, but did not play","On matchday squad, but did not play","On matchday squad, but did not play","On matchday squad, but did not play",Match Report,"On matchday squad, but did not play","On matchday squad, but did not play","On matchday squad, but did not play","On matchday squad, but did not play","On matchday squad, but did not play","On matchday squad, but did not play","On matchday squad, but did not play","On matchday squad, but did not play","On matchday squad, but did not play","On matchday squad, but did not play","On matchday squad, but did not play","On matchday squad, but did not play","On matchday squad, but did not play","On matchday squad, but did not play","On matchday squad, but did not play","On matchday squad, but did not play","On matchday squad, but did not play","On matchday squad, but did not play","On matchday squad, but did not play","On matchday squad, but did not play","On matchday squad, but did not play","On matchday squad, but did not play","On matchday squad, but did not play","On matchday squad, but did not play","On matchday squad, but did not play","On matchday squad, but did not play","On matchday squad, but did not play","On matchday squad, but did not play","On matchday squad, but did not play","On matchday squad, but did not play","On matchday squad, but did not play","On matchday squad, but did not play","On matchday squad, but did not play","On matchday squad, but did not play","On matchday squad, but did not play","On matchday squad, but did not play","On matchday squad, but did not play","On matchday squad, but did not play","On matchday squad, but did not play","On matchday squad, but did not play","On matchday squad, but did not play","On matchday squad, but did not play","On matchday squad, but did not play","On matchday squad, but did not play","On matchday squad, but did not play","On matchday squad, but did not play","On matchday squad, but did not play","On matchday squad, but did not play","On matchday squad, but did not play","On matchday squad, but did not play","On matchday squad, but did not play","On matchday squad, but did not play","On matchday squad, but did not play","On matchday squad, but did not play","On matchday squad, but did not play","On matchday squad, but did not play","On matchday squad, but did not play","On matchday squad, but did not play","On matchday squad, but did not play","On matchday squad, but did not play","On matchday squad, but did not play","On matchday squad, but did not play","On matchday squad, but did not play","On matchday squad, but did not play","On matchday squad, but did not play","On matchday squad, but did not play","On matchday squad, but did not play","On matchday squad, but did not play","On matchday squad, but did not play","On matchday squad, but did not play","On matchday squad, but did not play","On matchday squad, but did not play","On matchday squad, but did not play","On matchday squad, but did not play","On matchday squad, but did not play","On matchday squad, but did not play","On matchday squad, but did not play","On matchday squad, but did not play","On matchday squad, but did not play","On matchday squad, but did not play","On matchday squad, but did not play","On matchday squad, but did not play","On matchday squad, but did not play","On matchday squad, but did not play","On matchday squad, but did not play","On matchday squad, but did not play","On matchday squad, but did not play","On matchday squad, but did not play","On matchday squad, but did not play",Everton,Youssef-Chermiti,890f108d
2025-05-18,Sun,Matchweek 37,Home,W 2–0,Everton,Southampton,N,"On matchday squad, but did not play","On matchday squad, but did not play","On matchday squad, but did not play","On matchday squad, but did not play","On matchday squad, but did not play","On matchday squad, but did not play","On matchday squad, but did not play","On matchday squad, but did not play","On matchday squad, but did not play","On matchday squad, but did not play","On matchday squad, but did not play","On matchday squad, but did not play","On matchday squad, but did not play","On matchday squad, but did not play","On matchday squad, but did not play","On matchday squad, but did not play","On matchday squad, but did not play","On matchday squad, but did not play","On matchday squad, but did not play","On matchday squad, but did not play","On matchday squad, but did not play","On matchday squad, but did not play","On matchday squad, but did not play","On matchday squad, but did not play","On matchday squad, but did not play","On matchday squad, but did not play","On matchday squad, but did not play",Match Report,"On matchday squad, but did not play","On matchday squad, but did not play","On matchday squad, but did not play","On matchday squad, but did not play","On matchday squad, but did not play","On matchday squad, but did not play","On matchday squad, but did not play","On matchday squad, but did not play","On matchday squad, but did not play","On matchday squad, but did not play","On matchday squad, but did not play","On matchday squad, but did not play","On matchday squad, but did not play","On matchday squad, but did not play","On matchday squad, but did not play","On matchday squad, but did not play","On matchday squad, but did not play","On matchday squad, but did not play","On matchday squad, but did not play","On matchday squad, but did not play","On matchday squad, but did not play","On matchday squad, but did not play","On matchday squad, but did not play","On matchday squad, but did not play","On matchday squad, but did not play","On matchday squad, but did not play","On matchday squad, but did not play","On matchday squad, but did not play","On matchday squad, but did not play","On matchday squad, but did not play","On matchday squad, but did not play","On matchday squad, but did not play","On matchday squad, but did not play","On matchday squad, but did not play","On matchday squad, but did not play","On matchday squad, but did not play","On matchday squad, but did not play","On matchday squad, but did not play","On matchday squad, but did not play","On matchday squad, but did not play","On matchday squad, but did not play","On matchday squad, but did not play","On matchday squad, but did not play","On matchday squad, but did not play","On matchday squad, but did not play","On matchday squad, but did not play","On matchday squad, but did not play","On matchday squad, but did not play","On matchday squad, but did not play","On matchday squad, but did not play","On matchday squad, but did not play","On matchday squad, but did not play","On matchday squad, but did not play","On matchday squad, but did not play","On matchday squad, but did not play","On matchday squad, but did not play","On matchday squad, but did not play","On matchday squad, but did not play","On matchday squad, but did not play","On matchday squad, but did not play","On matchday squad, but did not play","On matchday squad, but did not play","On matchday squad, but did not play","On matchday squad, but did not play","On matchday squad, but did not play","On matchday squad, but did not play","On matchday squad, but did not play","On matchday squad, but did not play","On matchday squad, but did not play","On matchday squad, but did not play","On matchday squad, but did not play","On matchday squad, but did not play","On matchday squad, but did not play","On matchday squad, but did not play","On matchday squad, but did not play","On matchday squad, but did not play","On matchday squad, but did not play","On matchday squad, but did not play","On matchday squad, but did not play","On matchday squad, but did not play","On matchday squad, but did not play","On matchday squad, but did not play","On matchday squad, but did not play","On matchday squad, but did not play","On matchday squad, but did not play","On matchday squad, but did not play","On matchday squad, but did not play","On matchday squad, but did not play","On matchday squad, but did not play",Everton,Youssef-Chermiti,890f108d
2025-05-25,Sun,Matchweek 38,Away,W 1–0,Everton,Newcastle Utd,N,"On matchday squad, but did not play","On matchday squad, but did not play","On matchday squad, but did not play","On matchday squad, but did not play","On matchday squad, but did not play","On matchday squad, but did not play","On matchday squad, but did not play","On matchday squad, but did not play","On matchday squad, but did not play","On matchday squad, but did not play","On matchday squad, but did not play","On matchday squad, but did not play","On matchday squad, but did not play","On matchday squad, but did not play","On matchday squad, but did not play","On matchday squad, but did not play","On matchday squad, but did not play","On matchday squad, but did not play","On matchday squad, but did not play","On matchday squad, but did not play","On matchday squad, but did not play","On matchday squad, but did not play","On matchday squad, but did not play","On matchday squad, but did not play","On matchday squad, but did not play","On matchday squad, but did not play","On matchday squad, but did not play",Match Report,"On matchday squad, but did not play","On matchday squad, but did not play","On matchday squad, but did not play","On matchday squad, but did not play","On matchday squad, but did not play","On matchday squad, but did not play","On matchday squad, but did not play","On matchday squad, but did not play","On matchday squad, but did not play","On matchday squad, but did not play","On matchday squad, but did not play","On matchday squad, but did not play","On matchday squad, but did not play","On matchday squad, but did not play","On matchday squad, but did not play","On matchday squad, but did not play","On matchday squad, but did not play","On matchday squad, but did not play","On matchday squad, but did not play","On matchday squad, but did not play","On matchday squad, but did not play","On matchday squad, but did not play","On matchday squad, but did not play","On matchday squad, but did not play","On matchday squad, but did not play","On matchday squad, but did not play","On matchday squad, but did not play","On matchday squad, but did not play","On matchday squad, but did not play","On matchday squad, but did not play","On matchday squad, but did not play","On matchday squad, but did not play","On matchday squad, but did not play","On matchday squad, but did not play","On matchday squad, but did not play","On matchday squad, but did not play","On matchday squad, but did not play","On matchday squad, but did not play","On matchday squad, but did not play","On matchday squad, but did not play","On matchday squad, but did not play","On matchday squad, but did not play","On matchday squad, but did not play","On matchday squad, but did not play","On matchday squad, but did not play","On matchday squad, but did not play","On matchday squad, but did not play","On matchday squad, but did not play","On matchday squad, but did not play","On matchday squad, but did not play","On matchday squad, but did not play","On matchday squad, but did not play","On matchday squad, but did not play","On matchday squad, but did not play","On matchday squad, but did not play","On matchday squad, but did not play","On matchday squad, but did not play","On matchday squad, but did not play","On matchday squad, but did not play","On matchday squad, but did not play","On matchday squad, but did not play","On matchday squad, but did not play","On matchday squad, but did not play","On matchday squad, but did not play","On matchday squad, but did not play","On matchday squad, but did not play","On matchday squad, but did not play","On matchday squad, but did not play","On matchday squad, but did not play","On matchday squad, but did not play","On matchday squad, but did not play","On matchday squad, but did not play","On matchday squad, but did not play","On matchday squad, but did not play","On matchday squad, but did not play","On matchday squad, but did not play","On matchday squad, but did not play","On matchday squad, but did not play","On matchday squad, but did not play","On matchday squad, but did not play","On matchday squad, but did not play","On matchday squad, but did not play","On matchday squad, but did not play","On matchday squad, but did not play","On matchday squad, but did not play","On matchday squad, but did not play","On matchday squad, but did not play","On matchday squad, but did not play","On matchday squad, but did not play",Everton,Youssef-Chermiti,890f108d
2024-08-17,Sat,Matchweek 1,Home,L 0–3,Everton,Brighton,N,"RW,RB",6,0,0,0,0,0,0,0,0,3,0,0,0,0.0,0.0,0.0,0,0,2,2,100.0,0,1,0,0,0,Match Report,2,2,100.0,55,0,0,0,,1,1,100.0,1,1,100.0,0,0.0,0.0,0,0,0,0,0,2,0,2,0,0,0,0,2,0,0,0,0,2,0,0,0,0,0,0,0,0,0,0,0,0,0,0,0,0,3,0,0,2,1,0,3,0,0,,0,,1,0,0,0,0,0,1,0,1,0,0,0,0,0,0,0,0,,0,0,0,0,0,0,0,0,Everton,Mason-Holgate,d0042ab9
2024-08-24,Sat,Matchweek 2,Away,L 0–4,Everton,Tottenham,N,"On matchday squad, but did not play","On matchday squad, but did not play","On matchday squad, but did not play","On matchday squad, but did not play","On matchday squad, but did not play","On matchday squad, but did not play","On matchday squad, but did not play","On matchday squad, but did not play","On matchday squad, but did not play","On matchday squad, but did not play","On matchday squad, but did not play","On matchday squad, but did not play","On matchday squad, but did not play","On matchday squad, but did not play","On matchday squad, but did not play","On matchday squad, but did not play","On matchday squad, but did not play","On matchday squad, but did not play","On matchday squad, but did not play","On matchday squad, but did not play","On matchday squad, but did not play","On matchday squad, but did not play","On matchday squad, but did not play","On matchday squad, but did not play","On matchday squad, but did not play","On matchday squad, but did not play","On matchday squad, but did not play",Match Report,"On matchday squad, but did not play","On matchday squad, but did not play","On matchday squad, but did not play","On matchday squad, but did not play","On matchday squad, but did not play","On matchday squad, but did not play","On matchday squad, but did not play","On matchday squad, but did not play","On matchday squad, but did not play","On matchday squad, but did not play","On matchday squad, but did not play","On matchday squad, but did not play","On matchday squad, but did not play","On matchday squad, but did not play","On matchday squad, but did not play","On matchday squad, but did not play","On matchday squad, but did not play","On matchday squad, but did not play","On matchday squad, but did not play","On matchday squad, but did not play","On matchday squad, but did not play","On matchday squad, but did not play","On matchday squad, but did not play","On matchday squad, but did not play","On matchday squad, but did not play","On matchday squad, but did not play","On matchday squad, but did not play","On matchday squad, but did not play","On matchday squad, but did not play","On matchday squad, but did not play","On matchday squad, but did not play","On matchday squad, but did not play","On matchday squad, but did not play","On matchday squad, but did not play","On matchday squad, but did not play","On matchday squad, but did not play","On matchday squad, but did not play","On matchday squad, but did not play","On matchday squad, but did not play","On matchday squad, but did not play","On matchday squad, but did not play","On matchday squad, but did not play","On matchday squad, but did not play","On matchday squad, but did not play","On matchday squad, but did not play","On matchday squad, but did not play","On matchday squad, but did not play","On matchday squad, but did not play","On matchday squad, but did not play","On matchday squad, but did not play","On matchday squad, but did not play","On matchday squad, but did not play","On matchday squad, but did not play","On matchday squad, but did not play","On matchday squad, but did not play","On matchday squad, but did not play","On matchday squad, but did not play","On matchday squad, but did not play","On matchday squad, but did not play","On matchday squad, but did not play","On matchday squad, but did not play","On matchday squad, but did not play","On matchday squad, but did not play","On matchday squad, but did not play","On matchday squad, but did not play","On matchday squad, but did not play","On matchday squad, but did not play","On matchday squad, but did not play","On matchday squad, but did not play","On matchday squad, but did not play","On matchday squad, but did not play","On matchday squad, but did not play","On matchday squad, but did not play","On matchday squad, but did not play","On matchday squad, but did not play","On matchday squad, but did not play","On matchday squad, but did not play","On matchday squad, but did not play","On matchday squad, but did not play","On matchday squad, but did not play","On matchday squad, but did not play","On matchday squad, but did not play","On matchday squad, but did not play","On matchday squad, but did not play","On matchday squad, but did not play","On matchday squad, but did not play","On matchday squad, but did not play","On matchday squad, but did not play","On matchday squad, but did not play",Everton,Mason-Holgate,d0042ab9
