Date,Day,Round,Venue,Result,Squad,Opponent,Start,Pos,Min,Performance Gls,Performance Ast,Performance PK,Performance PKatt,Performance Sh,Performance SoT,Performance CrdY,Performance CrdR,Performance Touches,Performance Tkl,Performance Int,Performance Blocks,Expected xG,Expected npxG,Expected xAG,SCA SCA,SCA GCA,Passes Cmp,Passes Att,Passes Cmp%,Passes PrgP,Carries Carries_x,Carries PrgC_x,Take-Ons Att_x,Take-Ons Succ_x,Report,Total Cmp,Total Att,Total Cmp%,Total TotDist,Total PrgDist,Short Cmp,Short Att,Short Cmp%,Medium Cmp,Medium Att,Medium Cmp%,Long Cmp,Long Att,Long Cmp%,Ast,xAG,xA,KP,1/3,PPA,CrsPA,PrgP,Att,Pass Types Live,Pass Types Dead,Pass Types FK,Pass Types TB,Pass Types Sw,Pass Types Crs,Pass Types TI,Pass Types CK,Corner Kicks In,Corner Kicks Out,Corner Kicks Str,Outcomes Cmp,Outcomes Off,Outcomes Blocks,SCA Types SCA,SCA Types PassLive,SCA Types PassDead,SCA Types TO,SCA Types Sh,SCA Types Fld,SCA Types Def,GCA Types GCA,GCA Types PassLive,GCA Types PassDead,GCA Types TO,GCA Types Sh,GCA Types Fld,GCA Types Def,Touches Touches,Touches Def Pen,Touches Def 3rd,Touches Mid 3rd,Touches Att 3rd,Touches Att Pen,Touches Live,Take-Ons Att_y,Take-Ons Succ_y,Take-Ons Succ%,Take-Ons Tkld,Take-Ons Tkld%,Carries Carries_y,Carries TotDist,Carries PrgDist,Carries PrgC_y,Carries 1/3,Carries CPA,Carries Mis,Carries Dis,Receiving Rec,Receiving PrgR,Tackles Tkl,Tackles TklW,Tackles Def 3rd,Tackles Mid 3rd,Tackles Att 3rd,Challenges Tkl,Challenges Att,Challenges Tkl%,Challenges Lost,Blocks Blocks,Blocks Sh,Blocks Pass,Int,Tkl+Int,Clr,Err,team,player_name,player_id
2024-08-19,Mon,Matchweek 1,Home,D 1–1,Leicester City,Tottenham,Y*,FW,78.0,1.0,0.0,0.0,0.0,2.0,2.0,0.0,0.0,18.0,1.0,1.0,0.0,0.8,0.8,0.0,0.0,0.0,4.0,10.0,40.0,1.0,9.0,0.0,0.0,0.0,Match Report,4.0,10.0,40.0,60.0,11.0,1.0,5.0,20.0,2.0,2.0,100.0,0.0,0.0,,0.0,0.0,0.0,0.0,0.0,0.0,0.0,1.0,10.0,7.0,2.0,0.0,0.0,0.0,0.0,0.0,0.0,0.0,0.0,0.0,4.0,1.0,0.0,0.0,0.0,0.0,0.0,0.0,0.0,0.0,0.0,0.0,0.0,0.0,0.0,0.0,0.0,18.0,1.0,2.0,9.0,7.0,3.0,18.0,0.0,0.0,,0.0,,9.0,49.0,16.0,0.0,1.0,0.0,2.0,1.0,12.0,3.0,1.0,1.0,1.0,0.0,0.0,0.0,0.0,,0.0,0.0,0.0,0.0,1.0,2.0,1.0,0.0,Leicester City,Jamie-Vardy,45963054
2024-08-24,Sat,Matchweek 2,Away,L 1–2,Leicester City,Fulham,Y*,FW,70.0,0.0,0.0,0.0,0.0,0.0,0.0,0.0,0.0,12.0,0.0,0.0,0.0,0.0,0.0,0.0,1.0,1.0,6.0,11.0,54.5,2.0,6.0,0.0,0.0,0.0,Match Report,6.0,11.0,54.5,95.0,17.0,4.0,5.0,80.0,2.0,3.0,66.7,0.0,0.0,,0.0,0.0,0.0,0.0,1.0,0.0,0.0,2.0,11.0,8.0,2.0,0.0,0.0,0.0,0.0,0.0,0.0,0.0,0.0,0.0,6.0,1.0,1.0,1.0,1.0,0.0,0.0,0.0,0.0,0.0,1.0,1.0,0.0,0.0,0.0,0.0,0.0,12.0,0.0,1.0,8.0,4.0,0.0,12.0,0.0,0.0,,0.0,,6.0,18.0,8.0,0.0,1.0,0.0,1.0,0.0,8.0,5.0,0.0,0.0,0.0,0.0,0.0,0.0,1.0,0.0,1.0,0.0,0.0,0.0,0.0,0.0,0.0,0.0,Leicester City,Jamie-Vardy,45963054
2024-08-31,Sat,Matchweek 3,Home,L 1–2,Leicester City,Aston Villa,Y*,FW,90.0,0.0,0.0,0.0,0.0,0.0,0.0,1.0,0.0,19.0,0.0,0.0,1.0,0.0,0.0,0.0,2.0,0.0,9.0,12.0,75.0,1.0,8.0,1.0,2.0,0.0,Match Report,9.0,12.0,75.0,115.0,2.0,8.0,8.0,100.0,1.0,1.0,100.0,0.0,0.0,,0.0,0.0,0.0,1.0,0.0,0.0,0.0,1.0,12.0,9.0,3.0,0.0,0.0,0.0,0.0,0.0,0.0,0.0,0.0,0.0,9.0,0.0,1.0,2.0,1.0,0.0,0.0,0.0,1.0,0.0,0.0,0.0,0.0,0.0,0.0,0.0,0.0,19.0,0.0,0.0,10.0,9.0,3.0,19.0,2.0,0.0,0.0,1.0,50.0,8.0,31.0,11.0,1.0,0.0,1.0,2.0,0.0,10.0,4.0,0.0,0.0,0.0,0.0,0.0,0.0,1.0,0.0,1.0,1.0,0.0,1.0,0.0,0.0,0.0,0.0,Leicester City,Jamie-Vardy,45963054
2024-09-14,Sat,Matchweek 4,Away,D 2–2,Leicester City,Crystal Palace,Y*,FW,90.0,1.0,0.0,0.0,0.0,1.0,1.0,0.0,0.0,22.0,0.0,0.0,0.0,0.6,0.6,0.1,4.0,1.0,11.0,17.0,64.7,2.0,8.0,1.0,2.0,2.0,Match Report,11.0,17.0,64.7,196.0,27.0,6.0,10.0,60.0,2.0,3.0,66.7,3.0,3.0,100.0,0.0,0.1,0.0,1.0,1.0,2.0,0.0,2.0,17.0,14.0,3.0,0.0,0.0,0.0,0.0,0.0,0.0,0.0,0.0,0.0,11.0,0.0,1.0,4.0,2.0,0.0,2.0,0.0,0.0,0.0,1.0,0.0,0.0,1.0,0.0,0.0,0.0,22.0,1.0,1.0,12.0,9.0,3.0,22.0,2.0,2.0,100.0,0.0,0.0,8.0,34.0,7.0,1.0,0.0,0.0,2.0,1.0,16.0,4.0,0.0,0.0,0.0,0.0,0.0,0.0,0.0,,0.0,0.0,0.0,0.0,0.0,0.0,1.0,0.0,Leicester City,Jamie-Vardy,45963054
2024-09-21,Sat,Matchweek 5,Home,D 1–1,Leicester City,Everton,Y*,FW,82.0,0.0,0.0,0.0,0.0,0.0,0.0,0.0,0.0,14.0,0.0,0.0,0.0,0.0,0.0,0.0,1.0,0.0,6.0,9.0,66.7,0.0,9.0,1.0,0.0,0.0,Match Report,6.0,9.0,66.7,63.0,0.0,3.0,3.0,100.0,2.0,3.0,66.7,0.0,0.0,,0.0,0.0,0.0,0.0,0.0,0.0,0.0,0.0,9.0,8.0,1.0,0.0,0.0,0.0,1.0,0.0,0.0,0.0,0.0,0.0,6.0,0.0,1.0,1.0,1.0,0.0,0.0,0.0,0.0,0.0,0.0,0.0,0.0,0.0,0.0,0.0,0.0,14.0,0.0,0.0,6.0,8.0,4.0,14.0,0.0,0.0,,0.0,,9.0,29.0,1.0,1.0,0.0,0.0,3.0,0.0,11.0,2.0,0.0,0.0,0.0,0.0,0.0,0.0,0.0,,0.0,0.0,0.0,0.0,0.0,0.0,0.0,0.0,Leicester City,Jamie-Vardy,45963054
2024-09-28,Sat,Matchweek 6,Away,L 2–4,Leicester City,Arsenal,Y*,FW,90.0,0.0,0.0,0.0,0.0,0.0,0.0,1.0,0.0,18.0,1.0,0.0,0.0,0.0,0.0,0.1,2.0,1.0,10.0,12.0,83.3,1.0,7.0,1.0,0.0,0.0,Match Report,10.0,12.0,83.3,150.0,10.0,3.0,5.0,60.0,3.0,3.0,100.0,1.0,1.0,100.0,0.0,0.1,0.0,1.0,0.0,1.0,0.0,1.0,12.0,9.0,3.0,0.0,0.0,0.0,0.0,0.0,0.0,0.0,0.0,0.0,10.0,0.0,0.0,2.0,1.0,0.0,0.0,0.0,1.0,0.0,1.0,0.0,0.0,0.0,0.0,1.0,0.0,18.0,2.0,4.0,14.0,1.0,0.0,18.0,0.0,0.0,,0.0,,7.0,28.0,16.0,1.0,1.0,0.0,1.0,2.0,9.0,1.0,1.0,1.0,1.0,0.0,0.0,0.0,0.0,,0.0,0.0,0.0,0.0,0.0,1.0,3.0,0.0,Leicester City,Jamie-Vardy,45963054
2024-10-05,Sat,Matchweek 7,Home,W 1–0,Leicester City,Bournemouth,Y*,FW,73.0,0.0,0.0,0.0,0.0,2.0,0.0,0.0,0.0,17.0,1.0,0.0,0.0,0.5,0.5,0.0,0.0,0.0,3.0,6.0,50.0,0.0,10.0,2.0,0.0,0.0,Match Report,3.0,6.0,50.0,53.0,0.0,1.0,2.0,50.0,2.0,3.0,66.7,0.0,0.0,,0.0,0.0,0.0,0.0,0.0,0.0,0.0,0.0,6.0,5.0,1.0,0.0,0.0,0.0,1.0,0.0,0.0,0.0,0.0,0.0,3.0,0.0,0.0,0.0,0.0,0.0,0.0,0.0,0.0,0.0,0.0,0.0,0.0,0.0,0.0,0.0,0.0,17.0,2.0,2.0,5.0,10.0,2.0,17.0,0.0,0.0,,0.0,,10.0,52.0,26.0,2.0,0.0,1.0,4.0,0.0,12.0,5.0,1.0,1.0,0.0,1.0,0.0,0.0,0.0,,0.0,0.0,0.0,0.0,0.0,1.0,2.0,0.0,Leicester City,Jamie-Vardy,45963054
2024-10-19,Sat,Matchweek 8,Away,W 3–2,Leicester City,Southampton,Y*,FW,90.0,1.0,0.0,1.0,1.0,3.0,0.0,1.0,0.0,11.0,0.0,0.0,0.0,1.0,0.2,0.0,2.0,1.0,2.0,6.0,33.3,0.0,3.0,1.0,0.0,0.0,Match Report,2.0,6.0,33.3,15.0,0.0,2.0,2.0,100.0,0.0,2.0,0.0,0.0,0.0,,0.0,0.0,0.0,0.0,0.0,0.0,0.0,0.0,6.0,6.0,0.0,0.0,0.0,0.0,1.0,0.0,0.0,0.0,0.0,0.0,2.0,0.0,0.0,2.0,0.0,0.0,0.0,1.0,1.0,0.0,1.0,0.0,0.0,0.0,0.0,1.0,0.0,11.0,2.0,2.0,1.0,8.0,3.0,10.0,0.0,0.0,,0.0,,3.0,16.0,7.0,1.0,0.0,0.0,0.0,0.0,5.0,3.0,0.0,0.0,0.0,0.0,0.0,0.0,0.0,,0.0,0.0,0.0,0.0,0.0,0.0,1.0,0.0,Leicester City,Jamie-Vardy,45963054
2024-10-25,Fri,Matchweek 9,Home,L 1–3,Leicester City,Nott'ham Forest,Y*,FW,90.0,1.0,0.0,0.0,0.0,2.0,1.0,0.0,0.0,25.0,0.0,0.0,0.0,0.5,0.5,0.1,3.0,0.0,12.0,19.0,63.2,0.0,15.0,0.0,0.0,0.0,Match Report,12.0,19.0,63.2,171.0,18.0,6.0,9.0,66.7,4.0,5.0,80.0,1.0,1.0,100.0,0.0,0.1,0.1,2.0,0.0,1.0,1.0,0.0,19.0,19.0,0.0,0.0,0.0,0.0,1.0,0.0,0.0,0.0,0.0,0.0,12.0,0.0,1.0,3.0,3.0,0.0,0.0,0.0,0.0,0.0,0.0,0.0,0.0,0.0,0.0,0.0,0.0,25.0,3.0,4.0,8.0,13.0,5.0,25.0,0.0,0.0,,0.0,,15.0,52.0,14.0,0.0,0.0,0.0,0.0,0.0,18.0,3.0,0.0,0.0,0.0,0.0,0.0,0.0,0.0,,0.0,0.0,0.0,0.0,0.0,0.0,3.0,0.0,Leicester City,Jamie-Vardy,45963054
2024-11-02,Sat,Matchweek 10,Away,D 1–1,Leicester City,Ipswich Town,Y*,FW,90.0,0.0,1.0,0.0,0.0,1.0,0.0,0.0,0.0,16.0,0.0,0.0,0.0,0.0,0.0,0.3,3.0,1.0,9.0,13.0,69.2,1.0,11.0,1.0,0.0,0.0,Match Report,9.0,13.0,69.2,104.0,17.0,7.0,8.0,87.5,2.0,2.0,100.0,0.0,0.0,,1.0,0.3,0.5,2.0,1.0,0.0,0.0,1.0,13.0,13.0,0.0,0.0,1.0,0.0,0.0,0.0,0.0,0.0,0.0,0.0,9.0,0.0,0.0,3.0,3.0,0.0,0.0,0.0,0.0,0.0,1.0,1.0,0.0,0.0,0.0,0.0,0.0,16.0,0.0,0.0,8.0,8.0,6.0,16.0,0.0,0.0,,0.0,,11.0,49.0,30.0,1.0,1.0,1.0,1.0,0.0,14.0,6.0,0.0,0.0,0.0,0.0,0.0,0.0,0.0,,0.0,0.0,0.0,0.0,0.0,0.0,0.0,0.0,Leicester City,Jamie-Vardy,45963054
2024-11-23,Sat,Matchweek 12,Home,L 1–2,Leicester City,Chelsea,Y*,FW,78.0,0.0,0.0,0.0,0.0,0.0,0.0,0.0,0.0,13.0,0.0,0.0,1.0,0.0,0.0,0.0,1.0,0.0,6.0,7.0,85.7,1.0,4.0,0.0,0.0,0.0,Match Report,6.0,7.0,85.7,127.0,10.0,0.0,0.0,,4.0,4.0,100.0,1.0,2.0,50.0,0.0,0.0,0.0,0.0,0.0,1.0,0.0,1.0,7.0,4.0,3.0,0.0,0.0,0.0,0.0,0.0,0.0,0.0,0.0,0.0,6.0,0.0,0.0,1.0,1.0,0.0,0.0,0.0,0.0,0.0,0.0,0.0,0.0,0.0,0.0,0.0,0.0,13.0,2.0,3.0,7.0,3.0,1.0,13.0,0.0,0.0,,0.0,,4.0,6.0,1.0,0.0,0.0,0.0,2.0,0.0,4.0,1.0,0.0,0.0,0.0,0.0,0.0,0.0,1.0,0.0,1.0,1.0,1.0,0.0,0.0,0.0,0.0,0.0,Leicester City,Jamie-Vardy,45963054
2024-11-30,Sat,Matchweek 13,Away,L 1–4,Leicester City,Brentford,Y*,FW,63.0,0.0,1.0,0.0,0.0,0.0,0.0,0.0,0.0,18.0,0.0,0.0,0.0,0.0,0.0,0.7,2.0,2.0,10.0,15.0,66.7,0.0,4.0,2.0,3.0,1.0,Match Report,10.0,15.0,66.7,190.0,10.0,4.0,6.0,66.7,4.0,5.0,80.0,2.0,2.0,100.0,1.0,0.7,0.5,1.0,0.0,0.0,0.0,0.0,15.0,10.0,5.0,0.0,0.0,0.0,2.0,0.0,0.0,0.0,0.0,0.0,10.0,0.0,1.0,2.0,1.0,0.0,1.0,0.0,0.0,0.0,2.0,1.0,0.0,1.0,0.0,0.0,0.0,18.0,1.0,1.0,9.0,8.0,2.0,18.0,3.0,1.0,33.3,2.0,66.7,4.0,46.0,25.0,2.0,0.0,0.0,0.0,0.0,7.0,3.0,0.0,0.0,0.0,0.0,0.0,0.0,1.0,0.0,1.0,0.0,0.0,0.0,0.0,0.0,1.0,0.0,Leicester City,Jamie-Vardy,45963054
2024-12-03,Tue,Matchweek 14,Home,W 3–1,Leicester City,West Ham,Y*,FW,59.0,1.0,0.0,0.0,0.0,3.0,2.0,1.0,0.0,12.0,1.0,0.0,1.0,0.7,0.7,0.0,0.0,0.0,3.0,7.0,42.9,0.0,7.0,3.0,0.0,0.0,Match Report,3.0,7.0,42.9,52.0,0.0,1.0,2.0,50.0,2.0,4.0,50.0,0.0,0.0,,0.0,0.0,0.0,0.0,0.0,0.0,0.0,0.0,7.0,7.0,0.0,0.0,0.0,0.0,0.0,0.0,0.0,0.0,0.0,0.0,3.0,0.0,0.0,0.0,0.0,0.0,0.0,0.0,0.0,0.0,0.0,0.0,0.0,0.0,0.0,0.0,0.0,12.0,0.0,1.0,5.0,6.0,5.0,12.0,0.0,0.0,,0.0,,7.0,74.0,59.0,3.0,1.0,3.0,0.0,1.0,9.0,2.0,1.0,1.0,0.0,1.0,0.0,1.0,1.0,100.0,0.0,1.0,1.0,0.0,0.0,1.0,0.0,0.0,Leicester City,Jamie-Vardy,45963054
2024-12-08,Sun,Matchweek 15,Home,D 2–2,Leicester City,Brighton,Y*,FW,90.0,1.0,1.0,0.0,0.0,3.0,1.0,0.0,0.0,23.0,1.0,0.0,0.0,0.5,0.5,0.6,1.0,1.0,10.0,13.0,76.9,2.0,11.0,1.0,1.0,0.0,Match Report,10.0,13.0,76.9,130.0,33.0,8.0,8.0,100.0,1.0,3.0,33.3,1.0,2.0,50.0,1.0,0.6,0.4,1.0,1.0,0.0,0.0,2.0,13.0,13.0,0.0,0.0,0.0,0.0,0.0,0.0,0.0,0.0,0.0,0.0,10.0,0.0,0.0,1.0,1.0,0.0,0.0,0.0,0.0,0.0,1.0,1.0,0.0,0.0,0.0,0.0,0.0,23.0,1.0,3.0,9.0,11.0,7.0,23.0,1.0,0.0,0.0,1.0,100.0,11.0,39.0,25.0,1.0,0.0,1.0,2.0,0.0,16.0,6.0,1.0,1.0,0.0,1.0,0.0,0.0,0.0,,0.0,0.0,0.0,0.0,0.0,1.0,1.0,0.0,Leicester City,Jamie-Vardy,45963054
2024-12-14,Sat,Matchweek 16,Away,L 0–4,Leicester City,Newcastle Utd,Y*,FW,58.0,0.0,0.0,0.0,0.0,1.0,0.0,0.0,0.0,13.0,0.0,0.0,0.0,0.1,0.1,0.0,0.0,0.0,6.0,10.0,60.0,2.0,8.0,0.0,2.0,2.0,Match Report,6.0,10.0,60.0,51.0,13.0,3.0,7.0,42.9,2.0,2.0,100.0,0.0,0.0,,0.0,0.0,0.0,0.0,1.0,0.0,0.0,2.0,10.0,10.0,0.0,0.0,0.0,0.0,0.0,0.0,0.0,0.0,0.0,0.0,6.0,0.0,0.0,0.0,0.0,0.0,0.0,0.0,0.0,0.0,0.0,0.0,0.0,0.0,0.0,0.0,0.0,13.0,0.0,0.0,7.0,6.0,2.0,13.0,2.0,2.0,100.0,0.0,0.0,8.0,34.0,14.0,0.0,0.0,0.0,0.0,1.0,10.0,2.0,0.0,0.0,0.0,0.0,0.0,0.0,0.0,,0.0,0.0,0.0,0.0,0.0,0.0,0.0,0.0,Leicester City,Jamie-Vardy,45963054
2024-12-22,Sun,Matchweek 17,Home,L 0–3,Leicester City,Wolves,Y*,FW,90.0,0.0,0.0,0.0,0.0,6.0,2.0,0.0,0.0,18.0,0.0,0.0,1.0,0.7,0.7,0.0,0.0,0.0,5.0,7.0,71.4,0.0,11.0,0.0,2.0,0.0,Match Report,5.0,7.0,71.4,57.0,7.0,2.0,3.0,66.7,2.0,2.0,100.0,0.0,0.0,,0.0,0.0,0.0,0.0,0.0,0.0,0.0,0.0,7.0,6.0,0.0,0.0,0.0,0.0,0.0,0.0,0.0,0.0,0.0,0.0,5.0,1.0,0.0,0.0,0.0,0.0,0.0,0.0,0.0,0.0,0.0,0.0,0.0,0.0,0.0,0.0,0.0,18.0,0.0,0.0,6.0,12.0,6.0,18.0,2.0,0.0,0.0,2.0,100.0,11.0,53.0,15.0,0.0,0.0,0.0,0.0,1.0,13.0,4.0,0.0,0.0,0.0,0.0,0.0,0.0,0.0,,0.0,1.0,0.0,1.0,0.0,0.0,0.0,0.0,Leicester City,Jamie-Vardy,45963054
2024-12-29,Sun,Matchweek 19,Home,L 0–2,Leicester City,Manchester City,Y*,FW,90.0,0.0,0.0,0.0,0.0,4.0,1.0,0.0,0.0,16.0,0.0,0.0,0.0,0.7,0.7,0.4,2.0,0.0,8.0,10.0,80.0,1.0,6.0,0.0,0.0,0.0,Match Report,8.0,10.0,80.0,152.0,23.0,3.0,3.0,100.0,3.0,3.0,100.0,1.0,2.0,50.0,0.0,0.4,0.5,2.0,0.0,1.0,0.0,1.0,10.0,8.0,2.0,0.0,0.0,1.0,0.0,0.0,0.0,0.0,0.0,0.0,8.0,0.0,0.0,2.0,2.0,0.0,0.0,0.0,0.0,0.0,0.0,0.0,0.0,0.0,0.0,0.0,0.0,16.0,1.0,2.0,3.0,11.0,8.0,16.0,0.0,0.0,,0.0,,6.0,12.0,7.0,0.0,1.0,0.0,0.0,0.0,10.0,6.0,0.0,0.0,0.0,0.0,0.0,0.0,0.0,,0.0,0.0,0.0,0.0,0.0,0.0,0.0,0.0,Leicester City,Jamie-Vardy,45963054
2025-01-04,Sat,Matchweek 20,Away,L 1–2,Leicester City,Aston Villa,Y*,FW,90.0,0.0,0.0,0.0,0.0,1.0,1.0,0.0,0.0,14.0,1.0,0.0,1.0,0.2,0.2,0.0,1.0,1.0,6.0,6.0,100.0,0.0,4.0,0.0,1.0,0.0,Match Report,6.0,6.0,100.0,51.0,0.0,5.0,5.0,100.0,0.0,0.0,,0.0,0.0,,0.0,0.0,0.0,0.0,0.0,0.0,0.0,0.0,6.0,6.0,0.0,0.0,0.0,0.0,0.0,0.0,0.0,0.0,0.0,0.0,6.0,0.0,0.0,1.0,0.0,0.0,0.0,1.0,0.0,0.0,1.0,0.0,0.0,0.0,1.0,0.0,0.0,14.0,2.0,4.0,6.0,4.0,3.0,14.0,1.0,0.0,0.0,1.0,100.0,4.0,2.0,0.0,0.0,0.0,0.0,2.0,0.0,8.0,4.0,1.0,0.0,1.0,0.0,0.0,1.0,1.0,100.0,0.0,1.0,1.0,0.0,0.0,1.0,1.0,0.0,Leicester City,Jamie-Vardy,45963054
2025-01-15,Wed,Matchweek 21,Home,L 0–2,Leicester City,Crystal Palace,Y*,FW,90.0,0.0,0.0,0.0,0.0,6.0,1.0,0.0,0.0,40.0,0.0,0.0,0.0,1.0,1.0,0.0,4.0,0.0,23.0,30.0,76.7,1.0,19.0,2.0,3.0,2.0,Match Report,23.0,30.0,76.7,299.0,44.0,15.0,19.0,78.9,8.0,9.0,88.9,0.0,0.0,,0.0,0.0,0.0,1.0,2.0,1.0,0.0,1.0,30.0,29.0,1.0,0.0,0.0,0.0,0.0,0.0,0.0,0.0,0.0,0.0,23.0,0.0,0.0,4.0,4.0,0.0,0.0,0.0,0.0,0.0,0.0,0.0,0.0,0.0,0.0,0.0,0.0,40.0,0.0,1.0,19.0,21.0,8.0,40.0,3.0,2.0,66.7,1.0,33.3,19.0,117.0,57.0,2.0,0.0,2.0,1.0,1.0,35.0,6.0,0.0,0.0,0.0,0.0,0.0,0.0,0.0,,0.0,0.0,0.0,0.0,0.0,0.0,0.0,0.0,Leicester City,Jamie-Vardy,45963054
2025-01-18,Sat,Matchweek 22,Home,L 0–2,Leicester City,Fulham,Y*,FW,90.0,0.0,0.0,0.0,0.0,1.0,1.0,0.0,0.0,15.0,1.0,1.0,0.0,0.0,0.0,0.1,0.0,0.0,7.0,10.0,70.0,0.0,7.0,1.0,0.0,0.0,Match Report,7.0,10.0,70.0,86.0,7.0,5.0,5.0,100.0,2.0,3.0,66.7,0.0,1.0,0.0,0.0,0.1,0.0,1.0,0.0,0.0,0.0,0.0,10.0,10.0,0.0,0.0,0.0,0.0,0.0,0.0,0.0,0.0,0.0,0.0,7.0,0.0,0.0,0.0,0.0,0.0,0.0,0.0,0.0,0.0,0.0,0.0,0.0,0.0,0.0,0.0,0.0,15.0,0.0,2.0,4.0,9.0,5.0,15.0,0.0,0.0,,0.0,,7.0,45.0,24.0,1.0,0.0,1.0,0.0,0.0,8.0,4.0,1.0,1.0,1.0,0.0,0.0,0.0,1.0,0.0,1.0,0.0,0.0,0.0,1.0,2.0,0.0,0.0,Leicester City,Jamie-Vardy,45963054
2025-01-26,Sun,Matchweek 23,Away,W 2–1,Leicester City,Tottenham,Y*,FW,76.0,1.0,0.0,0.0,0.0,3.0,1.0,0.0,0.0,15.0,2.0,1.0,1.0,1.1,1.1,0.0,0.0,0.0,2.0,7.0,28.6,2.0,8.0,1.0,0.0,0.0,Match Report,2.0,7.0,28.6,32.0,24.0,1.0,3.0,33.3,1.0,3.0,33.3,0.0,0.0,,0.0,0.0,0.0,0.0,0.0,1.0,0.0,2.0,7.0,6.0,0.0,0.0,0.0,0.0,1.0,0.0,0.0,0.0,0.0,0.0,2.0,1.0,1.0,0.0,0.0,0.0,0.0,0.0,0.0,0.0,0.0,0.0,0.0,0.0,0.0,0.0,0.0,15.0,0.0,1.0,5.0,9.0,3.0,15.0,0.0,0.0,,0.0,,8.0,28.0,4.0,1.0,0.0,0.0,0.0,1.0,8.0,2.0,2.0,2.0,0.0,0.0,2.0,0.0,0.0,,0.0,1.0,1.0,0.0,1.0,3.0,0.0,0.0,Leicester City,Jamie-Vardy,45963054
2025-02-01,Sat,Matchweek 24,Away,L 0–4,Leicester City,Everton,Y*,FW,59.0,0.0,0.0,0.0,0.0,0.0,0.0,0.0,0.0,6.0,0.0,0.0,1.0,0.0,0.0,0.0,0.0,0.0,1.0,2.0,50.0,0.0,1.0,0.0,1.0,0.0,Match Report,1.0,2.0,50.0,12.0,0.0,1.0,2.0,50.0,0.0,0.0,,0.0,0.0,,0.0,0.0,0.0,0.0,0.0,0.0,0.0,0.0,2.0,2.0,0.0,0.0,0.0,0.0,0.0,0.0,0.0,0.0,0.0,0.0,1.0,0.0,0.0,0.0,0.0,0.0,0.0,0.0,0.0,0.0,0.0,0.0,0.0,0.0,0.0,0.0,0.0,6.0,1.0,2.0,3.0,1.0,1.0,6.0,1.0,0.0,0.0,1.0,100.0,1.0,3.0,1.0,0.0,0.0,0.0,0.0,0.0,3.0,0.0,0.0,0.0,0.0,0.0,0.0,0.0,0.0,,0.0,1.0,0.0,1.0,0.0,0.0,1.0,0.0,Leicester City,Jamie-Vardy,45963054
2025-02-15,Sat,Matchweek 25,Home,L 0–2,Leicester City,Arsenal,Y*,FW,90.0,0.0,0.0,0.0,0.0,0.0,0.0,0.0,0.0,22.0,2.0,0.0,0.0,0.0,0.0,0.0,2.0,0.0,12.0,18.0,66.7,0.0,12.0,3.0,1.0,0.0,Match Report,12.0,18.0,66.7,142.0,13.0,9.0,9.0,100.0,3.0,5.0,60.0,0.0,0.0,,0.0,0.0,0.0,1.0,0.0,0.0,0.0,0.0,18.0,16.0,1.0,0.0,0.0,0.0,0.0,0.0,0.0,0.0,0.0,0.0,12.0,1.0,3.0,2.0,2.0,0.0,0.0,0.0,0.0,0.0,0.0,0.0,0.0,0.0,0.0,0.0,0.0,22.0,1.0,3.0,11.0,10.0,3.0,22.0,1.0,0.0,0.0,1.0,100.0,12.0,113.0,83.0,3.0,2.0,1.0,0.0,0.0,11.0,1.0,2.0,2.0,1.0,0.0,1.0,0.0,1.0,0.0,1.0,0.0,0.0,0.0,0.0,2.0,1.0,0.0,Leicester City,Jamie-Vardy,45963054
2025-02-21,Fri,Matchweek 26,Home,L 0–4,Leicester City,Brentford,Y*,FW,90.0,0.0,0.0,0.0,0.0,3.0,2.0,0.0,0.0,16.0,1.0,0.0,0.0,0.4,0.4,0.0,2.0,0.0,8.0,10.0,80.0,0.0,9.0,2.0,2.0,2.0,Match Report,8.0,10.0,80.0,105.0,1.0,5.0,6.0,83.3,3.0,3.0,100.0,0.0,0.0,,0.0,0.0,0.0,0.0,0.0,0.0,0.0,0.0,10.0,9.0,1.0,0.0,0.0,0.0,1.0,0.0,0.0,0.0,0.0,0.0,8.0,0.0,1.0,2.0,0.0,0.0,2.0,0.0,0.0,0.0,0.0,0.0,0.0,0.0,0.0,0.0,0.0,16.0,1.0,4.0,6.0,6.0,3.0,16.0,2.0,2.0,100.0,0.0,0.0,9.0,72.0,45.0,2.0,1.0,1.0,0.0,0.0,10.0,2.0,1.0,1.0,1.0,0.0,0.0,0.0,1.0,0.0,1.0,0.0,0.0,0.0,0.0,1.0,1.0,0.0,Leicester City,Jamie-Vardy,45963054
2025-02-27,Thu,Matchweek 27,Away,L 0–2,Leicester City,West Ham,Y*,FW,90.0,0.0,0.0,0.0,0.0,0.0,0.0,0.0,0.0,17.0,1.0,0.0,1.0,0.0,0.0,0.0,3.0,0.0,5.0,9.0,55.6,0.0,7.0,0.0,0.0,0.0,Match Report,5.0,9.0,55.6,57.0,0.0,4.0,8.0,50.0,1.0,1.0,100.0,0.0,0.0,,0.0,0.0,0.0,1.0,0.0,0.0,0.0,0.0,9.0,9.0,0.0,0.0,0.0,0.0,0.0,0.0,0.0,0.0,0.0,0.0,5.0,0.0,0.0,3.0,2.0,0.0,0.0,0.0,1.0,0.0,0.0,0.0,0.0,0.0,0.0,0.0,0.0,17.0,1.0,1.0,9.0,7.0,2.0,17.0,0.0,0.0,,0.0,,7.0,41.0,4.0,0.0,0.0,0.0,2.0,0.0,11.0,3.0,1.0,0.0,0.0,1.0,0.0,0.0,0.0,,0.0,1.0,0.0,1.0,0.0,1.0,1.0,0.0,Leicester City,Jamie-Vardy,45963054
2025-03-09,Sun,Matchweek 28,Away,L 0–1,Leicester City,Chelsea,Y*,FW,90.0,0.0,0.0,0.0,0.0,1.0,1.0,0.0,0.0,16.0,0.0,0.0,0.0,0.0,0.0,0.0,0.0,0.0,9.0,12.0,75.0,0.0,13.0,2.0,0.0,0.0,Match Report,9.0,12.0,75.0,164.0,14.0,5.0,6.0,83.3,3.0,3.0,100.0,1.0,1.0,100.0,0.0,0.0,0.0,0.0,0.0,0.0,0.0,0.0,12.0,11.0,1.0,0.0,0.0,0.0,1.0,0.0,0.0,0.0,0.0,0.0,9.0,0.0,0.0,0.0,0.0,0.0,0.0,0.0,0.0,0.0,0.0,0.0,0.0,0.0,0.0,0.0,0.0,16.0,0.0,1.0,8.0,7.0,2.0,16.0,0.0,0.0,,0.0,,13.0,80.0,40.0,2.0,0.0,1.0,2.0,1.0,13.0,7.0,0.0,0.0,0.0,0.0,0.0,0.0,0.0,,0.0,0.0,0.0,0.0,0.0,0.0,0.0,0.0,Leicester City,Jamie-Vardy,45963054
2025-03-16,Sun,Matchweek 29,Home,L 0–3,Leicester City,Manchester Utd,Y*,FW,90.0,0.0,0.0,0.0,0.0,3.0,2.0,0.0,0.0,23.0,2.0,0.0,0.0,0.5,0.5,0.4,3.0,0.0,8.0,16.0,50.0,2.0,10.0,1.0,0.0,0.0,Match Report,8.0,16.0,50.0,104.0,22.0,2.0,5.0,40.0,4.0,5.0,80.0,0.0,1.0,0.0,0.0,0.4,0.3,3.0,0.0,1.0,0.0,2.0,16.0,15.0,0.0,0.0,0.0,0.0,0.0,0.0,0.0,0.0,0.0,0.0,8.0,1.0,2.0,3.0,3.0,0.0,0.0,0.0,0.0,0.0,0.0,0.0,0.0,0.0,0.0,0.0,0.0,23.0,1.0,1.0,9.0,13.0,6.0,23.0,0.0,0.0,,0.0,,10.0,86.0,58.0,1.0,2.0,1.0,2.0,0.0,14.0,6.0,2.0,1.0,0.0,1.0,1.0,0.0,0.0,,0.0,0.0,0.0,0.0,0.0,2.0,0.0,0.0,Leicester City,Jamie-Vardy,45963054
2025-04-02,Wed,Matchweek 30,Away,L 0–2,Leicester City,Manchester City,Y*,FW,45.0,0.0,0.0,0.0,0.0,0.0,0.0,1.0,0.0,7.0,0.0,0.0,0.0,0.0,0.0,0.0,0.0,0.0,3.0,5.0,60.0,0.0,1.0,0.0,0.0,0.0,Match Report,3.0,5.0,60.0,63.0,0.0,1.0,3.0,33.3,2.0,2.0,100.0,0.0,0.0,,0.0,0.0,0.0,0.0,0.0,0.0,0.0,0.0,5.0,3.0,2.0,0.0,0.0,0.0,0.0,0.0,0.0,0.0,0.0,0.0,3.0,0.0,0.0,0.0,0.0,0.0,0.0,0.0,0.0,0.0,0.0,0.0,0.0,0.0,0.0,0.0,0.0,7.0,1.0,2.0,5.0,0.0,0.0,7.0,0.0,0.0,,0.0,,1.0,2.0,0.0,0.0,0.0,0.0,0.0,1.0,3.0,0.0,0.0,0.0,0.0,0.0,0.0,0.0,0.0,,0.0,0.0,0.0,0.0,0.0,0.0,1.0,0.0,Leicester City,Jamie-Vardy,45963054
2025-04-07,Mon,Matchweek 31,Home,L 0–3,Leicester City,Newcastle Utd,Y*,FW,90.0,0.0,0.0,0.0,0.0,3.0,1.0,0.0,0.0,28.0,3.0,0.0,0.0,0.2,0.2,0.0,1.0,0.0,15.0,19.0,78.9,1.0,14.0,1.0,0.0,0.0,Match Report,15.0,19.0,78.9,200.0,32.0,10.0,12.0,83.3,4.0,4.0,100.0,0.0,0.0,,0.0,0.0,0.0,0.0,1.0,0.0,0.0,1.0,19.0,16.0,3.0,0.0,0.0,0.0,1.0,0.0,0.0,0.0,0.0,0.0,15.0,0.0,0.0,1.0,1.0,0.0,0.0,0.0,0.0,0.0,0.0,0.0,0.0,0.0,0.0,0.0,0.0,28.0,1.0,2.0,15.0,11.0,3.0,28.0,0.0,0.0,,0.0,,14.0,67.0,12.0,1.0,0.0,0.0,2.0,1.0,20.0,8.0,3.0,1.0,0.0,2.0,1.0,2.0,2.0,100.0,0.0,0.0,0.0,0.0,0.0,3.0,1.0,0.0,Leicester City,Jamie-Vardy,45963054
2025-04-12,Sat,Matchweek 32,Away,D 2–2,Leicester City,Brighton,Y*,FW,60.0,0.0,0.0,0.0,0.0,0.0,0.0,0.0,0.0,7.0,0.0,0.0,0.0,0.0,0.0,0.0,0.0,0.0,6.0,6.0,100.0,0.0,2.0,0.0,0.0,0.0,Match Report,6.0,6.0,100.0,112.0,12.0,3.0,3.0,100.0,3.0,3.0,100.0,0.0,0.0,,0.0,0.0,0.0,0.0,1.0,0.0,0.0,0.0,6.0,3.0,3.0,0.0,0.0,0.0,0.0,0.0,0.0,0.0,0.0,0.0,6.0,0.0,0.0,0.0,0.0,0.0,0.0,0.0,0.0,0.0,0.0,0.0,0.0,0.0,0.0,0.0,0.0,7.0,1.0,2.0,5.0,0.0,0.0,7.0,0.0,0.0,,0.0,,2.0,17.0,9.0,0.0,0.0,0.0,0.0,0.0,3.0,1.0,0.0,0.0,0.0,0.0,0.0,0.0,0.0,,0.0,0.0,0.0,0.0,0.0,0.0,1.0,0.0,Leicester City,Jamie-Vardy,45963054
2025-04-20,Sun,Matchweek 33,Home,L 0–1,Leicester City,Liverpool,Y*,FW,60.0,0.0,0.0,0.0,0.0,0.0,0.0,0.0,0.0,9.0,0.0,0.0,0.0,0.0,0.0,0.0,0.0,0.0,5.0,7.0,71.4,0.0,4.0,0.0,0.0,0.0,Match Report,5.0,7.0,71.4,71.0,6.0,3.0,3.0,100.0,2.0,3.0,66.7,0.0,1.0,0.0,0.0,0.0,0.0,0.0,1.0,0.0,0.0,0.0,7.0,6.0,1.0,0.0,0.0,0.0,0.0,0.0,0.0,0.0,0.0,0.0,5.0,0.0,0.0,0.0,0.0,0.0,0.0,0.0,0.0,0.0,0.0,0.0,0.0,0.0,0.0,0.0,0.0,9.0,0.0,0.0,9.0,0.0,0.0,9.0,0.0,0.0,,0.0,,4.0,9.0,1.0,0.0,0.0,0.0,1.0,0.0,6.0,0.0,0.0,0.0,0.0,0.0,0.0,0.0,0.0,,0.0,0.0,0.0,0.0,0.0,0.0,0.0,0.0,Leicester City,Jamie-Vardy,45963054
2025-04-26,Sat,Matchweek 34,Away,L 0–3,Leicester City,Wolves,Y*,FW,90.0,0.0,0.0,0.0,1.0,1.0,0.0,0.0,0.0,21.0,0.0,0.0,0.0,0.8,0.0,0.0,2.0,0.0,8.0,15.0,53.3,0.0,9.0,0.0,1.0,0.0,Match Report,8.0,15.0,53.3,138.0,11.0,2.0,4.0,50.0,3.0,6.0,50.0,2.0,2.0,100.0,0.0,0.0,0.0,0.0,0.0,0.0,0.0,0.0,15.0,11.0,4.0,0.0,0.0,0.0,1.0,0.0,0.0,0.0,0.0,0.0,8.0,0.0,0.0,2.0,1.0,0.0,0.0,0.0,1.0,0.0,0.0,0.0,0.0,0.0,0.0,0.0,0.0,21.0,2.0,2.0,11.0,8.0,2.0,20.0,1.0,0.0,0.0,0.0,0.0,9.0,22.0,9.0,0.0,0.0,0.0,1.0,0.0,13.0,4.0,0.0,0.0,0.0,0.0,0.0,0.0,2.0,0.0,2.0,0.0,0.0,0.0,0.0,0.0,2.0,0.0,Leicester City,Jamie-Vardy,45963054
2025-05-03,Sat,Matchweek 35,Home,W 2–0,Leicester City,Southampton,Y*,FW,83.0,1.0,0.0,0.0,0.0,2.0,2.0,0.0,0.0,14.0,0.0,2.0,0.0,0.5,0.5,0.0,2.0,0.0,5.0,8.0,62.5,0.0,7.0,0.0,0.0,0.0,Match Report,5.0,8.0,62.5,80.0,3.0,1.0,2.0,50.0,3.0,3.0,100.0,0.0,0.0,,0.0,0.0,0.1,0.0,0.0,0.0,0.0,0.0,8.0,6.0,1.0,0.0,0.0,0.0,0.0,0.0,0.0,0.0,0.0,0.0,5.0,1.0,1.0,2.0,1.0,0.0,0.0,0.0,1.0,0.0,0.0,0.0,0.0,0.0,0.0,0.0,0.0,14.0,1.0,3.0,3.0,8.0,4.0,14.0,0.0,0.0,,0.0,,7.0,34.0,16.0,0.0,0.0,0.0,1.0,0.0,6.0,2.0,0.0,0.0,0.0,0.0,0.0,0.0,0.0,,0.0,0.0,0.0,0.0,2.0,2.0,0.0,0.0,Leicester City,Jamie-Vardy,45963054
2025-05-11,Sun,Matchweek 36,Away,D 2–2,Leicester City,Nott'ham Forest,Y*,FW,90.0,0.0,1.0,0.0,0.0,1.0,0.0,0.0,0.0,20.0,1.0,0.0,0.0,0.0,0.0,0.1,2.0,1.0,12.0,18.0,66.7,1.0,12.0,1.0,0.0,0.0,Match Report,12.0,18.0,66.7,223.0,23.0,5.0,6.0,83.3,5.0,9.0,55.6,2.0,3.0,66.7,1.0,0.1,0.0,1.0,0.0,1.0,0.0,1.0,18.0,15.0,3.0,0.0,0.0,0.0,0.0,0.0,0.0,0.0,0.0,0.0,12.0,0.0,0.0,2.0,2.0,0.0,0.0,0.0,0.0,0.0,1.0,1.0,0.0,0.0,0.0,0.0,0.0,20.0,0.0,3.0,11.0,8.0,3.0,20.0,0.0,0.0,,0.0,,12.0,78.0,35.0,1.0,2.0,1.0,0.0,1.0,15.0,6.0,1.0,0.0,1.0,0.0,0.0,0.0,0.0,,0.0,0.0,0.0,0.0,0.0,1.0,0.0,0.0,Leicester City,Jamie-Vardy,45963054
2025-05-18,Sun,Matchweek 37,Home,W 2–0,Leicester City,Ipswich Town,Y*,FW,79.0,1.0,0.0,0.0,0.0,3.0,1.0,0.0,0.0,11.0,0.0,0.0,0.0,0.4,0.4,0.0,1.0,0.0,3.0,7.0,42.9,1.0,9.0,1.0,2.0,2.0,Match Report,3.0,7.0,42.9,56.0,14.0,2.0,3.0,66.7,1.0,2.0,50.0,0.0,0.0,,0.0,0.0,0.0,0.0,1.0,0.0,0.0,1.0,7.0,6.0,1.0,0.0,0.0,0.0,0.0,0.0,0.0,0.0,0.0,0.0,3.0,0.0,1.0,1.0,0.0,0.0,1.0,0.0,0.0,0.0,0.0,0.0,0.0,0.0,0.0,0.0,0.0,11.0,1.0,1.0,6.0,4.0,3.0,11.0,2.0,2.0,100.0,0.0,0.0,9.0,66.0,37.0,1.0,0.0,1.0,0.0,1.0,11.0,4.0,0.0,0.0,0.0,0.0,0.0,0.0,0.0,,0.0,0.0,0.0,0.0,0.0,0.0,1.0,0.0,Leicester City,Jamie-Vardy,45963054
2024-08-19,Mon,Matchweek 1,Home,D 1–1,Leicester City,Tottenham,Y,RB,90,0,0,0,0,1,0,0,0,46,1,3,2,0.1,0.1,0.0,0,0,28,33,84.8,1,18,1,0,0,Match Report,28,33,84.8,507,263,13,15,86.7,13,14,92.9,2,3,66.7,0,0.0,0.0,0,5,1,1,1,33,31,2,0,0,0,2,2,0,0,0,0,28,0,1,0,0,0,0,0,0,0,0,0,0,0,0,0,0,46,5,21,16,9,1,46,0,0,,0,,18,83,49,1,0,0,0,1,19,0,1,1,0,1,0,0,0,,0,2,0,2,3,4,8,0,Leicester City,James-Justin,fb614c44
2024-08-24,Sat,Matchweek 2,Away,L 1–2,Leicester City,Fulham,Y,RB,90,0,0,0,0,0,0,0,0,58,3,1,1,0.0,0.0,0.0,2,0,41,47,87.2,0,25,1,2,0,Match Report,41,47,87.2,625,205,24,25,96.0,16,18,88.9,1,3,33.3,0,0.0,0.0,0,0,0,0,0,47,39,7,2,0,0,1,5,0,0,0,0,41,1,0,2,1,0,0,0,1,0,0,0,0,0,0,0,0,58,5,30,25,3,0,58,2,0,0.0,0,0.0,25,83,17,1,1,0,0,0,37,0,3,1,2,1,0,1,1,100.0,0,1,0,1,1,4,5,0,Leicester City,James-Justin,fb614c44
2024-08-31,Sat,Matchweek 3,Home,L 1–2,Leicester City,Aston Villa,Y,"RB,CB",90,0,0,0,0,1,0,0,0,63,2,2,0,0.1,0.1,0.0,0,0,45,53,84.9,2,33,0,0,0,Match Report,45,53,84.9,600,141,22,25,88.0,19,21,90.5,0,3,0.0,0,0.0,0.0,0,4,0,0,2,53,50,3,1,0,0,0,2,0,0,0,0,45,0,0,0,0,0,0,0,0,0,0,0,0,0,0,0,0,63,1,19,38,7,1,63,0,0,,0,,33,94,35,0,1,0,1,1,42,1,2,0,0,2,0,1,3,33.3,2,0,0,0,2,4,1,0,Leicester City,James-Justin,fb614c44
2024-09-14,Sat,Matchweek 4,Away,D 2–2,Leicester City,Crystal Palace,Y,RB,90,0,0,0,0,1,0,0,0,44,3,1,1,0.0,0.0,0.0,0,0,22,35,62.9,2,12,1,1,0,Match Report,22,35,62.9,293,110,13,18,72.2,7,10,70.0,1,5,20.0,0,0.0,0.0,0,1,0,0,2,35,23,12,1,0,0,2,11,0,0,0,0,22,0,1,0,0,0,0,0,0,0,0,0,0,0,0,0,0,44,3,21,16,9,1,44,1,0,0.0,0,0.0,12,69,44,1,0,1,1,0,17,0,3,3,2,0,1,2,3,66.7,1,1,0,1,1,4,2,0,Leicester City,James-Justin,fb614c44
2024-09-21,Sat,Matchweek 5,Home,D 1–1,Leicester City,Everton,Y,RB,90,0,0,0,0,0,0,0,0,57,3,1,2,0.0,0.0,0.0,3,0,33,44,75.0,3,25,1,1,1,Match Report,33,44,75.0,534,143,17,19,89.5,15,17,88.2,1,5,20.0,0,0.0,0.0,1,2,1,1,3,44,37,7,1,0,0,3,6,0,0,0,0,33,0,1,3,2,0,0,0,1,0,0,0,0,0,0,0,0,57,5,17,23,17,0,57,1,1,100.0,0,0.0,25,84,44,1,0,0,1,0,28,4,3,3,2,0,1,3,4,75.0,1,2,1,1,1,4,3,0,Leicester City,James-Justin,fb614c44
2024-09-28,Sat,Matchweek 6,Away,L 2–4,Leicester City,Arsenal,Y,RB,90,2,0,0,0,3,2,0,0,34,1,2,1,0.1,0.1,0.0,0,0,12,16,75.0,0,10,0,1,0,Match Report,12,16,75.0,155,37,8,11,72.7,4,5,80.0,0,0,,0,0.0,0.0,0,0,0,0,0,16,9,7,1,0,0,0,6,0,0,0,0,12,0,0,0,0,0,0,0,0,0,0,0,0,0,0,0,0,34,11,19,10,5,3,34,1,0,0.0,0,0.0,10,38,28,0,0,0,2,0,10,1,1,0,1,0,0,0,2,0.0,2,1,0,1,2,3,10,0,Leicester City,James-Justin,fb614c44
2024-10-05,Sat,Matchweek 7,Home,W 1–0,Leicester City,Bournemouth,Y,RB,90,0,1,0,0,0,0,1,0,61,0,1,2,0.0,0.0,0.2,3,1,41,52,78.8,5,22,0,2,1,Match Report,41,52,78.8,652,317,20,24,83.3,17,19,89.5,2,4,50.0,1,0.2,0.0,1,6,1,0,5,52,37,15,1,0,0,0,14,0,0,0,0,41,0,2,3,3,0,0,0,0,0,1,1,0,0,0,0,0,61,4,24,32,5,0,61,2,1,50.0,1,50.0,22,93,39,0,0,0,0,1,30,0,0,0,0,0,0,0,1,0.0,1,2,0,2,1,1,5,0,Leicester City,James-Justin,fb614c44
2024-10-19,Sat,Matchweek 8,Away,W 3–2,Leicester City,Southampton,Y,"RB,LB",90,0,0,0,0,2,0,0,0,82,3,1,0,0.0,0.0,0.0,3,0,61,70,87.1,3,33,4,0,0,Match Report,61,70,87.1,909,151,36,42,85.7,22,22,100.0,2,4,50.0,0,0.0,0.1,1,3,2,1,3,70,61,9,0,0,0,3,9,0,0,0,0,61,0,1,3,2,0,0,0,1,0,0,0,0,0,0,0,0,82,6,16,38,28,7,82,0,0,,0,,33,156,113,4,2,0,0,0,50,8,3,2,2,1,0,0,0,,0,0,0,0,1,4,6,0,Leicester City,James-Justin,fb614c44
2024-10-25,Fri,Matchweek 9,Home,L 1–3,Leicester City,Nott'ham Forest,Y,"LB,CB",90,0,0,0,0,0,0,0,0,95,3,1,0,0.0,0.0,0.0,3,0,71,84,84.5,10,61,2,1,0,Match Report,71,84,84.5,1084,369,37,40,92.5,30,32,93.8,2,8,25.0,0,0.0,0.0,1,13,0,0,10,84,75,9,0,0,1,3,9,0,0,0,0,71,0,1,3,2,1,0,0,0,0,0,0,0,0,0,0,0,95,5,26,49,20,1,95,1,0,0.0,1,100.0,61,214,105,2,1,0,2,1,63,5,3,1,3,0,0,1,3,33.3,2,0,0,0,1,4,4,0,Leicester City,James-Justin,fb614c44
2024-11-02,Sat,Matchweek 10,Away,D 1–1,Leicester City,Ipswich Town,N,"On matchday squad, but did not play","On matchday squad, but did not play","On matchday squad, but did not play","On matchday squad, but did not play","On matchday squad, but did not play","On matchday squad, but did not play","On matchday squad, but did not play","On matchday squad, but did not play","On matchday squad, but did not play","On matchday squad, but did not play","On matchday squad, but did not play","On matchday squad, but did not play","On matchday squad, but did not play","On matchday squad, but did not play","On matchday squad, but did not play","On matchday squad, but did not play","On matchday squad, but did not play","On matchday squad, but did not play","On matchday squad, but did not play","On matchday squad, but did not play","On matchday squad, but did not play","On matchday squad, but did not play","On matchday squad, but did not play","On matchday squad, but did not play","On matchday squad, but did not play","On matchday squad, but did not play","On matchday squad, but did not play",Match Report,"On matchday squad, but did not play","On matchday squad, but did not play","On matchday squad, but did not play","On matchday squad, but did not play","On matchday squad, but did not play","On matchday squad, but did not play","On matchday squad, but did not play","On matchday squad, but did not play","On matchday squad, but did not play","On matchday squad, but did not play","On matchday squad, but did not play","On matchday squad, but did not play","On matchday squad, but did not play","On matchday squad, but did not play","On matchday squad, but did not play","On matchday squad, but did not play","On matchday squad, but did not play","On matchday squad, but did not play","On matchday squad, but did not play","On matchday squad, but did not play","On matchday squad, but did not play","On matchday squad, but did not play","On matchday squad, but did not play","On matchday squad, but did not play","On matchday squad, but did not play","On matchday squad, but did not play","On matchday squad, but did not play","On matchday squad, but did not play","On matchday squad, but did not play","On matchday squad, but did not play","On matchday squad, but did not play","On matchday squad, but did not play","On matchday squad, but did not play","On matchday squad, but did not play","On matchday squad, but did not play","On matchday squad, but did not play","On matchday squad, but did not play","On matchday squad, but did not play","On matchday squad, but did not play","On matchday squad, but did not play","On matchday squad, but did not play","On matchday squad, but did not play","On matchday squad, but did not play","On matchday squad, but did not play","On matchday squad, but did not play","On matchday squad, but did not play","On matchday squad, but did not play","On matchday squad, but did not play","On matchday squad, but did not play","On matchday squad, but did not play","On matchday squad, but did not play","On matchday squad, but did not play","On matchday squad, but did not play","On matchday squad, but did not play","On matchday squad, but did not play","On matchday squad, but did not play","On matchday squad, but did not play","On matchday squad, but did not play","On matchday squad, but did not play","On matchday squad, but did not play","On matchday squad, but did not play","On matchday squad, but did not play","On matchday squad, but did not play","On matchday squad, but did not play","On matchday squad, but did not play","On matchday squad, but did not play","On matchday squad, but did not play","On matchday squad, but did not play","On matchday squad, but did not play","On matchday squad, but did not play","On matchday squad, but did not play","On matchday squad, but did not play","On matchday squad, but did not play","On matchday squad, but did not play","On matchday squad, but did not play","On matchday squad, but did not play","On matchday squad, but did not play","On matchday squad, but did not play","On matchday squad, but did not play","On matchday squad, but did not play","On matchday squad, but did not play","On matchday squad, but did not play","On matchday squad, but did not play","On matchday squad, but did not play","On matchday squad, but did not play","On matchday squad, but did not play","On matchday squad, but did not play","On matchday squad, but did not play","On matchday squad, but did not play",Leicester City,James-Justin,fb614c44
2024-11-10,Sun,Matchweek 11,Away,L 0–3,Leicester City,Manchester Utd,Y,RB,82,0,0,0,0,0,0,0,0,65,5,1,1,0.0,0.0,0.0,0,0,39,53,73.6,0,29,0,1,0,Match Report,39,53,73.6,521,148,25,27,92.6,14,19,73.7,0,6,0.0,0,0.0,0.0,0,1,0,0,0,53,38,15,0,0,0,2,15,0,0,0,0,39,0,0,0,0,0,0,0,0,0,0,0,0,0,0,0,0,65,2,23,28,15,0,65,1,0,0.0,1,100.0,29,83,13,0,1,0,0,1,33,5,5,3,2,2,1,4,6,66.7,2,1,1,0,1,6,2,0,Leicester City,James-Justin,fb614c44
2024-11-23,Sat,Matchweek 12,Home,L 1–2,Leicester City,Chelsea,Y,RB,90,0,0,0,0,0,0,0,0,60,3,3,6,0.0,0.0,0.0,0,0,33,42,78.6,1,28,2,1,0,Match Report,33,42,78.6,513,234,19,20,95.0,12,16,75.0,2,4,50.0,0,0.0,0.0,0,1,0,0,1,42,31,11,2,0,0,1,9,0,0,0,0,33,0,1,0,0,0,0,0,0,0,0,0,0,0,0,0,0,60,8,25,29,6,0,60,1,0,0.0,1,100.0,28,115,39,2,0,0,0,1,27,1,3,2,1,2,0,3,3,100.0,0,6,1,5,3,6,2,0,Leicester City,James-Justin,fb614c44
2024-11-30,Sat,Matchweek 13,Away,L 1–4,Leicester City,Brentford,Y,WB,90,0,0,0,0,1,0,1,0,43,3,1,0,0.1,0.1,0.0,1,0,23,32,71.9,4,20,2,1,0,Match Report,23,32,71.9,415,152,10,14,71.4,10,11,90.9,2,4,50.0,0,0.0,0.0,0,0,0,0,4,32,25,7,0,0,0,3,7,0,0,0,0,23,0,3,1,0,0,0,0,1,0,0,0,0,0,0,0,0,43,1,17,13,13,1,43,1,0,0.0,0,0.0,20,119,72,2,3,0,4,0,22,5,3,3,3,0,0,1,3,33.3,2,0,0,0,1,4,1,0,Leicester City,James-Justin,fb614c44
2024-12-03,Tue,Matchweek 14,Home,W 3–1,Leicester City,West Ham,Y,RB,90,0,0,0,0,0,0,0,0,57,1,1,3,0.0,0.0,0.0,1,0,29,41,70.7,3,26,2,1,0,Match Report,29,41,70.7,428,224,17,17,100.0,9,14,64.3,2,6,33.3,0,0.0,0.0,0,4,0,0,3,41,32,9,0,0,0,3,9,0,0,0,0,29,0,2,1,1,0,0,0,0,0,0,0,0,0,0,0,0,57,9,28,19,10,1,57,1,0,0.0,1,100.0,26,86,33,2,0,1,2,0,29,0,1,0,0,1,0,0,0,,0,3,2,1,1,2,6,0,Leicester City,James-Justin,fb614c44
2024-12-08,Sun,Matchweek 15,Home,D 2–2,Leicester City,Brighton,Y,RB,90,0,0,0,0,2,1,0,0,70,1,2,2,0.1,0.1,0.0,0,0,50,61,82.0,2,37,0,1,1,Match Report,50,61,82.0,730,215,27,29,93.1,21,27,77.8,1,2,50.0,0,0.0,0.0,0,2,0,0,2,61,53,8,0,0,0,1,8,0,0,0,0,50,0,1,0,0,0,0,0,0,0,0,0,0,0,0,0,0,70,5,27,35,8,2,70,1,1,100.0,0,0.0,37,150,42,0,0,0,0,2,49,1,1,1,0,1,0,1,1,100.0,0,2,0,2,2,3,2,0,Leicester City,James-Justin,fb614c44
2024-12-14,Sat,Matchweek 16,Away,L 0–4,Leicester City,Newcastle Utd,Y,RB,90,0,0,0,0,0,0,0,0,69,3,3,2,0.0,0.0,0.1,1,0,43,52,82.7,2,30,2,1,1,Match Report,43,52,82.7,564,184,26,28,92.9,15,18,83.3,0,2,0.0,0,0.1,0.1,1,0,2,0,2,52,38,14,0,0,0,1,14,0,0,0,0,43,0,2,1,1,0,0,0,0,0,0,0,0,0,0,0,0,69,5,21,32,16,0,69,1,1,100.0,0,0.0,30,167,95,2,1,0,3,0,36,2,3,1,1,1,1,2,3,66.7,1,2,1,1,3,6,5,0,Leicester City,James-Justin,fb614c44
2024-12-22,Sun,Matchweek 17,Home,L 0–3,Leicester City,Wolves,Y,RB,53,0,0,0,0,1,1,0,0,41,0,0,0,0.0,0.0,0.0,0,0,18,29,62.1,1,22,0,5,1,Match Report,18,29,62.1,259,77,12,15,80.0,5,10,50.0,1,2,50.0,0,0.0,0.0,0,1,0,0,1,29,26,3,0,0,0,0,3,0,0,0,0,18,0,1,0,0,0,0,0,0,0,0,0,0,0,0,0,0,41,2,9,19,13,2,41,5,1,20.0,3,60.0,22,65,29,0,0,0,2,0,29,5,0,0,0,0,0,0,0,,0,0,0,0,0,0,4,1,Leicester City,James-Justin,fb614c44
2024-12-26,Thu,Matchweek 18,Away,L 1–3,Leicester City,Liverpool,Y,RB,90,0,0,0,0,2,0,0,0,50,0,3,0,0.1,0.1,0.0,2,0,26,36,72.2,1,16,3,1,0,Match Report,26,36,72.2,378,83,11,16,68.8,14,15,93.3,0,2,0.0,0,0.0,0.0,0,0,0,0,1,36,27,9,2,0,0,0,7,0,0,0,0,26,0,2,2,0,0,0,2,0,0,0,0,0,0,0,0,0,50,9,33,13,5,2,50,1,0,0.0,1,100.0,16,113,62,3,2,0,0,0,27,0,0,0,0,0,0,0,2,0.0,2,0,0,0,3,3,9,0,Leicester City,James-Justin,fb614c44
2024-12-29,Sun,Matchweek 19,Home,L 0–2,Leicester City,Manchester City,Y,RB,69,0,0,0,0,3,1,0,0,36,0,0,2,0.4,0.4,0.0,1,0,25,28,89.3,0,20,2,0,0,Match Report,25,28,89.3,350,8,18,19,94.7,6,7,85.7,1,2,50.0,0,0.0,0.0,0,0,0,0,0,28,24,4,1,0,0,1,3,0,0,0,0,25,0,0,1,0,0,0,1,0,0,0,0,0,0,0,0,0,36,1,10,12,14,3,36,0,0,,0,,20,108,68,2,3,0,1,0,24,5,0,0,0,0,0,0,0,,0,2,1,1,0,0,2,0,Leicester City,James-Justin,fb614c44
2025-01-04,Sat,Matchweek 20,Away,L 1–2,Leicester City,Aston Villa,Y,"RB,LB",90,0,0,0,0,0,0,0,0,58,0,1,0,0.0,0.0,0.0,0,0,31,47,66.0,3,20,2,1,0,Match Report,31,47,66.0,434,115,21,26,80.8,10,14,71.4,0,5,0.0,0,0.0,0.0,0,1,0,0,3,47,35,12,2,0,0,2,10,0,0,0,0,31,0,1,0,0,0,0,0,0,0,0,0,0,0,0,0,0,58,4,20,27,11,0,58,1,0,0.0,0,0.0,20,112,62,2,1,0,2,0,28,2,0,0,0,0,0,0,0,,0,0,0,0,1,1,6,1,Leicester City,James-Justin,fb614c44
2025-01-15,Wed,Matchweek 21,Home,L 0–2,Leicester City,Crystal Palace,Y,RB,79,0,0,0,0,2,0,0,0,63,0,0,0,0.1,0.1,0.0,2,0,40,55,72.7,4,20,2,1,0,Match Report,40,55,72.7,680,251,20,21,95.2,17,22,77.3,3,8,37.5,0,0.0,0.0,2,4,1,0,4,55,45,9,0,1,1,3,9,0,0,0,0,40,1,1,2,1,1,0,0,0,0,0,0,0,0,0,0,0,63,2,14,25,24,2,63,1,0,0.0,1,100.0,20,81,36,2,0,1,0,0,39,7,0,0,0,0,0,0,1,0.0,1,0,0,0,0,0,3,0,Leicester City,James-Justin,fb614c44
2025-01-18,Sat,Matchweek 22,Home,L 0–2,Leicester City,Fulham,Y,RB,90,0,0,0,0,0,0,0,0,55,0,1,2,0.0,0.0,0.1,2,0,30,45,66.7,5,24,0,0,0,Match Report,30,45,66.7,480,141,15,20,75.0,12,15,80.0,2,5,40.0,0,0.1,0.1,2,2,3,1,5,45,36,9,1,0,0,2,8,0,0,0,0,30,0,3,2,2,0,0,0,0,0,0,0,0,0,0,0,0,55,3,20,19,16,2,55,0,0,,0,,24,82,38,0,0,0,0,0,25,4,0,0,0,0,0,0,0,,0,2,1,1,1,1,4,0,Leicester City,James-Justin,fb614c44
2025-01-26,Sun,Matchweek 23,Away,W 2–1,Leicester City,Tottenham,Y,RB,89,0,0,0,0,2,1,1,0,57,3,2,3,0.1,0.1,0.0,1,0,32,41,78.0,2,33,4,2,2,Match Report,32,41,78.0,523,139,13,16,81.3,14,17,82.4,2,5,40.0,0,0.0,0.0,0,2,0,0,2,41,37,4,0,0,0,1,4,0,0,0,0,32,0,0,1,0,0,1,0,0,0,0,0,0,0,0,0,0,57,5,16,30,13,3,57,2,2,100.0,0,0.0,33,162,114,4,3,1,0,0,31,4,3,3,1,2,0,2,3,66.7,1,3,0,3,2,5,4,0,Leicester City,James-Justin,fb614c44
2025-02-01,Sat,Matchweek 24,Away,L 0–4,Leicester City,Everton,Y,RB,75,0,0,0,0,1,0,0,0,52,0,2,0,0.1,0.1,0.0,2,0,36,43,83.7,3,23,0,0,0,Match Report,36,43,83.7,650,181,10,13,76.9,20,22,90.9,3,5,60.0,0,0.0,0.0,1,2,1,1,3,43,39,4,1,0,0,3,3,0,0,0,0,36,0,0,2,1,0,0,1,0,0,0,0,0,0,0,0,0,52,0,7,34,11,1,52,0,0,,0,,23,61,24,0,1,0,2,1,32,4,0,0,0,0,0,0,1,0.0,1,0,0,0,2,2,2,0,Leicester City,James-Justin,fb614c44
2025-02-15,Sat,Matchweek 25,Home,L 0–2,Leicester City,Arsenal,Y,RB,42,0,0,0,0,0,0,0,0,25,2,0,1,0.0,0.0,0.0,0,0,14,18,77.8,1,10,1,0,0,Match Report,14,18,77.8,175,88,10,12,83.3,4,4,100.0,0,2,0.0,0,0.0,0.0,0,0,0,0,1,18,13,5,0,0,0,0,5,0,0,0,0,14,0,1,0,0,0,0,0,0,0,0,0,0,0,0,0,0,25,4,16,9,1,0,25,0,0,,0,,10,88,67,1,1,0,1,0,8,0,2,1,2,0,0,1,1,100.0,0,1,0,1,0,2,3,0,Leicester City,James-Justin,fb614c44
2025-02-27,Thu,Matchweek 27,Away,L 0–2,Leicester City,West Ham,Y,"RB,CB",90,0,0,0,0,2,0,0,0,76,3,1,2,0.1,0.1,0.0,0,0,40,56,71.4,4,27,0,1,0,Match Report,40,56,71.4,595,239,22,27,81.5,12,15,80.0,3,7,42.9,0,0.0,0.0,0,6,0,0,4,56,47,9,1,0,0,3,8,0,0,0,0,40,0,3,0,0,0,0,0,0,0,0,0,0,0,0,0,0,76,2,22,43,12,1,76,1,0,0.0,1,100.0,27,105,51,0,0,0,2,0,36,5,3,1,1,2,0,2,2,100.0,0,2,1,1,1,4,5,0,Leicester City,James-Justin,fb614c44
2025-03-09,Sun,Matchweek 28,Away,L 0–1,Leicester City,Chelsea,Y,WB,83,0,0,0,0,0,0,0,0,45,1,0,0,0.0,0.0,0.0,1,0,31,41,75.6,3,20,0,1,1,Match Report,31,41,75.6,575,172,15,15,100.0,13,17,76.5,3,6,50.0,0,0.0,0.0,1,1,2,1,3,41,28,13,0,0,0,5,13,0,0,0,0,31,0,3,1,1,0,0,0,0,0,0,0,0,0,0,0,0,45,4,14,15,16,0,45,1,1,100.0,0,0.0,20,59,17,0,0,0,0,0,22,7,1,1,1,0,0,1,1,100.0,0,0,0,0,0,1,3,0,Leicester City,James-Justin,fb614c44
2025-03-16,Sun,Matchweek 29,Home,L 0–3,Leicester City,Manchester Utd,Y,WB,81,0,0,0,0,0,0,0,0,64,0,2,1,0.0,0.0,0.0,1,0,36,50,72.0,4,26,2,1,0,Match Report,36,50,72.0,604,199,15,18,83.3,20,26,76.9,0,3,0.0,0,0.0,0.1,1,3,2,1,4,50,44,6,0,0,0,4,6,0,0,0,0,36,0,1,1,1,0,0,0,0,0,0,0,0,0,0,0,0,64,6,16,35,13,1,64,1,0,0.0,1,100.0,26,164,59,2,1,0,2,2,38,8,0,0,0,0,0,0,0,,0,1,1,0,2,2,4,0,Leicester City,James-Justin,fb614c44
2025-04-02,Wed,Matchweek 30,Away,L 0–2,Leicester City,Manchester City,Y,"RB,WB",90,0,0,0,0,0,0,1,0,38,0,3,3,0.0,0.0,0.0,0,0,20,27,74.1,2,14,0,0,0,Match Report,20,27,74.1,309,48,7,9,77.8,12,12,100.0,0,2,0.0,0,0.0,0.0,0,1,0,0,2,27,25,2,0,0,0,0,2,0,0,0,0,20,0,0,0,0,0,0,0,0,0,0,0,0,0,0,0,0,38,7,13,16,9,1,38,0,0,,0,,14,35,15,0,0,0,1,0,23,4,0,0,0,0,0,0,2,0.0,2,3,2,1,3,3,4,0,Leicester City,James-Justin,fb614c44
2025-04-07,Mon,Matchweek 31,Home,L 0–3,Leicester City,Newcastle Utd,Y,"WB,RB",73,0,0,0,0,0,0,1,0,42,0,2,1,0.0,0.0,0.0,0,0,26,35,74.3,4,24,1,1,1,Match Report,26,35,74.3,446,97,11,15,73.3,11,13,84.6,2,3,66.7,0,0.0,0.0,0,0,3,0,4,35,30,5,1,0,0,3,4,0,0,0,0,26,0,1,0,0,0,0,0,0,0,0,0,0,0,0,0,0,42,2,16,14,13,0,42,1,1,100.0,0,0.0,24,86,44,1,2,0,1,0,27,2,0,0,0,0,0,0,0,,0,1,0,1,2,2,2,1,Leicester City,James-Justin,fb614c44
2025-04-12,Sat,Matchweek 32,Away,D 2–2,Leicester City,Brighton,Y,"RB,LB",90,0,0,0,0,0,0,0,0,54,3,0,0,0.0,0.0,0.0,2,0,38,43,88.4,5,29,1,0,0,Match Report,38,43,88.4,632,148,14,15,93.3,22,24,91.7,2,2,100.0,0,0.0,0.0,0,1,2,0,5,43,35,8,1,0,0,0,7,0,0,0,0,38,0,1,2,2,0,0,0,0,0,0,0,0,0,0,0,0,54,4,21,22,11,0,54,0,0,,0,,29,138,68,1,1,0,0,1,32,0,3,2,1,1,1,2,3,66.7,1,0,0,0,0,3,6,0,Leicester City,James-Justin,fb614c44
2025-04-20,Sun,Matchweek 33,Home,L 0–1,Leicester City,Liverpool,N,RB,8,0,0,0,0,0,0,0,0,16,1,1,0,0.0,0.0,0.0,0,0,10,13,76.9,0,9,0,0,0,Match Report,10,13,76.9,116,30,7,7,100.0,2,3,66.7,0,2,0.0,0,0.0,0.0,0,0,0,0,0,13,10,3,1,0,0,1,2,0,0,0,0,10,0,0,0,0,0,0,0,0,0,0,0,0,0,0,0,0,16,0,7,7,2,0,16,0,0,,0,,9,21,11,0,0,0,0,1,8,0,1,0,0,1,0,0,0,,0,0,0,0,1,2,1,0,Leicester City,James-Justin,fb614c44
2025-04-26,Sat,Matchweek 34,Away,L 0–3,Leicester City,Wolves,N,RB,45,0,0,0,0,0,0,0,0,38,0,0,1,0.0,0.0,0.1,0,0,28,33,84.8,6,24,1,1,0,Match Report,28,33,84.8,485,158,13,15,86.7,12,12,100.0,3,4,75.0,0,0.1,0.0,1,5,0,0,6,33,30,2,0,0,0,0,2,0,0,0,0,28,1,0,0,0,0,0,0,0,0,0,0,0,0,0,0,0,38,1,6,25,7,1,38,1,0,0.0,1,100.0,24,96,26,1,0,0,1,0,30,2,0,0,0,0,0,0,0,,0,1,1,0,0,0,1,0,Leicester City,James-Justin,fb614c44
2025-05-03,Sat,Matchweek 35,Home,W 2–0,Leicester City,Southampton,Y,RB,90,0,0,0,0,0,0,0,0,61,1,2,2,0.0,0.0,0.0,0,0,41,49,83.7,1,27,2,1,0,Match Report,41,49,83.7,657,169,19,20,95.0,21,24,87.5,1,2,50.0,0,0.0,0.0,0,3,0,0,1,49,44,5,0,0,0,0,5,0,0,0,0,41,0,1,0,0,0,0,0,0,0,0,0,0,0,0,0,0,61,3,22,36,3,0,61,1,0,0.0,0,0.0,27,173,113,2,0,0,0,0,38,0,1,0,0,1,0,1,2,50.0,1,2,1,1,2,3,4,0,Leicester City,James-Justin,fb614c44
2025-05-11,Sun,Matchweek 36,Away,D 2–2,Leicester City,Nott'ham Forest,Y,"RB,WB",90,0,0,0,0,1,0,1,0,57,1,1,2,0.0,0.0,0.0,1,0,42,48,87.5,0,29,0,0,0,Match Report,42,48,87.5,745,258,19,21,90.5,19,19,100.0,3,5,60.0,0,0.0,0.0,0,0,1,1,0,48,39,9,0,0,0,1,9,0,0,0,0,42,0,2,1,0,0,0,0,1,0,0,0,0,0,0,0,0,57,2,22,28,8,1,57,0,0,,0,,29,102,54,0,1,0,0,2,35,2,1,1,0,1,0,0,0,,0,2,0,2,1,2,3,0,Leicester City,James-Justin,fb614c44
2025-05-18,Sun,Matchweek 37,Home,W 2–0,Leicester City,Ipswich Town,Y,RB,63,0,1,0,0,0,0,0,0,62,3,0,2,0.0,0.0,0.2,1,1,45,54,83.3,3,22,0,0,0,Match Report,45,54,83.3,654,251,22,24,91.7,22,23,95.7,0,4,0.0,1,0.2,0.1,1,2,1,0,3,54,45,9,2,0,0,1,7,0,0,0,0,45,0,2,1,1,0,0,0,0,0,1,1,0,0,0,0,0,62,6,26,32,5,0,62,0,0,,0,,22,80,48,0,1,0,0,0,33,1,3,2,2,1,0,3,3,100.0,0,2,2,0,0,3,2,0,Leicester City,James-Justin,fb614c44
2025-05-25,Sun,Matchweek 38,Away,L 0–2,Leicester City,Bournemouth,Y,RB,90,0,0,0,0,0,0,0,0,54,5,1,3,0.0,0.0,0.0,0,0,25,35,71.4,1,18,0,0,0,Match Report,25,35,71.4,329,177,17,20,85.0,5,9,55.6,1,1,100.0,0,0.0,0.0,0,0,0,0,1,35,30,5,0,0,0,2,5,0,0,0,0,25,0,1,0,0,0,0,0,0,0,0,0,0,0,0,0,0,54,9,28,17,9,0,54,0,0,,0,,18,84,14,0,0,0,0,0,20,1,5,5,2,2,1,1,1,100.0,0,3,1,2,1,6,7,0,Leicester City,James-Justin,fb614c44
2024-08-19,Mon,Matchweek 1,Home,D 1–1,Leicester City,Tottenham,Y,CB,90,0,0,0,0,0,0,1,0,40,1,1,1,0.0,0.0,0.0,1,0,27,30,90.0,0,20,0,0,0,Match Report,27,30,90.0,421,115,15,15,100.0,11,11,100.0,1,4,25.0,0,0.0,0.0,0,1,0,0,0,30,27,3,1,1,0,0,0,0,0,0,0,27,0,0,1,1,0,0,0,0,0,0,0,0,0,0,0,0,40,9,27,13,0,0,40,0,0,,0,,20,66,18,0,0,0,0,1,21,0,1,1,1,0,0,1,1,100.0,0,1,1,0,1,2,6,0,Leicester City,Wout-Faes,9c221d14
2024-08-24,Sat,Matchweek 2,Away,L 1–2,Leicester City,Fulham,Y,CB,90,1,0,0,0,3,1,0,0,85,0,2,7,0.3,0.3,0.0,0,0,58,65,89.2,1,41,0,0,0,Match Report,58,65,89.2,1058,302,23,25,92.0,29,30,96.7,6,10,60.0,0,0.0,0.0,0,1,0,0,1,65,62,3,0,0,0,0,0,0,0,0,0,58,0,0,0,0,0,0,0,0,0,0,0,0,0,0,0,0,85,23,61,22,3,3,85,0,0,,0,,41,207,114,0,0,0,1,1,55,0,0,0,0,0,0,0,0,,0,7,3,4,2,2,8,1,Leicester City,Wout-Faes,9c221d14
2024-08-31,Sat,Matchweek 3,Home,L 1–2,Leicester City,Aston Villa,Y,CB,90,0,0,0,0,0,0,0,0,83,0,1,0,0.0,0.0,0.0,0,0,69,76,90.8,5,56,0,0,0,Match Report,69,76,90.8,1271,539,28,29,96.6,35,35,100.0,6,8,75.0,0,0.0,0.0,0,4,0,0,5,76,72,4,4,0,0,0,0,0,0,0,0,69,0,2,0,0,0,0,0,0,0,0,0,0,0,0,0,0,83,8,34,47,2,1,83,0,0,,0,,56,255,142,0,0,0,1,0,65,0,0,0,0,0,0,0,0,,0,0,0,0,1,1,6,0,Leicester City,Wout-Faes,9c221d14
2024-09-14,Sat,Matchweek 4,Away,D 2–2,Leicester City,Crystal Palace,Y,CB,90,0,0,0,0,0,0,0,0,38,0,1,6,0.0,0.0,0.0,0,0,19,26,73.1,1,11,0,0,0,Match Report,19,26,73.1,364,135,7,8,87.5,10,11,90.9,2,4,50.0,0,0.0,0.0,0,3,0,0,1,26,26,0,0,0,0,0,0,0,0,0,0,19,0,2,0,0,0,0,0,0,0,0,0,0,0,0,0,0,38,12,26,11,1,0,38,0,0,,0,,11,54,11,0,1,0,0,1,17,0,0,0,0,0,0,0,2,0.0,2,6,6,0,1,1,3,0,Leicester City,Wout-Faes,9c221d14
2024-09-21,Sat,Matchweek 5,Home,D 1–1,Leicester City,Everton,Y,CB,90,0,0,0,0,1,0,0,0,67,2,0,2,0.1,0.1,0.0,0,0,47,52,90.4,5,41,2,0,0,Match Report,47,52,90.4,865,476,27,27,100.0,14,14,100.0,6,11,54.5,0,0.0,0.1,0,3,0,0,5,52,50,2,2,0,1,0,0,0,0,0,0,47,0,0,0,0,0,0,0,0,0,0,0,0,0,0,0,0,67,16,35,27,5,2,67,0,0,,0,,41,304,249,2,1,0,2,0,44,1,2,1,2,0,0,1,4,25.0,3,2,2,0,0,2,7,0,Leicester City,Wout-Faes,9c221d14
2024-09-28,Sat,Matchweek 6,Away,L 2–4,Leicester City,Arsenal,Y,CB,90,0,0,0,0,0,0,0,0,36,1,0,1,0.0,0.0,0.0,0,0,17,22,77.3,1,14,0,2,2,Match Report,17,22,77.3,333,59,7,7,100.0,8,12,66.7,2,2,100.0,0,0.0,0.0,0,1,0,0,1,22,22,0,0,0,0,0,0,0,0,0,0,17,0,0,0,0,0,0,0,0,0,0,0,0,0,0,0,0,36,15,30,7,0,0,36,2,2,100.0,0,0.0,14,39,11,0,0,0,0,0,16,0,1,1,1,0,0,0,1,0.0,1,1,0,1,0,1,11,0,Leicester City,Wout-Faes,9c221d14
2024-10-05,Sat,Matchweek 7,Home,W 1–0,Leicester City,Bournemouth,Y,CB,90,0,0,0,0,0,0,0,0,43,2,0,3,0.0,0.0,0.0,1,0,23,29,79.3,0,17,0,0,0,Match Report,23,29,79.3,466,113,7,7,100.0,13,14,92.9,3,8,37.5,0,0.0,0.0,1,1,0,0,0,29,27,2,2,0,0,1,0,0,0,0,0,23,0,0,1,1,0,0,0,0,0,0,0,0,0,0,0,0,43,14,30,12,1,0,43,0,0,,0,,17,81,31,0,0,0,0,0,18,0,2,1,2,0,0,2,2,100.0,0,3,3,0,0,2,9,0,Leicester City,Wout-Faes,9c221d14
2024-10-19,Sat,Matchweek 8,Away,W 3–2,Leicester City,Southampton,Y,CB,90,0,0,0,0,1,0,0,0,77,4,0,1,0.4,0.4,0.0,0,0,56,68,82.4,10,40,1,0,0,Match Report,56,68,82.4,1086,405,22,24,91.7,28,31,90.3,6,10,60.0,0,0.0,0.0,0,13,1,0,10,68,64,3,2,0,1,1,1,0,0,0,0,56,1,1,0,0,0,0,0,0,0,0,0,0,0,0,0,0,77,5,15,50,13,3,77,0,0,,0,,40,232,135,1,1,0,0,0,54,0,4,3,2,1,1,1,2,50.0,1,1,1,0,0,4,2,0,Leicester City,Wout-Faes,9c221d14
2024-10-25,Fri,Matchweek 9,Home,L 1–3,Leicester City,Nott'ham Forest,Y,CB,90,0,0,0,0,0,0,0,0,81,1,0,2,0.0,0.0,0.0,0,0,68,75,90.7,8,64,0,0,0,Match Report,68,75,90.7,1257,550,27,30,90.0,34,35,97.1,6,9,66.7,0,0.0,0.0,0,9,3,0,8,75,74,1,0,0,1,0,1,0,0,0,0,68,0,0,0,0,0,0,0,0,0,0,0,0,0,0,0,0,81,5,19,59,3,1,81,0,0,,0,,64,297,227,0,1,0,1,0,65,0,1,1,1,0,0,1,3,33.3,2,2,0,2,0,1,2,1,Leicester City,Wout-Faes,9c221d14
2024-11-02,Sat,Matchweek 10,Away,D 1–1,Leicester City,Ipswich Town,Y,CB,90,0,0,0,0,2,0,0,0,63,3,0,1,0.1,0.1,0.0,1,0,47,54,87.0,6,38,1,1,1,Match Report,47,54,87.0,984,210,8,11,72.7,35,35,100.0,4,8,50.0,0,0.0,0.0,0,3,0,0,6,54,52,2,2,0,0,0,0,0,0,0,0,47,0,0,1,0,0,0,1,0,0,0,0,0,0,0,0,0,63,5,20,40,3,2,63,1,1,100.0,0,0.0,38,160,126,1,0,0,0,0,40,0,3,2,2,1,0,1,2,50.0,1,1,1,0,0,3,3,0,Leicester City,Wout-Faes,9c221d14
2024-11-10,Sun,Matchweek 11,Away,L 0–3,Leicester City,Manchester Utd,Y,CB,90,0,0,0,0,0,0,0,0,65,3,1,1,0.0,0.0,0.0,0,0,44,51,86.3,5,38,0,0,0,Match Report,44,51,86.3,826,337,18,19,94.7,20,21,95.2,6,11,54.5,0,0.0,0.0,0,2,0,0,5,51,51,0,0,0,0,0,0,0,0,0,0,44,0,0,0,0,0,0,0,0,0,0,0,0,0,0,0,0,65,12,32,31,2,0,65,0,0,,0,,38,142,75,0,1,0,1,0,46,0,3,2,3,0,0,0,2,0.0,2,1,1,0,1,4,8,0,Leicester City,Wout-Faes,9c221d14
2024-11-23,Sat,Matchweek 12,Home,L 1–2,Leicester City,Chelsea,Y,CB,90,0,0,0,0,0,0,1,0,49,1,2,0,0.0,0.0,0.0,0,0,24,35,68.6,1,24,0,0,0,Match Report,24,35,68.6,354,131,11,15,73.3,13,14,92.9,0,5,0.0,0,0.0,0.0,0,1,0,0,1,35,34,1,0,0,0,0,1,0,0,0,0,24,0,0,0,0,0,0,0,0,0,0,0,0,0,0,0,0,49,10,28,20,1,1,49,0,0,,0,,24,78,27,0,0,0,1,0,25,0,1,1,0,1,0,1,2,50.0,1,0,0,0,2,3,11,1,Leicester City,Wout-Faes,9c221d14
2024-11-30,Sat,Matchweek 13,Away,L 1–4,Leicester City,Brentford,Y,CB,90,0,0,0,0,0,0,0,0,45,0,1,1,0.0,0.0,0.0,1,0,28,33,84.8,1,28,0,0,0,Match Report,28,33,84.8,531,93,10,10,100.0,14,15,93.3,4,6,66.7,0,0.0,0.0,1,2,1,0,1,33,32,1,0,0,0,0,1,0,0,0,0,28,0,0,1,0,0,0,0,0,1,0,0,0,0,0,0,0,45,11,21,22,2,0,45,0,0,,0,,28,100,59,0,1,0,2,0,29,0,0,0,0,0,0,0,2,0.0,2,1,0,1,1,1,7,0,Leicester City,Wout-Faes,9c221d14
2024-12-03,Tue,Matchweek 14,Home,W 3–1,Leicester City,West Ham,N,CB,31,0,0,0,0,0,0,0,0,16,0,2,0,0.0,0.0,0.0,0,0,10,12,83.3,0,7,0,1,0,Match Report,10,12,83.3,119,50,7,7,100.0,3,4,75.0,0,0,,0,0.0,0.0,0,0,0,0,0,12,8,4,1,0,0,0,0,0,0,0,0,10,0,0,0,0,0,0,0,0,0,0,0,0,0,0,0,0,16,8,12,3,1,0,16,1,0,0.0,1,100.0,7,16,3,0,1,1,0,0,5,0,0,0,0,0,0,0,0,,0,0,0,0,2,2,2,0,Leicester City,Wout-Faes,9c221d14
2024-12-08,Sun,Matchweek 15,Home,D 2–2,Leicester City,Brighton,N,CB,10,0,0,0,0,0,0,0,0,14,0,0,0,0.0,0.0,0.0,0,0,12,13,92.3,0,10,0,0,0,Match Report,12,13,92.3,206,42,4,4,100.0,8,8,100.0,0,1,0.0,0,0.0,0.0,0,1,0,0,0,13,13,0,0,0,0,0,0,0,0,0,0,12,0,0,0,0,0,0,0,0,0,0,0,0,0,0,0,0,14,1,5,9,0,0,14,0,0,,0,,10,33,13,0,0,0,0,0,11,0,0,0,0,0,0,0,0,,0,0,0,0,0,0,0,0,Leicester City,Wout-Faes,9c221d14
2024-12-14,Sat,Matchweek 16,Away,L 0–4,Leicester City,Newcastle Utd,N,"On matchday squad, but did not play","On matchday squad, but did not play","On matchday squad, but did not play","On matchday squad, but did not play","On matchday squad, but did not play","On matchday squad, but did not play","On matchday squad, but did not play","On matchday squad, but did not play","On matchday squad, but did not play","On matchday squad, but did not play","On matchday squad, but did not play","On matchday squad, but did not play","On matchday squad, but did not play","On matchday squad, but did not play","On matchday squad, but did not play","On matchday squad, but did not play","On matchday squad, but did not play","On matchday squad, but did not play","On matchday squad, but did not play","On matchday squad, but did not play","On matchday squad, but did not play","On matchday squad, but did not play","On matchday squad, but did not play","On matchday squad, but did not play","On matchday squad, but did not play","On matchday squad, but did not play","On matchday squad, but did not play",Match Report,"On matchday squad, but did not play","On matchday squad, but did not play","On matchday squad, but did not play","On matchday squad, but did not play","On matchday squad, but did not play","On matchday squad, but did not play","On matchday squad, but did not play","On matchday squad, but did not play","On matchday squad, but did not play","On matchday squad, but did not play","On matchday squad, but did not play","On matchday squad, but did not play","On matchday squad, but did not play","On matchday squad, but did not play","On matchday squad, but did not play","On matchday squad, but did not play","On matchday squad, but did not play","On matchday squad, but did not play","On matchday squad, but did not play","On matchday squad, but did not play","On matchday squad, but did not play","On matchday squad, but did not play","On matchday squad, but did not play","On matchday squad, but did not play","On matchday squad, but did not play","On matchday squad, but did not play","On matchday squad, but did not play","On matchday squad, but did not play","On matchday squad, but did not play","On matchday squad, but did not play","On matchday squad, but did not play","On matchday squad, but did not play","On matchday squad, but did not play","On matchday squad, but did not play","On matchday squad, but did not play","On matchday squad, but did not play","On matchday squad, but did not play","On matchday squad, but did not play","On matchday squad, but did not play","On matchday squad, but did not play","On matchday squad, but did not play","On matchday squad, but did not play","On matchday squad, but did not play","On matchday squad, but did not play","On matchday squad, but did not play","On matchday squad, but did not play","On matchday squad, but did not play","On matchday squad, but did not play","On matchday squad, but did not play","On matchday squad, but did not play","On matchday squad, but did not play","On matchday squad, but did not play","On matchday squad, but did not play","On matchday squad, but did not play","On matchday squad, but did not play","On matchday squad, but did not play","On matchday squad, but did not play","On matchday squad, but did not play","On matchday squad, but did not play","On matchday squad, but did not play","On matchday squad, but did not play","On matchday squad, but did not play","On matchday squad, but did not play","On matchday squad, but did not play","On matchday squad, but did not play","On matchday squad, but did not play","On matchday squad, but did not play","On matchday squad, but did not play","On matchday squad, but did not play","On matchday squad, but did not play","On matchday squad, but did not play","On matchday squad, but did not play","On matchday squad, but did not play","On matchday squad, but did not play","On matchday squad, but did not play","On matchday squad, but did not play","On matchday squad, but did not play","On matchday squad, but did not play","On matchday squad, but did not play","On matchday squad, but did not play","On matchday squad, but did not play","On matchday squad, but did not play","On matchday squad, but did not play","On matchday squad, but did not play","On matchday squad, but did not play","On matchday squad, but did not play","On matchday squad, but did not play","On matchday squad, but did not play","On matchday squad, but did not play",Leicester City,Wout-Faes,9c221d14
2024-12-22,Sun,Matchweek 17,Home,L 0–3,Leicester City,Wolves,N,CB,45,0,0,0,0,0,0,0,0,50,3,0,0,0.0,0.0,0.0,1,0,43,47,91.5,3,42,2,0,0,Match Report,43,47,91.5,724,332,19,19,100.0,23,24,95.8,1,3,33.3,0,0.0,0.0,0,2,0,0,3,47,45,2,0,0,0,0,0,0,0,0,0,43,0,0,1,1,0,0,0,0,0,0,0,0,0,0,0,0,50,2,10,39,1,0,50,0,0,,0,,42,243,195,2,1,0,0,0,42,0,3,0,1,2,0,1,1,100.0,0,0,0,0,0,3,0,0,Leicester City,Wout-Faes,9c221d14
2025-01-04,Sat,Matchweek 20,Away,L 1–2,Leicester City,Aston Villa,N,CB,29,0,0,0,0,0,0,0,0,17,1,1,0,0.0,0.0,0.0,0,0,16,16,100.0,0,11,0,0,0,Match Report,16,16,100.0,223,100,10,10,100.0,5,5,100.0,1,1,100.0,0,0.0,0.0,0,1,0,0,0,16,13,3,0,0,0,0,0,0,0,0,0,16,0,0,0,0,0,0,0,0,0,0,0,0,0,0,0,0,17,6,12,5,0,0,17,0,0,,0,,11,42,31,0,0,0,0,0,9,0,1,1,0,1,0,1,1,100.0,0,0,0,0,1,2,0,0,Leicester City,Wout-Faes,9c221d14
2025-01-15,Wed,Matchweek 21,Home,L 0–2,Leicester City,Crystal Palace,Y,CB,90,0,0,0,0,0,0,0,0,74,1,0,0,0.0,0.0,0.0,1,0,65,69,94.2,4,36,1,0,0,Match Report,65,69,94.2,1177,463,26,28,92.9,36,36,100.0,3,5,60.0,0,0.0,0.2,1,4,0,0,4,69,69,0,0,1,0,0,0,0,0,0,0,65,0,0,1,1,0,0,0,0,0,0,0,0,0,0,0,0,74,5,36,39,0,0,74,0,0,,0,,36,170,85,1,0,0,1,0,55,0,1,1,1,0,0,1,2,50.0,1,0,0,0,0,1,3,0,Leicester City,Wout-Faes,9c221d14
2025-01-18,Sat,Matchweek 22,Home,L 0–2,Leicester City,Fulham,Y,CB,90,0,0,0,0,0,0,1,0,56,2,1,2,0.0,0.0,0.0,0,0,37,46,80.4,3,34,1,0,0,Match Report,37,46,80.4,679,227,13,14,92.9,22,25,88.0,2,7,28.6,0,0.0,0.0,0,1,0,0,3,46,46,0,0,0,0,0,0,0,0,0,0,37,0,0,0,0,0,0,0,0,0,0,0,0,0,0,0,0,56,8,27,27,2,2,56,0,0,,0,,34,240,137,1,0,0,0,0,34,0,2,1,2,0,0,0,0,,0,2,2,0,1,3,4,0,Leicester City,Wout-Faes,9c221d14
2025-01-26,Sun,Matchweek 23,Away,W 2–1,Leicester City,Tottenham,Y,CB,90,0,0,0,0,1,0,0,0,46,2,2,1,0.1,0.1,0.0,0,0,26,31,83.9,1,26,0,0,0,Match Report,26,31,83.9,582,165,5,5,100.0,17,19,89.5,4,7,57.1,0,0.0,0.0,0,2,0,0,1,31,31,0,0,0,0,0,0,0,0,0,0,26,0,0,0,0,0,0,0,0,0,0,0,0,0,0,0,0,46,6,19,24,3,1,46,0,0,,0,,26,81,19,0,0,0,0,0,25,0,2,2,0,2,0,2,2,100.0,0,1,0,1,2,4,8,0,Leicester City,Wout-Faes,9c221d14
2025-02-01,Sat,Matchweek 24,Away,L 0–4,Leicester City,Everton,Y,CB,90,0,0,0,0,1,0,0,0,84,1,2,2,0.1,0.1,0.0,1,0,63,72,87.5,2,49,0,0,0,Match Report,63,72,87.5,1266,337,17,18,94.4,42,44,95.5,4,10,40.0,0,0.0,0.0,0,2,0,0,2,72,71,1,1,0,0,0,0,0,0,0,0,63,0,0,1,1,0,0,0,0,0,0,0,0,0,0,0,0,84,7,40,43,2,1,84,0,0,,0,,49,203,120,0,0,0,0,0,65,0,1,0,0,0,1,0,0,,0,2,1,1,2,3,6,0,Leicester City,Wout-Faes,9c221d14
2025-02-15,Sat,Matchweek 25,Home,L 0–2,Leicester City,Arsenal,Y,CB,90,0,0,0,0,0,0,0,0,35,0,0,3,0.0,0.0,0.0,1,0,21,25,84.0,1,21,0,0,0,Match Report,21,25,84.0,482,95,6,7,85.7,12,13,92.3,3,5,60.0,0,0.0,0.0,0,2,0,0,1,25,25,0,0,0,0,0,0,0,0,0,0,21,0,0,1,1,0,0,0,0,0,0,0,0,0,0,0,0,35,10,23,11,1,1,35,0,0,,0,,21,82,29,0,0,0,1,0,19,0,0,0,0,0,0,0,0,,0,3,2,1,0,0,5,0,Leicester City,Wout-Faes,9c221d14
2025-02-21,Fri,Matchweek 26,Home,L 0–4,Leicester City,Brentford,Y,"CB,RB",90,0,0,0,0,0,0,0,0,59,2,1,3,0.0,0.0,0.0,1,0,35,46,76.1,1,39,0,0,0,Match Report,35,46,76.1,645,205,12,13,92.3,21,25,84.0,2,8,25.0,0,0.0,0.0,0,2,0,0,1,46,46,0,0,0,1,0,0,0,0,0,0,35,0,0,1,1,0,0,0,0,0,0,0,0,0,0,0,0,59,9,34,21,5,2,59,0,0,,0,,39,106,54,0,1,0,1,0,36,0,2,1,1,1,0,1,1,100.0,0,3,2,1,1,3,5,0,Leicester City,Wout-Faes,9c221d14
2025-02-27,Thu,Matchweek 27,Away,L 0–2,Leicester City,West Ham,Y,CB,90,0,0,0,0,1,0,0,0,56,1,1,0,0.0,0.0,0.0,1,0,42,45,93.3,1,32,0,0,0,Match Report,42,45,93.3,768,222,17,17,100.0,21,21,100.0,4,7,57.1,0,0.0,0.0,0,1,0,0,1,45,45,0,0,0,1,0,0,0,0,0,0,42,0,0,1,1,0,0,0,0,0,0,0,0,0,0,0,0,56,7,22,34,1,0,56,0,0,,0,,32,212,134,0,0,0,0,0,39,0,1,1,0,1,0,1,1,100.0,0,0,0,0,1,2,8,0,Leicester City,Wout-Faes,9c221d14
2025-03-09,Sun,Matchweek 28,Away,L 0–1,Leicester City,Chelsea,Y,CB,90,0,0,0,0,0,0,0,0,55,0,0,2,0.0,0.0,0.0,0,0,40,43,93.0,5,34,3,0,0,Match Report,40,43,93.0,679,267,20,22,90.9,15,15,100.0,4,5,80.0,0,0.0,0.0,0,2,0,0,5,43,42,1,1,0,0,0,0,0,0,0,0,40,0,0,0,0,0,0,0,0,0,0,0,0,0,0,0,0,55,11,28,26,1,0,55,0,0,,0,,34,159,112,3,0,0,1,0,36,0,0,0,0,0,0,0,2,0.0,2,2,2,0,0,0,8,0,Leicester City,Wout-Faes,9c221d14
2025-03-16,Sun,Matchweek 29,Home,L 0–3,Leicester City,Manchester Utd,Y,CB,90,0,0,0,0,0,0,0,0,90,2,2,0,0.0,0.0,0.0,2,0,64,77,83.1,6,36,0,0,0,Match Report,64,77,83.1,1137,363,24,28,85.7,37,41,90.2,3,6,50.0,0,0.0,0.0,1,5,0,0,6,77,73,4,3,0,0,3,1,0,0,0,0,64,0,1,2,2,0,0,0,0,0,0,0,0,0,0,0,0,90,6,30,51,9,3,90,0,0,,0,,36,175,85,0,2,0,1,0,56,0,2,1,2,0,0,2,2,100.0,0,0,0,0,2,4,8,0,Leicester City,Wout-Faes,9c221d14
2025-04-02,Wed,Matchweek 30,Away,L 0–2,Leicester City,Manchester City,Y,CB,90,0,0,0,0,0,0,0,0,43,2,2,2,0.0,0.0,0.0,0,0,30,32,93.8,1,20,0,0,0,Match Report,30,32,93.8,613,223,9,10,90.0,17,17,100.0,4,5,80.0,0,0.0,0.0,0,3,0,0,1,32,28,4,4,0,0,0,0,0,0,0,0,30,0,0,0,0,0,0,0,0,0,0,0,0,0,0,0,0,43,9,30,12,1,1,43,0,0,,0,,20,105,52,0,0,0,0,0,25,0,2,0,2,0,0,2,2,100.0,0,2,2,0,2,4,5,0,Leicester City,Wout-Faes,9c221d14
2025-04-07,Mon,Matchweek 31,Home,L 0–3,Leicester City,Newcastle Utd,Y,CB,90,0,0,0,0,1,0,0,0,64,3,2,1,0.2,0.2,0.0,0,0,51,55,92.7,0,44,0,1,1,Match Report,51,55,92.7,901,361,19,19,100.0,29,30,96.7,2,5,40.0,0,0.0,0.0,0,0,0,0,0,55,54,1,1,0,0,0,0,0,0,0,0,51,0,0,0,0,0,0,0,0,0,0,0,0,0,0,0,0,64,6,38,25,2,2,64,1,1,100.0,0,0.0,44,225,139,0,1,1,1,2,46,0,3,2,2,1,0,3,4,75.0,1,1,1,0,2,5,1,0,Leicester City,Wout-Faes,9c221d14
2025-04-20,Sun,Matchweek 33,Home,L 0–1,Leicester City,Liverpool,Y,CB,90,0,0,0,0,0,0,0,0,48,0,1,1,0.0,0.0,0.0,1,0,33,40,82.5,0,33,1,0,0,Match Report,33,40,82.5,606,177,12,13,92.3,19,20,95.0,2,6,33.3,0,0.0,0.0,0,1,1,0,0,40,39,0,0,0,0,0,0,0,0,0,0,33,1,0,1,1,0,0,0,0,0,0,0,0,0,0,0,0,48,10,30,17,1,0,48,0,0,,0,,33,123,67,1,0,0,1,1,33,0,0,0,0,0,0,0,1,0.0,1,1,1,0,1,1,4,1,Leicester City,Wout-Faes,9c221d14
2025-04-26,Sat,Matchweek 34,Away,L 0–3,Leicester City,Wolves,Y,CB,90,0,0,0,0,0,0,1,0,74,0,0,2,0.0,0.0,0.0,1,0,60,64,93.8,2,47,0,1,1,Match Report,60,64,93.8,1144,415,22,23,95.7,32,32,100.0,6,7,85.7,0,0.0,0.0,0,3,0,0,2,64,63,1,0,0,0,0,1,0,0,0,0,60,0,1,1,1,0,0,0,0,0,0,0,0,0,0,0,0,74,14,35,38,1,0,74,1,1,100.0,0,0.0,47,184,102,0,1,0,0,0,54,0,0,0,0,0,0,0,0,,0,2,2,0,0,0,8,0,Leicester City,Wout-Faes,9c221d14
2025-05-03,Sat,Matchweek 35,Home,W 2–0,Leicester City,Southampton,Y,CB,90,0,0,0,0,0,0,0,0,82,1,0,0,0.0,0.0,0.0,3,0,77,79,97.5,6,58,0,0,0,Match Report,77,79,97.5,1459,591,29,29,100.0,43,44,97.7,5,6,83.3,0,0.0,0.0,0,3,0,0,6,79,78,1,0,0,2,0,0,0,0,0,0,77,0,0,3,3,0,0,0,0,0,0,0,0,0,0,0,0,82,7,43,39,0,0,82,0,0,,0,,58,216,101,0,0,0,0,0,69,0,1,0,0,1,0,1,1,100.0,0,0,0,0,0,1,2,0,Leicester City,Wout-Faes,9c221d14
2025-05-11,Sun,Matchweek 36,Away,D 2–2,Leicester City,Nott'ham Forest,Y,CB,90,0,0,0,0,1,0,0,0,60,0,0,0,0.2,0.2,0.0,0,0,40,44,90.9,3,34,0,0,0,Match Report,40,44,90.9,733,373,16,16,100.0,20,20,100.0,3,5,60.0,0,0.0,0.0,0,3,0,0,3,44,38,5,1,0,0,0,0,0,0,0,0,40,1,0,0,0,0,0,0,0,0,0,0,0,0,0,0,0,60,17,44,15,1,1,60,0,0,,0,,34,163,85,0,0,0,0,0,38,0,0,0,0,0,0,0,0,,0,0,0,0,0,0,13,0,Leicester City,Wout-Faes,9c221d14
2025-05-18,Sun,Matchweek 37,Home,W 2–0,Leicester City,Ipswich Town,Y,CB,90,0,0,0,0,0,0,0,0,71,2,0,1,0.0,0.0,0.0,0,0,62,68,91.2,2,46,0,0,0,Match Report,62,68,91.2,976,362,32,32,100.0,26,28,92.9,3,7,42.9,0,0.0,0.0,0,0,0,0,2,68,64,4,1,0,0,0,0,0,0,0,0,62,0,0,0,0,0,0,0,0,0,0,0,0,0,0,0,0,71,9,35,37,0,0,71,0,0,,0,,46,172,105,0,0,0,0,0,58,0,2,2,1,1,0,1,3,33.3,2,1,1,0,0,2,1,0,Leicester City,Wout-Faes,9c221d14
2025-05-25,Sun,Matchweek 38,Away,L 0–2,Leicester City,Bournemouth,Y,CB,90,0,0,0,0,0,0,0,0,40,1,0,2,0.0,0.0,0.0,0,0,22,24,91.7,1,16,0,0,0,Match Report,22,24,91.7,434,179,8,8,100.0,12,14,85.7,2,2,100.0,0,0.0,0.0,0,1,0,0,1,24,23,1,1,0,0,0,0,0,0,0,0,22,0,0,0,0,0,0,0,0,0,0,0,0,0,0,0,0,40,15,31,9,0,0,40,0,0,,0,,16,85,35,0,0,0,1,0,18,0,1,1,0,1,0,1,2,50.0,1,2,1,1,0,1,11,0,Leicester City,Wout-Faes,9c221d14
2024-08-19,Mon,Matchweek 1,Home,D 1–1,Leicester City,Tottenham,Y,LB,90,0,0,0,0,0,0,0,0,54,2,2,2,0.0,0.0,0.0,2,1,28,36,77.8,2,23,0,1,0,Match Report,28,36,77.8,517,91,12,12,100.0,12,16,75.0,3,7,42.9,0,0.0,0.0,0,1,1,1,2,36,24,12,1,0,1,2,11,0,0,0,0,28,0,0,2,2,0,0,0,0,0,1,1,0,0,0,0,0,54,7,20,28,6,0,54,1,0,0.0,1,100.0,23,65,24,0,0,0,1,2,27,4,2,2,2,0,0,2,3,66.7,1,2,1,1,2,4,6,0,Leicester City,Victor-Bernth-Kristiansen,505486d6
2024-08-24,Sat,Matchweek 2,Away,L 1–2,Leicester City,Fulham,Y,LB,84,0,0,0,0,0,0,1,0,59,3,1,1,0.0,0.0,0.0,0,0,29,49,59.2,1,32,1,1,1,Match Report,29,49,59.2,464,92,13,17,76.5,16,24,66.7,0,5,0.0,0,0.0,0.0,0,2,0,0,1,49,42,5,2,0,0,2,2,1,1,0,0,29,2,1,0,0,0,0,0,0,0,0,0,0,0,0,0,0,59,6,29,28,2,0,59,1,1,100.0,0,0.0,32,139,61,1,0,0,1,0,34,4,3,3,2,1,0,1,2,50.0,1,1,1,0,1,4,3,0,Leicester City,Victor-Bernth-Kristiansen,505486d6
2024-08-31,Sat,Matchweek 3,Home,L 1–2,Leicester City,Aston Villa,Y,"LB,CB",90,0,0,0,0,0,0,0,0,63,2,3,2,0.0,0.0,0.1,4,0,41,50,82.0,3,39,5,0,0,Match Report,41,50,82.0,613,203,28,31,90.3,10,11,90.9,3,7,42.9,0,0.1,0.1,2,5,0,0,3,50,42,8,5,0,0,7,2,1,1,0,0,41,0,0,4,2,1,0,0,1,0,0,0,0,0,0,0,0,63,3,9,37,17,0,63,0,0,,0,,39,199,129,5,1,0,0,1,40,5,2,2,0,2,0,0,0,,0,2,1,1,3,5,2,0,Leicester City,Victor-Bernth-Kristiansen,505486d6
2024-09-14,Sat,Matchweek 4,Away,D 2–2,Leicester City,Crystal Palace,Y,LB,90,0,0,0,0,0,0,0,0,60,2,0,3,0.0,0.0,0.0,3,0,36,51,70.6,0,27,1,0,0,Match Report,36,51,70.6,706,421,14,17,82.4,15,22,68.2,6,10,60.0,0,0.0,0.0,2,2,0,0,0,51,34,17,3,0,0,2,13,1,0,1,0,36,0,0,3,0,3,0,0,0,0,0,0,0,0,0,0,0,60,6,24,28,9,0,60,0,0,,0,,27,125,70,1,0,0,0,1,30,0,2,0,2,0,0,0,0,,0,3,1,2,0,2,3,0,Leicester City,Victor-Bernth-Kristiansen,505486d6
2024-09-21,Sat,Matchweek 5,Home,D 1–1,Leicester City,Everton,Y,LB,90,0,0,0,0,0,0,0,0,96,3,1,0,0.0,0.0,0.0,2,0,74,88,84.1,8,60,2,1,0,Match Report,74,88,84.1,1200,530,35,39,89.7,28,32,87.5,6,11,54.5,0,0.0,0.1,0,9,3,3,8,88,74,13,3,0,0,8,10,0,0,0,0,74,1,1,2,2,0,0,0,0,0,0,0,0,0,0,0,0,96,1,33,45,20,0,96,1,0,0.0,1,100.0,60,364,165,2,0,0,1,0,60,4,3,3,1,2,0,0,1,0.0,1,0,0,0,1,4,1,0,Leicester City,Victor-Bernth-Kristiansen,505486d6
2024-09-28,Sat,Matchweek 6,Away,L 2–4,Leicester City,Arsenal,Y,LB,90,0,0,0,0,0,0,0,0,52,7,2,3,0.0,0.0,0.0,0,0,27,32,84.4,1,13,0,2,1,Match Report,27,32,84.4,377,197,17,18,94.4,7,8,87.5,2,4,50.0,0,0.0,0.0,0,2,0,0,1,32,21,11,2,0,0,1,9,0,0,0,0,27,0,0,0,0,0,0,0,0,0,0,0,0,0,0,0,0,52,10,35,17,1,0,52,2,1,50.0,1,50.0,13,59,34,0,0,0,0,0,16,1,7,3,6,1,0,5,9,55.6,4,3,2,1,2,9,6,0,Leicester City,Victor-Bernth-Kristiansen,505486d6
2024-10-05,Sat,Matchweek 7,Home,W 1–0,Leicester City,Bournemouth,Y,LB,90,0,0,0,0,0,0,0,0,59,0,1,3,0.0,0.0,0.0,1,0,38,53,71.7,1,26,1,2,1,Match Report,38,53,71.7,761,296,10,13,76.9,18,22,81.8,8,13,61.5,0,0.0,0.0,1,1,1,1,1,53,38,15,4,0,0,1,11,0,0,0,0,38,0,2,1,1,0,0,0,0,0,0,0,0,0,0,0,0,59,1,27,25,7,0,59,2,1,50.0,1,50.0,26,111,40,1,0,0,0,0,26,0,0,0,0,0,0,0,1,0.0,1,3,0,3,1,1,2,0,Leicester City,Victor-Bernth-Kristiansen,505486d6
2024-10-19,Sat,Matchweek 8,Away,W 3–2,Leicester City,Southampton,Y,LB,58,0,0,0,0,0,0,0,0,48,4,1,1,0.0,0.0,0.1,3,0,37,41,90.2,5,23,1,0,0,Match Report,37,41,90.2,584,259,18,20,90.0,18,19,94.7,1,2,50.0,0,0.1,0.1,2,3,2,0,5,41,37,4,0,0,0,0,4,0,0,0,0,37,0,0,3,2,0,0,0,1,0,0,0,0,0,0,0,0,48,2,16,25,7,0,48,0,0,,0,,23,94,58,1,1,0,0,1,35,1,4,4,2,2,0,2,2,100.0,0,1,0,1,1,5,0,0,Leicester City,Victor-Bernth-Kristiansen,505486d6
2024-11-02,Sat,Matchweek 10,Away,D 1–1,Leicester City,Ipswich Town,Y,LB,85,0,0,0,0,0,0,0,0,58,6,1,1,0.0,0.0,0.1,1,0,34,44,77.3,1,30,3,2,0,Match Report,34,44,77.3,573,171,14,17,82.4,18,22,81.8,2,5,40.0,0,0.1,0.1,1,1,3,2,1,44,37,7,0,0,0,2,7,0,0,0,0,34,0,0,1,1,0,0,0,0,0,0,0,0,0,0,0,0,58,4,20,27,11,1,58,2,0,0.0,2,100.0,30,163,75,3,1,0,0,1,30,2,6,5,5,0,1,4,4,100.0,0,1,0,1,1,7,1,0,Leicester City,Victor-Bernth-Kristiansen,505486d6
2024-11-10,Sun,Matchweek 11,Away,L 0–3,Leicester City,Manchester Utd,Y,LB,90,0,0,0,0,0,0,0,0,59,2,0,1,0.0,0.0,0.0,0,0,39,49,79.6,4,33,0,0,0,Match Report,39,49,79.6,607,223,20,22,90.9,13,16,81.3,3,6,50.0,0,0.0,0.0,0,3,0,0,4,49,39,8,0,0,0,2,8,0,0,0,0,39,2,0,0,0,0,0,0,0,0,0,0,0,0,0,0,0,59,9,23,25,12,0,59,0,0,,0,,33,93,41,0,1,0,0,1,36,2,2,2,2,0,0,1,4,25.0,3,1,1,0,0,2,4,0,Leicester City,Victor-Bernth-Kristiansen,505486d6
2024-11-23,Sat,Matchweek 12,Home,L 1–2,Leicester City,Chelsea,Y,LB,90,0,0,0,0,0,0,0,0,50,5,0,1,0.0,0.0,0.3,2,0,31,44,70.5,2,16,0,0,0,Match Report,31,44,70.5,505,190,14,18,77.8,15,18,83.3,2,7,28.6,0,0.3,0.1,2,2,1,1,2,44,30,14,5,0,0,4,7,2,1,0,0,31,0,1,2,2,0,0,0,0,0,0,0,0,0,0,0,0,50,4,21,16,13,1,50,0,0,,0,,16,40,12,0,0,0,0,0,17,3,5,2,4,1,0,3,5,60.0,2,1,0,1,0,5,0,0,Leicester City,Victor-Bernth-Kristiansen,505486d6
2024-11-30,Sat,Matchweek 13,Away,L 1–4,Leicester City,Brentford,N,"On matchday squad, but did not play","On matchday squad, but did not play","On matchday squad, but did not play","On matchday squad, but did not play","On matchday squad, but did not play","On matchday squad, but did not play","On matchday squad, but did not play","On matchday squad, but did not play","On matchday squad, but did not play","On matchday squad, but did not play","On matchday squad, but did not play","On matchday squad, but did not play","On matchday squad, but did not play","On matchday squad, but did not play","On matchday squad, but did not play","On matchday squad, but did not play","On matchday squad, but did not play","On matchday squad, but did not play","On matchday squad, but did not play","On matchday squad, but did not play","On matchday squad, but did not play","On matchday squad, but did not play","On matchday squad, but did not play","On matchday squad, but did not play","On matchday squad, but did not play","On matchday squad, but did not play","On matchday squad, but did not play",Match Report,"On matchday squad, but did not play","On matchday squad, but did not play","On matchday squad, but did not play","On matchday squad, but did not play","On matchday squad, but did not play","On matchday squad, but did not play","On matchday squad, but did not play","On matchday squad, but did not play","On matchday squad, but did not play","On matchday squad, but did not play","On matchday squad, but did not play","On matchday squad, but did not play","On matchday squad, but did not play","On matchday squad, but did not play","On matchday squad, but did not play","On matchday squad, but did not play","On matchday squad, but did not play","On matchday squad, but did not play","On matchday squad, but did not play","On matchday squad, but did not play","On matchday squad, but did not play","On matchday squad, but did not play","On matchday squad, but did not play","On matchday squad, but did not play","On matchday squad, but did not play","On matchday squad, but did not play","On matchday squad, but did not play","On matchday squad, but did not play","On matchday squad, but did not play","On matchday squad, but did not play","On matchday squad, but did not play","On matchday squad, but did not play","On matchday squad, but did not play","On matchday squad, but did not play","On matchday squad, but did not play","On matchday squad, but did not play","On matchday squad, but did not play","On matchday squad, but did not play","On matchday squad, but did not play","On matchday squad, but did not play","On matchday squad, but did not play","On matchday squad, but did not play","On matchday squad, but did not play","On matchday squad, but did not play","On matchday squad, but did not play","On matchday squad, but did not play","On matchday squad, but did not play","On matchday squad, but did not play","On matchday squad, but did not play","On matchday squad, but did not play","On matchday squad, but did not play","On matchday squad, but did not play","On matchday squad, but did not play","On matchday squad, but did not play","On matchday squad, but did not play","On matchday squad, but did not play","On matchday squad, but did not play","On matchday squad, but did not play","On matchday squad, but did not play","On matchday squad, but did not play","On matchday squad, but did not play","On matchday squad, but did not play","On matchday squad, but did not play","On matchday squad, but did not play","On matchday squad, but did not play","On matchday squad, but did not play","On matchday squad, but did not play","On matchday squad, but did not play","On matchday squad, but did not play","On matchday squad, but did not play","On matchday squad, but did not play","On matchday squad, but did not play","On matchday squad, but did not play","On matchday squad, but did not play","On matchday squad, but did not play","On matchday squad, but did not play","On matchday squad, but did not play","On matchday squad, but did not play","On matchday squad, but did not play","On matchday squad, but did not play","On matchday squad, but did not play","On matchday squad, but did not play","On matchday squad, but did not play","On matchday squad, but did not play","On matchday squad, but did not play","On matchday squad, but did not play","On matchday squad, but did not play","On matchday squad, but did not play","On matchday squad, but did not play",Leicester City,Victor-Bernth-Kristiansen,505486d6
2024-12-03,Tue,Matchweek 14,Home,W 3–1,Leicester City,West Ham,Y,LB,90,0,1,0,0,0,0,0,0,51,5,1,3,0.0,0.0,0.3,3,2,32,39,82.1,2,30,2,0,0,Match Report,32,39,82.1,578,238,16,16,100.0,10,14,71.4,6,8,75.0,1,0.3,0.0,2,2,0,0,2,39,34,4,0,0,0,1,4,0,0,0,0,32,1,0,3,3,0,0,0,0,0,2,2,0,0,0,0,0,51,8,30,17,6,0,51,0,0,,0,,30,149,72,2,1,0,0,0,26,2,5,2,4,1,0,4,8,50.0,4,3,3,0,1,6,4,0,Leicester City,Victor-Bernth-Kristiansen,505486d6
2024-12-08,Sun,Matchweek 15,Home,D 2–2,Leicester City,Brighton,Y,LB,90,0,0,0,0,0,0,0,0,66,4,0,2,0.0,0.0,0.1,2,0,39,55,70.9,3,26,2,1,1,Match Report,39,55,70.9,630,246,20,22,90.9,17,22,77.3,1,6,16.7,0,0.1,0.3,1,0,3,3,3,55,38,17,2,0,0,12,12,3,2,1,0,39,0,4,2,1,1,0,0,0,0,0,0,0,0,0,0,0,66,8,28,17,21,1,66,1,1,100.0,0,0.0,26,133,65,2,0,1,0,0,29,8,4,2,3,1,0,3,6,50.0,3,2,0,2,0,4,3,2,Leicester City,Victor-Bernth-Kristiansen,505486d6
2024-12-14,Sat,Matchweek 16,Away,L 0–4,Leicester City,Newcastle Utd,Y,LB,90,0,0,0,0,0,0,0,0,59,5,3,0,0.0,0.0,0.0,0,0,30,45,66.7,1,23,0,0,0,Match Report,30,45,66.7,458,182,18,19,94.7,10,16,62.5,2,5,40.0,0,0.0,0.0,0,1,0,0,1,45,37,8,1,0,0,2,6,1,1,0,0,30,0,3,0,0,0,0,0,0,0,0,0,0,0,0,0,0,59,2,27,24,8,0,59,0,0,,0,,23,83,26,0,1,0,1,0,24,0,5,1,2,3,0,3,3,100.0,0,0,0,0,3,8,2,0,Leicester City,Victor-Bernth-Kristiansen,505486d6
2024-12-22,Sun,Matchweek 17,Home,L 0–3,Leicester City,Wolves,Y,LB,90,0,0,0,0,0,0,0,0,80,1,2,1,0.0,0.0,0.0,0,0,64,77,83.1,3,60,1,1,0,Match Report,64,77,83.1,1011,288,33,36,91.7,29,33,87.9,2,8,25.0,0,0.0,0.0,0,5,0,0,3,77,64,13,2,1,0,3,8,3,3,0,0,64,0,0,0,0,0,0,0,0,0,0,0,0,0,0,0,0,80,1,18,51,12,1,80,1,0,0.0,0,0.0,60,257,130,1,3,1,0,1,57,3,1,1,0,1,0,0,0,,0,1,0,1,2,3,0,0,Leicester City,Victor-Bernth-Kristiansen,505486d6
2024-12-26,Thu,Matchweek 18,Away,L 1–3,Leicester City,Liverpool,Y,LB,90,0,0,0,0,0,0,0,0,36,0,2,2,0.0,0.0,0.0,0,0,22,28,78.6,2,15,1,1,0,Match Report,22,28,78.6,352,143,12,14,85.7,8,10,80.0,1,3,33.3,0,0.0,0.0,0,2,1,1,2,28,21,7,2,0,0,1,5,0,0,0,0,22,0,0,0,0,0,0,0,0,0,0,0,0,0,0,0,0,36,7,19,12,5,0,36,1,0,0.0,1,100.0,15,103,50,1,1,0,0,0,15,0,0,0,0,0,0,0,0,,0,2,2,0,2,2,4,0,Leicester City,Victor-Bernth-Kristiansen,505486d6
2024-12-29,Sun,Matchweek 19,Home,L 0–2,Leicester City,Manchester City,Y,LB,90,0,0,0,0,0,0,0,0,82,1,2,1,0.0,0.0,0.0,3,0,71,76,93.4,2,64,4,1,1,Match Report,71,76,93.4,1093,328,35,39,89.7,35,35,100.0,1,2,50.0,0,0.0,0.2,0,4,0,0,2,76,67,9,1,0,0,2,8,0,0,0,0,71,0,0,3,3,0,0,0,0,0,0,0,0,0,0,0,0,82,4,27,41,14,2,82,1,1,100.0,0,0.0,64,326,143,4,1,0,1,0,66,3,1,0,0,0,1,1,2,50.0,1,1,0,1,2,3,1,0,Leicester City,Victor-Bernth-Kristiansen,505486d6
2025-01-15,Wed,Matchweek 21,Home,L 0–2,Leicester City,Crystal Palace,Y,LB,90,0,0,0,0,0,0,0,0,80,3,2,0,0.0,0.0,0.2,2,0,56,73,76.7,4,36,1,0,0,Match Report,56,73,76.7,954,241,25,28,89.3,27,36,75.0,3,7,42.9,0,0.2,0.2,2,4,3,2,4,73,62,11,2,0,0,4,9,0,0,0,0,56,0,0,2,2,0,0,0,0,0,0,0,0,0,0,0,0,80,2,26,36,18,0,80,0,0,,0,,36,169,71,1,1,0,0,0,53,2,3,2,2,0,1,2,2,100.0,0,0,0,0,2,5,4,1,Leicester City,Victor-Bernth-Kristiansen,505486d6
2025-01-18,Sat,Matchweek 22,Home,L 0–2,Leicester City,Fulham,Y,LB,90,0,0,0,0,1,0,0,0,57,1,1,1,0.3,0.3,0.0,2,0,38,45,84.4,4,29,2,1,1,Match Report,38,45,84.4,506,244,25,27,92.6,12,15,80.0,1,2,50.0,0,0.0,0.1,0,5,1,0,4,45,37,7,0,0,0,4,6,1,1,0,0,38,1,1,2,1,0,1,0,0,0,0,0,0,0,0,0,0,57,4,16,28,13,2,57,1,1,100.0,0,0.0,29,127,39,2,2,1,1,1,30,0,1,1,0,1,0,0,1,0.0,1,1,0,1,1,2,2,0,Leicester City,Victor-Bernth-Kristiansen,505486d6
2025-01-26,Sun,Matchweek 23,Away,W 2–1,Leicester City,Tottenham,Y,LB,90,0,0,0,0,0,0,0,0,58,4,5,1,0.0,0.0,0.1,1,0,27,38,71.1,0,29,2,1,0,Match Report,27,38,71.1,367,79,17,19,89.5,10,15,66.7,0,1,0.0,0,0.1,0.0,1,2,0,0,0,38,31,6,0,0,0,1,6,0,0,0,0,27,1,2,1,1,0,0,0,0,0,0,0,0,0,0,0,0,58,4,19,21,19,1,58,1,0,0.0,1,100.0,29,156,73,2,1,1,2,2,28,2,4,1,2,2,0,1,2,50.0,1,1,0,1,5,9,6,0,Leicester City,Victor-Bernth-Kristiansen,505486d6
2025-02-01,Sat,Matchweek 24,Away,L 0–4,Leicester City,Everton,Y,LB,90,0,0,0,0,1,0,0,0,67,3,0,1,0.0,0.0,0.0,1,0,42,55,76.4,4,25,0,0,0,Match Report,42,55,76.4,691,280,21,22,95.5,18,21,85.7,2,10,20.0,0,0.0,0.0,0,4,1,1,4,55,44,11,1,0,0,5,8,2,2,0,0,42,0,1,1,1,0,0,0,0,0,0,0,0,0,0,0,0,67,3,22,30,15,2,67,0,0,,0,,25,113,59,0,0,0,0,1,35,5,3,2,3,0,0,1,3,33.3,2,1,0,1,0,3,5,0,Leicester City,Victor-Bernth-Kristiansen,505486d6
2025-02-15,Sat,Matchweek 25,Home,L 0–2,Leicester City,Arsenal,Y,LB,90,0,0,0,0,0,0,0,0,49,5,0,0,0.0,0.0,0.0,2,0,30,42,71.4,2,23,1,0,0,Match Report,30,42,71.4,527,227,15,17,88.2,12,17,70.6,3,6,50.0,0,0.0,0.1,1,2,1,1,2,42,29,13,2,0,0,8,9,2,2,0,0,30,0,1,2,2,0,0,0,0,0,0,0,0,0,0,0,0,49,2,14,20,15,1,49,0,0,,0,,23,100,26,1,0,0,1,0,24,5,5,2,1,4,0,2,6,33.3,4,0,0,0,0,5,1,0,Leicester City,Victor-Bernth-Kristiansen,505486d6
2025-02-21,Fri,Matchweek 26,Home,L 0–4,Leicester City,Brentford,Y,LB,90,0,0,0,0,0,0,0,0,44,2,3,1,0.0,0.0,0.0,0,0,26,35,74.3,2,25,1,0,0,Match Report,26,35,74.3,348,111,17,18,94.4,8,14,57.1,1,3,33.3,0,0.0,0.1,0,1,0,0,2,35,29,6,0,0,0,6,6,0,0,0,0,26,0,0,0,0,0,0,0,0,0,0,0,0,0,0,0,0,44,3,10,16,18,1,44,0,0,,0,,25,165,68,1,2,0,0,0,22,2,2,0,1,1,0,0,2,0.0,2,1,1,0,3,5,3,0,Leicester City,Victor-Bernth-Kristiansen,505486d6
2025-02-27,Thu,Matchweek 27,Away,L 0–2,Leicester City,West Ham,Y,LB,86,0,0,0,0,1,0,0,0,85,9,2,1,0.0,0.0,0.0,4,0,57,68,83.8,7,48,3,0,0,Match Report,57,68,83.8,928,279,27,29,93.1,24,28,85.7,4,8,50.0,0,0.0,0.0,0,7,1,1,7,68,58,10,2,0,0,4,8,0,0,0,0,57,0,1,4,3,1,0,0,0,0,0,0,0,0,0,0,0,85,6,29,40,16,1,85,0,0,,0,,48,252,139,3,3,1,0,0,50,4,9,5,8,0,1,7,10,70.0,3,1,0,1,2,11,6,0,Leicester City,Victor-Bernth-Kristiansen,505486d6
2025-03-09,Sun,Matchweek 28,Away,L 0–1,Leicester City,Chelsea,Y,WB,82,0,0,0,0,0,0,0,0,22,0,2,0,0.0,0.0,0.0,0,0,8,16,50.0,0,12,3,1,1,Match Report,8,16,50.0,136,18,5,7,71.4,3,5,60.0,0,4,0.0,0,0.0,0.0,0,0,0,0,0,16,13,3,0,0,0,5,3,0,0,0,0,8,0,0,0,0,0,0,0,0,0,0,0,0,0,0,0,0,22,2,8,7,8,1,22,1,1,100.0,0,0.0,12,108,74,3,2,0,0,0,12,2,0,0,0,0,0,0,1,0.0,1,0,0,0,2,2,1,0,Leicester City,Victor-Bernth-Kristiansen,505486d6
2025-03-16,Sun,Matchweek 29,Home,L 0–3,Leicester City,Manchester Utd,Y,WB,81,0,0,0,0,0,0,0,0,43,3,2,3,0.0,0.0,0.0,1,0,24,32,75.0,1,17,1,0,0,Match Report,24,32,75.0,334,86,14,16,87.5,9,9,100.0,1,3,33.3,0,0.0,0.0,0,2,0,0,1,32,28,4,0,0,0,2,4,0,0,0,0,24,0,4,1,1,0,0,0,0,0,0,0,0,0,0,0,0,43,2,3,31,10,0,43,0,0,,0,,17,63,24,1,1,0,2,0,24,6,3,2,0,2,1,3,5,60.0,2,3,0,3,2,5,1,0,Leicester City,Victor-Bernth-Kristiansen,505486d6
2025-04-02,Wed,Matchweek 30,Away,L 0–2,Leicester City,Manchester City,Y,"WB,LB",59,0,0,0,0,0,0,0,0,19,2,0,1,0.0,0.0,0.0,1,0,13,17,76.5,3,6,0,0,0,Match Report,13,17,76.5,174,57,8,9,88.9,4,7,57.1,0,0,,0,0.0,0.0,0,0,0,0,3,17,14,3,0,0,0,1,3,0,0,0,0,13,0,0,1,1,0,0,0,0,0,0,0,0,0,0,0,0,19,1,8,6,7,0,19,0,0,,0,,6,21,11,0,1,0,1,0,10,1,2,2,1,1,0,1,3,33.3,2,1,0,1,0,2,0,0,Leicester City,Victor-Bernth-Kristiansen,505486d6
2025-04-07,Mon,Matchweek 31,Home,L 0–3,Leicester City,Newcastle Utd,Y,WB,45,0,0,0,0,0,0,0,0,25,1,1,1,0.0,0.0,0.0,1,0,14,19,73.7,1,10,1,1,1,Match Report,14,19,73.7,187,73,7,7,100.0,5,6,83.3,1,4,25.0,0,0.0,0.1,1,2,1,1,1,19,19,0,0,0,1,4,0,0,0,0,0,14,0,1,1,1,0,0,0,0,0,0,0,0,0,0,0,0,25,1,3,13,9,0,25,1,1,100.0,0,0.0,10,62,27,1,1,0,1,0,16,4,1,1,1,0,0,1,2,50.0,1,1,1,0,1,2,1,0,Leicester City,Victor-Bernth-Kristiansen,505486d6
2025-04-20,Sun,Matchweek 33,Home,L 0–1,Leicester City,Liverpool,N,"On matchday squad, but did not play","On matchday squad, but did not play","On matchday squad, but did not play","On matchday squad, but did not play","On matchday squad, but did not play","On matchday squad, but did not play","On matchday squad, but did not play","On matchday squad, but did not play","On matchday squad, but did not play","On matchday squad, but did not play","On matchday squad, but did not play","On matchday squad, but did not play","On matchday squad, but did not play","On matchday squad, but did not play","On matchday squad, but did not play","On matchday squad, but did not play","On matchday squad, but did not play","On matchday squad, but did not play","On matchday squad, but did not play","On matchday squad, but did not play","On matchday squad, but did not play","On matchday squad, but did not play","On matchday squad, but did not play","On matchday squad, but did not play","On matchday squad, but did not play","On matchday squad, but did not play","On matchday squad, but did not play",Match Report,"On matchday squad, but did not play","On matchday squad, but did not play","On matchday squad, but did not play","On matchday squad, but did not play","On matchday squad, but did not play","On matchday squad, but did not play","On matchday squad, but did not play","On matchday squad, but did not play","On matchday squad, but did not play","On matchday squad, but did not play","On matchday squad, but did not play","On matchday squad, but did not play","On matchday squad, but did not play","On matchday squad, but did not play","On matchday squad, but did not play","On matchday squad, but did not play","On matchday squad, but did not play","On matchday squad, but did not play","On matchday squad, but did not play","On matchday squad, but did not play","On matchday squad, but did not play","On matchday squad, but did not play","On matchday squad, but did not play","On matchday squad, but did not play","On matchday squad, but did not play","On matchday squad, but did not play","On matchday squad, but did not play","On matchday squad, but did not play","On matchday squad, but did not play","On matchday squad, but did not play","On matchday squad, but did not play","On matchday squad, but did not play","On matchday squad, but did not play","On matchday squad, but did not play","On matchday squad, but did not play","On matchday squad, but did not play","On matchday squad, but did not play","On matchday squad, but did not play","On matchday squad, but did not play","On matchday squad, but did not play","On matchday squad, but did not play","On matchday squad, but did not play","On matchday squad, but did not play","On matchday squad, but did not play","On matchday squad, but did not play","On matchday squad, but did not play","On matchday squad, but did not play","On matchday squad, but did not play","On matchday squad, but did not play","On matchday squad, but did not play","On matchday squad, but did not play","On matchday squad, but did not play","On matchday squad, but did not play","On matchday squad, but did not play","On matchday squad, but did not play","On matchday squad, but did not play","On matchday squad, but did not play","On matchday squad, but did not play","On matchday squad, but did not play","On matchday squad, but did not play","On matchday squad, but did not play","On matchday squad, but did not play","On matchday squad, but did not play","On matchday squad, but did not play","On matchday squad, but did not play","On matchday squad, but did not play","On matchday squad, but did not play","On matchday squad, but did not play","On matchday squad, but did not play","On matchday squad, but did not play","On matchday squad, but did not play","On matchday squad, but did not play","On matchday squad, but did not play","On matchday squad, but did not play","On matchday squad, but did not play","On matchday squad, but did not play","On matchday squad, but did not play","On matchday squad, but did not play","On matchday squad, but did not play","On matchday squad, but did not play","On matchday squad, but did not play","On matchday squad, but did not play","On matchday squad, but did not play","On matchday squad, but did not play","On matchday squad, but did not play","On matchday squad, but did not play","On matchday squad, but did not play","On matchday squad, but did not play","On matchday squad, but did not play",Leicester City,Victor-Bernth-Kristiansen,505486d6
2025-04-26,Sat,Matchweek 34,Away,L 0–3,Leicester City,Wolves,N,"On matchday squad, but did not play","On matchday squad, but did not play","On matchday squad, but did not play","On matchday squad, but did not play","On matchday squad, but did not play","On matchday squad, but did not play","On matchday squad, but did not play","On matchday squad, but did not play","On matchday squad, but did not play","On matchday squad, but did not play","On matchday squad, but did not play","On matchday squad, but did not play","On matchday squad, but did not play","On matchday squad, but did not play","On matchday squad, but did not play","On matchday squad, but did not play","On matchday squad, but did not play","On matchday squad, but did not play","On matchday squad, but did not play","On matchday squad, but did not play","On matchday squad, but did not play","On matchday squad, but did not play","On matchday squad, but did not play","On matchday squad, but did not play","On matchday squad, but did not play","On matchday squad, but did not play","On matchday squad, but did not play",Match Report,"On matchday squad, but did not play","On matchday squad, but did not play","On matchday squad, but did not play","On matchday squad, but did not play","On matchday squad, but did not play","On matchday squad, but did not play","On matchday squad, but did not play","On matchday squad, but did not play","On matchday squad, but did not play","On matchday squad, but did not play","On matchday squad, but did not play","On matchday squad, but did not play","On matchday squad, but did not play","On matchday squad, but did not play","On matchday squad, but did not play","On matchday squad, but did not play","On matchday squad, but did not play","On matchday squad, but did not play","On matchday squad, but did not play","On matchday squad, but did not play","On matchday squad, but did not play","On matchday squad, but did not play","On matchday squad, but did not play","On matchday squad, but did not play","On matchday squad, but did not play","On matchday squad, but did not play","On matchday squad, but did not play","On matchday squad, but did not play","On matchday squad, but did not play","On matchday squad, but did not play","On matchday squad, but did not play","On matchday squad, but did not play","On matchday squad, but did not play","On matchday squad, but did not play","On matchday squad, but did not play","On matchday squad, but did not play","On matchday squad, but did not play","On matchday squad, but did not play","On matchday squad, but did not play","On matchday squad, but did not play","On matchday squad, but did not play","On matchday squad, but did not play","On matchday squad, but did not play","On matchday squad, but did not play","On matchday squad, but did not play","On matchday squad, but did not play","On matchday squad, but did not play","On matchday squad, but did not play","On matchday squad, but did not play","On matchday squad, but did not play","On matchday squad, but did not play","On matchday squad, but did not play","On matchday squad, but did not play","On matchday squad, but did not play","On matchday squad, but did not play","On matchday squad, but did not play","On matchday squad, but did not play","On matchday squad, but did not play","On matchday squad, but did not play","On matchday squad, but did not play","On matchday squad, but did not play","On matchday squad, but did not play","On matchday squad, but did not play","On matchday squad, but did not play","On matchday squad, but did not play","On matchday squad, but did not play","On matchday squad, but did not play","On matchday squad, but did not play","On matchday squad, but did not play","On matchday squad, but did not play","On matchday squad, but did not play","On matchday squad, but did not play","On matchday squad, but did not play","On matchday squad, but did not play","On matchday squad, but did not play","On matchday squad, but did not play","On matchday squad, but did not play","On matchday squad, but did not play","On matchday squad, but did not play","On matchday squad, but did not play","On matchday squad, but did not play","On matchday squad, but did not play","On matchday squad, but did not play","On matchday squad, but did not play","On matchday squad, but did not play","On matchday squad, but did not play","On matchday squad, but did not play","On matchday squad, but did not play","On matchday squad, but did not play",Leicester City,Victor-Bernth-Kristiansen,505486d6
2025-05-03,Sat,Matchweek 35,Home,W 2–0,Leicester City,Southampton,N,"On matchday squad, but did not play","On matchday squad, but did not play","On matchday squad, but did not play","On matchday squad, but did not play","On matchday squad, but did not play","On matchday squad, but did not play","On matchday squad, but did not play","On matchday squad, but did not play","On matchday squad, but did not play","On matchday squad, but did not play","On matchday squad, but did not play","On matchday squad, but did not play","On matchday squad, but did not play","On matchday squad, but did not play","On matchday squad, but did not play","On matchday squad, but did not play","On matchday squad, but did not play","On matchday squad, but did not play","On matchday squad, but did not play","On matchday squad, but did not play","On matchday squad, but did not play","On matchday squad, but did not play","On matchday squad, but did not play","On matchday squad, but did not play","On matchday squad, but did not play","On matchday squad, but did not play","On matchday squad, but did not play",Match Report,"On matchday squad, but did not play","On matchday squad, but did not play","On matchday squad, but did not play","On matchday squad, but did not play","On matchday squad, but did not play","On matchday squad, but did not play","On matchday squad, but did not play","On matchday squad, but did not play","On matchday squad, but did not play","On matchday squad, but did not play","On matchday squad, but did not play","On matchday squad, but did not play","On matchday squad, but did not play","On matchday squad, but did not play","On matchday squad, but did not play","On matchday squad, but did not play","On matchday squad, but did not play","On matchday squad, but did not play","On matchday squad, but did not play","On matchday squad, but did not play","On matchday squad, but did not play","On matchday squad, but did not play","On matchday squad, but did not play","On matchday squad, but did not play","On matchday squad, but did not play","On matchday squad, but did not play","On matchday squad, but did not play","On matchday squad, but did not play","On matchday squad, but did not play","On matchday squad, but did not play","On matchday squad, but did not play","On matchday squad, but did not play","On matchday squad, but did not play","On matchday squad, but did not play","On matchday squad, but did not play","On matchday squad, but did not play","On matchday squad, but did not play","On matchday squad, but did not play","On matchday squad, but did not play","On matchday squad, but did not play","On matchday squad, but did not play","On matchday squad, but did not play","On matchday squad, but did not play","On matchday squad, but did not play","On matchday squad, but did not play","On matchday squad, but did not play","On matchday squad, but did not play","On matchday squad, but did not play","On matchday squad, but did not play","On matchday squad, but did not play","On matchday squad, but did not play","On matchday squad, but did not play","On matchday squad, but did not play","On matchday squad, but did not play","On matchday squad, but did not play","On matchday squad, but did not play","On matchday squad, but did not play","On matchday squad, but did not play","On matchday squad, but did not play","On matchday squad, but did not play","On matchday squad, but did not play","On matchday squad, but did not play","On matchday squad, but did not play","On matchday squad, but did not play","On matchday squad, but did not play","On matchday squad, but did not play","On matchday squad, but did not play","On matchday squad, but did not play","On matchday squad, but did not play","On matchday squad, but did not play","On matchday squad, but did not play","On matchday squad, but did not play","On matchday squad, but did not play","On matchday squad, but did not play","On matchday squad, but did not play","On matchday squad, but did not play","On matchday squad, but did not play","On matchday squad, but did not play","On matchday squad, but did not play","On matchday squad, but did not play","On matchday squad, but did not play","On matchday squad, but did not play","On matchday squad, but did not play","On matchday squad, but did not play","On matchday squad, but did not play","On matchday squad, but did not play","On matchday squad, but did not play","On matchday squad, but did not play","On matchday squad, but did not play",Leicester City,Victor-Bernth-Kristiansen,505486d6
2025-05-11,Sun,Matchweek 36,Away,D 2–2,Leicester City,Nott'ham Forest,N,"LB,WB",14,0,0,0,0,0,0,0,0,5,0,0,0,0.0,0.0,0.0,0,0,4,5,80.0,0,2,0,0,0,Match Report,4,5,80.0,55,25,4,4,100.0,0,0,,0,0,,0,0.0,0.0,0,1,0,0,0,5,5,0,0,0,0,1,0,0,0,0,0,4,0,1,0,0,0,0,0,0,0,0,0,0,0,0,0,0,5,0,1,2,2,0,5,0,0,,0,,2,4,2,0,0,0,0,0,2,0,0,0,0,0,0,0,0,,0,0,0,0,0,0,0,0,Leicester City,Victor-Bernth-Kristiansen,505486d6
2025-05-18,Sun,Matchweek 37,Home,W 2–0,Leicester City,Ipswich Town,N,"On matchday squad, but did not play","On matchday squad, but did not play","On matchday squad, but did not play","On matchday squad, but did not play","On matchday squad, but did not play","On matchday squad, but did not play","On matchday squad, but did not play","On matchday squad, but did not play","On matchday squad, but did not play","On matchday squad, but did not play","On matchday squad, but did not play","On matchday squad, but did not play","On matchday squad, but did not play","On matchday squad, but did not play","On matchday squad, but did not play","On matchday squad, but did not play","On matchday squad, but did not play","On matchday squad, but did not play","On matchday squad, but did not play","On matchday squad, but did not play","On matchday squad, but did not play","On matchday squad, but did not play","On matchday squad, but did not play","On matchday squad, but did not play","On matchday squad, but did not play","On matchday squad, but did not play","On matchday squad, but did not play",Match Report,"On matchday squad, but did not play","On matchday squad, but did not play","On matchday squad, but did not play","On matchday squad, but did not play","On matchday squad, but did not play","On matchday squad, but did not play","On matchday squad, but did not play","On matchday squad, but did not play","On matchday squad, but did not play","On matchday squad, but did not play","On matchday squad, but did not play","On matchday squad, but did not play","On matchday squad, but did not play","On matchday squad, but did not play","On matchday squad, but did not play","On matchday squad, but did not play","On matchday squad, but did not play","On matchday squad, but did not play","On matchday squad, but did not play","On matchday squad, but did not play","On matchday squad, but did not play","On matchday squad, but did not play","On matchday squad, but did not play","On matchday squad, but did not play","On matchday squad, but did not play","On matchday squad, but did not play","On matchday squad, but did not play","On matchday squad, but did not play","On matchday squad, but did not play","On matchday squad, but did not play","On matchday squad, but did not play","On matchday squad, but did not play","On matchday squad, but did not play","On matchday squad, but did not play","On matchday squad, but did not play","On matchday squad, but did not play","On matchday squad, but did not play","On matchday squad, but did not play","On matchday squad, but did not play","On matchday squad, but did not play","On matchday squad, but did not play","On matchday squad, but did not play","On matchday squad, but did not play","On matchday squad, but did not play","On matchday squad, but did not play","On matchday squad, but did not play","On matchday squad, but did not play","On matchday squad, but did not play","On matchday squad, but did not play","On matchday squad, but did not play","On matchday squad, but did not play","On matchday squad, but did not play","On matchday squad, but did not play","On matchday squad, but did not play","On matchday squad, but did not play","On matchday squad, but did not play","On matchday squad, but did not play","On matchday squad, but did not play","On matchday squad, but did not play","On matchday squad, but did not play","On matchday squad, but did not play","On matchday squad, but did not play","On matchday squad, but did not play","On matchday squad, but did not play","On matchday squad, but did not play","On matchday squad, but did not play","On matchday squad, but did not play","On matchday squad, but did not play","On matchday squad, but did not play","On matchday squad, but did not play","On matchday squad, but did not play","On matchday squad, but did not play","On matchday squad, but did not play","On matchday squad, but did not play","On matchday squad, but did not play","On matchday squad, but did not play","On matchday squad, but did not play","On matchday squad, but did not play","On matchday squad, but did not play","On matchday squad, but did not play","On matchday squad, but did not play","On matchday squad, but did not play","On matchday squad, but did not play","On matchday squad, but did not play","On matchday squad, but did not play","On matchday squad, but did not play","On matchday squad, but did not play","On matchday squad, but did not play","On matchday squad, but did not play",Leicester City,Victor-Bernth-Kristiansen,505486d6
2025-05-25,Sun,Matchweek 38,Away,L 0–2,Leicester City,Bournemouth,Y,"LW,LB",88,0,0,0,0,0,0,0,0,28,2,2,1,0.0,0.0,0.0,1,0,12,19,63.2,1,14,1,1,0,Match Report,12,19,63.2,184,41,5,8,62.5,7,11,63.6,0,0,,0,0.0,0.0,0,1,0,0,1,19,19,0,0,0,0,0,0,0,0,0,0,12,0,0,1,1,0,0,0,0,0,0,0,0,0,0,0,0,28,2,12,9,8,2,28,1,0,0.0,1,100.0,14,105,58,1,1,0,2,1,13,3,2,1,2,0,0,2,4,50.0,2,1,1,0,2,4,3,0,Leicester City,Victor-Bernth-Kristiansen,505486d6
2024-08-19,Mon,Matchweek 1,Home,D 1–1,Leicester City,Tottenham,Y,DM,90.0,0.0,0.0,0.0,0.0,2.0,1.0,0.0,0.0,55.0,2.0,0.0,5.0,0.1,0.1,0.0,1.0,0.0,27.0,35.0,77.1,2.0,21.0,0.0,2.0,1.0,Match Report,27.0,35.0,77.1,389.0,146.0,16.0,19.0,84.2,9.0,11.0,81.8,1.0,2.0,50.0,0.0,0.0,0.0,0.0,1.0,0.0,0.0,2.0,35.0,34.0,1.0,1.0,0.0,0.0,0.0,0.0,0.0,0.0,0.0,0.0,27.0,0.0,1.0,1.0,0.0,0.0,0.0,1.0,0.0,0.0,0.0,0.0,0.0,0.0,0.0,0.0,0.0,55.0,11.0,27.0,23.0,6.0,3.0,55.0,2.0,1.0,50.0,1.0,50.0,21.0,115.0,35.0,0.0,1.0,0.0,0.0,2.0,30.0,2.0,2.0,0.0,1.0,1.0,0.0,0.0,0.0,,0.0,5.0,2.0,3.0,0.0,2.0,3.0,0.0,Leicester City,Wilfred-Ndidi,6b47c5db
2024-08-24,Sat,Matchweek 2,Away,L 1–2,Leicester City,Fulham,Y,DM,90.0,0.0,0.0,0.0,0.0,1.0,1.0,0.0,0.0,56.0,3.0,0.0,2.0,0.1,0.1,0.0,3.0,0.0,41.0,46.0,89.1,6.0,33.0,1.0,3.0,2.0,Match Report,41.0,46.0,89.1,732.0,220.0,22.0,23.0,95.7,14.0,17.0,82.4,5.0,6.0,83.3,0.0,0.0,0.0,1.0,2.0,0.0,0.0,6.0,46.0,46.0,0.0,0.0,0.0,1.0,1.0,0.0,0.0,0.0,0.0,0.0,41.0,0.0,1.0,3.0,2.0,0.0,1.0,0.0,0.0,0.0,0.0,0.0,0.0,0.0,0.0,0.0,0.0,56.0,3.0,30.0,21.0,7.0,1.0,56.0,3.0,2.0,66.7,1.0,33.3,33.0,182.0,86.0,1.0,1.0,0.0,1.0,1.0,36.0,3.0,3.0,2.0,1.0,2.0,0.0,2.0,3.0,66.7,1.0,2.0,1.0,1.0,0.0,3.0,2.0,0.0,Leicester City,Wilfred-Ndidi,6b47c5db
2024-08-31,Sat,Matchweek 3,Home,L 1–2,Leicester City,Aston Villa,Y,"AM,CM",88.0,0.0,1.0,0.0,0.0,0.0,0.0,0.0,0.0,51.0,2.0,1.0,1.0,0.0,0.0,0.2,0.0,0.0,29.0,37.0,78.4,1.0,32.0,0.0,2.0,0.0,Match Report,29.0,37.0,78.4,401.0,50.0,20.0,23.0,87.0,8.0,9.0,88.9,1.0,4.0,25.0,1.0,0.2,0.0,1.0,2.0,0.0,0.0,1.0,37.0,37.0,0.0,0.0,0.0,0.0,4.0,0.0,0.0,0.0,0.0,0.0,29.0,0.0,1.0,0.0,0.0,0.0,0.0,0.0,0.0,0.0,0.0,0.0,0.0,0.0,0.0,0.0,0.0,51.0,1.0,7.0,26.0,18.0,5.0,51.0,2.0,0.0,0.0,2.0,100.0,32.0,91.0,35.0,0.0,0.0,0.0,6.0,0.0,41.0,8.0,2.0,0.0,2.0,0.0,0.0,0.0,2.0,0.0,2.0,1.0,0.0,1.0,1.0,3.0,0.0,0.0,Leicester City,Wilfred-Ndidi,6b47c5db
2024-09-14,Sat,Matchweek 4,Away,D 2–2,Leicester City,Crystal Palace,Y,AM,75.0,0.0,2.0,0.0,0.0,0.0,0.0,1.0,0.0,39.0,3.0,1.0,2.0,0.0,0.0,1.0,4.0,2.0,20.0,28.0,71.4,3.0,17.0,1.0,2.0,2.0,Match Report,20.0,28.0,71.4,257.0,69.0,13.0,18.0,72.2,4.0,4.0,100.0,1.0,1.0,100.0,2.0,1.0,0.8,4.0,3.0,1.0,0.0,3.0,28.0,28.0,0.0,0.0,1.0,0.0,0.0,0.0,0.0,0.0,0.0,0.0,20.0,0.0,1.0,4.0,4.0,0.0,0.0,0.0,0.0,0.0,2.0,2.0,0.0,0.0,0.0,0.0,0.0,39.0,2.0,9.0,22.0,9.0,2.0,39.0,2.0,2.0,100.0,0.0,0.0,17.0,176.0,37.0,1.0,1.0,0.0,2.0,4.0,16.0,1.0,3.0,1.0,0.0,2.0,1.0,1.0,2.0,50.0,1.0,2.0,0.0,2.0,1.0,4.0,0.0,0.0,Leicester City,Wilfred-Ndidi,6b47c5db
2024-09-21,Sat,Matchweek 5,Home,D 1–1,Leicester City,Everton,Y,DM,90.0,0.0,0.0,0.0,0.0,3.0,1.0,0.0,0.0,69.0,6.0,2.0,1.0,0.1,0.1,0.0,1.0,0.0,40.0,54.0,74.1,4.0,45.0,3.0,3.0,2.0,Match Report,40.0,54.0,74.1,566.0,148.0,22.0,27.0,81.5,11.0,15.0,73.3,2.0,5.0,40.0,0.0,0.0,0.0,0.0,3.0,0.0,0.0,4.0,54.0,52.0,2.0,0.0,1.0,0.0,0.0,2.0,0.0,0.0,0.0,0.0,40.0,0.0,0.0,1.0,1.0,0.0,0.0,0.0,0.0,0.0,0.0,0.0,0.0,0.0,0.0,0.0,0.0,69.0,0.0,19.0,33.0,18.0,4.0,69.0,3.0,2.0,66.7,1.0,33.3,45.0,248.0,125.0,3.0,5.0,0.0,1.0,2.0,50.0,9.0,6.0,5.0,3.0,3.0,0.0,2.0,2.0,100.0,0.0,1.0,0.0,1.0,2.0,8.0,0.0,0.0,Leicester City,Wilfred-Ndidi,6b47c5db
2024-09-28,Sat,Matchweek 6,Away,L 2–4,Leicester City,Arsenal,Y,"AM,DM",89.0,0.0,1.0,0.0,0.0,0.0,0.0,1.0,0.0,53.0,8.0,0.0,4.0,0.0,0.0,0.1,1.0,1.0,24.0,28.0,85.7,2.0,19.0,0.0,2.0,0.0,Match Report,24.0,28.0,85.7,304.0,127.0,13.0,13.0,100.0,4.0,5.0,80.0,2.0,4.0,50.0,1.0,0.1,0.0,1.0,1.0,1.0,1.0,2.0,28.0,28.0,0.0,0.0,0.0,0.0,2.0,0.0,0.0,0.0,0.0,0.0,24.0,0.0,0.0,1.0,1.0,0.0,0.0,0.0,0.0,0.0,1.0,1.0,0.0,0.0,0.0,0.0,0.0,53.0,12.0,28.0,19.0,6.0,3.0,53.0,2.0,0.0,0.0,2.0,100.0,19.0,67.0,11.0,0.0,0.0,0.0,2.0,4.0,24.0,3.0,8.0,6.0,5.0,2.0,1.0,2.0,4.0,50.0,2.0,4.0,2.0,2.0,0.0,8.0,9.0,0.0,Leicester City,Wilfred-Ndidi,6b47c5db
2024-10-05,Sat,Matchweek 7,Home,W 1–0,Leicester City,Bournemouth,Y,DM,90.0,0.0,0.0,0.0,0.0,0.0,0.0,1.0,0.0,61.0,4.0,0.0,2.0,0.0,0.0,0.0,1.0,0.0,34.0,45.0,75.6,2.0,29.0,0.0,0.0,0.0,Match Report,34.0,45.0,75.6,451.0,177.0,20.0,23.0,87.0,10.0,11.0,90.9,1.0,4.0,25.0,0.0,0.0,0.0,0.0,3.0,0.0,0.0,2.0,45.0,43.0,2.0,1.0,0.0,0.0,0.0,1.0,0.0,0.0,0.0,0.0,34.0,0.0,2.0,1.0,1.0,0.0,0.0,0.0,0.0,0.0,0.0,0.0,0.0,0.0,0.0,0.0,0.0,61.0,8.0,32.0,25.0,4.0,1.0,61.0,0.0,0.0,,0.0,,29.0,70.0,24.0,0.0,0.0,0.0,2.0,2.0,30.0,1.0,4.0,4.0,4.0,0.0,0.0,0.0,1.0,0.0,1.0,2.0,0.0,2.0,0.0,4.0,6.0,0.0,Leicester City,Wilfred-Ndidi,6b47c5db
2024-10-19,Sat,Matchweek 8,Away,W 3–2,Leicester City,Southampton,Y,DM,90.0,0.0,0.0,0.0,0.0,0.0,0.0,0.0,0.0,72.0,4.0,0.0,1.0,0.0,0.0,0.0,3.0,0.0,43.0,58.0,74.1,4.0,26.0,1.0,1.0,0.0,Match Report,43.0,58.0,74.1,563.0,112.0,23.0,28.0,82.1,14.0,18.0,77.8,1.0,3.0,33.3,0.0,0.0,0.0,0.0,6.0,1.0,0.0,4.0,58.0,55.0,2.0,1.0,1.0,0.0,4.0,1.0,0.0,0.0,0.0,0.0,43.0,1.0,3.0,3.0,3.0,0.0,0.0,0.0,0.0,0.0,0.0,0.0,0.0,0.0,0.0,0.0,0.0,72.0,2.0,14.0,37.0,22.0,4.0,72.0,1.0,0.0,0.0,1.0,100.0,26.0,92.0,33.0,1.0,0.0,1.0,1.0,0.0,46.0,6.0,4.0,1.0,2.0,1.0,1.0,2.0,3.0,66.7,1.0,1.0,1.0,0.0,0.0,4.0,4.0,0.0,Leicester City,Wilfred-Ndidi,6b47c5db
2024-10-25,Fri,Matchweek 9,Home,L 1–3,Leicester City,Nott'ham Forest,Y,"DM,CM",73.0,0.0,0.0,0.0,0.0,1.0,0.0,0.0,0.0,45.0,1.0,0.0,2.0,0.0,0.0,0.0,0.0,0.0,29.0,35.0,82.9,3.0,27.0,2.0,0.0,0.0,Match Report,29.0,35.0,82.9,384.0,77.0,14.0,15.0,93.3,10.0,10.0,100.0,2.0,2.0,100.0,0.0,0.0,0.0,0.0,5.0,0.0,0.0,3.0,35.0,35.0,0.0,0.0,0.0,0.0,0.0,0.0,0.0,0.0,0.0,0.0,29.0,0.0,0.0,0.0,0.0,0.0,0.0,0.0,0.0,0.0,0.0,0.0,0.0,0.0,0.0,0.0,0.0,45.0,4.0,14.0,23.0,8.0,3.0,45.0,0.0,0.0,,0.0,,27.0,113.0,63.0,2.0,0.0,0.0,1.0,0.0,28.0,5.0,1.0,0.0,1.0,0.0,0.0,0.0,1.0,0.0,1.0,2.0,0.0,2.0,0.0,1.0,5.0,0.0,Leicester City,Wilfred-Ndidi,6b47c5db
2024-11-02,Sat,Matchweek 10,Away,D 1–1,Leicester City,Ipswich Town,Y,DM,70.0,0.0,0.0,0.0,0.0,0.0,0.0,0.0,0.0,35.0,1.0,1.0,3.0,0.0,0.0,0.1,1.0,0.0,21.0,25.0,84.0,3.0,19.0,0.0,0.0,0.0,Match Report,21.0,25.0,84.0,307.0,75.0,12.0,13.0,92.3,6.0,8.0,75.0,2.0,3.0,66.7,0.0,0.1,0.1,1.0,1.0,2.0,0.0,3.0,25.0,24.0,1.0,0.0,1.0,0.0,0.0,1.0,0.0,0.0,0.0,0.0,21.0,0.0,0.0,1.0,1.0,0.0,0.0,0.0,0.0,0.0,0.0,0.0,0.0,0.0,0.0,0.0,0.0,35.0,6.0,11.0,13.0,11.0,1.0,35.0,0.0,0.0,,0.0,,19.0,74.0,24.0,0.0,2.0,0.0,2.0,1.0,18.0,3.0,1.0,0.0,1.0,0.0,0.0,1.0,1.0,100.0,0.0,3.0,3.0,0.0,1.0,2.0,2.0,0.0,Leicester City,Wilfred-Ndidi,6b47c5db
2024-11-10,Sun,Matchweek 11,Away,L 0–3,Leicester City,Manchester Utd,Y,LM,69.0,0.0,0.0,0.0,0.0,3.0,2.0,0.0,0.0,35.0,2.0,1.0,2.0,0.5,0.5,0.0,1.0,0.0,21.0,24.0,87.5,4.0,15.0,1.0,3.0,1.0,Match Report,21.0,24.0,87.5,243.0,25.0,15.0,15.0,100.0,5.0,7.0,71.4,0.0,0.0,,0.0,0.0,0.0,1.0,3.0,0.0,0.0,4.0,24.0,24.0,0.0,0.0,0.0,0.0,0.0,0.0,0.0,0.0,0.0,0.0,21.0,0.0,0.0,1.0,1.0,0.0,0.0,0.0,0.0,0.0,0.0,0.0,0.0,0.0,0.0,0.0,0.0,35.0,2.0,4.0,21.0,10.0,6.0,35.0,3.0,1.0,33.3,1.0,33.3,15.0,51.0,17.0,1.0,0.0,1.0,2.0,1.0,26.0,6.0,2.0,1.0,1.0,1.0,0.0,0.0,2.0,0.0,2.0,2.0,1.0,1.0,1.0,3.0,0.0,0.0,Leicester City,Wilfred-Ndidi,6b47c5db
2024-11-23,Sat,Matchweek 12,Home,L 1–2,Leicester City,Chelsea,Y,FW,70.0,0.0,0.0,0.0,0.0,1.0,0.0,1.0,0.0,21.0,1.0,0.0,0.0,0.2,0.2,0.0,0.0,0.0,13.0,17.0,76.5,1.0,12.0,0.0,1.0,1.0,Match Report,13.0,17.0,76.5,141.0,39.0,8.0,11.0,72.7,3.0,4.0,75.0,0.0,0.0,,0.0,0.0,0.0,0.0,0.0,0.0,0.0,1.0,17.0,17.0,0.0,0.0,0.0,0.0,0.0,0.0,0.0,0.0,0.0,0.0,13.0,0.0,0.0,0.0,0.0,0.0,0.0,0.0,0.0,0.0,0.0,0.0,0.0,0.0,0.0,0.0,0.0,21.0,3.0,7.0,10.0,4.0,1.0,21.0,1.0,1.0,100.0,0.0,0.0,12.0,37.0,17.0,0.0,0.0,0.0,0.0,0.0,11.0,1.0,1.0,1.0,0.0,1.0,0.0,1.0,2.0,50.0,1.0,0.0,0.0,0.0,0.0,1.0,1.0,0.0,Leicester City,Wilfred-Ndidi,6b47c5db
2024-11-30,Sat,Matchweek 13,Away,L 1–4,Leicester City,Brentford,Y,CM,90.0,0.0,0.0,0.0,0.0,0.0,0.0,0.0,0.0,52.0,2.0,0.0,4.0,0.0,0.0,0.0,0.0,0.0,32.0,40.0,80.0,1.0,31.0,0.0,2.0,0.0,Match Report,32.0,40.0,80.0,523.0,132.0,18.0,19.0,94.7,12.0,16.0,75.0,2.0,5.0,40.0,0.0,0.0,0.0,0.0,2.0,1.0,0.0,1.0,40.0,40.0,0.0,0.0,0.0,0.0,1.0,0.0,0.0,0.0,0.0,0.0,32.0,0.0,0.0,0.0,0.0,0.0,0.0,0.0,0.0,0.0,0.0,0.0,0.0,0.0,0.0,0.0,0.0,52.0,3.0,17.0,24.0,11.0,1.0,52.0,2.0,0.0,0.0,2.0,100.0,31.0,97.0,33.0,0.0,1.0,0.0,1.0,2.0,31.0,1.0,2.0,1.0,1.0,1.0,0.0,0.0,3.0,0.0,3.0,4.0,1.0,3.0,0.0,2.0,2.0,0.0,Leicester City,Wilfred-Ndidi,6b47c5db
2024-12-03,Tue,Matchweek 14,Home,W 3–1,Leicester City,West Ham,Y,DM,90.0,0.0,0.0,0.0,0.0,1.0,1.0,0.0,0.0,58.0,8.0,3.0,2.0,0.4,0.4,0.0,0.0,0.0,30.0,35.0,85.7,1.0,23.0,0.0,2.0,2.0,Match Report,30.0,35.0,85.7,462.0,119.0,12.0,16.0,75.0,14.0,15.0,93.3,1.0,1.0,100.0,0.0,0.0,0.0,0.0,1.0,0.0,0.0,1.0,35.0,33.0,2.0,2.0,0.0,0.0,0.0,0.0,0.0,0.0,0.0,0.0,30.0,0.0,2.0,0.0,0.0,0.0,0.0,0.0,0.0,0.0,0.0,0.0,0.0,0.0,0.0,0.0,0.0,58.0,9.0,29.0,25.0,5.0,1.0,58.0,2.0,2.0,100.0,0.0,0.0,23.0,56.0,17.0,0.0,0.0,0.0,0.0,0.0,25.0,0.0,8.0,6.0,3.0,5.0,0.0,4.0,6.0,66.7,2.0,2.0,0.0,2.0,3.0,11.0,11.0,0.0,Leicester City,Wilfred-Ndidi,6b47c5db
2024-12-08,Sun,Matchweek 15,Home,D 2–2,Leicester City,Brighton,Y,DM,51.0,0.0,0.0,0.0,0.0,0.0,0.0,0.0,0.0,33.0,1.0,0.0,1.0,0.0,0.0,0.0,0.0,0.0,26.0,27.0,96.3,0.0,21.0,0.0,0.0,0.0,Match Report,26.0,27.0,96.3,414.0,81.0,9.0,9.0,100.0,15.0,15.0,100.0,1.0,2.0,50.0,0.0,0.0,0.0,0.0,3.0,0.0,0.0,0.0,27.0,26.0,1.0,1.0,0.0,0.0,0.0,0.0,0.0,0.0,0.0,0.0,26.0,0.0,0.0,0.0,0.0,0.0,0.0,0.0,0.0,0.0,0.0,0.0,0.0,0.0,0.0,0.0,0.0,33.0,3.0,14.0,17.0,2.0,0.0,33.0,0.0,0.0,,0.0,,21.0,48.0,22.0,0.0,0.0,0.0,0.0,2.0,24.0,0.0,1.0,0.0,1.0,0.0,0.0,0.0,1.0,0.0,1.0,1.0,1.0,0.0,0.0,1.0,2.0,0.0,Leicester City,Wilfred-Ndidi,6b47c5db
2025-02-15,Sat,Matchweek 25,Home,L 0–2,Leicester City,Arsenal,Y,DM,84.0,0.0,0.0,0.0,0.0,2.0,1.0,0.0,0.0,35.0,1.0,2.0,1.0,0.1,0.1,0.0,0.0,0.0,13.0,24.0,54.2,0.0,18.0,0.0,0.0,0.0,Match Report,13.0,24.0,54.2,184.0,37.0,5.0,12.0,41.7,7.0,10.0,70.0,0.0,1.0,0.0,0.0,0.0,0.0,0.0,1.0,0.0,0.0,0.0,24.0,24.0,0.0,0.0,0.0,0.0,1.0,0.0,0.0,0.0,0.0,0.0,13.0,0.0,0.0,0.0,0.0,0.0,0.0,0.0,0.0,0.0,0.0,0.0,0.0,0.0,0.0,0.0,0.0,35.0,6.0,11.0,19.0,5.0,3.0,35.0,0.0,0.0,,0.0,,18.0,42.0,15.0,0.0,0.0,0.0,1.0,0.0,20.0,0.0,1.0,1.0,0.0,1.0,0.0,0.0,3.0,0.0,3.0,1.0,1.0,0.0,2.0,3.0,3.0,0.0,Leicester City,Wilfred-Ndidi,6b47c5db
2025-02-21,Fri,Matchweek 26,Home,L 0–4,Leicester City,Brentford,Y,DM,76.0,0.0,0.0,0.0,0.0,0.0,0.0,0.0,0.0,40.0,1.0,2.0,0.0,0.0,0.0,0.0,1.0,0.0,23.0,31.0,74.2,2.0,20.0,1.0,0.0,0.0,Match Report,23.0,31.0,74.2,304.0,80.0,13.0,16.0,81.3,6.0,10.0,60.0,1.0,1.0,100.0,0.0,0.0,0.0,0.0,3.0,0.0,0.0,2.0,31.0,30.0,1.0,1.0,0.0,0.0,2.0,0.0,0.0,0.0,0.0,0.0,23.0,0.0,2.0,1.0,1.0,0.0,0.0,0.0,0.0,0.0,0.0,0.0,0.0,0.0,0.0,0.0,0.0,40.0,3.0,11.0,14.0,16.0,4.0,40.0,0.0,0.0,,0.0,,20.0,79.0,28.0,1.0,1.0,0.0,2.0,0.0,22.0,2.0,1.0,1.0,1.0,0.0,0.0,1.0,2.0,50.0,1.0,0.0,0.0,0.0,2.0,3.0,2.0,0.0,Leicester City,Wilfred-Ndidi,6b47c5db
2025-02-27,Thu,Matchweek 27,Away,L 0–2,Leicester City,West Ham,Y,"DM,CM",90.0,0.0,0.0,0.0,0.0,3.0,1.0,0.0,0.0,60.0,3.0,2.0,1.0,0.1,0.1,0.0,1.0,0.0,38.0,45.0,84.4,4.0,20.0,1.0,1.0,1.0,Match Report,38.0,45.0,84.4,479.0,117.0,25.0,28.0,89.3,10.0,12.0,83.3,1.0,2.0,50.0,0.0,0.0,0.0,0.0,3.0,0.0,0.0,4.0,45.0,43.0,2.0,2.0,0.0,0.0,1.0,0.0,0.0,0.0,0.0,0.0,38.0,0.0,1.0,1.0,1.0,0.0,0.0,0.0,0.0,0.0,0.0,0.0,0.0,0.0,0.0,0.0,0.0,60.0,7.0,17.0,32.0,11.0,3.0,60.0,1.0,1.0,100.0,0.0,0.0,20.0,113.0,42.0,1.0,1.0,0.0,1.0,2.0,32.0,1.0,3.0,1.0,2.0,1.0,0.0,2.0,2.0,100.0,0.0,1.0,0.0,1.0,2.0,5.0,3.0,0.0,Leicester City,Wilfred-Ndidi,6b47c5db
2025-03-09,Sun,Matchweek 28,Away,L 0–1,Leicester City,Chelsea,Y,"CM,DM",90.0,0.0,0.0,0.0,0.0,0.0,0.0,0.0,0.0,70.0,6.0,0.0,0.0,0.0,0.0,0.0,2.0,0.0,42.0,53.0,79.2,5.0,27.0,2.0,1.0,0.0,Match Report,42.0,53.0,79.2,560.0,196.0,23.0,25.0,92.0,13.0,18.0,72.2,1.0,4.0,25.0,0.0,0.0,0.0,0.0,4.0,0.0,0.0,5.0,53.0,52.0,1.0,0.0,0.0,1.0,1.0,1.0,0.0,0.0,0.0,0.0,42.0,0.0,0.0,2.0,2.0,0.0,0.0,0.0,0.0,0.0,0.0,0.0,0.0,0.0,0.0,0.0,0.0,70.0,10.0,26.0,35.0,9.0,0.0,70.0,1.0,0.0,0.0,1.0,100.0,27.0,165.0,120.0,2.0,2.0,0.0,1.0,0.0,41.0,4.0,6.0,3.0,4.0,2.0,0.0,2.0,2.0,100.0,0.0,0.0,0.0,0.0,0.0,6.0,6.0,0.0,Leicester City,Wilfred-Ndidi,6b47c5db
2025-03-16,Sun,Matchweek 29,Home,L 0–3,Leicester City,Manchester Utd,Y,CM,90.0,0.0,0.0,0.0,0.0,0.0,0.0,1.0,0.0,55.0,1.0,3.0,0.0,0.0,0.0,0.3,1.0,0.0,28.0,41.0,68.3,2.0,16.0,0.0,0.0,0.0,Match Report,28.0,41.0,68.3,367.0,56.0,19.0,24.0,79.2,9.0,12.0,75.0,0.0,0.0,,0.0,0.3,0.0,1.0,2.0,1.0,0.0,2.0,41.0,39.0,1.0,0.0,0.0,0.0,5.0,1.0,0.0,0.0,0.0,0.0,28.0,1.0,4.0,1.0,1.0,0.0,0.0,0.0,0.0,0.0,0.0,0.0,0.0,0.0,0.0,0.0,0.0,55.0,2.0,9.0,31.0,15.0,1.0,55.0,0.0,0.0,,0.0,,16.0,55.0,21.0,0.0,2.0,0.0,2.0,0.0,30.0,8.0,1.0,1.0,1.0,0.0,0.0,0.0,0.0,,0.0,0.0,0.0,0.0,3.0,4.0,2.0,0.0,Leicester City,Wilfred-Ndidi,6b47c5db
2025-04-02,Wed,Matchweek 30,Away,L 0–2,Leicester City,Manchester City,Y,CM,90.0,0.0,0.0,0.0,0.0,0.0,0.0,0.0,0.0,43.0,4.0,1.0,3.0,0.0,0.0,0.0,1.0,0.0,23.0,30.0,76.7,1.0,21.0,0.0,1.0,0.0,Match Report,23.0,30.0,76.7,321.0,65.0,13.0,15.0,86.7,9.0,12.0,75.0,1.0,2.0,50.0,0.0,0.0,0.0,1.0,1.0,0.0,0.0,1.0,30.0,30.0,0.0,0.0,0.0,0.0,3.0,0.0,0.0,0.0,0.0,0.0,23.0,0.0,1.0,1.0,1.0,0.0,0.0,0.0,0.0,0.0,0.0,0.0,0.0,0.0,0.0,0.0,0.0,43.0,5.0,20.0,20.0,4.0,0.0,43.0,1.0,0.0,0.0,0.0,0.0,21.0,71.0,34.0,0.0,0.0,0.0,0.0,2.0,24.0,3.0,4.0,1.0,2.0,2.0,0.0,1.0,2.0,50.0,1.0,3.0,2.0,1.0,1.0,5.0,3.0,0.0,Leicester City,Wilfred-Ndidi,6b47c5db
2025-04-07,Mon,Matchweek 31,Home,L 0–3,Leicester City,Newcastle Utd,Y,"DM,CM",90.0,0.0,0.0,0.0,0.0,0.0,0.0,1.0,0.0,65.0,2.0,3.0,0.0,0.0,0.0,0.0,1.0,0.0,51.0,58.0,87.9,4.0,35.0,0.0,1.0,0.0,Match Report,51.0,58.0,87.9,785.0,155.0,27.0,27.0,100.0,18.0,20.0,90.0,3.0,5.0,60.0,0.0,0.0,0.1,1.0,2.0,1.0,0.0,4.0,58.0,55.0,2.0,0.0,0.0,1.0,1.0,2.0,0.0,0.0,0.0,0.0,51.0,1.0,1.0,1.0,1.0,0.0,0.0,0.0,0.0,0.0,0.0,0.0,0.0,0.0,0.0,0.0,0.0,65.0,0.0,17.0,32.0,17.0,5.0,65.0,1.0,0.0,0.0,1.0,100.0,35.0,157.0,39.0,0.0,1.0,0.0,3.0,1.0,37.0,4.0,2.0,2.0,2.0,0.0,0.0,0.0,0.0,,0.0,0.0,0.0,0.0,3.0,5.0,0.0,0.0,Leicester City,Wilfred-Ndidi,6b47c5db
2025-04-12,Sat,Matchweek 32,Away,D 2–2,Leicester City,Brighton,Y,DM,60.0,0.0,0.0,0.0,0.0,1.0,0.0,0.0,0.0,30.0,2.0,1.0,4.0,0.1,0.1,0.1,2.0,0.0,13.0,18.0,72.2,3.0,14.0,0.0,1.0,0.0,Match Report,13.0,18.0,72.2,233.0,72.0,5.0,6.0,83.3,8.0,10.0,80.0,0.0,1.0,0.0,0.0,0.1,0.1,2.0,2.0,0.0,0.0,3.0,18.0,18.0,0.0,0.0,0.0,0.0,1.0,0.0,0.0,0.0,0.0,0.0,13.0,0.0,0.0,2.0,2.0,0.0,0.0,0.0,0.0,0.0,0.0,0.0,0.0,0.0,0.0,0.0,0.0,30.0,2.0,8.0,19.0,3.0,2.0,30.0,1.0,0.0,0.0,1.0,100.0,14.0,41.0,24.0,0.0,0.0,0.0,2.0,1.0,20.0,1.0,2.0,1.0,1.0,1.0,0.0,2.0,3.0,66.7,1.0,4.0,0.0,4.0,1.0,3.0,2.0,0.0,Leicester City,Wilfred-Ndidi,6b47c5db
2025-04-20,Sun,Matchweek 33,Home,L 0–1,Leicester City,Liverpool,Y,DM,82.0,0.0,0.0,0.0,0.0,2.0,0.0,1.0,0.0,29.0,4.0,0.0,3.0,0.1,0.1,0.0,0.0,0.0,14.0,20.0,70.0,1.0,10.0,1.0,1.0,0.0,Match Report,14.0,20.0,70.0,174.0,65.0,9.0,11.0,81.8,1.0,4.0,25.0,2.0,3.0,66.7,0.0,0.0,0.0,0.0,1.0,1.0,1.0,1.0,20.0,20.0,0.0,0.0,0.0,0.0,1.0,0.0,0.0,0.0,0.0,0.0,14.0,0.0,0.0,0.0,0.0,0.0,0.0,0.0,0.0,0.0,0.0,0.0,0.0,0.0,0.0,0.0,0.0,29.0,5.0,10.0,14.0,5.0,2.0,29.0,1.0,0.0,0.0,1.0,100.0,10.0,25.0,20.0,1.0,1.0,0.0,0.0,1.0,15.0,0.0,4.0,3.0,3.0,1.0,0.0,1.0,2.0,50.0,1.0,3.0,3.0,0.0,0.0,4.0,1.0,0.0,Leicester City,Wilfred-Ndidi,6b47c5db
2025-04-26,Sat,Matchweek 34,Away,L 0–3,Leicester City,Wolves,Y,DM,90.0,0.0,0.0,0.0,0.0,0.0,0.0,1.0,0.0,64.0,5.0,1.0,1.0,0.0,0.0,0.0,1.0,0.0,42.0,50.0,84.0,5.0,34.0,2.0,3.0,1.0,Match Report,42.0,50.0,84.0,592.0,193.0,24.0,26.0,92.3,14.0,17.0,82.4,1.0,1.0,100.0,0.0,0.0,0.1,1.0,6.0,1.0,1.0,5.0,50.0,50.0,0.0,0.0,0.0,0.0,2.0,0.0,0.0,0.0,0.0,0.0,42.0,0.0,2.0,1.0,1.0,0.0,0.0,0.0,0.0,0.0,0.0,0.0,0.0,0.0,0.0,0.0,0.0,64.0,3.0,19.0,33.0,12.0,2.0,64.0,3.0,1.0,33.3,2.0,66.7,34.0,155.0,49.0,2.0,3.0,0.0,1.0,5.0,43.0,2.0,5.0,4.0,1.0,2.0,2.0,1.0,2.0,50.0,1.0,1.0,1.0,0.0,1.0,6.0,1.0,0.0,Leicester City,Wilfred-Ndidi,6b47c5db
2025-05-03,Sat,Matchweek 35,Home,W 2–0,Leicester City,Southampton,Y,DM,90.0,0.0,0.0,0.0,0.0,2.0,0.0,0.0,0.0,72.0,4.0,2.0,2.0,0.2,0.2,0.0,1.0,0.0,58.0,61.0,95.1,1.0,43.0,1.0,0.0,0.0,Match Report,58.0,61.0,95.1,968.0,196.0,23.0,24.0,95.8,28.0,29.0,96.6,4.0,4.0,100.0,0.0,0.0,0.0,0.0,1.0,0.0,0.0,1.0,61.0,59.0,2.0,2.0,0.0,0.0,0.0,0.0,0.0,0.0,0.0,0.0,58.0,0.0,1.0,1.0,1.0,0.0,0.0,0.0,0.0,0.0,0.0,0.0,0.0,0.0,0.0,0.0,0.0,72.0,1.0,20.0,46.0,8.0,2.0,72.0,0.0,0.0,,0.0,,43.0,156.0,58.0,1.0,1.0,0.0,0.0,0.0,52.0,1.0,4.0,4.0,2.0,0.0,2.0,2.0,3.0,66.7,1.0,2.0,0.0,2.0,2.0,6.0,2.0,0.0,Leicester City,Wilfred-Ndidi,6b47c5db
2025-05-11,Sun,Matchweek 36,Away,D 2–2,Leicester City,Nott'ham Forest,Y,"DM,CM",90.0,0.0,0.0,0.0,0.0,0.0,0.0,0.0,0.0,52.0,0.0,3.0,0.0,0.0,0.0,0.0,2.0,0.0,30.0,40.0,75.0,2.0,22.0,1.0,1.0,0.0,Match Report,30.0,40.0,75.0,465.0,132.0,18.0,21.0,85.7,10.0,14.0,71.4,1.0,3.0,33.3,0.0,0.0,0.0,1.0,4.0,0.0,0.0,2.0,40.0,38.0,2.0,2.0,0.0,1.0,0.0,0.0,0.0,0.0,0.0,0.0,30.0,0.0,1.0,2.0,2.0,0.0,0.0,0.0,0.0,0.0,0.0,0.0,0.0,0.0,0.0,0.0,0.0,52.0,4.0,19.0,32.0,2.0,1.0,52.0,1.0,0.0,0.0,1.0,100.0,22.0,102.0,53.0,1.0,0.0,0.0,1.0,0.0,26.0,0.0,0.0,0.0,0.0,0.0,0.0,0.0,0.0,,0.0,0.0,0.0,0.0,3.0,3.0,6.0,0.0,Leicester City,Wilfred-Ndidi,6b47c5db
2025-05-18,Sun,Matchweek 37,Home,W 2–0,Leicester City,Ipswich Town,Y,DM,87.0,0.0,1.0,0.0,0.0,0.0,0.0,0.0,0.0,50.0,4.0,2.0,0.0,0.0,0.0,0.1,2.0,1.0,34.0,40.0,85.0,3.0,20.0,0.0,0.0,0.0,Match Report,34.0,40.0,85.0,465.0,70.0,22.0,23.0,95.7,10.0,10.0,100.0,2.0,4.0,50.0,1.0,0.1,0.0,1.0,2.0,1.0,0.0,3.0,40.0,40.0,0.0,0.0,0.0,0.0,0.0,0.0,0.0,0.0,0.0,0.0,34.0,0.0,2.0,2.0,2.0,0.0,0.0,0.0,0.0,0.0,1.0,1.0,0.0,0.0,0.0,0.0,0.0,50.0,2.0,12.0,33.0,5.0,0.0,50.0,0.0,0.0,,0.0,,20.0,49.0,19.0,0.0,0.0,0.0,2.0,0.0,36.0,0.0,4.0,1.0,0.0,3.0,1.0,3.0,7.0,42.9,4.0,0.0,0.0,0.0,2.0,6.0,2.0,0.0,Leicester City,Wilfred-Ndidi,6b47c5db
2024-08-19,Mon,Matchweek 1,Home,D 1–1,Leicester City,Tottenham,Y,GK,90.0,0.0,0.0,0.0,0.0,0.0,0.0,0.0,0.0,32.0,0.0,0.0,0.0,0.0,0.0,0.0,0.0,0.0,14.0,28.0,50.0,0.0,21.0,0.0,0.0,0.0,Match Report,14.0,28.0,50.0,429.0,348.0,2.0,2.0,100.0,9.0,9.0,100.0,3.0,16.0,18.8,0.0,0.0,0.0,0.0,1.0,0.0,0.0,0.0,28.0,21.0,6.0,2.0,0.0,0.0,0.0,0.0,0.0,0.0,0.0,0.0,14.0,1.0,0.0,0.0,0.0,0.0,0.0,0.0,0.0,0.0,0.0,0.0,0.0,0.0,0.0,0.0,0.0,32.0,30.0,32.0,0.0,0.0,0.0,32.0,0.0,0.0,,0.0,,21.0,138.0,52.0,0.0,0.0,0.0,0.0,0.0,12.0,0.0,0.0,0.0,0.0,0.0,0.0,0.0,0.0,,0.0,0.0,0.0,0.0,0.0,0.0,0.0,0.0,Leicester City,Mads-Hermansen,c924b17d
2024-08-24,Sat,Matchweek 2,Away,L 1–2,Leicester City,Fulham,Y,GK,90.0,0.0,0.0,0.0,0.0,0.0,0.0,0.0,0.0,48.0,0.0,0.0,0.0,0.0,0.0,0.0,0.0,0.0,39.0,47.0,83.0,0.0,28.0,0.0,0.0,0.0,Match Report,39.0,47.0,83.0,811.0,488.0,11.0,11.0,100.0,20.0,21.0,95.2,8.0,15.0,53.3,0.0,0.0,0.0,0.0,0.0,0.0,0.0,0.0,47.0,36.0,11.0,2.0,0.0,0.0,0.0,0.0,0.0,0.0,0.0,0.0,39.0,0.0,0.0,0.0,0.0,0.0,0.0,0.0,0.0,0.0,0.0,0.0,0.0,0.0,0.0,0.0,0.0,48.0,41.0,48.0,0.0,0.0,0.0,48.0,0.0,0.0,,0.0,,28.0,160.0,99.0,0.0,0.0,0.0,0.0,0.0,28.0,0.0,0.0,0.0,0.0,0.0,0.0,0.0,0.0,,0.0,0.0,0.0,0.0,0.0,0.0,0.0,0.0,Leicester City,Mads-Hermansen,c924b17d
2024-08-31,Sat,Matchweek 3,Home,L 1–2,Leicester City,Aston Villa,Y,GK,90.0,0.0,0.0,0.0,0.0,0.0,0.0,0.0,0.0,32.0,1.0,0.0,0.0,0.0,0.0,0.0,1.0,0.0,26.0,29.0,89.7,0.0,22.0,0.0,0.0,0.0,Match Report,26.0,29.0,89.7,564.0,362.0,9.0,9.0,100.0,11.0,12.0,91.7,6.0,7.0,85.7,0.0,0.0,0.0,0.0,0.0,0.0,0.0,0.0,29.0,25.0,3.0,1.0,0.0,1.0,0.0,0.0,0.0,0.0,0.0,0.0,26.0,1.0,0.0,1.0,1.0,0.0,0.0,0.0,0.0,0.0,0.0,0.0,0.0,0.0,0.0,0.0,0.0,32.0,21.0,31.0,2.0,0.0,0.0,32.0,0.0,0.0,,0.0,,22.0,91.0,46.0,0.0,0.0,0.0,0.0,0.0,19.0,0.0,1.0,1.0,1.0,0.0,0.0,1.0,1.0,100.0,0.0,0.0,0.0,0.0,0.0,1.0,2.0,0.0,Leicester City,Mads-Hermansen,c924b17d
2024-09-14,Sat,Matchweek 4,Away,D 2–2,Leicester City,Crystal Palace,Y,GK,90.0,0.0,0.0,0.0,0.0,0.0,0.0,0.0,0.0,38.0,0.0,0.0,0.0,0.0,0.0,0.0,0.0,0.0,16.0,36.0,44.4,0.0,24.0,0.0,0.0,0.0,Match Report,16.0,36.0,44.4,622.0,520.0,2.0,2.0,100.0,4.0,4.0,100.0,10.0,30.0,33.3,0.0,0.0,0.0,0.0,1.0,0.0,0.0,0.0,36.0,25.0,11.0,5.0,0.0,0.0,0.0,0.0,0.0,0.0,0.0,0.0,16.0,0.0,0.0,0.0,0.0,0.0,0.0,0.0,0.0,0.0,0.0,0.0,0.0,0.0,0.0,0.0,0.0,38.0,28.0,38.0,0.0,0.0,0.0,38.0,0.0,0.0,,0.0,,24.0,174.0,81.0,0.0,0.0,0.0,0.0,0.0,13.0,0.0,0.0,0.0,0.0,0.0,0.0,0.0,0.0,,0.0,0.0,0.0,0.0,0.0,0.0,1.0,0.0,Leicester City,Mads-Hermansen,c924b17d
2024-09-21,Sat,Matchweek 5,Home,D 1–1,Leicester City,Everton,Y,GK,90.0,0.0,0.0,0.0,0.0,0.0,0.0,0.0,0.0,35.0,0.0,0.0,0.0,0.0,0.0,0.0,0.0,0.0,28.0,33.0,84.8,0.0,21.0,0.0,0.0,0.0,Match Report,28.0,33.0,84.8,683.0,538.0,8.0,9.0,88.9,12.0,13.0,92.3,8.0,11.0,72.7,0.0,0.0,0.0,0.0,0.0,0.0,0.0,0.0,33.0,22.0,11.0,5.0,0.0,0.0,0.0,0.0,0.0,0.0,0.0,0.0,28.0,0.0,0.0,0.0,0.0,0.0,0.0,0.0,0.0,0.0,0.0,0.0,0.0,0.0,0.0,0.0,0.0,35.0,25.0,32.0,3.0,0.0,0.0,35.0,0.0,0.0,,0.0,,21.0,184.0,138.0,0.0,0.0,0.0,0.0,0.0,16.0,0.0,0.0,0.0,0.0,0.0,0.0,0.0,0.0,,0.0,0.0,0.0,0.0,0.0,0.0,0.0,0.0,Leicester City,Mads-Hermansen,c924b17d
2024-09-28,Sat,Matchweek 6,Away,L 2–4,Leicester City,Arsenal,Y,GK,90.0,0.0,0.0,0.0,0.0,0.0,0.0,0.0,0.0,50.0,0.0,0.0,0.0,0.0,0.0,0.0,0.0,0.0,23.0,39.0,59.0,0.0,21.0,0.0,0.0,0.0,Match Report,23.0,39.0,59.0,763.0,647.0,4.0,4.0,100.0,8.0,10.0,80.0,11.0,24.0,45.8,0.0,0.0,0.0,0.0,2.0,0.0,0.0,0.0,39.0,26.0,13.0,3.0,0.0,0.0,0.0,0.0,0.0,0.0,0.0,0.0,23.0,0.0,0.0,0.0,0.0,0.0,0.0,0.0,0.0,0.0,0.0,0.0,0.0,0.0,0.0,0.0,0.0,50.0,41.0,48.0,2.0,0.0,0.0,50.0,0.0,0.0,,0.0,,21.0,124.0,60.0,0.0,0.0,0.0,0.0,0.0,18.0,0.0,0.0,0.0,0.0,0.0,0.0,0.0,0.0,,0.0,0.0,0.0,0.0,0.0,0.0,1.0,1.0,Leicester City,Mads-Hermansen,c924b17d
2024-10-05,Sat,Matchweek 7,Home,W 1–0,Leicester City,Bournemouth,Y,GK,90.0,0.0,0.0,0.0,0.0,0.0,0.0,0.0,0.0,48.0,0.0,0.0,0.0,0.0,0.0,0.0,0.0,0.0,31.0,46.0,67.4,0.0,27.0,0.0,0.0,0.0,Match Report,31.0,46.0,67.4,1064.0,889.0,5.0,5.0,100.0,11.0,11.0,100.0,15.0,30.0,50.0,0.0,0.0,0.0,0.0,1.0,0.0,0.0,0.0,46.0,30.0,16.0,6.0,0.0,0.0,0.0,0.0,0.0,0.0,0.0,0.0,31.0,0.0,0.0,0.0,0.0,0.0,0.0,0.0,0.0,0.0,0.0,0.0,0.0,0.0,0.0,0.0,0.0,48.0,35.0,44.0,4.0,0.0,0.0,48.0,0.0,0.0,,0.0,,27.0,158.0,70.0,0.0,0.0,0.0,0.0,0.0,24.0,0.0,0.0,0.0,0.0,0.0,0.0,0.0,0.0,,0.0,0.0,0.0,0.0,0.0,0.0,0.0,0.0,Leicester City,Mads-Hermansen,c924b17d
2024-10-19,Sat,Matchweek 8,Away,W 3–2,Leicester City,Southampton,Y,GK,90.0,0.0,0.0,0.0,0.0,0.0,0.0,0.0,0.0,36.0,0.0,0.0,0.0,0.0,0.0,0.0,0.0,0.0,27.0,34.0,79.4,0.0,23.0,0.0,0.0,0.0,Match Report,27.0,34.0,79.4,748.0,561.0,4.0,4.0,100.0,11.0,11.0,100.0,12.0,19.0,63.2,0.0,0.0,0.0,0.0,1.0,0.0,0.0,0.0,34.0,29.0,5.0,1.0,0.0,0.0,0.0,0.0,0.0,0.0,0.0,0.0,27.0,0.0,0.0,0.0,0.0,0.0,0.0,0.0,0.0,0.0,0.0,0.0,0.0,0.0,0.0,0.0,0.0,36.0,24.0,32.0,4.0,0.0,0.0,36.0,0.0,0.0,,0.0,,23.0,117.0,64.0,0.0,0.0,0.0,0.0,0.0,16.0,0.0,0.0,0.0,0.0,0.0,0.0,0.0,0.0,,0.0,0.0,0.0,0.0,0.0,0.0,0.0,0.0,Leicester City,Mads-Hermansen,c924b17d
2024-10-25,Fri,Matchweek 9,Home,L 1–3,Leicester City,Nott'ham Forest,Y,GK,90.0,0.0,0.0,0.0,0.0,0.0,0.0,0.0,0.0,41.0,0.0,0.0,1.0,0.0,0.0,0.0,0.0,0.0,31.0,36.0,86.1,0.0,25.0,0.0,0.0,0.0,Match Report,31.0,36.0,86.1,662.0,482.0,12.0,12.0,100.0,14.0,14.0,100.0,5.0,10.0,50.0,0.0,0.0,0.0,0.0,2.0,0.0,0.0,0.0,36.0,27.0,9.0,3.0,0.0,0.0,0.0,0.0,0.0,0.0,0.0,0.0,31.0,0.0,0.0,0.0,0.0,0.0,0.0,0.0,0.0,0.0,0.0,0.0,0.0,0.0,0.0,0.0,0.0,41.0,28.0,39.0,2.0,0.0,0.0,41.0,0.0,0.0,,0.0,,25.0,118.0,57.0,0.0,0.0,0.0,0.0,0.0,21.0,0.0,0.0,0.0,0.0,0.0,0.0,0.0,0.0,,0.0,1.0,0.0,1.0,0.0,0.0,2.0,0.0,Leicester City,Mads-Hermansen,c924b17d
2024-11-02,Sat,Matchweek 10,Away,D 1–1,Leicester City,Ipswich Town,Y,GK,90.0,0.0,0.0,0.0,0.0,0.0,0.0,0.0,0.0,43.0,0.0,0.0,0.0,0.0,0.0,0.0,0.0,0.0,19.0,42.0,45.2,0.0,27.0,0.0,0.0,0.0,Match Report,19.0,42.0,45.2,414.0,226.0,8.0,8.0,100.0,6.0,6.0,100.0,5.0,28.0,17.9,0.0,0.0,0.0,0.0,0.0,0.0,0.0,0.0,42.0,31.0,11.0,4.0,0.0,0.0,0.0,0.0,0.0,0.0,0.0,0.0,19.0,0.0,0.0,0.0,0.0,0.0,0.0,0.0,0.0,0.0,0.0,0.0,0.0,0.0,0.0,0.0,0.0,43.0,29.0,41.0,2.0,0.0,0.0,43.0,0.0,0.0,,0.0,,27.0,98.0,49.0,0.0,0.0,0.0,0.0,0.0,25.0,0.0,0.0,0.0,0.0,0.0,0.0,0.0,0.0,,0.0,0.0,0.0,0.0,0.0,0.0,1.0,0.0,Leicester City,Mads-Hermansen,c924b17d
2024-11-10,Sun,Matchweek 11,Away,L 0–3,Leicester City,Manchester Utd,Y,GK,90.0,0.0,0.0,0.0,0.0,0.0,0.0,0.0,0.0,29.0,0.0,0.0,0.0,0.0,0.0,0.0,0.0,0.0,20.0,28.0,71.4,0.0,22.0,0.0,0.0,0.0,Match Report,20.0,28.0,71.4,479.0,329.0,5.0,5.0,100.0,10.0,11.0,90.9,5.0,12.0,41.7,0.0,0.0,0.0,0.0,1.0,0.0,0.0,0.0,28.0,22.0,6.0,3.0,0.0,0.0,0.0,0.0,0.0,0.0,0.0,0.0,20.0,0.0,0.0,0.0,0.0,0.0,0.0,0.0,0.0,0.0,0.0,0.0,0.0,0.0,0.0,0.0,0.0,29.0,21.0,29.0,0.0,0.0,0.0,29.0,0.0,0.0,,0.0,,22.0,74.0,27.0,0.0,0.0,0.0,0.0,0.0,17.0,0.0,0.0,0.0,0.0,0.0,0.0,0.0,0.0,,0.0,0.0,0.0,0.0,0.0,0.0,0.0,0.0,Leicester City,Mads-Hermansen,c924b17d
2024-11-23,Sat,Matchweek 12,Home,L 1–2,Leicester City,Chelsea,Y,GK,90.0,0.0,0.0,0.0,0.0,0.0,0.0,0.0,0.0,39.0,0.0,0.0,0.0,0.0,0.0,0.0,0.0,0.0,21.0,36.0,58.3,0.0,27.0,0.0,0.0,0.0,Match Report,21.0,36.0,58.3,530.0,424.0,4.0,4.0,100.0,12.0,12.0,100.0,5.0,19.0,26.3,0.0,0.0,0.0,0.0,0.0,0.0,0.0,0.0,36.0,28.0,7.0,2.0,0.0,0.0,0.0,0.0,0.0,0.0,0.0,0.0,21.0,1.0,0.0,0.0,0.0,0.0,0.0,0.0,0.0,0.0,0.0,0.0,0.0,0.0,0.0,0.0,0.0,39.0,33.0,38.0,1.0,0.0,0.0,39.0,0.0,0.0,,0.0,,27.0,87.0,38.0,0.0,0.0,0.0,0.0,0.0,22.0,0.0,0.0,0.0,0.0,0.0,0.0,0.0,0.0,,0.0,0.0,0.0,0.0,0.0,0.0,0.0,0.0,Leicester City,Mads-Hermansen,c924b17d
2024-11-30,Sat,Matchweek 13,Away,L 1–4,Leicester City,Brentford,Y,GK,90.0,0.0,0.0,0.0,0.0,0.0,0.0,0.0,0.0,45.0,0.0,0.0,0.0,0.0,0.0,0.0,1.0,0.0,19.0,44.0,43.2,0.0,29.0,0.0,1.0,1.0,Match Report,19.0,44.0,43.2,531.0,412.0,4.0,4.0,100.0,9.0,10.0,90.0,6.0,30.0,20.0,0.0,0.0,0.0,0.0,0.0,0.0,0.0,0.0,44.0,32.0,12.0,3.0,0.0,0.0,0.0,0.0,0.0,0.0,0.0,0.0,19.0,0.0,0.0,1.0,1.0,0.0,0.0,0.0,0.0,0.0,0.0,0.0,0.0,0.0,0.0,0.0,0.0,45.0,33.0,44.0,1.0,0.0,0.0,45.0,1.0,1.0,100.0,0.0,0.0,29.0,120.0,57.0,0.0,0.0,0.0,0.0,0.0,20.0,0.0,0.0,0.0,0.0,0.0,0.0,0.0,0.0,,0.0,0.0,0.0,0.0,0.0,0.0,0.0,0.0,Leicester City,Mads-Hermansen,c924b17d
2024-12-03,Tue,Matchweek 14,Home,W 3–1,Leicester City,West Ham,Y,GK,90.0,0.0,0.0,0.0,0.0,0.0,0.0,0.0,0.0,53.0,0.0,0.0,0.0,0.0,0.0,0.0,0.0,0.0,21.0,45.0,46.7,0.0,36.0,0.0,0.0,0.0,Match Report,21.0,45.0,46.7,631.0,484.0,0.0,1.0,0.0,12.0,12.0,100.0,9.0,32.0,28.1,0.0,0.0,0.0,0.0,0.0,0.0,0.0,0.0,45.0,37.0,8.0,3.0,0.0,0.0,0.0,0.0,0.0,0.0,0.0,0.0,21.0,0.0,0.0,0.0,0.0,0.0,0.0,0.0,0.0,0.0,0.0,0.0,0.0,0.0,0.0,0.0,0.0,53.0,47.0,51.0,2.0,0.0,0.0,53.0,0.0,0.0,,0.0,,36.0,128.0,61.0,0.0,0.0,0.0,0.0,0.0,29.0,0.0,0.0,0.0,0.0,0.0,0.0,0.0,0.0,,0.0,0.0,0.0,0.0,0.0,0.0,1.0,1.0,Leicester City,Mads-Hermansen,c924b17d
2024-12-08,Sun,Matchweek 15,Home,D 2–2,Leicester City,Brighton,Y,GK,90.0,0.0,0.0,0.0,0.0,0.0,0.0,0.0,0.0,54.0,0.0,0.0,0.0,0.0,0.0,0.0,0.0,0.0,36.0,53.0,67.9,0.0,42.0,0.0,0.0,0.0,Match Report,36.0,53.0,67.9,741.0,498.0,15.0,15.0,100.0,14.0,15.0,93.3,7.0,23.0,30.4,0.0,0.0,0.0,0.0,0.0,0.0,0.0,0.0,53.0,46.0,7.0,2.0,0.0,0.0,0.0,0.0,0.0,0.0,0.0,0.0,36.0,0.0,0.0,0.0,0.0,0.0,0.0,0.0,0.0,0.0,0.0,0.0,0.0,0.0,0.0,0.0,0.0,54.0,34.0,52.0,2.0,0.0,0.0,54.0,0.0,0.0,,0.0,,42.0,226.0,136.0,0.0,0.0,0.0,0.0,0.0,38.0,0.0,0.0,0.0,0.0,0.0,0.0,0.0,0.0,,0.0,0.0,0.0,0.0,0.0,0.0,0.0,0.0,Leicester City,Mads-Hermansen,c924b17d
2024-12-14,Sat,Matchweek 16,Away,L 0–4,Leicester City,Newcastle Utd,Y,GK,45.0,0.0,0.0,0.0,0.0,0.0,0.0,0.0,0.0,21.0,0.0,0.0,0.0,0.0,0.0,0.0,0.0,0.0,11.0,20.0,55.0,0.0,18.0,0.0,0.0,0.0,Match Report,11.0,20.0,55.0,226.0,173.0,6.0,6.0,100.0,3.0,3.0,100.0,2.0,11.0,18.2,0.0,0.0,0.0,0.0,0.0,0.0,0.0,0.0,20.0,16.0,4.0,2.0,0.0,0.0,0.0,0.0,0.0,0.0,0.0,0.0,11.0,0.0,0.0,0.0,0.0,0.0,0.0,0.0,0.0,0.0,0.0,0.0,0.0,0.0,0.0,0.0,0.0,21.0,17.0,20.0,1.0,0.0,0.0,21.0,0.0,0.0,,0.0,,18.0,67.0,38.0,0.0,0.0,0.0,0.0,0.0,11.0,0.0,0.0,0.0,0.0,0.0,0.0,0.0,0.0,,0.0,0.0,0.0,0.0,0.0,0.0,0.0,0.0,Leicester City,Mads-Hermansen,c924b17d
2025-02-01,Sat,Matchweek 24,Away,L 0–4,Leicester City,Everton,Y,GK,90.0,0.0,0.0,0.0,0.0,0.0,0.0,0.0,0.0,44.0,0.0,0.0,0.0,0.0,0.0,0.0,0.0,0.0,27.0,42.0,64.3,0.0,23.0,0.0,0.0,0.0,Match Report,27.0,42.0,64.3,630.0,442.0,7.0,7.0,100.0,15.0,16.0,93.8,5.0,19.0,26.3,0.0,0.0,0.0,0.0,1.0,0.0,0.0,0.0,42.0,36.0,6.0,3.0,0.0,0.0,0.0,0.0,0.0,0.0,0.0,0.0,27.0,0.0,0.0,0.0,0.0,0.0,0.0,0.0,0.0,0.0,0.0,0.0,0.0,0.0,0.0,0.0,0.0,44.0,27.0,42.0,2.0,0.0,0.0,44.0,0.0,0.0,,0.0,,23.0,124.0,73.0,0.0,0.0,0.0,0.0,0.0,28.0,0.0,0.0,0.0,0.0,0.0,0.0,0.0,0.0,,0.0,0.0,0.0,0.0,0.0,0.0,0.0,0.0,Leicester City,Mads-Hermansen,c924b17d
2025-02-15,Sat,Matchweek 25,Home,L 0–2,Leicester City,Arsenal,Y,GK,90.0,0.0,0.0,0.0,0.0,0.0,0.0,0.0,0.0,51.0,0.0,0.0,0.0,0.0,0.0,0.0,0.0,0.0,22.0,50.0,44.0,1.0,36.0,0.0,0.0,0.0,Match Report,22.0,50.0,44.0,630.0,448.0,2.0,2.0,100.0,13.0,13.0,100.0,7.0,35.0,20.0,0.0,0.0,0.0,0.0,2.0,1.0,0.0,1.0,50.0,38.0,12.0,8.0,0.0,0.0,0.0,0.0,0.0,0.0,0.0,0.0,22.0,0.0,0.0,0.0,0.0,0.0,0.0,0.0,0.0,0.0,0.0,0.0,0.0,0.0,0.0,0.0,0.0,51.0,31.0,48.0,4.0,0.0,0.0,51.0,0.0,0.0,,0.0,,36.0,135.0,66.0,0.0,0.0,0.0,0.0,0.0,30.0,0.0,0.0,0.0,0.0,0.0,0.0,0.0,0.0,,0.0,0.0,0.0,0.0,0.0,0.0,1.0,0.0,Leicester City,Mads-Hermansen,c924b17d
2025-02-21,Fri,Matchweek 26,Home,L 0–4,Leicester City,Brentford,Y,GK,90.0,0.0,0.0,0.0,0.0,0.0,0.0,0.0,0.0,41.0,0.0,0.0,0.0,0.0,0.0,0.0,0.0,0.0,25.0,39.0,64.1,0.0,26.0,0.0,0.0,0.0,Match Report,25.0,39.0,64.1,584.0,348.0,7.0,7.0,100.0,14.0,15.0,93.3,4.0,17.0,23.5,0.0,0.0,0.0,0.0,1.0,0.0,0.0,0.0,39.0,33.0,6.0,5.0,0.0,1.0,0.0,0.0,0.0,0.0,0.0,0.0,25.0,0.0,0.0,0.0,0.0,0.0,0.0,0.0,0.0,0.0,0.0,0.0,0.0,0.0,0.0,0.0,0.0,41.0,26.0,39.0,2.0,0.0,0.0,41.0,0.0,0.0,,0.0,,26.0,121.0,55.0,0.0,0.0,0.0,0.0,0.0,22.0,0.0,0.0,0.0,0.0,0.0,0.0,0.0,0.0,,0.0,0.0,0.0,0.0,0.0,0.0,0.0,0.0,Leicester City,Mads-Hermansen,c924b17d
2025-02-27,Thu,Matchweek 27,Away,L 0–2,Leicester City,West Ham,Y,GK,90.0,0.0,0.0,0.0,0.0,0.0,0.0,0.0,0.0,29.0,0.0,0.0,0.0,0.0,0.0,0.0,0.0,0.0,17.0,28.0,60.7,0.0,15.0,0.0,0.0,0.0,Match Report,17.0,28.0,60.7,425.0,259.0,1.0,1.0,100.0,13.0,13.0,100.0,3.0,14.0,21.4,0.0,0.0,0.0,0.0,0.0,0.0,0.0,0.0,28.0,23.0,5.0,1.0,0.0,0.0,0.0,0.0,0.0,0.0,0.0,0.0,17.0,0.0,0.0,0.0,0.0,0.0,0.0,0.0,0.0,0.0,0.0,0.0,0.0,0.0,0.0,0.0,0.0,29.0,19.0,28.0,1.0,0.0,0.0,29.0,0.0,0.0,,0.0,,15.0,66.0,36.0,0.0,0.0,0.0,0.0,0.0,21.0,0.0,0.0,0.0,0.0,0.0,0.0,0.0,0.0,,0.0,0.0,0.0,0.0,0.0,0.0,0.0,0.0,Leicester City,Mads-Hermansen,c924b17d
2025-03-09,Sun,Matchweek 28,Away,L 0–1,Leicester City,Chelsea,Y,GK,90.0,0.0,0.0,0.0,0.0,0.0,0.0,0.0,0.0,54.0,0.0,0.0,0.0,0.0,0.0,0.0,0.0,0.0,28.0,50.0,56.0,0.0,32.0,0.0,0.0,0.0,Match Report,28.0,50.0,56.0,657.0,371.0,7.0,7.0,100.0,16.0,17.0,94.1,5.0,26.0,19.2,0.0,0.0,0.0,0.0,1.0,0.0,0.0,0.0,50.0,38.0,12.0,7.0,0.0,0.0,0.0,0.0,0.0,0.0,0.0,0.0,28.0,0.0,0.0,0.0,0.0,0.0,0.0,0.0,0.0,0.0,0.0,0.0,0.0,0.0,0.0,0.0,0.0,54.0,32.0,50.0,4.0,0.0,0.0,54.0,0.0,0.0,,0.0,,32.0,188.0,77.0,0.0,0.0,0.0,0.0,0.0,27.0,0.0,0.0,0.0,0.0,0.0,0.0,0.0,0.0,,0.0,0.0,0.0,0.0,0.0,0.0,0.0,0.0,Leicester City,Mads-Hermansen,c924b17d
2025-03-16,Sun,Matchweek 29,Home,L 0–3,Leicester City,Manchester Utd,Y,GK,90.0,0.0,0.0,0.0,0.0,0.0,0.0,0.0,0.0,38.0,0.0,0.0,0.0,0.0,0.0,0.0,0.0,0.0,29.0,38.0,76.3,0.0,22.0,0.0,0.0,0.0,Match Report,29.0,38.0,76.3,748.0,504.0,4.0,4.0,100.0,18.0,18.0,100.0,7.0,16.0,43.8,0.0,0.0,0.0,0.0,0.0,0.0,0.0,0.0,38.0,34.0,4.0,2.0,0.0,0.0,0.0,0.0,0.0,0.0,0.0,0.0,29.0,0.0,0.0,0.0,0.0,0.0,0.0,0.0,0.0,0.0,0.0,0.0,0.0,0.0,0.0,0.0,0.0,38.0,26.0,38.0,0.0,0.0,0.0,38.0,0.0,0.0,,0.0,,22.0,138.0,96.0,0.0,0.0,0.0,0.0,0.0,25.0,0.0,0.0,0.0,0.0,0.0,0.0,0.0,0.0,,0.0,0.0,0.0,0.0,0.0,0.0,0.0,0.0,Leicester City,Mads-Hermansen,c924b17d
2025-04-02,Wed,Matchweek 30,Away,L 0–2,Leicester City,Manchester City,Y,GK,90.0,0.0,0.0,0.0,0.0,0.0,0.0,0.0,0.0,46.0,0.0,0.0,0.0,0.0,0.0,0.0,0.0,0.0,23.0,44.0,52.3,0.0,27.0,0.0,0.0,0.0,Match Report,23.0,44.0,52.3,760.0,610.0,4.0,4.0,100.0,8.0,10.0,80.0,11.0,30.0,36.7,0.0,0.0,0.0,0.0,1.0,0.0,0.0,0.0,44.0,35.0,9.0,3.0,0.0,0.0,0.0,0.0,0.0,0.0,0.0,0.0,23.0,0.0,0.0,0.0,0.0,0.0,0.0,0.0,0.0,0.0,0.0,0.0,0.0,0.0,0.0,0.0,0.0,46.0,35.0,46.0,0.0,0.0,0.0,46.0,0.0,0.0,,0.0,,27.0,157.0,113.0,0.0,0.0,0.0,1.0,0.0,28.0,0.0,0.0,0.0,0.0,0.0,0.0,0.0,0.0,,0.0,0.0,0.0,0.0,0.0,0.0,0.0,1.0,Leicester City,Mads-Hermansen,c924b17d
2025-04-07,Mon,Matchweek 31,Home,L 0–3,Leicester City,Newcastle Utd,Y,GK,90.0,0.0,0.0,0.0,0.0,0.0,0.0,0.0,0.0,51.0,0.0,0.0,0.0,0.0,0.0,0.0,1.0,0.0,26.0,50.0,52.0,0.0,37.0,0.0,0.0,0.0,Match Report,26.0,50.0,52.0,821.0,673.0,5.0,5.0,100.0,11.0,13.0,84.6,10.0,32.0,31.3,0.0,0.0,0.0,0.0,4.0,0.0,0.0,0.0,50.0,43.0,7.0,3.0,0.0,0.0,0.0,0.0,0.0,0.0,0.0,0.0,26.0,0.0,0.0,1.0,1.0,0.0,0.0,0.0,0.0,0.0,0.0,0.0,0.0,0.0,0.0,0.0,0.0,51.0,32.0,49.0,2.0,0.0,0.0,51.0,0.0,0.0,,0.0,,37.0,184.0,102.0,0.0,0.0,0.0,0.0,0.0,36.0,0.0,0.0,0.0,0.0,0.0,0.0,0.0,0.0,,0.0,0.0,0.0,0.0,0.0,0.0,0.0,0.0,Leicester City,Mads-Hermansen,c924b17d
2025-04-12,Sat,Matchweek 32,Away,D 2–2,Leicester City,Brighton,Y,GK,90.0,0.0,0.0,0.0,0.0,0.0,0.0,1.0,0.0,52.0,0.0,0.0,0.0,0.0,0.0,0.0,0.0,0.0,23.0,46.0,50.0,0.0,37.0,0.0,0.0,0.0,Match Report,23.0,46.0,50.0,654.0,518.0,2.0,2.0,100.0,12.0,13.0,92.3,9.0,30.0,30.0,0.0,0.0,0.0,0.0,0.0,0.0,0.0,0.0,46.0,34.0,11.0,3.0,0.0,0.0,0.0,0.0,0.0,0.0,0.0,0.0,23.0,1.0,0.0,0.0,0.0,0.0,0.0,0.0,0.0,0.0,0.0,0.0,0.0,0.0,0.0,0.0,0.0,52.0,41.0,51.0,1.0,0.0,0.0,52.0,0.0,0.0,,0.0,,37.0,186.0,99.0,0.0,0.0,0.0,0.0,0.0,25.0,0.0,0.0,0.0,0.0,0.0,0.0,0.0,0.0,,0.0,0.0,0.0,0.0,0.0,0.0,2.0,0.0,Leicester City,Mads-Hermansen,c924b17d
2025-04-20,Sun,Matchweek 33,Home,L 0–1,Leicester City,Liverpool,Y,GK,90.0,0.0,0.0,0.0,0.0,0.0,0.0,0.0,0.0,56.0,0.0,0.0,0.0,0.0,0.0,0.0,0.0,0.0,24.0,50.0,48.0,0.0,38.0,0.0,0.0,0.0,Match Report,24.0,50.0,48.0,622.0,399.0,6.0,7.0,85.7,10.0,10.0,100.0,8.0,33.0,24.2,0.0,0.0,0.0,0.0,1.0,0.0,0.0,0.0,50.0,38.0,12.0,3.0,0.0,0.0,0.0,0.0,0.0,0.0,0.0,0.0,24.0,0.0,0.0,0.0,0.0,0.0,0.0,0.0,0.0,0.0,0.0,0.0,0.0,0.0,0.0,0.0,0.0,56.0,44.0,55.0,1.0,0.0,0.0,56.0,0.0,0.0,,0.0,,38.0,151.0,60.0,0.0,0.0,0.0,0.0,0.0,26.0,0.0,0.0,0.0,0.0,0.0,0.0,0.0,0.0,,0.0,0.0,0.0,0.0,0.0,0.0,2.0,0.0,Leicester City,Mads-Hermansen,c924b17d
2025-04-26,Sat,Matchweek 34,Away,L 0–3,Leicester City,Wolves,Y,GK,90.0,0.0,0.0,0.0,0.0,0.0,0.0,0.0,0.0,41.0,0.0,0.0,0.0,0.0,0.0,0.0,0.0,0.0,28.0,40.0,70.0,0.0,28.0,0.0,0.0,0.0,Match Report,28.0,40.0,70.0,637.0,434.0,7.0,8.0,87.5,16.0,17.0,94.1,5.0,15.0,33.3,0.0,0.0,0.0,0.0,0.0,0.0,0.0,0.0,40.0,35.0,5.0,1.0,0.0,0.0,0.0,0.0,0.0,0.0,0.0,0.0,28.0,0.0,1.0,0.0,0.0,0.0,0.0,0.0,0.0,0.0,0.0,0.0,0.0,0.0,0.0,0.0,0.0,41.0,31.0,41.0,0.0,0.0,0.0,41.0,0.0,0.0,,0.0,,28.0,111.0,54.0,0.0,0.0,0.0,0.0,0.0,28.0,0.0,0.0,0.0,0.0,0.0,0.0,0.0,0.0,,0.0,0.0,0.0,0.0,0.0,0.0,0.0,1.0,Leicester City,Mads-Hermansen,c924b17d
2024-08-31,Sat,Matchweek 3,Home,L 1–2,Leicester City,Aston Villa,N,CM,23,0,0,0,0,1,0,0,0,17,0,0,0,0.0,0.0,0.0,0,0,15,16,93.8,1,11,0,0,0,Match Report,15,16,93.8,214,67,9,9,100.0,2,2,100.0,2,2,100.0,0,0.0,0.0,0,2,0,0,1,16,15,0,0,0,0,0,0,0,0,0,0,15,1,0,0,0,0,0,0,0,0,0,0,0,0,0,0,0,17,0,2,7,8,0,17,0,0,,0,,11,30,10,0,1,0,0,0,13,0,0,0,0,0,0,0,0,,0,0,0,0,0,0,0,0,Leicester City,Bilal-El-Khannouss,f7042636
2024-09-14,Sat,Matchweek 4,Away,D 2–2,Leicester City,Crystal Palace,N,"On matchday squad, but did not play","On matchday squad, but did not play","On matchday squad, but did not play","On matchday squad, but did not play","On matchday squad, but did not play","On matchday squad, but did not play","On matchday squad, but did not play","On matchday squad, but did not play","On matchday squad, but did not play","On matchday squad, but did not play","On matchday squad, but did not play","On matchday squad, but did not play","On matchday squad, but did not play","On matchday squad, but did not play","On matchday squad, but did not play","On matchday squad, but did not play","On matchday squad, but did not play","On matchday squad, but did not play","On matchday squad, but did not play","On matchday squad, but did not play","On matchday squad, but did not play","On matchday squad, but did not play","On matchday squad, but did not play","On matchday squad, but did not play","On matchday squad, but did not play","On matchday squad, but did not play","On matchday squad, but did not play",Match Report,"On matchday squad, but did not play","On matchday squad, but did not play","On matchday squad, but did not play","On matchday squad, but did not play","On matchday squad, but did not play","On matchday squad, but did not play","On matchday squad, but did not play","On matchday squad, but did not play","On matchday squad, but did not play","On matchday squad, but did not play","On matchday squad, but did not play","On matchday squad, but did not play","On matchday squad, but did not play","On matchday squad, but did not play","On matchday squad, but did not play","On matchday squad, but did not play","On matchday squad, but did not play","On matchday squad, but did not play","On matchday squad, but did not play","On matchday squad, but did not play","On matchday squad, but did not play","On matchday squad, but did not play","On matchday squad, but did not play","On matchday squad, but did not play","On matchday squad, but did not play","On matchday squad, but did not play","On matchday squad, but did not play","On matchday squad, but did not play","On matchday squad, but did not play","On matchday squad, but did not play","On matchday squad, but did not play","On matchday squad, but did not play","On matchday squad, but did not play","On matchday squad, but did not play","On matchday squad, but did not play","On matchday squad, but did not play","On matchday squad, but did not play","On matchday squad, but did not play","On matchday squad, but did not play","On matchday squad, but did not play","On matchday squad, but did not play","On matchday squad, but did not play","On matchday squad, but did not play","On matchday squad, but did not play","On matchday squad, but did not play","On matchday squad, but did not play","On matchday squad, but did not play","On matchday squad, but did not play","On matchday squad, but did not play","On matchday squad, but did not play","On matchday squad, but did not play","On matchday squad, but did not play","On matchday squad, but did not play","On matchday squad, but did not play","On matchday squad, but did not play","On matchday squad, but did not play","On matchday squad, but did not play","On matchday squad, but did not play","On matchday squad, but did not play","On matchday squad, but did not play","On matchday squad, but did not play","On matchday squad, but did not play","On matchday squad, but did not play","On matchday squad, but did not play","On matchday squad, but did not play","On matchday squad, but did not play","On matchday squad, but did not play","On matchday squad, but did not play","On matchday squad, but did not play","On matchday squad, but did not play","On matchday squad, but did not play","On matchday squad, but did not play","On matchday squad, but did not play","On matchday squad, but did not play","On matchday squad, but did not play","On matchday squad, but did not play","On matchday squad, but did not play","On matchday squad, but did not play","On matchday squad, but did not play","On matchday squad, but did not play","On matchday squad, but did not play","On matchday squad, but did not play","On matchday squad, but did not play","On matchday squad, but did not play","On matchday squad, but did not play","On matchday squad, but did not play","On matchday squad, but did not play","On matchday squad, but did not play","On matchday squad, but did not play",Leicester City,Bilal-El-Khannouss,f7042636
2024-09-21,Sat,Matchweek 5,Home,D 1–1,Leicester City,Everton,Y,AM,55,0,0,0,0,0,0,0,0,41,1,0,0,0.0,0.0,0.1,2,0,31,37,83.8,7,29,4,0,0,Match Report,31,37,83.8,458,95,20,20,100.0,5,8,62.5,4,5,80.0,0,0.1,0.0,2,4,2,0,7,37,34,3,0,0,0,0,2,0,0,0,0,31,0,0,2,2,0,0,0,0,0,0,0,0,0,0,0,0,41,0,1,22,19,0,41,0,0,,0,,29,138,62,4,2,0,3,1,32,3,1,1,0,0,1,0,0,,0,0,0,0,0,1,0,0,Leicester City,Bilal-El-Khannouss,f7042636
2024-09-28,Sat,Matchweek 6,Away,L 2–4,Leicester City,Arsenal,N,"AM,DM",1,0,0,0,0,0,0,0,0,4,0,0,0,0.0,0.0,0.0,0,0,2,3,66.7,0,1,0,0,0,Match Report,2,3,66.7,35,4,1,1,100.0,1,1,100.0,0,1,0.0,0,0.0,0.0,0,0,0,0,0,3,1,2,0,0,0,0,1,0,0,0,0,2,0,0,0,0,0,0,0,0,0,0,0,0,0,0,0,0,4,0,1,3,0,0,4,0,0,,0,,1,2,1,0,0,0,0,0,1,0,0,0,0,0,0,0,0,,0,0,0,0,0,0,0,0,Leicester City,Bilal-El-Khannouss,f7042636
2024-10-05,Sat,Matchweek 7,Home,W 1–0,Leicester City,Bournemouth,N,"On matchday squad, but did not play","On matchday squad, but did not play","On matchday squad, but did not play","On matchday squad, but did not play","On matchday squad, but did not play","On matchday squad, but did not play","On matchday squad, but did not play","On matchday squad, but did not play","On matchday squad, but did not play","On matchday squad, but did not play","On matchday squad, but did not play","On matchday squad, but did not play","On matchday squad, but did not play","On matchday squad, but did not play","On matchday squad, but did not play","On matchday squad, but did not play","On matchday squad, but did not play","On matchday squad, but did not play","On matchday squad, but did not play","On matchday squad, but did not play","On matchday squad, but did not play","On matchday squad, but did not play","On matchday squad, but did not play","On matchday squad, but did not play","On matchday squad, but did not play","On matchday squad, but did not play","On matchday squad, but did not play",Match Report,"On matchday squad, but did not play","On matchday squad, but did not play","On matchday squad, but did not play","On matchday squad, but did not play","On matchday squad, but did not play","On matchday squad, but did not play","On matchday squad, but did not play","On matchday squad, but did not play","On matchday squad, but did not play","On matchday squad, but did not play","On matchday squad, but did not play","On matchday squad, but did not play","On matchday squad, but did not play","On matchday squad, but did not play","On matchday squad, but did not play","On matchday squad, but did not play","On matchday squad, but did not play","On matchday squad, but did not play","On matchday squad, but did not play","On matchday squad, but did not play","On matchday squad, but did not play","On matchday squad, but did not play","On matchday squad, but did not play","On matchday squad, but did not play","On matchday squad, but did not play","On matchday squad, but did not play","On matchday squad, but did not play","On matchday squad, but did not play","On matchday squad, but did not play","On matchday squad, but did not play","On matchday squad, but did not play","On matchday squad, but did not play","On matchday squad, but did not play","On matchday squad, but did not play","On matchday squad, but did not play","On matchday squad, but did not play","On matchday squad, but did not play","On matchday squad, but did not play","On matchday squad, but did not play","On matchday squad, but did not play","On matchday squad, but did not play","On matchday squad, but did not play","On matchday squad, but did not play","On matchday squad, but did not play","On matchday squad, but did not play","On matchday squad, but did not play","On matchday squad, but did not play","On matchday squad, but did not play","On matchday squad, but did not play","On matchday squad, but did not play","On matchday squad, but did not play","On matchday squad, but did not play","On matchday squad, but did not play","On matchday squad, but did not play","On matchday squad, but did not play","On matchday squad, but did not play","On matchday squad, but did not play","On matchday squad, but did not play","On matchday squad, but did not play","On matchday squad, but did not play","On matchday squad, but did not play","On matchday squad, but did not play","On matchday squad, but did not play","On matchday squad, but did not play","On matchday squad, but did not play","On matchday squad, but did not play","On matchday squad, but did not play","On matchday squad, but did not play","On matchday squad, but did not play","On matchday squad, but did not play","On matchday squad, but did not play","On matchday squad, but did not play","On matchday squad, but did not play","On matchday squad, but did not play","On matchday squad, but did not play","On matchday squad, but did not play","On matchday squad, but did not play","On matchday squad, but did not play","On matchday squad, but did not play","On matchday squad, but did not play","On matchday squad, but did not play","On matchday squad, but did not play","On matchday squad, but did not play","On matchday squad, but did not play","On matchday squad, but did not play","On matchday squad, but did not play","On matchday squad, but did not play","On matchday squad, but did not play","On matchday squad, but did not play",Leicester City,Bilal-El-Khannouss,f7042636
2024-10-19,Sat,Matchweek 8,Away,W 3–2,Leicester City,Southampton,Y,AM,68,0,0,0,0,1,0,0,0,36,2,0,0,0.0,0.0,0.5,2,0,24,29,82.8,3,14,0,1,0,Match Report,24,29,82.8,384,133,14,15,93.3,6,7,85.7,3,4,75.0,0,0.5,0.2,2,3,0,0,3,29,23,6,2,0,0,2,0,1,1,0,0,24,0,1,2,0,2,0,0,0,0,0,0,0,0,0,0,0,36,0,3,19,14,2,36,1,0,0.0,1,100.0,14,75,15,0,1,0,0,2,22,6,2,1,1,1,0,0,1,0.0,1,0,0,0,0,2,1,0,Leicester City,Bilal-El-Khannouss,f7042636
2024-10-25,Fri,Matchweek 9,Home,L 1–3,Leicester City,Nott'ham Forest,N,RW,23,0,0,0,0,0,0,0,0,14,0,0,0,0.0,0.0,0.0,0,0,11,13,84.6,4,15,2,1,0,Match Report,11,13,84.6,127,67,8,9,88.9,2,2,100.0,0,1,0.0,0,0.0,0.0,0,2,1,0,4,13,13,0,0,0,0,0,0,0,0,0,0,11,0,0,0,0,0,0,0,0,0,0,0,0,0,0,0,0,14,0,1,5,8,1,14,1,0,0.0,1,100.0,15,48,19,2,0,1,0,1,14,2,0,0,0,0,0,0,0,,0,0,0,0,0,0,0,0,Leicester City,Bilal-El-Khannouss,f7042636
2024-11-02,Sat,Matchweek 10,Away,D 1–1,Leicester City,Ipswich Town,N,"CM,RB",11,0,0,0,0,0,0,0,0,9,0,0,0,0.0,0.0,0.1,2,0,4,8,50.0,1,4,0,0,0,Match Report,4,8,50.0,88,13,1,1,100.0,2,3,66.7,1,4,25.0,0,0.1,0.1,1,0,1,0,1,8,6,2,0,0,0,2,0,2,2,0,0,4,0,0,2,2,0,0,0,0,0,0,0,0,0,0,0,0,9,0,1,2,6,1,9,0,0,,0,,4,28,16,0,0,0,1,0,3,0,0,0,0,0,0,0,0,,0,0,0,0,0,0,0,0,Leicester City,Bilal-El-Khannouss,f7042636
2024-11-10,Sun,Matchweek 11,Away,L 0–3,Leicester City,Manchester Utd,N,LM,21,0,0,0,0,0,0,0,0,12,0,0,0,0.0,0.0,0.0,0,0,8,11,72.7,0,5,0,0,0,Match Report,8,11,72.7,129,0,3,4,75.0,5,6,83.3,0,1,0.0,0,0.0,0.0,0,0,0,0,0,11,8,3,0,0,0,2,0,2,2,0,0,8,0,0,0,0,0,0,0,0,0,0,0,0,0,0,0,0,12,0,2,3,7,0,12,0,0,,0,,5,56,6,0,1,0,1,1,7,0,0,0,0,0,0,0,0,,0,0,0,0,0,0,0,0,Leicester City,Bilal-El-Khannouss,f7042636
2024-11-23,Sat,Matchweek 12,Home,L 1–2,Leicester City,Chelsea,Y,LM,78,0,0,0,0,0,0,0,0,42,2,0,0,0.0,0.0,0.0,0,0,22,33,66.7,2,25,3,6,3,Match Report,22,33,66.7,386,64,10,12,83.3,10,13,76.9,2,6,33.3,0,0.0,0.0,0,0,0,0,2,33,30,3,1,0,1,1,2,0,0,0,0,22,0,1,0,0,0,0,0,0,0,0,0,0,0,0,0,0,42,0,5,30,8,0,42,6,3,50.0,3,50.0,25,157,84,3,2,0,2,1,30,2,2,1,0,1,1,1,1,100.0,0,0,0,0,0,2,0,0,Leicester City,Bilal-El-Khannouss,f7042636
2024-11-30,Sat,Matchweek 13,Away,L 1–4,Leicester City,Brentford,N,"On matchday squad, but did not play","On matchday squad, but did not play","On matchday squad, but did not play","On matchday squad, but did not play","On matchday squad, but did not play","On matchday squad, but did not play","On matchday squad, but did not play","On matchday squad, but did not play","On matchday squad, but did not play","On matchday squad, but did not play","On matchday squad, but did not play","On matchday squad, but did not play","On matchday squad, but did not play","On matchday squad, but did not play","On matchday squad, but did not play","On matchday squad, but did not play","On matchday squad, but did not play","On matchday squad, but did not play","On matchday squad, but did not play","On matchday squad, but did not play","On matchday squad, but did not play","On matchday squad, but did not play","On matchday squad, but did not play","On matchday squad, but did not play","On matchday squad, but did not play","On matchday squad, but did not play","On matchday squad, but did not play",Match Report,"On matchday squad, but did not play","On matchday squad, but did not play","On matchday squad, but did not play","On matchday squad, but did not play","On matchday squad, but did not play","On matchday squad, but did not play","On matchday squad, but did not play","On matchday squad, but did not play","On matchday squad, but did not play","On matchday squad, but did not play","On matchday squad, but did not play","On matchday squad, but did not play","On matchday squad, but did not play","On matchday squad, but did not play","On matchday squad, but did not play","On matchday squad, but did not play","On matchday squad, but did not play","On matchday squad, but did not play","On matchday squad, but did not play","On matchday squad, but did not play","On matchday squad, but did not play","On matchday squad, but did not play","On matchday squad, but did not play","On matchday squad, but did not play","On matchday squad, but did not play","On matchday squad, but did not play","On matchday squad, but did not play","On matchday squad, but did not play","On matchday squad, but did not play","On matchday squad, but did not play","On matchday squad, but did not play","On matchday squad, but did not play","On matchday squad, but did not play","On matchday squad, but did not play","On matchday squad, but did not play","On matchday squad, but did not play","On matchday squad, but did not play","On matchday squad, but did not play","On matchday squad, but did not play","On matchday squad, but did not play","On matchday squad, but did not play","On matchday squad, but did not play","On matchday squad, but did not play","On matchday squad, but did not play","On matchday squad, but did not play","On matchday squad, but did not play","On matchday squad, but did not play","On matchday squad, but did not play","On matchday squad, but did not play","On matchday squad, but did not play","On matchday squad, but did not play","On matchday squad, but did not play","On matchday squad, but did not play","On matchday squad, but did not play","On matchday squad, but did not play","On matchday squad, but did not play","On matchday squad, but did not play","On matchday squad, but did not play","On matchday squad, but did not play","On matchday squad, but did not play","On matchday squad, but did not play","On matchday squad, but did not play","On matchday squad, but did not play","On matchday squad, but did not play","On matchday squad, but did not play","On matchday squad, but did not play","On matchday squad, but did not play","On matchday squad, but did not play","On matchday squad, but did not play","On matchday squad, but did not play","On matchday squad, but did not play","On matchday squad, but did not play","On matchday squad, but did not play","On matchday squad, but did not play","On matchday squad, but did not play","On matchday squad, but did not play","On matchday squad, but did not play","On matchday squad, but did not play","On matchday squad, but did not play","On matchday squad, but did not play","On matchday squad, but did not play","On matchday squad, but did not play","On matchday squad, but did not play","On matchday squad, but did not play","On matchday squad, but did not play","On matchday squad, but did not play","On matchday squad, but did not play","On matchday squad, but did not play","On matchday squad, but did not play",Leicester City,Bilal-El-Khannouss,f7042636
2024-12-03,Tue,Matchweek 14,Home,W 3–1,Leicester City,West Ham,Y,"LW,AM",73,1,1,0,0,1,1,0,0,42,2,3,2,0.1,0.1,0.9,4,1,23,31,74.2,4,24,2,2,2,Match Report,23,31,74.2,473,199,7,8,87.5,9,11,81.8,6,8,75.0,1,0.9,0.5,3,6,1,1,4,31,29,2,0,2,0,3,0,1,1,0,0,23,0,0,4,4,0,0,0,0,0,1,1,0,0,0,0,0,42,0,7,26,10,1,42,2,2,100.0,0,0.0,24,148,72,2,0,0,2,0,24,1,2,1,2,0,0,1,3,33.3,2,2,0,2,3,5,1,0,Leicester City,Bilal-El-Khannouss,f7042636
2024-12-08,Sun,Matchweek 15,Home,D 2–2,Leicester City,Brighton,Y,AM,80,0,0,0,0,0,0,0,0,54,3,0,2,0.0,0.0,0.1,2,0,36,46,78.3,9,40,1,1,1,Match Report,36,46,78.3,666,217,17,20,85.0,12,16,75.0,6,8,75.0,0,0.1,0.0,1,6,2,0,9,46,42,4,1,1,0,3,0,1,0,1,0,36,0,0,2,2,0,0,0,0,0,0,0,0,0,0,0,0,54,0,11,31,12,0,54,1,1,100.0,0,0.0,40,133,54,1,0,0,3,2,39,0,3,2,1,2,0,0,0,,0,2,0,2,0,3,0,0,Leicester City,Bilal-El-Khannouss,f7042636
2024-12-14,Sat,Matchweek 16,Away,L 0–4,Leicester City,Newcastle Utd,Y,AM,81,0,0,0,0,1,0,0,0,50,5,0,0,0.1,0.1,0.1,2,0,32,43,74.4,8,30,0,2,2,Match Report,32,43,74.4,640,166,12,15,80.0,13,14,92.9,6,9,66.7,0,0.1,0.1,1,5,2,0,8,43,36,7,1,0,0,3,0,1,0,1,0,32,0,4,2,2,0,0,0,0,0,0,0,0,0,0,0,0,50,0,6,30,14,1,50,2,2,100.0,0,0.0,30,144,57,0,2,0,0,0,28,4,5,0,1,3,1,2,2,100.0,0,0,0,0,0,5,0,0,Leicester City,Bilal-El-Khannouss,f7042636
2024-12-22,Sun,Matchweek 17,Home,L 0–3,Leicester City,Wolves,Y,AM,53,0,0,0,0,0,0,0,0,40,1,0,2,0.0,0.0,0.0,1,0,25,36,69.4,3,19,0,0,0,Match Report,25,36,69.4,483,100,14,16,87.5,7,10,70.0,4,8,50.0,0,0.0,0.2,0,3,0,0,3,36,28,8,3,2,1,2,1,0,0,0,0,25,0,2,1,1,0,0,0,0,0,0,0,0,0,0,0,0,40,0,2,26,12,0,40,0,0,,0,,19,109,38,0,0,0,1,0,28,4,1,0,0,1,0,0,0,,0,2,0,2,0,1,0,0,Leicester City,Bilal-El-Khannouss,f7042636
2024-12-26,Thu,Matchweek 18,Away,L 1–3,Leicester City,Liverpool,Y,AM,63,0,0,0,0,1,0,0,0,23,2,1,1,0.0,0.0,0.0,2,1,15,16,93.8,1,8,0,1,0,Match Report,15,16,93.8,319,32,4,4,100.0,9,9,100.0,2,3,66.7,0,0.0,0.0,1,1,0,0,1,16,12,4,1,0,0,0,0,0,0,0,0,15,0,0,2,2,0,0,0,0,0,1,1,0,0,0,0,0,23,2,5,14,4,0,23,1,0,0.0,1,100.0,8,42,0,0,0,0,0,2,10,1,2,1,1,1,0,1,1,100.0,0,1,0,1,1,3,2,0,Leicester City,Bilal-El-Khannouss,f7042636
2024-12-29,Sun,Matchweek 19,Home,L 0–2,Leicester City,Manchester City,Y,AM,90,0,0,0,0,1,0,1,0,73,3,0,1,0.0,0.0,0.1,2,0,57,67,85.1,9,49,4,5,4,Match Report,57,67,85.1,987,321,27,28,96.4,22,26,84.6,7,11,63.6,0,0.1,0.1,2,9,2,0,9,67,61,6,2,0,2,5,1,2,2,0,0,57,0,1,2,2,0,0,0,0,0,0,0,0,0,0,0,0,73,0,14,35,26,2,73,5,4,80.0,1,20.0,49,288,130,4,2,1,1,2,54,3,3,2,2,1,0,1,1,100.0,0,1,0,1,0,3,0,0,Leicester City,Bilal-El-Khannouss,f7042636
2025-01-04,Sat,Matchweek 20,Away,L 1–2,Leicester City,Aston Villa,Y,AM,81,0,0,0,0,1,0,0,0,33,1,0,0,0.0,0.0,0.1,2,0,21,27,77.8,2,18,1,1,1,Match Report,21,27,77.8,362,35,12,13,92.3,7,8,87.5,2,3,66.7,0,0.1,0.0,1,1,0,0,2,27,23,4,1,0,1,1,0,0,0,0,0,21,0,2,2,1,0,1,0,0,0,0,0,0,0,0,0,0,33,0,4,22,7,1,33,1,1,100.0,0,0.0,18,106,62,1,2,0,2,0,22,1,1,1,0,1,0,0,2,0.0,2,0,0,0,0,1,0,0,Leicester City,Bilal-El-Khannouss,f7042636
2025-01-15,Wed,Matchweek 21,Home,L 0–2,Leicester City,Crystal Palace,Y,AM,65,0,0,0,0,2,1,0,0,41,2,0,0,0.0,0.0,0.0,2,0,24,36,66.7,4,20,3,2,2,Match Report,24,36,66.7,435,121,12,14,85.7,8,13,61.5,4,7,57.1,0,0.0,0.0,1,4,0,0,4,36,32,4,0,0,0,3,1,1,0,1,0,24,0,2,2,1,0,1,0,0,0,0,0,0,0,0,0,0,41,0,1,23,17,0,41,2,2,100.0,0,0.0,20,148,87,3,3,0,0,1,29,2,2,2,0,2,0,0,0,,0,0,0,0,0,2,0,0,Leicester City,Bilal-El-Khannouss,f7042636
2025-01-18,Sat,Matchweek 22,Home,L 0–2,Leicester City,Fulham,Y,AM,63,0,0,0,0,0,0,0,0,41,2,0,5,0.0,0.0,0.1,2,0,20,32,62.5,0,17,3,2,1,Match Report,20,32,62.5,394,85,9,14,64.3,7,10,70.0,4,8,50.0,0,0.1,0.0,2,1,0,0,0,32,25,7,2,0,0,4,0,3,1,0,1,20,0,0,2,2,0,0,0,0,0,0,0,0,0,0,0,0,41,3,4,18,19,3,41,2,1,50.0,1,50.0,17,145,99,3,0,1,0,1,23,3,2,1,0,1,1,1,1,100.0,0,5,3,2,0,2,0,0,Leicester City,Bilal-El-Khannouss,f7042636
2025-01-26,Sun,Matchweek 23,Away,W 2–1,Leicester City,Tottenham,Y,AM,76,1,0,0,0,3,1,0,0,38,2,0,0,0.1,0.1,0.0,4,0,19,32,59.4,1,22,3,3,3,Match Report,19,32,59.4,333,72,8,13,61.5,10,15,66.7,1,2,50.0,0,0.0,0.0,0,2,0,0,1,32,28,4,1,0,0,4,1,0,0,0,0,19,0,1,4,2,0,1,1,0,0,0,0,0,0,0,0,0,38,0,1,20,18,0,38,3,3,100.0,0,0.0,22,116,54,3,2,0,1,1,25,2,2,1,0,2,0,0,0,,0,0,0,0,0,2,0,0,Leicester City,Bilal-El-Khannouss,f7042636
2025-02-01,Sat,Matchweek 24,Away,L 0–4,Leicester City,Everton,Y,AM,90,0,0,0,0,2,0,0,0,47,1,0,0,0.0,0.0,0.0,1,0,30,40,75.0,4,20,3,1,1,Match Report,30,40,75.0,437,90,19,20,95.0,11,12,91.7,0,3,0.0,0,0.0,0.0,0,1,2,0,4,40,35,5,0,0,0,2,0,0,0,0,0,30,0,2,1,1,0,0,0,0,0,0,0,0,0,0,0,0,47,1,8,26,13,3,47,1,1,100.0,0,0.0,20,205,116,3,1,0,1,0,29,7,1,1,0,1,0,0,0,,0,0,0,0,0,1,0,0,Leicester City,Bilal-El-Khannouss,f7042636
2025-02-15,Sat,Matchweek 25,Home,L 0–2,Leicester City,Arsenal,Y,"AM,CM",90,0,0,0,0,1,0,1,0,48,3,0,1,0.0,0.0,0.1,2,0,26,35,74.3,3,34,3,4,2,Match Report,26,35,74.3,539,184,6,9,66.7,16,19,84.2,4,4,100.0,0,0.1,0.1,2,3,3,3,3,35,32,3,0,0,0,4,1,0,0,0,0,26,0,2,2,2,0,0,0,0,0,0,0,0,0,0,0,0,48,1,14,18,16,3,48,4,2,50.0,2,50.0,34,169,45,3,1,2,3,3,34,0,3,2,1,1,1,1,1,100.0,0,1,0,1,0,3,0,1,Leicester City,Bilal-El-Khannouss,f7042636
2025-02-21,Fri,Matchweek 26,Home,L 0–4,Leicester City,Brentford,Y,AM,90,0,0,0,0,0,0,0,0,57,1,0,1,0.0,0.0,0.3,3,0,38,52,73.1,12,41,6,6,2,Match Report,38,52,73.1,690,260,17,23,73.9,17,22,77.3,3,4,75.0,0,0.3,0.3,3,3,5,0,12,52,46,6,0,1,0,3,1,1,0,0,0,38,0,1,3,3,0,0,0,0,0,0,0,0,0,0,0,0,57,1,7,18,32,2,57,6,2,33.3,3,50.0,41,229,140,6,3,0,1,2,40,7,1,1,1,0,0,1,1,100.0,0,1,0,1,0,1,0,0,Leicester City,Bilal-El-Khannouss,f7042636
2025-02-27,Thu,Matchweek 27,Away,L 0–2,Leicester City,West Ham,Y,AM,90,0,0,0,0,1,0,0,0,69,1,0,0,0.0,0.0,0.1,6,0,50,64,78.1,9,38,6,0,0,Match Report,50,64,78.1,817,146,26,28,92.9,21,25,84.0,2,8,25.0,0,0.1,0.1,2,4,1,0,9,64,58,6,1,1,0,6,0,2,1,0,0,50,0,1,6,4,1,0,1,0,0,0,0,0,0,0,0,0,69,0,9,34,26,1,69,0,0,,0,,38,228,116,6,5,1,1,1,54,10,1,1,0,1,0,0,0,,0,0,0,0,0,1,0,0,Leicester City,Bilal-El-Khannouss,f7042636
2025-03-09,Sun,Matchweek 28,Away,L 0–1,Leicester City,Chelsea,Y,AM,72,0,0,0,0,1,1,0,0,33,2,0,0,0.0,0.0,0.0,2,0,17,26,65.4,3,19,3,0,0,Match Report,17,26,65.4,341,91,6,7,85.7,8,12,66.7,3,5,60.0,0,0.0,0.0,0,3,0,0,3,26,23,3,0,0,0,5,0,2,0,2,0,17,0,0,2,2,0,0,0,0,0,0,0,0,0,0,0,0,33,0,5,20,10,0,33,0,0,,0,,19,114,55,3,2,0,4,0,19,3,2,2,1,1,0,1,4,25.0,3,0,0,0,0,2,0,1,Leicester City,Bilal-El-Khannouss,f7042636
2025-03-16,Sun,Matchweek 29,Home,L 0–3,Leicester City,Manchester Utd,Y,AM,89,0,0,0,0,1,0,1,0,55,2,1,2,0.1,0.1,0.0,0,0,33,46,71.7,4,20,2,1,0,Match Report,33,46,71.7,558,109,17,24,70.8,13,16,81.3,3,4,75.0,0,0.0,0.0,0,2,0,0,4,46,41,4,0,1,0,1,0,1,0,1,0,33,1,0,0,0,0,0,0,0,0,0,0,0,0,0,0,0,55,0,2,37,16,4,55,1,0,0.0,1,100.0,20,157,52,2,0,1,0,3,38,3,2,0,0,2,0,2,2,100.0,0,2,0,2,1,3,0,0,Leicester City,Bilal-El-Khannouss,f7042636
2025-04-02,Wed,Matchweek 30,Away,L 0–2,Leicester City,Manchester City,Y,"AM,FW",59,0,0,0,0,1,0,0,0,34,4,0,0,0.0,0.0,0.0,0,0,24,26,92.3,5,21,2,1,0,Match Report,24,26,92.3,471,176,12,13,92.3,9,9,100.0,3,3,100.0,0,0.0,0.0,0,2,0,0,5,26,25,1,0,0,1,0,0,0,0,0,0,24,0,0,0,0,0,0,0,0,0,0,0,0,0,0,0,0,34,2,12,16,6,0,34,1,0,0.0,1,100.0,21,164,56,2,2,0,2,1,26,3,4,1,3,1,0,0,0,,0,0,0,0,0,4,0,0,Leicester City,Bilal-El-Khannouss,f7042636
2025-04-07,Mon,Matchweek 31,Home,L 0–3,Leicester City,Newcastle Utd,Y,AM,73,0,0,0,0,1,1,0,0,44,1,0,0,0.0,0.0,0.1,1,0,26,37,70.3,5,25,3,1,0,Match Report,26,37,70.3,502,157,12,13,92.3,10,12,83.3,4,9,44.4,0,0.1,0.0,1,3,2,1,5,37,28,7,0,0,0,8,1,5,3,1,0,26,2,1,1,1,0,0,0,0,0,0,0,0,0,0,0,0,44,1,6,14,25,1,44,1,0,0.0,1,100.0,25,230,103,3,3,1,3,3,29,3,1,1,0,1,0,0,0,,0,0,0,0,0,1,1,1,Leicester City,Bilal-El-Khannouss,f7042636
2025-04-12,Sat,Matchweek 32,Away,D 2–2,Leicester City,Brighton,Y,AM,90,0,1,0,0,1,1,1,0,41,1,0,0,0.1,0.1,0.7,11,2,24,35,68.6,6,26,5,2,2,Match Report,24,35,68.6,476,255,10,13,76.9,10,12,83.3,4,9,44.4,1,0.7,0.3,4,5,1,0,6,35,29,6,1,1,0,7,0,5,4,1,0,24,0,1,11,7,2,1,1,0,0,2,1,1,0,0,0,0,41,2,9,19,16,1,41,2,2,100.0,0,0.0,26,219,150,5,2,1,0,2,22,1,1,1,1,0,0,1,1,100.0,0,0,0,0,0,1,2,0,Leicester City,Bilal-El-Khannouss,f7042636
2025-04-20,Sun,Matchweek 33,Home,L 0–1,Leicester City,Liverpool,Y,AM,90,0,0,0,0,1,0,0,0,44,1,1,1,0.0,0.0,0.0,1,0,28,34,82.4,2,23,2,3,1,Match Report,28,34,82.4,471,188,13,13,100.0,12,14,85.7,1,3,33.3,0,0.0,0.0,0,3,0,0,2,34,31,3,2,0,0,3,0,0,0,0,0,28,0,0,1,1,0,0,0,0,0,0,0,0,0,0,0,0,44,3,11,22,11,0,44,3,1,33.3,1,33.3,23,148,42,2,1,0,1,2,24,0,1,1,0,1,0,1,4,25.0,3,1,1,0,1,2,2,0,Leicester City,Bilal-El-Khannouss,f7042636
2025-04-26,Sat,Matchweek 34,Away,L 0–3,Leicester City,Wolves,Y,AM,82,0,0,0,0,1,0,0,0,44,1,0,1,0.0,0.0,0.1,3,0,29,38,76.3,6,31,0,0,0,Match Report,29,38,76.3,502,157,11,14,78.6,13,15,86.7,3,4,75.0,0,0.1,0.4,2,3,2,0,6,38,36,2,1,1,0,4,0,1,0,1,0,29,0,0,3,2,1,0,0,0,0,0,0,0,0,0,0,0,44,0,9,24,11,0,44,0,0,,0,,31,126,47,0,0,0,2,2,34,6,1,1,0,1,0,1,3,33.3,2,1,0,1,0,1,0,0,Leicester City,Bilal-El-Khannouss,f7042636
2025-05-03,Sat,Matchweek 35,Home,W 2–0,Leicester City,Southampton,Y,LW,83,0,1,0,0,5,0,0,0,46,0,0,2,0.3,0.3,0.8,7,1,21,29,72.4,1,30,10,7,3,Match Report,21,29,72.4,355,91,9,9,100.0,9,13,69.2,2,4,50.0,1,0.8,0.1,5,2,1,1,1,29,25,4,1,1,0,5,1,2,0,1,0,21,0,2,7,2,1,2,0,2,0,1,1,0,0,0,0,0,46,1,3,18,25,6,46,7,3,42.9,3,42.9,30,286,161,10,4,3,1,2,35,6,0,0,0,0,0,0,0,,0,2,0,2,0,0,0,0,Leicester City,Bilal-El-Khannouss,f7042636
2025-05-11,Sun,Matchweek 36,Away,D 2–2,Leicester City,Nott'ham Forest,Y,"AM,LW",89,0,0,0,0,1,1,0,0,39,1,0,1,0.1,0.1,0.2,5,1,22,35,62.9,3,22,1,2,1,Match Report,22,35,62.9,502,164,7,10,70.0,9,12,75.0,6,9,66.7,0,0.2,0.2,2,2,1,0,3,35,29,5,3,0,0,4,0,2,2,0,0,22,1,0,5,1,1,1,1,1,0,1,0,0,0,1,0,0,39,1,7,21,11,0,39,2,1,50.0,1,50.0,22,132,17,1,1,0,0,0,24,1,1,1,0,1,0,0,1,0.0,1,1,0,1,0,1,1,0,Leicester City,Bilal-El-Khannouss,f7042636
2025-05-18,Sun,Matchweek 37,Home,W 2–0,Leicester City,Ipswich Town,Y,"LW,AM",90,0,0,0,0,1,0,0,0,57,3,0,0,0.0,0.0,0.3,7,1,41,50,82.0,6,31,1,5,3,Match Report,41,50,82.0,839,264,19,22,86.4,11,14,78.6,9,10,90.0,0,0.3,0.1,4,4,2,0,6,50,44,6,4,0,2,2,1,1,0,0,0,41,0,2,7,5,1,1,0,0,0,1,1,0,0,0,0,0,57,0,10,32,18,2,57,5,3,60.0,2,40.0,31,174,72,1,2,0,2,2,39,5,3,3,1,2,0,2,3,66.7,1,0,0,0,0,3,0,0,Leicester City,Bilal-El-Khannouss,f7042636
2024-08-19,Mon,Matchweek 1,Home,D 1–1,Leicester City,Tottenham,N,AM,12,0,0,0,0,0,0,0,0,4,0,0,0,0.0,0.0,0.0,0,0,3,3,100.0,0,2,0,0,0,Match Report,3,3,100.0,36,4,2,2,100.0,1,1,100.0,0,0,,0,0.0,0.0,0,0,0,0,0,3,3,0,0,0,0,0,0,0,0,0,0,3,0,0,0,0,0,0,0,0,0,0,0,0,0,0,0,0,4,0,1,2,1,0,4,0,0,,0,,2,7,0,0,0,0,1,0,2,0,0,0,0,0,0,0,0,,0,0,0,0,0,0,0,0,Leicester City,Boubakary-Soumare,ae59b359
2024-08-24,Sat,Matchweek 2,Away,L 1–2,Leicester City,Fulham,N,"On matchday squad, but did not play","On matchday squad, but did not play","On matchday squad, but did not play","On matchday squad, but did not play","On matchday squad, but did not play","On matchday squad, but did not play","On matchday squad, but did not play","On matchday squad, but did not play","On matchday squad, but did not play","On matchday squad, but did not play","On matchday squad, but did not play","On matchday squad, but did not play","On matchday squad, but did not play","On matchday squad, but did not play","On matchday squad, but did not play","On matchday squad, but did not play","On matchday squad, but did not play","On matchday squad, but did not play","On matchday squad, but did not play","On matchday squad, but did not play","On matchday squad, but did not play","On matchday squad, but did not play","On matchday squad, but did not play","On matchday squad, but did not play","On matchday squad, but did not play","On matchday squad, but did not play","On matchday squad, but did not play",Match Report,"On matchday squad, but did not play","On matchday squad, but did not play","On matchday squad, but did not play","On matchday squad, but did not play","On matchday squad, but did not play","On matchday squad, but did not play","On matchday squad, but did not play","On matchday squad, but did not play","On matchday squad, but did not play","On matchday squad, but did not play","On matchday squad, but did not play","On matchday squad, but did not play","On matchday squad, but did not play","On matchday squad, but did not play","On matchday squad, but did not play","On matchday squad, but did not play","On matchday squad, but did not play","On matchday squad, but did not play","On matchday squad, but did not play","On matchday squad, but did not play","On matchday squad, but did not play","On matchday squad, but did not play","On matchday squad, but did not play","On matchday squad, but did not play","On matchday squad, but did not play","On matchday squad, but did not play","On matchday squad, but did not play","On matchday squad, but did not play","On matchday squad, but did not play","On matchday squad, but did not play","On matchday squad, but did not play","On matchday squad, but did not play","On matchday squad, but did not play","On matchday squad, but did not play","On matchday squad, but did not play","On matchday squad, but did not play","On matchday squad, but did not play","On matchday squad, but did not play","On matchday squad, but did not play","On matchday squad, but did not play","On matchday squad, but did not play","On matchday squad, but did not play","On matchday squad, but did not play","On matchday squad, but did not play","On matchday squad, but did not play","On matchday squad, but did not play","On matchday squad, but did not play","On matchday squad, but did not play","On matchday squad, but did not play","On matchday squad, but did not play","On matchday squad, but did not play","On matchday squad, but did not play","On matchday squad, but did not play","On matchday squad, but did not play","On matchday squad, but did not play","On matchday squad, but did not play","On matchday squad, but did not play","On matchday squad, but did not play","On matchday squad, but did not play","On matchday squad, but did not play","On matchday squad, but did not play","On matchday squad, but did not play","On matchday squad, but did not play","On matchday squad, but did not play","On matchday squad, but did not play","On matchday squad, but did not play","On matchday squad, but did not play","On matchday squad, but did not play","On matchday squad, but did not play","On matchday squad, but did not play","On matchday squad, but did not play","On matchday squad, but did not play","On matchday squad, but did not play","On matchday squad, but did not play","On matchday squad, but did not play","On matchday squad, but did not play","On matchday squad, but did not play","On matchday squad, but did not play","On matchday squad, but did not play","On matchday squad, but did not play","On matchday squad, but did not play","On matchday squad, but did not play","On matchday squad, but did not play","On matchday squad, but did not play","On matchday squad, but did not play","On matchday squad, but did not play","On matchday squad, but did not play","On matchday squad, but did not play","On matchday squad, but did not play",Leicester City,Boubakary-Soumare,ae59b359
2024-08-31,Sat,Matchweek 3,Home,L 1–2,Leicester City,Aston Villa,N,"On matchday squad, but did not play","On matchday squad, but did not play","On matchday squad, but did not play","On matchday squad, but did not play","On matchday squad, but did not play","On matchday squad, but did not play","On matchday squad, but did not play","On matchday squad, but did not play","On matchday squad, but did not play","On matchday squad, but did not play","On matchday squad, but did not play","On matchday squad, but did not play","On matchday squad, but did not play","On matchday squad, but did not play","On matchday squad, but did not play","On matchday squad, but did not play","On matchday squad, but did not play","On matchday squad, but did not play","On matchday squad, but did not play","On matchday squad, but did not play","On matchday squad, but did not play","On matchday squad, but did not play","On matchday squad, but did not play","On matchday squad, but did not play","On matchday squad, but did not play","On matchday squad, but did not play","On matchday squad, but did not play",Match Report,"On matchday squad, but did not play","On matchday squad, but did not play","On matchday squad, but did not play","On matchday squad, but did not play","On matchday squad, but did not play","On matchday squad, but did not play","On matchday squad, but did not play","On matchday squad, but did not play","On matchday squad, but did not play","On matchday squad, but did not play","On matchday squad, but did not play","On matchday squad, but did not play","On matchday squad, but did not play","On matchday squad, but did not play","On matchday squad, but did not play","On matchday squad, but did not play","On matchday squad, but did not play","On matchday squad, but did not play","On matchday squad, but did not play","On matchday squad, but did not play","On matchday squad, but did not play","On matchday squad, but did not play","On matchday squad, but did not play","On matchday squad, but did not play","On matchday squad, but did not play","On matchday squad, but did not play","On matchday squad, but did not play","On matchday squad, but did not play","On matchday squad, but did not play","On matchday squad, but did not play","On matchday squad, but did not play","On matchday squad, but did not play","On matchday squad, but did not play","On matchday squad, but did not play","On matchday squad, but did not play","On matchday squad, but did not play","On matchday squad, but did not play","On matchday squad, but did not play","On matchday squad, but did not play","On matchday squad, but did not play","On matchday squad, but did not play","On matchday squad, but did not play","On matchday squad, but did not play","On matchday squad, but did not play","On matchday squad, but did not play","On matchday squad, but did not play","On matchday squad, but did not play","On matchday squad, but did not play","On matchday squad, but did not play","On matchday squad, but did not play","On matchday squad, but did not play","On matchday squad, but did not play","On matchday squad, but did not play","On matchday squad, but did not play","On matchday squad, but did not play","On matchday squad, but did not play","On matchday squad, but did not play","On matchday squad, but did not play","On matchday squad, but did not play","On matchday squad, but did not play","On matchday squad, but did not play","On matchday squad, but did not play","On matchday squad, but did not play","On matchday squad, but did not play","On matchday squad, but did not play","On matchday squad, but did not play","On matchday squad, but did not play","On matchday squad, but did not play","On matchday squad, but did not play","On matchday squad, but did not play","On matchday squad, but did not play","On matchday squad, but did not play","On matchday squad, but did not play","On matchday squad, but did not play","On matchday squad, but did not play","On matchday squad, but did not play","On matchday squad, but did not play","On matchday squad, but did not play","On matchday squad, but did not play","On matchday squad, but did not play","On matchday squad, but did not play","On matchday squad, but did not play","On matchday squad, but did not play","On matchday squad, but did not play","On matchday squad, but did not play","On matchday squad, but did not play","On matchday squad, but did not play","On matchday squad, but did not play","On matchday squad, but did not play",Leicester City,Boubakary-Soumare,ae59b359
2024-09-14,Sat,Matchweek 4,Away,D 2–2,Leicester City,Crystal Palace,N,"On matchday squad, but did not play","On matchday squad, but did not play","On matchday squad, but did not play","On matchday squad, but did not play","On matchday squad, but did not play","On matchday squad, but did not play","On matchday squad, but did not play","On matchday squad, but did not play","On matchday squad, but did not play","On matchday squad, but did not play","On matchday squad, but did not play","On matchday squad, but did not play","On matchday squad, but did not play","On matchday squad, but did not play","On matchday squad, but did not play","On matchday squad, but did not play","On matchday squad, but did not play","On matchday squad, but did not play","On matchday squad, but did not play","On matchday squad, but did not play","On matchday squad, but did not play","On matchday squad, but did not play","On matchday squad, but did not play","On matchday squad, but did not play","On matchday squad, but did not play","On matchday squad, but did not play","On matchday squad, but did not play",Match Report,"On matchday squad, but did not play","On matchday squad, but did not play","On matchday squad, but did not play","On matchday squad, but did not play","On matchday squad, but did not play","On matchday squad, but did not play","On matchday squad, but did not play","On matchday squad, but did not play","On matchday squad, but did not play","On matchday squad, but did not play","On matchday squad, but did not play","On matchday squad, but did not play","On matchday squad, but did not play","On matchday squad, but did not play","On matchday squad, but did not play","On matchday squad, but did not play","On matchday squad, but did not play","On matchday squad, but did not play","On matchday squad, but did not play","On matchday squad, but did not play","On matchday squad, but did not play","On matchday squad, but did not play","On matchday squad, but did not play","On matchday squad, but did not play","On matchday squad, but did not play","On matchday squad, but did not play","On matchday squad, but did not play","On matchday squad, but did not play","On matchday squad, but did not play","On matchday squad, but did not play","On matchday squad, but did not play","On matchday squad, but did not play","On matchday squad, but did not play","On matchday squad, but did not play","On matchday squad, but did not play","On matchday squad, but did not play","On matchday squad, but did not play","On matchday squad, but did not play","On matchday squad, but did not play","On matchday squad, but did not play","On matchday squad, but did not play","On matchday squad, but did not play","On matchday squad, but did not play","On matchday squad, but did not play","On matchday squad, but did not play","On matchday squad, but did not play","On matchday squad, but did not play","On matchday squad, but did not play","On matchday squad, but did not play","On matchday squad, but did not play","On matchday squad, but did not play","On matchday squad, but did not play","On matchday squad, but did not play","On matchday squad, but did not play","On matchday squad, but did not play","On matchday squad, but did not play","On matchday squad, but did not play","On matchday squad, but did not play","On matchday squad, but did not play","On matchday squad, but did not play","On matchday squad, but did not play","On matchday squad, but did not play","On matchday squad, but did not play","On matchday squad, but did not play","On matchday squad, but did not play","On matchday squad, but did not play","On matchday squad, but did not play","On matchday squad, but did not play","On matchday squad, but did not play","On matchday squad, but did not play","On matchday squad, but did not play","On matchday squad, but did not play","On matchday squad, but did not play","On matchday squad, but did not play","On matchday squad, but did not play","On matchday squad, but did not play","On matchday squad, but did not play","On matchday squad, but did not play","On matchday squad, but did not play","On matchday squad, but did not play","On matchday squad, but did not play","On matchday squad, but did not play","On matchday squad, but did not play","On matchday squad, but did not play","On matchday squad, but did not play","On matchday squad, but did not play","On matchday squad, but did not play","On matchday squad, but did not play","On matchday squad, but did not play",Leicester City,Boubakary-Soumare,ae59b359
2024-10-05,Sat,Matchweek 7,Home,W 1–0,Leicester City,Bournemouth,N,AM,3,0,0,0,0,0,0,1,0,1,0,0,0,0.0,0.0,0.0,0,0,1,1,100.0,0,0,0,0,0,Match Report,1,1,100.0,11,10,1,1,100.0,0,0,,0,0,,0,0.0,0.0,0,0,0,0,0,1,1,0,0,0,0,0,0,0,0,0,0,1,0,0,0,0,0,0,0,0,0,0,0,0,0,0,0,0,1,0,0,0,1,0,1,0,0,,0,,0,0,0,0,0,0,0,0,1,1,0,0,0,0,0,0,0,,0,0,0,0,0,0,0,0,Leicester City,Boubakary-Soumare,ae59b359
2024-10-19,Sat,Matchweek 8,Away,W 3–2,Leicester City,Southampton,N,"On matchday squad, but did not play","On matchday squad, but did not play","On matchday squad, but did not play","On matchday squad, but did not play","On matchday squad, but did not play","On matchday squad, but did not play","On matchday squad, but did not play","On matchday squad, but did not play","On matchday squad, but did not play","On matchday squad, but did not play","On matchday squad, but did not play","On matchday squad, but did not play","On matchday squad, but did not play","On matchday squad, but did not play","On matchday squad, but did not play","On matchday squad, but did not play","On matchday squad, but did not play","On matchday squad, but did not play","On matchday squad, but did not play","On matchday squad, but did not play","On matchday squad, but did not play","On matchday squad, but did not play","On matchday squad, but did not play","On matchday squad, but did not play","On matchday squad, but did not play","On matchday squad, but did not play","On matchday squad, but did not play",Match Report,"On matchday squad, but did not play","On matchday squad, but did not play","On matchday squad, but did not play","On matchday squad, but did not play","On matchday squad, but did not play","On matchday squad, but did not play","On matchday squad, but did not play","On matchday squad, but did not play","On matchday squad, but did not play","On matchday squad, but did not play","On matchday squad, but did not play","On matchday squad, but did not play","On matchday squad, but did not play","On matchday squad, but did not play","On matchday squad, but did not play","On matchday squad, but did not play","On matchday squad, but did not play","On matchday squad, but did not play","On matchday squad, but did not play","On matchday squad, but did not play","On matchday squad, but did not play","On matchday squad, but did not play","On matchday squad, but did not play","On matchday squad, but did not play","On matchday squad, but did not play","On matchday squad, but did not play","On matchday squad, but did not play","On matchday squad, but did not play","On matchday squad, but did not play","On matchday squad, but did not play","On matchday squad, but did not play","On matchday squad, but did not play","On matchday squad, but did not play","On matchday squad, but did not play","On matchday squad, but did not play","On matchday squad, but did not play","On matchday squad, but did not play","On matchday squad, but did not play","On matchday squad, but did not play","On matchday squad, but did not play","On matchday squad, but did not play","On matchday squad, but did not play","On matchday squad, but did not play","On matchday squad, but did not play","On matchday squad, but did not play","On matchday squad, but did not play","On matchday squad, but did not play","On matchday squad, but did not play","On matchday squad, but did not play","On matchday squad, but did not play","On matchday squad, but did not play","On matchday squad, but did not play","On matchday squad, but did not play","On matchday squad, but did not play","On matchday squad, but did not play","On matchday squad, but did not play","On matchday squad, but did not play","On matchday squad, but did not play","On matchday squad, but did not play","On matchday squad, but did not play","On matchday squad, but did not play","On matchday squad, but did not play","On matchday squad, but did not play","On matchday squad, but did not play","On matchday squad, but did not play","On matchday squad, but did not play","On matchday squad, but did not play","On matchday squad, but did not play","On matchday squad, but did not play","On matchday squad, but did not play","On matchday squad, but did not play","On matchday squad, but did not play","On matchday squad, but did not play","On matchday squad, but did not play","On matchday squad, but did not play","On matchday squad, but did not play","On matchday squad, but did not play","On matchday squad, but did not play","On matchday squad, but did not play","On matchday squad, but did not play","On matchday squad, but did not play","On matchday squad, but did not play","On matchday squad, but did not play","On matchday squad, but did not play","On matchday squad, but did not play","On matchday squad, but did not play","On matchday squad, but did not play","On matchday squad, but did not play","On matchday squad, but did not play",Leicester City,Boubakary-Soumare,ae59b359
2024-10-25,Fri,Matchweek 9,Home,L 1–3,Leicester City,Nott'ham Forest,N,CM,17,0,0,0,0,0,0,1,0,13,1,0,0,0.0,0.0,0.0,0,0,9,11,81.8,1,8,1,1,1,Match Report,9,11,81.8,126,64,5,7,71.4,3,3,100.0,0,0,,0,0.0,0.0,0,0,1,0,1,11,11,0,0,0,0,0,0,0,0,0,0,9,0,0,0,0,0,0,0,0,0,0,0,0,0,0,0,0,13,0,4,5,4,0,13,1,1,100.0,0,0.0,8,43,34,1,1,0,0,0,8,0,1,1,1,0,0,0,0,,0,0,0,0,0,1,0,0,Leicester City,Boubakary-Soumare,ae59b359
2024-11-02,Sat,Matchweek 10,Away,D 1–1,Leicester City,Ipswich Town,N,"DM,CB",20,0,0,0,0,1,0,0,0,16,0,0,0,0.0,0.0,0.0,2,0,12,14,85.7,3,10,0,1,0,Match Report,12,14,85.7,192,72,5,5,100.0,7,7,100.0,0,1,0.0,0,0.0,0.2,0,2,0,0,3,14,13,1,0,0,0,0,1,0,0,0,0,12,0,0,2,2,0,0,0,0,0,0,0,0,0,0,0,0,16,0,2,11,4,1,16,1,0,0.0,1,100.0,10,43,19,0,0,0,0,0,13,1,0,0,0,0,0,0,0,,0,0,0,0,0,0,0,0,Leicester City,Boubakary-Soumare,ae59b359
2024-11-10,Sun,Matchweek 11,Away,L 0–3,Leicester City,Manchester Utd,Y,RM,90,0,0,0,0,0,0,0,0,80,2,2,2,0.0,0.0,0.0,1,0,61,69,88.4,5,52,1,3,1,Match Report,61,69,88.4,874,267,32,34,94.1,27,29,93.1,0,2,0.0,0,0.0,0.0,1,6,0,0,5,69,69,0,0,0,0,0,0,0,0,0,0,61,0,1,1,1,0,0,0,0,0,0,0,0,0,0,0,0,80,2,19,56,6,0,80,3,1,33.3,1,33.3,52,231,116,1,1,0,0,1,55,0,2,1,2,0,0,1,2,50.0,1,2,1,1,2,4,0,0,Leicester City,Boubakary-Soumare,ae59b359
2024-11-23,Sat,Matchweek 12,Home,L 1–2,Leicester City,Chelsea,Y,CM,90,0,0,0,0,0,0,1,0,62,2,0,1,0.0,0.0,0.0,1,0,45,49,91.8,2,41,0,4,0,Match Report,45,49,91.8,654,210,31,31,100.0,13,15,86.7,1,2,50.0,0,0.0,0.0,0,2,0,0,2,49,49,0,0,0,1,0,0,0,0,0,0,45,0,1,1,1,0,0,0,0,0,0,0,0,0,0,0,0,62,6,25,33,5,0,62,4,0,0.0,2,50.0,41,157,63,0,0,0,0,1,39,0,2,0,1,1,0,2,2,100.0,0,1,0,1,0,2,1,1,Leicester City,Boubakary-Soumare,ae59b359
2024-11-30,Sat,Matchweek 13,Away,L 1–4,Leicester City,Brentford,Y,CM,63,0,0,0,0,0,0,0,0,43,0,0,0,0.0,0.0,0.0,0,0,34,40,85.0,3,30,0,1,1,Match Report,34,40,85.0,509,131,19,20,95.0,14,17,82.4,1,3,33.3,0,0.0,0.0,0,5,1,0,3,40,39,1,1,0,0,0,0,0,0,0,0,34,0,0,0,0,0,0,0,0,0,0,0,0,0,0,0,0,43,2,9,32,2,0,43,1,1,100.0,0,0.0,30,103,35,0,0,0,0,0,30,0,0,0,0,0,0,0,0,,0,0,0,0,0,0,0,0,Leicester City,Boubakary-Soumare,ae59b359
2024-12-03,Tue,Matchweek 14,Home,W 3–1,Leicester City,West Ham,Y,DM,90,0,0,0,0,0,0,1,0,47,4,0,2,0.0,0.0,0.0,0,0,32,36,88.9,3,31,0,2,1,Match Report,32,36,88.9,500,124,16,18,88.9,15,16,93.8,0,0,,0,0.0,0.0,0,3,0,0,3,36,36,0,0,1,0,0,0,0,0,0,0,32,0,1,0,0,0,0,0,0,0,0,0,0,0,0,0,0,47,3,14,31,2,0,47,2,1,50.0,1,50.0,31,160,79,0,0,0,2,0,28,1,4,2,2,2,0,2,3,66.7,1,2,1,1,0,4,2,0,Leicester City,Boubakary-Soumare,ae59b359
2024-12-08,Sun,Matchweek 15,Home,D 2–2,Leicester City,Brighton,Y,DM,90,0,0,0,0,1,0,1,0,73,3,1,0,0.0,0.0,0.0,4,0,51,62,82.3,3,44,1,5,3,Match Report,51,62,82.3,747,151,26,29,89.7,22,26,84.6,1,1,100.0,0,0.0,0.0,0,2,0,0,3,62,61,0,0,0,0,0,0,0,0,0,0,51,1,0,4,2,0,1,0,1,0,0,0,0,0,0,0,0,73,6,18,42,14,2,73,5,3,60.0,2,40.0,44,134,67,1,1,0,1,1,52,0,3,0,2,0,1,1,3,33.3,2,0,0,0,1,4,2,0,Leicester City,Boubakary-Soumare,ae59b359
2024-12-22,Sun,Matchweek 17,Home,L 0–3,Leicester City,Wolves,Y,DM,90,0,0,0,0,0,0,1,0,74,1,1,2,0.0,0.0,0.1,4,0,57,66,86.4,5,45,3,2,1,Match Report,57,66,86.4,888,239,29,32,90.6,24,27,88.9,1,2,50.0,0,0.1,0.1,2,7,2,1,5,66,65,1,1,0,0,1,0,0,0,0,0,57,0,1,4,3,0,0,0,1,0,0,0,0,0,0,0,0,74,0,15,47,13,0,74,2,1,50.0,1,50.0,45,215,131,3,1,0,1,1,57,3,1,1,1,0,0,1,1,100.0,0,2,0,2,1,2,0,0,Leicester City,Boubakary-Soumare,ae59b359
2024-12-26,Thu,Matchweek 18,Away,L 1–3,Leicester City,Liverpool,Y,DM,90,0,0,0,0,0,0,0,0,41,1,3,1,0.0,0.0,0.0,0,0,25,32,78.1,3,18,0,1,1,Match Report,25,32,78.1,401,125,14,17,82.4,9,12,75.0,2,2,100.0,0,0.0,0.0,0,2,0,0,3,32,31,1,1,0,0,0,0,0,0,0,0,25,0,0,0,0,0,0,0,0,0,0,0,0,0,0,0,0,41,5,19,20,2,0,41,1,1,100.0,0,0.0,18,65,29,0,0,0,2,2,28,0,1,0,1,0,0,0,0,,0,1,1,0,3,4,1,0,Leicester City,Boubakary-Soumare,ae59b359
2024-12-29,Sun,Matchweek 19,Home,L 0–2,Leicester City,Manchester City,Y,DM,90,0,0,0,0,0,0,1,0,84,1,2,0,0.0,0.0,0.0,1,0,68,74,91.9,5,57,2,0,0,Match Report,68,74,91.9,956,271,40,42,95.2,22,23,95.7,2,2,100.0,0,0.0,0.0,0,11,0,0,5,74,73,0,0,0,0,1,0,0,0,0,0,68,1,1,1,1,0,0,0,0,0,0,0,0,0,0,0,0,84,3,18,57,9,0,84,0,0,,0,,57,284,143,2,0,0,1,1,71,2,1,1,1,0,0,1,2,50.0,1,0,0,0,2,3,2,0,Leicester City,Boubakary-Soumare,ae59b359
2025-01-04,Sat,Matchweek 20,Away,L 1–2,Leicester City,Aston Villa,Y,DM,90,0,0,0,0,0,0,1,0,58,3,2,0,0.0,0.0,0.0,0,0,44,51,86.3,2,42,1,2,2,Match Report,44,51,86.3,633,174,26,28,92.9,16,18,88.9,2,2,100.0,0,0.0,0.0,0,4,0,0,2,51,50,0,0,0,0,1,0,0,0,0,0,44,1,1,0,0,0,0,0,0,0,0,0,0,0,0,0,0,58,3,18,38,2,0,58,2,2,100.0,0,0.0,42,164,69,1,0,0,0,2,45,0,3,2,1,2,0,1,2,50.0,1,0,0,0,2,5,2,0,Leicester City,Boubakary-Soumare,ae59b359
2025-01-15,Wed,Matchweek 21,Home,L 0–2,Leicester City,Crystal Palace,Y,"DM,CM",90,0,0,0,0,2,0,0,0,86,1,2,0,0.1,0.1,0.0,3,0,69,77,89.6,6,40,5,1,1,Match Report,69,77,89.6,992,249,38,38,100.0,25,32,78.1,2,2,100.0,0,0.0,0.1,0,4,2,0,6,77,75,2,1,1,0,0,1,0,0,0,0,69,0,0,3,2,0,0,1,0,0,0,0,0,0,0,0,0,86,4,21,53,12,1,86,1,1,100.0,0,0.0,40,211,118,5,2,1,1,1,66,1,1,1,0,1,0,1,2,50.0,1,0,0,0,2,3,2,0,Leicester City,Boubakary-Soumare,ae59b359
2025-01-18,Sat,Matchweek 22,Home,L 0–2,Leicester City,Fulham,Y,DM,90,0,0,0,0,0,0,0,0,66,0,1,0,0.0,0.0,0.0,1,0,49,59,83.1,5,37,1,3,2,Match Report,49,59,83.1,712,245,30,34,88.2,14,17,82.4,2,3,66.7,0,0.0,0.0,0,3,0,0,5,59,58,1,0,0,0,2,1,0,0,0,0,49,0,0,1,0,0,1,0,0,0,0,0,0,0,0,0,0,66,1,17,43,8,3,66,3,2,66.7,0,0.0,37,215,132,1,1,1,2,2,43,0,0,0,0,0,0,0,0,,0,0,0,0,1,1,1,0,Leicester City,Boubakary-Soumare,ae59b359
2025-01-26,Sun,Matchweek 23,Away,W 2–1,Leicester City,Tottenham,Y,"DM,CM",90,0,0,0,0,1,0,0,0,47,3,2,0,0.0,0.0,0.0,5,3,38,42,90.5,5,30,1,3,3,Match Report,38,42,90.5,607,120,18,21,85.7,18,19,94.7,2,2,100.0,0,0.0,0.0,1,3,2,1,5,42,42,0,0,0,0,1,0,0,0,0,0,38,0,0,5,4,0,1,0,0,0,3,3,0,0,0,0,0,47,0,8,34,6,0,47,3,3,100.0,0,0.0,30,111,64,1,0,0,2,0,26,1,3,2,1,2,0,2,2,100.0,0,0,0,0,2,5,0,0,Leicester City,Boubakary-Soumare,ae59b359
2025-02-01,Sat,Matchweek 24,Away,L 0–4,Leicester City,Everton,Y,DM,90,0,0,0,0,0,0,0,0,66,3,0,1,0.0,0.0,0.1,3,0,41,53,77.4,7,27,0,0,0,Match Report,41,53,77.4,721,213,19,22,86.4,18,23,78.3,4,6,66.7,0,0.1,0.1,3,3,2,0,7,53,53,0,0,0,0,0,0,0,0,0,0,41,0,1,3,3,0,0,0,0,0,0,0,0,0,0,0,0,66,4,20,37,11,3,66,0,0,,0,,27,140,71,0,0,0,2,1,43,1,3,2,2,1,0,2,3,66.7,1,1,0,1,0,3,3,0,Leicester City,Boubakary-Soumare,ae59b359
2025-02-15,Sat,Matchweek 25,Home,L 0–2,Leicester City,Arsenal,Y,"DM,CM",90,0,0,0,0,0,0,0,0,41,1,1,0,0.0,0.0,0.0,1,0,25,34,73.5,4,25,4,4,4,Match Report,25,34,73.5,363,110,15,19,78.9,9,12,75.0,1,2,50.0,0,0.0,0.0,0,4,1,0,4,34,32,2,2,0,0,1,0,0,0,0,0,25,0,2,1,1,0,0,0,0,0,0,0,0,0,0,0,0,41,3,15,18,8,2,41,4,4,100.0,0,0.0,25,175,115,4,0,0,2,2,20,4,1,1,1,0,0,1,1,100.0,0,0,0,0,1,2,1,1,Leicester City,Boubakary-Soumare,ae59b359
2025-02-21,Fri,Matchweek 26,Home,L 0–4,Leicester City,Brentford,Y,DM,90,0,0,0,0,0,0,0,0,55,2,2,1,0.0,0.0,0.1,2,0,45,49,91.8,5,39,3,1,0,Match Report,45,49,91.8,700,219,30,30,100.0,12,13,92.3,3,4,75.0,0,0.1,0.1,2,1,0,0,5,49,49,0,0,0,0,1,0,0,0,0,0,45,0,0,2,2,0,0,0,0,0,0,0,0,0,0,0,0,55,2,12,29,15,2,55,1,0,0.0,1,100.0,39,182,92,3,3,0,0,1,41,3,2,0,2,0,0,1,1,100.0,0,1,0,1,2,4,1,0,Leicester City,Boubakary-Soumare,ae59b359
2025-02-27,Thu,Matchweek 27,Away,L 0–2,Leicester City,West Ham,Y,DM,60,0,0,0,0,0,0,0,0,29,0,1,1,0.0,0.0,0.0,0,0,24,25,96.0,2,21,2,0,0,Match Report,24,25,96.0,330,86,17,17,100.0,7,8,87.5,0,0,,0,0.0,0.0,0,3,0,0,2,25,24,1,1,0,0,0,0,0,0,0,0,24,0,0,0,0,0,0,0,0,0,0,0,0,0,0,0,0,29,0,7,20,2,0,29,0,0,,0,,21,117,69,2,1,0,0,2,25,2,0,0,0,0,0,0,0,,0,1,0,1,1,1,0,0,Leicester City,Boubakary-Soumare,ae59b359
2025-03-09,Sun,Matchweek 28,Away,L 0–1,Leicester City,Chelsea,Y,CM,65,0,0,0,0,0,0,0,0,35,1,1,1,0.0,0.0,0.0,0,0,25,30,83.3,2,16,1,0,0,Match Report,25,30,83.3,414,100,13,13,100.0,10,13,76.9,2,2,100.0,0,0.0,0.0,0,2,0,0,2,30,30,0,0,0,0,0,0,0,0,0,0,25,0,2,0,0,0,0,0,0,0,0,0,0,0,0,0,0,35,2,12,23,0,0,35,0,0,,0,,16,98,74,1,0,0,0,0,20,0,1,0,1,0,0,0,2,0.0,2,1,1,0,1,2,2,0,Leicester City,Boubakary-Soumare,ae59b359
2025-03-16,Sun,Matchweek 29,Home,L 0–3,Leicester City,Manchester Utd,Y,CM,63,0,0,0,0,1,0,0,0,49,0,0,2,0.0,0.0,0.0,5,0,39,43,90.7,6,23,3,4,4,Match Report,39,43,90.7,712,202,14,14,100.0,20,23,87.0,4,4,100.0,0,0.0,0.2,1,3,1,0,6,43,43,0,0,1,0,0,0,0,0,0,0,39,0,1,5,3,0,2,0,0,0,0,0,0,0,0,0,0,49,1,6,39,5,0,49,4,4,100.0,0,0.0,23,151,90,3,2,0,0,2,36,0,0,0,0,0,0,0,0,,0,2,2,0,0,0,0,1,Leicester City,Boubakary-Soumare,ae59b359
2025-04-02,Wed,Matchweek 30,Away,L 0–2,Leicester City,Manchester City,Y,CM,75,0,0,0,0,0,0,0,0,29,1,0,0,0.0,0.0,0.0,0,0,18,23,78.3,2,12,0,2,1,Match Report,18,23,78.3,260,75,9,11,81.8,6,7,85.7,1,2,50.0,0,0.0,0.0,0,2,0,0,2,23,23,0,0,0,0,0,0,0,0,0,0,18,0,1,0,0,0,0,0,0,0,0,0,0,0,0,0,0,29,3,15,14,0,0,29,2,1,50.0,1,50.0,12,59,27,0,0,0,1,0,16,0,1,1,1,0,0,0,0,,0,0,0,0,0,1,2,0,Leicester City,Boubakary-Soumare,ae59b359
2025-04-07,Mon,Matchweek 31,Home,L 0–3,Leicester City,Newcastle Utd,Y,"DM,CM",90,0,0,0,0,0,0,0,0,92,0,2,0,0.0,0.0,0.0,0,0,80,87,92.0,9,58,0,1,0,Match Report,80,87,92.0,1326,254,31,34,91.2,43,46,93.5,4,4,100.0,0,0.0,0.0,0,13,0,0,9,87,87,0,0,0,0,0,0,0,0,0,0,80,0,0,0,0,0,0,0,0,0,0,0,0,0,0,0,0,92,1,9,76,8,0,92,1,0,0.0,1,100.0,58,239,83,0,1,0,1,0,72,1,0,0,0,0,0,0,1,0.0,1,0,0,0,2,2,0,0,Leicester City,Boubakary-Soumare,ae59b359
2025-04-12,Sat,Matchweek 32,Away,D 2–2,Leicester City,Brighton,Y,DM,90,0,0,0,0,1,0,0,0,49,2,1,1,0.0,0.0,0.0,1,0,34,39,87.2,5,26,1,1,0,Match Report,34,39,87.2,511,159,22,25,88.0,11,12,91.7,1,2,50.0,0,0.0,0.0,1,5,1,0,5,39,39,0,0,0,0,0,0,0,0,0,0,34,0,0,1,1,0,0,0,0,0,0,0,0,0,0,0,0,49,3,16,26,7,2,49,1,0,0.0,1,100.0,26,140,65,1,2,1,1,1,30,0,2,2,1,1,0,2,3,66.7,1,1,0,1,1,3,2,0,Leicester City,Boubakary-Soumare,ae59b359
2025-04-20,Sun,Matchweek 33,Home,L 0–1,Leicester City,Liverpool,Y,DM,90,0,0,0,0,0,0,0,0,53,0,0,0,0.0,0.0,0.0,0,0,35,43,81.4,0,38,1,0,0,Match Report,35,43,81.4,436,49,22,26,84.6,9,9,100.0,1,3,33.3,0,0.0,0.0,0,0,0,0,0,43,43,0,0,0,0,0,0,0,0,0,0,35,0,1,0,0,0,0,0,0,0,0,0,0,0,0,0,0,53,6,19,31,3,1,53,0,0,,0,,38,139,66,1,0,0,0,0,39,0,0,0,0,0,0,0,0,,0,0,0,0,0,0,6,0,Leicester City,Boubakary-Soumare,ae59b359
2025-04-26,Sat,Matchweek 34,Away,L 0–3,Leicester City,Wolves,Y,DM,45,0,0,0,0,0,0,0,0,25,1,0,4,0.0,0.0,0.0,0,0,18,20,90.0,1,15,0,2,1,Match Report,18,20,90.0,285,92,11,12,91.7,6,7,85.7,1,1,100.0,0,0.0,0.0,0,0,0,0,1,20,20,0,0,0,0,0,0,0,0,0,0,18,0,0,0,0,0,0,0,0,0,0,0,0,0,0,0,0,25,2,9,16,0,0,25,2,1,50.0,1,50.0,15,51,30,0,0,0,0,0,19,0,1,1,0,1,0,0,0,,0,4,1,3,0,1,0,0,Leicester City,Boubakary-Soumare,ae59b359
2025-05-03,Sat,Matchweek 35,Home,W 2–0,Leicester City,Southampton,N,DM,7,0,0,0,0,0,0,0,0,6,0,0,1,0.0,0.0,0.0,0,0,3,4,75.0,1,1,0,0,0,Match Report,3,4,75.0,40,9,2,2,100.0,1,1,100.0,0,1,0.0,0,0.0,0.0,0,0,0,0,1,4,4,0,0,0,0,0,0,0,0,0,0,3,0,0,0,0,0,0,0,0,0,0,0,0,0,0,0,0,6,2,4,2,0,0,6,0,0,,0,,1,2,0,0,0,0,0,0,4,0,0,0,0,0,0,0,0,,0,1,1,0,0,0,1,0,Leicester City,Boubakary-Soumare,ae59b359
2025-05-11,Sun,Matchweek 36,Away,D 2–2,Leicester City,Nott'ham Forest,N,"DM,CM",31,0,0,0,0,0,0,0,0,21,0,1,2,0.0,0.0,0.0,1,0,13,15,86.7,5,12,1,0,0,Match Report,13,15,86.7,234,65,5,5,100.0,6,7,85.7,1,1,100.0,0,0.0,0.0,0,1,1,0,5,15,14,1,1,0,0,1,0,0,0,0,0,13,0,0,1,1,0,0,0,0,0,0,0,0,0,0,0,0,21,0,4,12,5,1,21,0,0,,0,,12,43,26,1,0,1,2,0,12,1,0,0,0,0,0,0,0,,0,2,2,0,1,1,0,0,Leicester City,Boubakary-Soumare,ae59b359
2025-05-18,Sun,Matchweek 37,Home,W 2–0,Leicester City,Ipswich Town,Y,DM,90,0,0,0,0,0,0,0,0,59,3,1,0,0.0,0.0,0.0,0,0,47,51,92.2,3,26,2,1,0,Match Report,47,51,92.2,613,130,24,26,92.3,15,16,93.8,2,3,66.7,0,0.0,0.0,0,3,0,0,3,51,51,0,0,0,0,0,0,0,0,0,0,47,0,0,0,0,0,0,0,0,0,0,0,0,0,0,0,0,59,4,19,38,3,0,59,1,0,0.0,1,100.0,26,111,63,2,1,0,1,0,44,1,3,2,2,1,0,2,2,100.0,0,0,0,0,1,4,1,0,Leicester City,Boubakary-Soumare,ae59b359
2025-05-25,Sun,Matchweek 38,Away,L 0–2,Leicester City,Bournemouth,Y,DM,90,0,0,0,0,0,0,0,0,37,1,1,0,0.0,0.0,0.0,0,0,28,32,87.5,2,21,0,0,0,Match Report,28,32,87.5,408,117,15,17,88.2,11,12,91.7,1,1,100.0,0,0.0,0.1,0,1,2,1,2,32,32,0,0,0,0,1,0,0,0,0,0,28,0,1,0,0,0,0,0,0,0,0,0,0,0,0,0,0,37,5,11,18,8,0,37,0,0,,0,,21,114,41,0,2,0,1,1,28,0,1,0,1,0,0,1,1,100.0,0,0,0,0,1,2,2,1,Leicester City,Boubakary-Soumare,ae59b359
2024-09-14,Sat,Matchweek 4,Away,D 2–2,Leicester City,Crystal Palace,N,CB,8,0,0,0,0,0,0,1,0,8,0,1,2,0.0,0.0,0.0,0,0,1,2,50.0,0,2,0,0,0,Match Report,1,2,50.0,24,0,0,0,,1,2,50.0,0,0,,0,0.0,0.0,0,0,0,0,0,2,2,0,0,0,0,0,0,0,0,0,0,1,0,0,0,0,0,0,0,0,0,0,0,0,0,0,0,0,8,4,8,0,0,0,8,0,0,,0,,2,7,0,0,1,1,1,0,0,0,0,0,0,0,0,0,0,,0,2,1,1,1,1,2,0,Leicester City,Conor-Coady,2928dca2
2024-09-21,Sat,Matchweek 5,Home,D 1–1,Leicester City,Everton,N,"On matchday squad, but did not play","On matchday squad, but did not play","On matchday squad, but did not play","On matchday squad, but did not play","On matchday squad, but did not play","On matchday squad, but did not play","On matchday squad, but did not play","On matchday squad, but did not play","On matchday squad, but did not play","On matchday squad, but did not play","On matchday squad, but did not play","On matchday squad, but did not play","On matchday squad, but did not play","On matchday squad, but did not play","On matchday squad, but did not play","On matchday squad, but did not play","On matchday squad, but did not play","On matchday squad, but did not play","On matchday squad, but did not play","On matchday squad, but did not play","On matchday squad, but did not play","On matchday squad, but did not play","On matchday squad, but did not play","On matchday squad, but did not play","On matchday squad, but did not play","On matchday squad, but did not play","On matchday squad, but did not play",Match Report,"On matchday squad, but did not play","On matchday squad, but did not play","On matchday squad, but did not play","On matchday squad, but did not play","On matchday squad, but did not play","On matchday squad, but did not play","On matchday squad, but did not play","On matchday squad, but did not play","On matchday squad, but did not play","On matchday squad, but did not play","On matchday squad, but did not play","On matchday squad, but did not play","On matchday squad, but did not play","On matchday squad, but did not play","On matchday squad, but did not play","On matchday squad, but did not play","On matchday squad, but did not play","On matchday squad, but did not play","On matchday squad, but did not play","On matchday squad, but did not play","On matchday squad, but did not play","On matchday squad, but did not play","On matchday squad, but did not play","On matchday squad, but did not play","On matchday squad, but did not play","On matchday squad, but did not play","On matchday squad, but did not play","On matchday squad, but did not play","On matchday squad, but did not play","On matchday squad, but did not play","On matchday squad, but did not play","On matchday squad, but did not play","On matchday squad, but did not play","On matchday squad, but did not play","On matchday squad, but did not play","On matchday squad, but did not play","On matchday squad, but did not play","On matchday squad, but did not play","On matchday squad, but did not play","On matchday squad, but did not play","On matchday squad, but did not play","On matchday squad, but did not play","On matchday squad, but did not play","On matchday squad, but did not play","On matchday squad, but did not play","On matchday squad, but did not play","On matchday squad, but did not play","On matchday squad, but did not play","On matchday squad, but did not play","On matchday squad, but did not play","On matchday squad, but did not play","On matchday squad, but did not play","On matchday squad, but did not play","On matchday squad, but did not play","On matchday squad, but did not play","On matchday squad, but did not play","On matchday squad, but did not play","On matchday squad, but did not play","On matchday squad, but did not play","On matchday squad, but did not play","On matchday squad, but did not play","On matchday squad, but did not play","On matchday squad, but did not play","On matchday squad, but did not play","On matchday squad, but did not play","On matchday squad, but did not play","On matchday squad, but did not play","On matchday squad, but did not play","On matchday squad, but did not play","On matchday squad, but did not play","On matchday squad, but did not play","On matchday squad, but did not play","On matchday squad, but did not play","On matchday squad, but did not play","On matchday squad, but did not play","On matchday squad, but did not play","On matchday squad, but did not play","On matchday squad, but did not play","On matchday squad, but did not play","On matchday squad, but did not play","On matchday squad, but did not play","On matchday squad, but did not play","On matchday squad, but did not play","On matchday squad, but did not play","On matchday squad, but did not play","On matchday squad, but did not play","On matchday squad, but did not play","On matchday squad, but did not play","On matchday squad, but did not play",Leicester City,Conor-Coady,2928dca2
2024-09-28,Sat,Matchweek 6,Away,L 2–4,Leicester City,Arsenal,N,"On matchday squad, but did not play","On matchday squad, but did not play","On matchday squad, but did not play","On matchday squad, but did not play","On matchday squad, but did not play","On matchday squad, but did not play","On matchday squad, but did not play","On matchday squad, but did not play","On matchday squad, but did not play","On matchday squad, but did not play","On matchday squad, but did not play","On matchday squad, but did not play","On matchday squad, but did not play","On matchday squad, but did not play","On matchday squad, but did not play","On matchday squad, but did not play","On matchday squad, but did not play","On matchday squad, but did not play","On matchday squad, but did not play","On matchday squad, but did not play","On matchday squad, but did not play","On matchday squad, but did not play","On matchday squad, but did not play","On matchday squad, but did not play","On matchday squad, but did not play","On matchday squad, but did not play","On matchday squad, but did not play",Match Report,"On matchday squad, but did not play","On matchday squad, but did not play","On matchday squad, but did not play","On matchday squad, but did not play","On matchday squad, but did not play","On matchday squad, but did not play","On matchday squad, but did not play","On matchday squad, but did not play","On matchday squad, but did not play","On matchday squad, but did not play","On matchday squad, but did not play","On matchday squad, but did not play","On matchday squad, but did not play","On matchday squad, but did not play","On matchday squad, but did not play","On matchday squad, but did not play","On matchday squad, but did not play","On matchday squad, but did not play","On matchday squad, but did not play","On matchday squad, but did not play","On matchday squad, but did not play","On matchday squad, but did not play","On matchday squad, but did not play","On matchday squad, but did not play","On matchday squad, but did not play","On matchday squad, but did not play","On matchday squad, but did not play","On matchday squad, but did not play","On matchday squad, but did not play","On matchday squad, but did not play","On matchday squad, but did not play","On matchday squad, but did not play","On matchday squad, but did not play","On matchday squad, but did not play","On matchday squad, but did not play","On matchday squad, but did not play","On matchday squad, but did not play","On matchday squad, but did not play","On matchday squad, but did not play","On matchday squad, but did not play","On matchday squad, but did not play","On matchday squad, but did not play","On matchday squad, but did not play","On matchday squad, but did not play","On matchday squad, but did not play","On matchday squad, but did not play","On matchday squad, but did not play","On matchday squad, but did not play","On matchday squad, but did not play","On matchday squad, but did not play","On matchday squad, but did not play","On matchday squad, but did not play","On matchday squad, but did not play","On matchday squad, but did not play","On matchday squad, but did not play","On matchday squad, but did not play","On matchday squad, but did not play","On matchday squad, but did not play","On matchday squad, but did not play","On matchday squad, but did not play","On matchday squad, but did not play","On matchday squad, but did not play","On matchday squad, but did not play","On matchday squad, but did not play","On matchday squad, but did not play","On matchday squad, but did not play","On matchday squad, but did not play","On matchday squad, but did not play","On matchday squad, but did not play","On matchday squad, but did not play","On matchday squad, but did not play","On matchday squad, but did not play","On matchday squad, but did not play","On matchday squad, but did not play","On matchday squad, but did not play","On matchday squad, but did not play","On matchday squad, but did not play","On matchday squad, but did not play","On matchday squad, but did not play","On matchday squad, but did not play","On matchday squad, but did not play","On matchday squad, but did not play","On matchday squad, but did not play","On matchday squad, but did not play","On matchday squad, but did not play","On matchday squad, but did not play","On matchday squad, but did not play","On matchday squad, but did not play","On matchday squad, but did not play",Leicester City,Conor-Coady,2928dca2
2024-10-05,Sat,Matchweek 7,Home,W 1–0,Leicester City,Bournemouth,N,"On matchday squad, but did not play","On matchday squad, but did not play","On matchday squad, but did not play","On matchday squad, but did not play","On matchday squad, but did not play","On matchday squad, but did not play","On matchday squad, but did not play","On matchday squad, but did not play","On matchday squad, but did not play","On matchday squad, but did not play","On matchday squad, but did not play","On matchday squad, but did not play","On matchday squad, but did not play","On matchday squad, but did not play","On matchday squad, but did not play","On matchday squad, but did not play","On matchday squad, but did not play","On matchday squad, but did not play","On matchday squad, but did not play","On matchday squad, but did not play","On matchday squad, but did not play","On matchday squad, but did not play","On matchday squad, but did not play","On matchday squad, but did not play","On matchday squad, but did not play","On matchday squad, but did not play","On matchday squad, but did not play",Match Report,"On matchday squad, but did not play","On matchday squad, but did not play","On matchday squad, but did not play","On matchday squad, but did not play","On matchday squad, but did not play","On matchday squad, but did not play","On matchday squad, but did not play","On matchday squad, but did not play","On matchday squad, but did not play","On matchday squad, but did not play","On matchday squad, but did not play","On matchday squad, but did not play","On matchday squad, but did not play","On matchday squad, but did not play","On matchday squad, but did not play","On matchday squad, but did not play","On matchday squad, but did not play","On matchday squad, but did not play","On matchday squad, but did not play","On matchday squad, but did not play","On matchday squad, but did not play","On matchday squad, but did not play","On matchday squad, but did not play","On matchday squad, but did not play","On matchday squad, but did not play","On matchday squad, but did not play","On matchday squad, but did not play","On matchday squad, but did not play","On matchday squad, but did not play","On matchday squad, but did not play","On matchday squad, but did not play","On matchday squad, but did not play","On matchday squad, but did not play","On matchday squad, but did not play","On matchday squad, but did not play","On matchday squad, but did not play","On matchday squad, but did not play","On matchday squad, but did not play","On matchday squad, but did not play","On matchday squad, but did not play","On matchday squad, but did not play","On matchday squad, but did not play","On matchday squad, but did not play","On matchday squad, but did not play","On matchday squad, but did not play","On matchday squad, but did not play","On matchday squad, but did not play","On matchday squad, but did not play","On matchday squad, but did not play","On matchday squad, but did not play","On matchday squad, but did not play","On matchday squad, but did not play","On matchday squad, but did not play","On matchday squad, but did not play","On matchday squad, but did not play","On matchday squad, but did not play","On matchday squad, but did not play","On matchday squad, but did not play","On matchday squad, but did not play","On matchday squad, but did not play","On matchday squad, but did not play","On matchday squad, but did not play","On matchday squad, but did not play","On matchday squad, but did not play","On matchday squad, but did not play","On matchday squad, but did not play","On matchday squad, but did not play","On matchday squad, but did not play","On matchday squad, but did not play","On matchday squad, but did not play","On matchday squad, but did not play","On matchday squad, but did not play","On matchday squad, but did not play","On matchday squad, but did not play","On matchday squad, but did not play","On matchday squad, but did not play","On matchday squad, but did not play","On matchday squad, but did not play","On matchday squad, but did not play","On matchday squad, but did not play","On matchday squad, but did not play","On matchday squad, but did not play","On matchday squad, but did not play","On matchday squad, but did not play","On matchday squad, but did not play","On matchday squad, but did not play","On matchday squad, but did not play","On matchday squad, but did not play","On matchday squad, but did not play",Leicester City,Conor-Coady,2928dca2
2024-10-19,Sat,Matchweek 8,Away,W 3–2,Leicester City,Southampton,N,"On matchday squad, but did not play","On matchday squad, but did not play","On matchday squad, but did not play","On matchday squad, but did not play","On matchday squad, but did not play","On matchday squad, but did not play","On matchday squad, but did not play","On matchday squad, but did not play","On matchday squad, but did not play","On matchday squad, but did not play","On matchday squad, but did not play","On matchday squad, but did not play","On matchday squad, but did not play","On matchday squad, but did not play","On matchday squad, but did not play","On matchday squad, but did not play","On matchday squad, but did not play","On matchday squad, but did not play","On matchday squad, but did not play","On matchday squad, but did not play","On matchday squad, but did not play","On matchday squad, but did not play","On matchday squad, but did not play","On matchday squad, but did not play","On matchday squad, but did not play","On matchday squad, but did not play","On matchday squad, but did not play",Match Report,"On matchday squad, but did not play","On matchday squad, but did not play","On matchday squad, but did not play","On matchday squad, but did not play","On matchday squad, but did not play","On matchday squad, but did not play","On matchday squad, but did not play","On matchday squad, but did not play","On matchday squad, but did not play","On matchday squad, but did not play","On matchday squad, but did not play","On matchday squad, but did not play","On matchday squad, but did not play","On matchday squad, but did not play","On matchday squad, but did not play","On matchday squad, but did not play","On matchday squad, but did not play","On matchday squad, but did not play","On matchday squad, but did not play","On matchday squad, but did not play","On matchday squad, but did not play","On matchday squad, but did not play","On matchday squad, but did not play","On matchday squad, but did not play","On matchday squad, but did not play","On matchday squad, but did not play","On matchday squad, but did not play","On matchday squad, but did not play","On matchday squad, but did not play","On matchday squad, but did not play","On matchday squad, but did not play","On matchday squad, but did not play","On matchday squad, but did not play","On matchday squad, but did not play","On matchday squad, but did not play","On matchday squad, but did not play","On matchday squad, but did not play","On matchday squad, but did not play","On matchday squad, but did not play","On matchday squad, but did not play","On matchday squad, but did not play","On matchday squad, but did not play","On matchday squad, but did not play","On matchday squad, but did not play","On matchday squad, but did not play","On matchday squad, but did not play","On matchday squad, but did not play","On matchday squad, but did not play","On matchday squad, but did not play","On matchday squad, but did not play","On matchday squad, but did not play","On matchday squad, but did not play","On matchday squad, but did not play","On matchday squad, but did not play","On matchday squad, but did not play","On matchday squad, but did not play","On matchday squad, but did not play","On matchday squad, but did not play","On matchday squad, but did not play","On matchday squad, but did not play","On matchday squad, but did not play","On matchday squad, but did not play","On matchday squad, but did not play","On matchday squad, but did not play","On matchday squad, but did not play","On matchday squad, but did not play","On matchday squad, but did not play","On matchday squad, but did not play","On matchday squad, but did not play","On matchday squad, but did not play","On matchday squad, but did not play","On matchday squad, but did not play","On matchday squad, but did not play","On matchday squad, but did not play","On matchday squad, but did not play","On matchday squad, but did not play","On matchday squad, but did not play","On matchday squad, but did not play","On matchday squad, but did not play","On matchday squad, but did not play","On matchday squad, but did not play","On matchday squad, but did not play","On matchday squad, but did not play","On matchday squad, but did not play","On matchday squad, but did not play","On matchday squad, but did not play","On matchday squad, but did not play","On matchday squad, but did not play","On matchday squad, but did not play",Leicester City,Conor-Coady,2928dca2
2024-10-25,Fri,Matchweek 9,Home,L 1–3,Leicester City,Nott'ham Forest,N,"On matchday squad, but did not play","On matchday squad, but did not play","On matchday squad, but did not play","On matchday squad, but did not play","On matchday squad, but did not play","On matchday squad, but did not play","On matchday squad, but did not play","On matchday squad, but did not play","On matchday squad, but did not play","On matchday squad, but did not play","On matchday squad, but did not play","On matchday squad, but did not play","On matchday squad, but did not play","On matchday squad, but did not play","On matchday squad, but did not play","On matchday squad, but did not play","On matchday squad, but did not play","On matchday squad, but did not play","On matchday squad, but did not play","On matchday squad, but did not play","On matchday squad, but did not play","On matchday squad, but did not play","On matchday squad, but did not play","On matchday squad, but did not play","On matchday squad, but did not play","On matchday squad, but did not play","On matchday squad, but did not play",Match Report,"On matchday squad, but did not play","On matchday squad, but did not play","On matchday squad, but did not play","On matchday squad, but did not play","On matchday squad, but did not play","On matchday squad, but did not play","On matchday squad, but did not play","On matchday squad, but did not play","On matchday squad, but did not play","On matchday squad, but did not play","On matchday squad, but did not play","On matchday squad, but did not play","On matchday squad, but did not play","On matchday squad, but did not play","On matchday squad, but did not play","On matchday squad, but did not play","On matchday squad, but did not play","On matchday squad, but did not play","On matchday squad, but did not play","On matchday squad, but did not play","On matchday squad, but did not play","On matchday squad, but did not play","On matchday squad, but did not play","On matchday squad, but did not play","On matchday squad, but did not play","On matchday squad, but did not play","On matchday squad, but did not play","On matchday squad, but did not play","On matchday squad, but did not play","On matchday squad, but did not play","On matchday squad, but did not play","On matchday squad, but did not play","On matchday squad, but did not play","On matchday squad, but did not play","On matchday squad, but did not play","On matchday squad, but did not play","On matchday squad, but did not play","On matchday squad, but did not play","On matchday squad, but did not play","On matchday squad, but did not play","On matchday squad, but did not play","On matchday squad, but did not play","On matchday squad, but did not play","On matchday squad, but did not play","On matchday squad, but did not play","On matchday squad, but did not play","On matchday squad, but did not play","On matchday squad, but did not play","On matchday squad, but did not play","On matchday squad, but did not play","On matchday squad, but did not play","On matchday squad, but did not play","On matchday squad, but did not play","On matchday squad, but did not play","On matchday squad, but did not play","On matchday squad, but did not play","On matchday squad, but did not play","On matchday squad, but did not play","On matchday squad, but did not play","On matchday squad, but did not play","On matchday squad, but did not play","On matchday squad, but did not play","On matchday squad, but did not play","On matchday squad, but did not play","On matchday squad, but did not play","On matchday squad, but did not play","On matchday squad, but did not play","On matchday squad, but did not play","On matchday squad, but did not play","On matchday squad, but did not play","On matchday squad, but did not play","On matchday squad, but did not play","On matchday squad, but did not play","On matchday squad, but did not play","On matchday squad, but did not play","On matchday squad, but did not play","On matchday squad, but did not play","On matchday squad, but did not play","On matchday squad, but did not play","On matchday squad, but did not play","On matchday squad, but did not play","On matchday squad, but did not play","On matchday squad, but did not play","On matchday squad, but did not play","On matchday squad, but did not play","On matchday squad, but did not play","On matchday squad, but did not play","On matchday squad, but did not play","On matchday squad, but did not play",Leicester City,Conor-Coady,2928dca2
2024-11-02,Sat,Matchweek 10,Away,D 1–1,Leicester City,Ipswich Town,N,"On matchday squad, but did not play","On matchday squad, but did not play","On matchday squad, but did not play","On matchday squad, but did not play","On matchday squad, but did not play","On matchday squad, but did not play","On matchday squad, but did not play","On matchday squad, but did not play","On matchday squad, but did not play","On matchday squad, but did not play","On matchday squad, but did not play","On matchday squad, but did not play","On matchday squad, but did not play","On matchday squad, but did not play","On matchday squad, but did not play","On matchday squad, but did not play","On matchday squad, but did not play","On matchday squad, but did not play","On matchday squad, but did not play","On matchday squad, but did not play","On matchday squad, but did not play","On matchday squad, but did not play","On matchday squad, but did not play","On matchday squad, but did not play","On matchday squad, but did not play","On matchday squad, but did not play","On matchday squad, but did not play",Match Report,"On matchday squad, but did not play","On matchday squad, but did not play","On matchday squad, but did not play","On matchday squad, but did not play","On matchday squad, but did not play","On matchday squad, but did not play","On matchday squad, but did not play","On matchday squad, but did not play","On matchday squad, but did not play","On matchday squad, but did not play","On matchday squad, but did not play","On matchday squad, but did not play","On matchday squad, but did not play","On matchday squad, but did not play","On matchday squad, but did not play","On matchday squad, but did not play","On matchday squad, but did not play","On matchday squad, but did not play","On matchday squad, but did not play","On matchday squad, but did not play","On matchday squad, but did not play","On matchday squad, but did not play","On matchday squad, but did not play","On matchday squad, but did not play","On matchday squad, but did not play","On matchday squad, but did not play","On matchday squad, but did not play","On matchday squad, but did not play","On matchday squad, but did not play","On matchday squad, but did not play","On matchday squad, but did not play","On matchday squad, but did not play","On matchday squad, but did not play","On matchday squad, but did not play","On matchday squad, but did not play","On matchday squad, but did not play","On matchday squad, but did not play","On matchday squad, but did not play","On matchday squad, but did not play","On matchday squad, but did not play","On matchday squad, but did not play","On matchday squad, but did not play","On matchday squad, but did not play","On matchday squad, but did not play","On matchday squad, but did not play","On matchday squad, but did not play","On matchday squad, but did not play","On matchday squad, but did not play","On matchday squad, but did not play","On matchday squad, but did not play","On matchday squad, but did not play","On matchday squad, but did not play","On matchday squad, but did not play","On matchday squad, but did not play","On matchday squad, but did not play","On matchday squad, but did not play","On matchday squad, but did not play","On matchday squad, but did not play","On matchday squad, but did not play","On matchday squad, but did not play","On matchday squad, but did not play","On matchday squad, but did not play","On matchday squad, but did not play","On matchday squad, but did not play","On matchday squad, but did not play","On matchday squad, but did not play","On matchday squad, but did not play","On matchday squad, but did not play","On matchday squad, but did not play","On matchday squad, but did not play","On matchday squad, but did not play","On matchday squad, but did not play","On matchday squad, but did not play","On matchday squad, but did not play","On matchday squad, but did not play","On matchday squad, but did not play","On matchday squad, but did not play","On matchday squad, but did not play","On matchday squad, but did not play","On matchday squad, but did not play","On matchday squad, but did not play","On matchday squad, but did not play","On matchday squad, but did not play","On matchday squad, but did not play","On matchday squad, but did not play","On matchday squad, but did not play","On matchday squad, but did not play","On matchday squad, but did not play","On matchday squad, but did not play",Leicester City,Conor-Coady,2928dca2
2024-11-10,Sun,Matchweek 11,Away,L 0–3,Leicester City,Manchester Utd,N,"On matchday squad, but did not play","On matchday squad, but did not play","On matchday squad, but did not play","On matchday squad, but did not play","On matchday squad, but did not play","On matchday squad, but did not play","On matchday squad, but did not play","On matchday squad, but did not play","On matchday squad, but did not play","On matchday squad, but did not play","On matchday squad, but did not play","On matchday squad, but did not play","On matchday squad, but did not play","On matchday squad, but did not play","On matchday squad, but did not play","On matchday squad, but did not play","On matchday squad, but did not play","On matchday squad, but did not play","On matchday squad, but did not play","On matchday squad, but did not play","On matchday squad, but did not play","On matchday squad, but did not play","On matchday squad, but did not play","On matchday squad, but did not play","On matchday squad, but did not play","On matchday squad, but did not play","On matchday squad, but did not play",Match Report,"On matchday squad, but did not play","On matchday squad, but did not play","On matchday squad, but did not play","On matchday squad, but did not play","On matchday squad, but did not play","On matchday squad, but did not play","On matchday squad, but did not play","On matchday squad, but did not play","On matchday squad, but did not play","On matchday squad, but did not play","On matchday squad, but did not play","On matchday squad, but did not play","On matchday squad, but did not play","On matchday squad, but did not play","On matchday squad, but did not play","On matchday squad, but did not play","On matchday squad, but did not play","On matchday squad, but did not play","On matchday squad, but did not play","On matchday squad, but did not play","On matchday squad, but did not play","On matchday squad, but did not play","On matchday squad, but did not play","On matchday squad, but did not play","On matchday squad, but did not play","On matchday squad, but did not play","On matchday squad, but did not play","On matchday squad, but did not play","On matchday squad, but did not play","On matchday squad, but did not play","On matchday squad, but did not play","On matchday squad, but did not play","On matchday squad, but did not play","On matchday squad, but did not play","On matchday squad, but did not play","On matchday squad, but did not play","On matchday squad, but did not play","On matchday squad, but did not play","On matchday squad, but did not play","On matchday squad, but did not play","On matchday squad, but did not play","On matchday squad, but did not play","On matchday squad, but did not play","On matchday squad, but did not play","On matchday squad, but did not play","On matchday squad, but did not play","On matchday squad, but did not play","On matchday squad, but did not play","On matchday squad, but did not play","On matchday squad, but did not play","On matchday squad, but did not play","On matchday squad, but did not play","On matchday squad, but did not play","On matchday squad, but did not play","On matchday squad, but did not play","On matchday squad, but did not play","On matchday squad, but did not play","On matchday squad, but did not play","On matchday squad, but did not play","On matchday squad, but did not play","On matchday squad, but did not play","On matchday squad, but did not play","On matchday squad, but did not play","On matchday squad, but did not play","On matchday squad, but did not play","On matchday squad, but did not play","On matchday squad, but did not play","On matchday squad, but did not play","On matchday squad, but did not play","On matchday squad, but did not play","On matchday squad, but did not play","On matchday squad, but did not play","On matchday squad, but did not play","On matchday squad, but did not play","On matchday squad, but did not play","On matchday squad, but did not play","On matchday squad, but did not play","On matchday squad, but did not play","On matchday squad, but did not play","On matchday squad, but did not play","On matchday squad, but did not play","On matchday squad, but did not play","On matchday squad, but did not play","On matchday squad, but did not play","On matchday squad, but did not play","On matchday squad, but did not play","On matchday squad, but did not play","On matchday squad, but did not play","On matchday squad, but did not play",Leicester City,Conor-Coady,2928dca2
2024-11-23,Sat,Matchweek 12,Home,L 1–2,Leicester City,Chelsea,N,"On matchday squad, but did not play","On matchday squad, but did not play","On matchday squad, but did not play","On matchday squad, but did not play","On matchday squad, but did not play","On matchday squad, but did not play","On matchday squad, but did not play","On matchday squad, but did not play","On matchday squad, but did not play","On matchday squad, but did not play","On matchday squad, but did not play","On matchday squad, but did not play","On matchday squad, but did not play","On matchday squad, but did not play","On matchday squad, but did not play","On matchday squad, but did not play","On matchday squad, but did not play","On matchday squad, but did not play","On matchday squad, but did not play","On matchday squad, but did not play","On matchday squad, but did not play","On matchday squad, but did not play","On matchday squad, but did not play","On matchday squad, but did not play","On matchday squad, but did not play","On matchday squad, but did not play","On matchday squad, but did not play",Match Report,"On matchday squad, but did not play","On matchday squad, but did not play","On matchday squad, but did not play","On matchday squad, but did not play","On matchday squad, but did not play","On matchday squad, but did not play","On matchday squad, but did not play","On matchday squad, but did not play","On matchday squad, but did not play","On matchday squad, but did not play","On matchday squad, but did not play","On matchday squad, but did not play","On matchday squad, but did not play","On matchday squad, but did not play","On matchday squad, but did not play","On matchday squad, but did not play","On matchday squad, but did not play","On matchday squad, but did not play","On matchday squad, but did not play","On matchday squad, but did not play","On matchday squad, but did not play","On matchday squad, but did not play","On matchday squad, but did not play","On matchday squad, but did not play","On matchday squad, but did not play","On matchday squad, but did not play","On matchday squad, but did not play","On matchday squad, but did not play","On matchday squad, but did not play","On matchday squad, but did not play","On matchday squad, but did not play","On matchday squad, but did not play","On matchday squad, but did not play","On matchday squad, but did not play","On matchday squad, but did not play","On matchday squad, but did not play","On matchday squad, but did not play","On matchday squad, but did not play","On matchday squad, but did not play","On matchday squad, but did not play","On matchday squad, but did not play","On matchday squad, but did not play","On matchday squad, but did not play","On matchday squad, but did not play","On matchday squad, but did not play","On matchday squad, but did not play","On matchday squad, but did not play","On matchday squad, but did not play","On matchday squad, but did not play","On matchday squad, but did not play","On matchday squad, but did not play","On matchday squad, but did not play","On matchday squad, but did not play","On matchday squad, but did not play","On matchday squad, but did not play","On matchday squad, but did not play","On matchday squad, but did not play","On matchday squad, but did not play","On matchday squad, but did not play","On matchday squad, but did not play","On matchday squad, but did not play","On matchday squad, but did not play","On matchday squad, but did not play","On matchday squad, but did not play","On matchday squad, but did not play","On matchday squad, but did not play","On matchday squad, but did not play","On matchday squad, but did not play","On matchday squad, but did not play","On matchday squad, but did not play","On matchday squad, but did not play","On matchday squad, but did not play","On matchday squad, but did not play","On matchday squad, but did not play","On matchday squad, but did not play","On matchday squad, but did not play","On matchday squad, but did not play","On matchday squad, but did not play","On matchday squad, but did not play","On matchday squad, but did not play","On matchday squad, but did not play","On matchday squad, but did not play","On matchday squad, but did not play","On matchday squad, but did not play","On matchday squad, but did not play","On matchday squad, but did not play","On matchday squad, but did not play","On matchday squad, but did not play","On matchday squad, but did not play",Leicester City,Conor-Coady,2928dca2
2024-11-30,Sat,Matchweek 13,Away,L 1–4,Leicester City,Brentford,Y,CB,90,0,0,0,0,0,0,0,0,43,1,0,2,0.0,0.0,0.0,0,0,27,32,84.4,2,24,0,0,0,Match Report,27,32,84.4,561,245,10,11,90.9,11,13,84.6,6,8,75.0,0,0.0,0.0,0,5,0,0,2,32,32,0,0,0,0,0,0,0,0,0,0,27,0,0,0,0,0,0,0,0,0,0,0,0,0,0,0,0,43,15,25,16,2,0,43,0,0,,0,,24,81,47,0,0,0,0,0,28,0,1,1,1,0,0,0,0,,0,2,2,0,0,1,7,0,Leicester City,Conor-Coady,2928dca2
2024-12-03,Tue,Matchweek 14,Home,W 3–1,Leicester City,West Ham,Y,CB,90,0,0,0,0,0,0,0,0,55,2,1,3,0.0,0.0,0.0,0,0,41,47,87.2,0,39,0,0,0,Match Report,41,47,87.2,617,201,20,21,95.2,20,22,90.9,1,4,25.0,0,0.0,0.0,0,1,0,0,0,47,47,0,0,0,0,0,0,0,0,0,0,41,0,0,0,0,0,0,0,0,0,0,0,0,0,0,0,0,55,10,34,21,0,0,55,0,0,,0,,39,106,16,0,0,0,1,0,35,0,2,2,1,1,0,1,1,100.0,0,3,3,0,1,3,2,0,Leicester City,Conor-Coady,2928dca2
2024-12-08,Sun,Matchweek 15,Home,D 2–2,Leicester City,Brighton,Y,CB,90,0,0,0,0,0,0,0,0,92,1,1,1,0.0,0.0,0.0,1,0,83,89,93.3,2,80,0,1,1,Match Report,83,89,93.3,1548,511,25,26,96.2,53,56,94.6,5,7,71.4,0,0.0,0.0,0,4,0,0,2,89,89,0,0,0,0,0,0,0,0,0,0,83,0,0,1,1,0,0,0,0,0,0,0,0,0,0,0,0,92,8,52,38,2,0,92,1,1,100.0,0,0.0,80,303,106,0,1,0,1,0,82,0,1,0,1,0,0,0,0,,0,1,0,1,1,2,0,0,Leicester City,Conor-Coady,2928dca2
2024-12-14,Sat,Matchweek 16,Away,L 0–4,Leicester City,Newcastle Utd,Y,"CB,DM",90,0,0,0,0,0,0,0,0,58,1,0,2,0.0,0.0,0.0,0,0,42,50,84.0,3,42,0,0,0,Match Report,42,50,84.0,677,253,21,22,95.5,19,19,100.0,2,5,40.0,0,0.0,0.0,0,1,0,0,3,50,50,0,0,0,0,0,0,0,0,0,0,42,0,3,0,0,0,0,0,0,0,0,0,0,0,0,0,0,58,10,27,30,1,0,58,0,0,,0,,42,171,88,0,0,0,1,0,44,0,1,0,0,1,0,0,1,0.0,1,2,2,0,0,1,3,1,Leicester City,Conor-Coady,2928dca2
2024-12-22,Sun,Matchweek 17,Home,L 0–3,Leicester City,Wolves,Y,CB,90,0,0,0,0,0,0,0,0,61,1,3,1,0.0,0.0,0.1,2,0,52,54,96.3,6,46,0,0,0,Match Report,52,54,96.3,945,385,26,27,96.3,21,21,100.0,5,6,83.3,0,0.1,0.1,1,5,2,0,6,54,51,3,3,1,1,0,0,0,0,0,0,52,0,0,2,2,0,0,0,0,0,0,0,0,0,0,0,0,61,5,16,44,1,1,61,0,0,,0,,46,219,166,0,0,0,0,0,45,0,1,1,0,1,0,1,1,100.0,0,1,1,0,3,4,2,0,Leicester City,Conor-Coady,2928dca2
2024-12-26,Thu,Matchweek 18,Away,L 1–3,Leicester City,Liverpool,Y*,CB,89,0,0,0,0,0,0,0,0,52,1,0,1,0.0,0.0,0.0,0,0,33,41,80.5,1,23,0,0,0,Match Report,33,41,80.5,563,229,14,14,100.0,17,18,94.4,2,6,33.3,0,0.0,0.0,0,0,0,0,1,41,36,3,3,0,1,0,0,0,0,0,0,33,2,1,0,0,0,0,0,0,0,0,0,0,0,0,0,0,52,17,37,15,0,0,52,0,0,,0,,23,86,63,0,0,0,0,0,30,0,1,0,0,1,0,0,0,,0,1,1,0,0,1,9,0,Leicester City,Conor-Coady,2928dca2
2024-12-29,Sun,Matchweek 19,Home,L 0–2,Leicester City,Manchester City,Y,CB,84,0,0,0,0,0,0,0,0,86,0,0,0,0.0,0.0,0.0,1,0,78,82,95.1,4,63,0,0,0,Match Report,78,82,95.1,1233,413,41,42,97.6,35,35,100.0,2,5,40.0,0,0.0,0.3,0,4,0,0,4,82,81,1,0,0,0,0,1,0,0,0,0,78,0,0,1,1,0,0,0,0,0,0,0,0,0,0,0,0,86,6,42,42,2,2,86,0,0,,0,,63,240,131,0,0,0,0,0,77,0,0,0,0,0,0,0,0,,0,0,0,0,0,0,3,0,Leicester City,Conor-Coady,2928dca2
2025-01-04,Sat,Matchweek 20,Away,L 1–2,Leicester City,Aston Villa,Y,CB,81,0,0,0,0,0,0,0,0,42,0,1,3,0.0,0.0,0.0,0,0,31,36,86.1,1,27,0,0,0,Match Report,31,36,86.1,547,185,11,12,91.7,19,19,100.0,1,5,20.0,0,0.0,0.0,0,0,0,0,1,36,35,1,1,0,0,0,0,0,0,0,0,31,0,0,0,0,0,0,0,0,0,0,0,0,0,0,0,0,42,7,22,19,1,0,42,0,0,,0,,27,102,60,0,0,0,0,0,32,0,0,0,0,0,0,0,0,,0,3,1,2,1,1,2,0,Leicester City,Conor-Coady,2928dca2
2025-01-15,Wed,Matchweek 21,Home,L 0–2,Leicester City,Crystal Palace,N,"On matchday squad, but did not play","On matchday squad, but did not play","On matchday squad, but did not play","On matchday squad, but did not play","On matchday squad, but did not play","On matchday squad, but did not play","On matchday squad, but did not play","On matchday squad, but did not play","On matchday squad, but did not play","On matchday squad, but did not play","On matchday squad, but did not play","On matchday squad, but did not play","On matchday squad, but did not play","On matchday squad, but did not play","On matchday squad, but did not play","On matchday squad, but did not play","On matchday squad, but did not play","On matchday squad, but did not play","On matchday squad, but did not play","On matchday squad, but did not play","On matchday squad, but did not play","On matchday squad, but did not play","On matchday squad, but did not play","On matchday squad, but did not play","On matchday squad, but did not play","On matchday squad, but did not play","On matchday squad, but did not play",Match Report,"On matchday squad, but did not play","On matchday squad, but did not play","On matchday squad, but did not play","On matchday squad, but did not play","On matchday squad, but did not play","On matchday squad, but did not play","On matchday squad, but did not play","On matchday squad, but did not play","On matchday squad, but did not play","On matchday squad, but did not play","On matchday squad, but did not play","On matchday squad, but did not play","On matchday squad, but did not play","On matchday squad, but did not play","On matchday squad, but did not play","On matchday squad, but did not play","On matchday squad, but did not play","On matchday squad, but did not play","On matchday squad, but did not play","On matchday squad, but did not play","On matchday squad, but did not play","On matchday squad, but did not play","On matchday squad, but did not play","On matchday squad, but did not play","On matchday squad, but did not play","On matchday squad, but did not play","On matchday squad, but did not play","On matchday squad, but did not play","On matchday squad, but did not play","On matchday squad, but did not play","On matchday squad, but did not play","On matchday squad, but did not play","On matchday squad, but did not play","On matchday squad, but did not play","On matchday squad, but did not play","On matchday squad, but did not play","On matchday squad, but did not play","On matchday squad, but did not play","On matchday squad, but did not play","On matchday squad, but did not play","On matchday squad, but did not play","On matchday squad, but did not play","On matchday squad, but did not play","On matchday squad, but did not play","On matchday squad, but did not play","On matchday squad, but did not play","On matchday squad, but did not play","On matchday squad, but did not play","On matchday squad, but did not play","On matchday squad, but did not play","On matchday squad, but did not play","On matchday squad, but did not play","On matchday squad, but did not play","On matchday squad, but did not play","On matchday squad, but did not play","On matchday squad, but did not play","On matchday squad, but did not play","On matchday squad, but did not play","On matchday squad, but did not play","On matchday squad, but did not play","On matchday squad, but did not play","On matchday squad, but did not play","On matchday squad, but did not play","On matchday squad, but did not play","On matchday squad, but did not play","On matchday squad, but did not play","On matchday squad, but did not play","On matchday squad, but did not play","On matchday squad, but did not play","On matchday squad, but did not play","On matchday squad, but did not play","On matchday squad, but did not play","On matchday squad, but did not play","On matchday squad, but did not play","On matchday squad, but did not play","On matchday squad, but did not play","On matchday squad, but did not play","On matchday squad, but did not play","On matchday squad, but did not play","On matchday squad, but did not play","On matchday squad, but did not play","On matchday squad, but did not play","On matchday squad, but did not play","On matchday squad, but did not play","On matchday squad, but did not play","On matchday squad, but did not play","On matchday squad, but did not play","On matchday squad, but did not play","On matchday squad, but did not play",Leicester City,Conor-Coady,2928dca2
2025-01-18,Sat,Matchweek 22,Home,L 0–2,Leicester City,Fulham,N,"On matchday squad, but did not play","On matchday squad, but did not play","On matchday squad, but did not play","On matchday squad, but did not play","On matchday squad, but did not play","On matchday squad, but did not play","On matchday squad, but did not play","On matchday squad, but did not play","On matchday squad, but did not play","On matchday squad, but did not play","On matchday squad, but did not play","On matchday squad, but did not play","On matchday squad, but did not play","On matchday squad, but did not play","On matchday squad, but did not play","On matchday squad, but did not play","On matchday squad, but did not play","On matchday squad, but did not play","On matchday squad, but did not play","On matchday squad, but did not play","On matchday squad, but did not play","On matchday squad, but did not play","On matchday squad, but did not play","On matchday squad, but did not play","On matchday squad, but did not play","On matchday squad, but did not play","On matchday squad, but did not play",Match Report,"On matchday squad, but did not play","On matchday squad, but did not play","On matchday squad, but did not play","On matchday squad, but did not play","On matchday squad, but did not play","On matchday squad, but did not play","On matchday squad, but did not play","On matchday squad, but did not play","On matchday squad, but did not play","On matchday squad, but did not play","On matchday squad, but did not play","On matchday squad, but did not play","On matchday squad, but did not play","On matchday squad, but did not play","On matchday squad, but did not play","On matchday squad, but did not play","On matchday squad, but did not play","On matchday squad, but did not play","On matchday squad, but did not play","On matchday squad, but did not play","On matchday squad, but did not play","On matchday squad, but did not play","On matchday squad, but did not play","On matchday squad, but did not play","On matchday squad, but did not play","On matchday squad, but did not play","On matchday squad, but did not play","On matchday squad, but did not play","On matchday squad, but did not play","On matchday squad, but did not play","On matchday squad, but did not play","On matchday squad, but did not play","On matchday squad, but did not play","On matchday squad, but did not play","On matchday squad, but did not play","On matchday squad, but did not play","On matchday squad, but did not play","On matchday squad, but did not play","On matchday squad, but did not play","On matchday squad, but did not play","On matchday squad, but did not play","On matchday squad, but did not play","On matchday squad, but did not play","On matchday squad, but did not play","On matchday squad, but did not play","On matchday squad, but did not play","On matchday squad, but did not play","On matchday squad, but did not play","On matchday squad, but did not play","On matchday squad, but did not play","On matchday squad, but did not play","On matchday squad, but did not play","On matchday squad, but did not play","On matchday squad, but did not play","On matchday squad, but did not play","On matchday squad, but did not play","On matchday squad, but did not play","On matchday squad, but did not play","On matchday squad, but did not play","On matchday squad, but did not play","On matchday squad, but did not play","On matchday squad, but did not play","On matchday squad, but did not play","On matchday squad, but did not play","On matchday squad, but did not play","On matchday squad, but did not play","On matchday squad, but did not play","On matchday squad, but did not play","On matchday squad, but did not play","On matchday squad, but did not play","On matchday squad, but did not play","On matchday squad, but did not play","On matchday squad, but did not play","On matchday squad, but did not play","On matchday squad, but did not play","On matchday squad, but did not play","On matchday squad, but did not play","On matchday squad, but did not play","On matchday squad, but did not play","On matchday squad, but did not play","On matchday squad, but did not play","On matchday squad, but did not play","On matchday squad, but did not play","On matchday squad, but did not play","On matchday squad, but did not play","On matchday squad, but did not play","On matchday squad, but did not play","On matchday squad, but did not play","On matchday squad, but did not play",Leicester City,Conor-Coady,2928dca2
2025-01-26,Sun,Matchweek 23,Away,W 2–1,Leicester City,Tottenham,N,CB,4,0,0,0,0,0,0,0,0,6,0,0,0,0.0,0.0,0.0,0,0,3,4,75.0,0,2,0,0,0,Match Report,3,4,75.0,50,42,1,1,100.0,2,2,100.0,0,1,0.0,0,0.0,0.0,0,0,0,0,0,4,3,1,1,0,0,0,0,0,0,0,0,3,0,0,0,0,0,0,0,0,0,0,0,0,0,0,0,0,6,2,4,2,0,0,6,0,0,,0,,2,3,0,0,0,0,0,0,2,0,0,0,0,0,0,0,0,,0,0,0,0,0,0,1,0,Leicester City,Conor-Coady,2928dca2
2025-02-01,Sat,Matchweek 24,Away,L 0–4,Leicester City,Everton,N,"On matchday squad, but did not play","On matchday squad, but did not play","On matchday squad, but did not play","On matchday squad, but did not play","On matchday squad, but did not play","On matchday squad, but did not play","On matchday squad, but did not play","On matchday squad, but did not play","On matchday squad, but did not play","On matchday squad, but did not play","On matchday squad, but did not play","On matchday squad, but did not play","On matchday squad, but did not play","On matchday squad, but did not play","On matchday squad, but did not play","On matchday squad, but did not play","On matchday squad, but did not play","On matchday squad, but did not play","On matchday squad, but did not play","On matchday squad, but did not play","On matchday squad, but did not play","On matchday squad, but did not play","On matchday squad, but did not play","On matchday squad, but did not play","On matchday squad, but did not play","On matchday squad, but did not play","On matchday squad, but did not play",Match Report,"On matchday squad, but did not play","On matchday squad, but did not play","On matchday squad, but did not play","On matchday squad, but did not play","On matchday squad, but did not play","On matchday squad, but did not play","On matchday squad, but did not play","On matchday squad, but did not play","On matchday squad, but did not play","On matchday squad, but did not play","On matchday squad, but did not play","On matchday squad, but did not play","On matchday squad, but did not play","On matchday squad, but did not play","On matchday squad, but did not play","On matchday squad, but did not play","On matchday squad, but did not play","On matchday squad, but did not play","On matchday squad, but did not play","On matchday squad, but did not play","On matchday squad, but did not play","On matchday squad, but did not play","On matchday squad, but did not play","On matchday squad, but did not play","On matchday squad, but did not play","On matchday squad, but did not play","On matchday squad, but did not play","On matchday squad, but did not play","On matchday squad, but did not play","On matchday squad, but did not play","On matchday squad, but did not play","On matchday squad, but did not play","On matchday squad, but did not play","On matchday squad, but did not play","On matchday squad, but did not play","On matchday squad, but did not play","On matchday squad, but did not play","On matchday squad, but did not play","On matchday squad, but did not play","On matchday squad, but did not play","On matchday squad, but did not play","On matchday squad, but did not play","On matchday squad, but did not play","On matchday squad, but did not play","On matchday squad, but did not play","On matchday squad, but did not play","On matchday squad, but did not play","On matchday squad, but did not play","On matchday squad, but did not play","On matchday squad, but did not play","On matchday squad, but did not play","On matchday squad, but did not play","On matchday squad, but did not play","On matchday squad, but did not play","On matchday squad, but did not play","On matchday squad, but did not play","On matchday squad, but did not play","On matchday squad, but did not play","On matchday squad, but did not play","On matchday squad, but did not play","On matchday squad, but did not play","On matchday squad, but did not play","On matchday squad, but did not play","On matchday squad, but did not play","On matchday squad, but did not play","On matchday squad, but did not play","On matchday squad, but did not play","On matchday squad, but did not play","On matchday squad, but did not play","On matchday squad, but did not play","On matchday squad, but did not play","On matchday squad, but did not play","On matchday squad, but did not play","On matchday squad, but did not play","On matchday squad, but did not play","On matchday squad, but did not play","On matchday squad, but did not play","On matchday squad, but did not play","On matchday squad, but did not play","On matchday squad, but did not play","On matchday squad, but did not play","On matchday squad, but did not play","On matchday squad, but did not play","On matchday squad, but did not play","On matchday squad, but did not play","On matchday squad, but did not play","On matchday squad, but did not play","On matchday squad, but did not play","On matchday squad, but did not play",Leicester City,Conor-Coady,2928dca2
2025-02-15,Sat,Matchweek 25,Home,L 0–2,Leicester City,Arsenal,N,"On matchday squad, but did not play","On matchday squad, but did not play","On matchday squad, but did not play","On matchday squad, but did not play","On matchday squad, but did not play","On matchday squad, but did not play","On matchday squad, but did not play","On matchday squad, but did not play","On matchday squad, but did not play","On matchday squad, but did not play","On matchday squad, but did not play","On matchday squad, but did not play","On matchday squad, but did not play","On matchday squad, but did not play","On matchday squad, but did not play","On matchday squad, but did not play","On matchday squad, but did not play","On matchday squad, but did not play","On matchday squad, but did not play","On matchday squad, but did not play","On matchday squad, but did not play","On matchday squad, but did not play","On matchday squad, but did not play","On matchday squad, but did not play","On matchday squad, but did not play","On matchday squad, but did not play","On matchday squad, but did not play",Match Report,"On matchday squad, but did not play","On matchday squad, but did not play","On matchday squad, but did not play","On matchday squad, but did not play","On matchday squad, but did not play","On matchday squad, but did not play","On matchday squad, but did not play","On matchday squad, but did not play","On matchday squad, but did not play","On matchday squad, but did not play","On matchday squad, but did not play","On matchday squad, but did not play","On matchday squad, but did not play","On matchday squad, but did not play","On matchday squad, but did not play","On matchday squad, but did not play","On matchday squad, but did not play","On matchday squad, but did not play","On matchday squad, but did not play","On matchday squad, but did not play","On matchday squad, but did not play","On matchday squad, but did not play","On matchday squad, but did not play","On matchday squad, but did not play","On matchday squad, but did not play","On matchday squad, but did not play","On matchday squad, but did not play","On matchday squad, but did not play","On matchday squad, but did not play","On matchday squad, but did not play","On matchday squad, but did not play","On matchday squad, but did not play","On matchday squad, but did not play","On matchday squad, but did not play","On matchday squad, but did not play","On matchday squad, but did not play","On matchday squad, but did not play","On matchday squad, but did not play","On matchday squad, but did not play","On matchday squad, but did not play","On matchday squad, but did not play","On matchday squad, but did not play","On matchday squad, but did not play","On matchday squad, but did not play","On matchday squad, but did not play","On matchday squad, but did not play","On matchday squad, but did not play","On matchday squad, but did not play","On matchday squad, but did not play","On matchday squad, but did not play","On matchday squad, but did not play","On matchday squad, but did not play","On matchday squad, but did not play","On matchday squad, but did not play","On matchday squad, but did not play","On matchday squad, but did not play","On matchday squad, but did not play","On matchday squad, but did not play","On matchday squad, but did not play","On matchday squad, but did not play","On matchday squad, but did not play","On matchday squad, but did not play","On matchday squad, but did not play","On matchday squad, but did not play","On matchday squad, but did not play","On matchday squad, but did not play","On matchday squad, but did not play","On matchday squad, but did not play","On matchday squad, but did not play","On matchday squad, but did not play","On matchday squad, but did not play","On matchday squad, but did not play","On matchday squad, but did not play","On matchday squad, but did not play","On matchday squad, but did not play","On matchday squad, but did not play","On matchday squad, but did not play","On matchday squad, but did not play","On matchday squad, but did not play","On matchday squad, but did not play","On matchday squad, but did not play","On matchday squad, but did not play","On matchday squad, but did not play","On matchday squad, but did not play","On matchday squad, but did not play","On matchday squad, but did not play","On matchday squad, but did not play","On matchday squad, but did not play","On matchday squad, but did not play",Leicester City,Conor-Coady,2928dca2
2025-02-21,Fri,Matchweek 26,Home,L 0–4,Leicester City,Brentford,N,CB,8,0,0,0,0,0,0,0,0,4,0,0,0,0.0,0.0,0.0,0,0,4,4,100.0,0,3,0,0,0,Match Report,4,4,100.0,97,67,1,1,100.0,2,2,100.0,1,1,100.0,0,0.0,0.0,0,1,0,0,0,4,4,0,0,0,0,0,0,0,0,0,0,4,0,0,0,0,0,0,0,0,0,0,0,0,0,0,0,0,4,0,3,1,0,0,4,0,0,,0,,3,27,24,0,0,0,0,0,3,0,0,0,0,0,0,0,0,,0,0,0,0,0,0,0,0,Leicester City,Conor-Coady,2928dca2
2025-02-27,Thu,Matchweek 27,Away,L 0–2,Leicester City,West Ham,N,"On matchday squad, but did not play","On matchday squad, but did not play","On matchday squad, but did not play","On matchday squad, but did not play","On matchday squad, but did not play","On matchday squad, but did not play","On matchday squad, but did not play","On matchday squad, but did not play","On matchday squad, but did not play","On matchday squad, but did not play","On matchday squad, but did not play","On matchday squad, but did not play","On matchday squad, but did not play","On matchday squad, but did not play","On matchday squad, but did not play","On matchday squad, but did not play","On matchday squad, but did not play","On matchday squad, but did not play","On matchday squad, but did not play","On matchday squad, but did not play","On matchday squad, but did not play","On matchday squad, but did not play","On matchday squad, but did not play","On matchday squad, but did not play","On matchday squad, but did not play","On matchday squad, but did not play","On matchday squad, but did not play",Match Report,"On matchday squad, but did not play","On matchday squad, but did not play","On matchday squad, but did not play","On matchday squad, but did not play","On matchday squad, but did not play","On matchday squad, but did not play","On matchday squad, but did not play","On matchday squad, but did not play","On matchday squad, but did not play","On matchday squad, but did not play","On matchday squad, but did not play","On matchday squad, but did not play","On matchday squad, but did not play","On matchday squad, but did not play","On matchday squad, but did not play","On matchday squad, but did not play","On matchday squad, but did not play","On matchday squad, but did not play","On matchday squad, but did not play","On matchday squad, but did not play","On matchday squad, but did not play","On matchday squad, but did not play","On matchday squad, but did not play","On matchday squad, but did not play","On matchday squad, but did not play","On matchday squad, but did not play","On matchday squad, but did not play","On matchday squad, but did not play","On matchday squad, but did not play","On matchday squad, but did not play","On matchday squad, but did not play","On matchday squad, but did not play","On matchday squad, but did not play","On matchday squad, but did not play","On matchday squad, but did not play","On matchday squad, but did not play","On matchday squad, but did not play","On matchday squad, but did not play","On matchday squad, but did not play","On matchday squad, but did not play","On matchday squad, but did not play","On matchday squad, but did not play","On matchday squad, but did not play","On matchday squad, but did not play","On matchday squad, but did not play","On matchday squad, but did not play","On matchday squad, but did not play","On matchday squad, but did not play","On matchday squad, but did not play","On matchday squad, but did not play","On matchday squad, but did not play","On matchday squad, but did not play","On matchday squad, but did not play","On matchday squad, but did not play","On matchday squad, but did not play","On matchday squad, but did not play","On matchday squad, but did not play","On matchday squad, but did not play","On matchday squad, but did not play","On matchday squad, but did not play","On matchday squad, but did not play","On matchday squad, but did not play","On matchday squad, but did not play","On matchday squad, but did not play","On matchday squad, but did not play","On matchday squad, but did not play","On matchday squad, but did not play","On matchday squad, but did not play","On matchday squad, but did not play","On matchday squad, but did not play","On matchday squad, but did not play","On matchday squad, but did not play","On matchday squad, but did not play","On matchday squad, but did not play","On matchday squad, but did not play","On matchday squad, but did not play","On matchday squad, but did not play","On matchday squad, but did not play","On matchday squad, but did not play","On matchday squad, but did not play","On matchday squad, but did not play","On matchday squad, but did not play","On matchday squad, but did not play","On matchday squad, but did not play","On matchday squad, but did not play","On matchday squad, but did not play","On matchday squad, but did not play","On matchday squad, but did not play","On matchday squad, but did not play",Leicester City,Conor-Coady,2928dca2
2025-03-09,Sun,Matchweek 28,Away,L 0–1,Leicester City,Chelsea,Y,CB,90,0,0,0,0,0,0,0,0,76,2,0,3,0.0,0.0,0.0,0,0,58,64,90.6,3,47,1,0,0,Match Report,58,64,90.6,1003,495,23,23,100.0,30,30,100.0,4,8,50.0,0,0.0,0.0,0,4,0,0,3,64,60,3,2,0,0,0,0,0,0,0,0,58,1,0,0,0,0,0,0,0,0,0,0,0,0,0,0,0,76,18,43,31,2,0,76,0,0,,0,,47,244,141,1,0,0,0,2,51,0,2,2,1,0,1,0,0,,0,3,2,1,0,2,6,0,Leicester City,Conor-Coady,2928dca2
2025-03-16,Sun,Matchweek 29,Home,L 0–3,Leicester City,Manchester Utd,Y,CB,90,0,0,0,0,0,0,0,0,84,2,1,1,0.0,0.0,0.0,0,0,71,75,94.7,2,44,0,0,0,Match Report,71,75,94.7,1282,550,22,23,95.7,46,46,100.0,3,5,60.0,0,0.0,0.0,0,2,0,0,2,75,72,3,0,0,0,0,0,0,0,0,0,71,0,0,0,0,0,0,0,0,0,0,0,0,0,0,0,0,84,12,35,48,1,0,84,0,0,,0,,44,224,126,0,0,0,0,0,61,0,2,2,1,1,0,0,0,,0,1,1,0,1,3,5,0,Leicester City,Conor-Coady,2928dca2
2025-04-02,Wed,Matchweek 30,Away,L 0–2,Leicester City,Manchester City,Y,CB,90,0,0,0,0,0,0,0,0,35,0,0,1,0.0,0.0,0.0,0,0,32,33,97.0,0,19,0,0,0,Match Report,32,33,97.0,540,142,13,13,100.0,17,18,94.4,2,2,100.0,0,0.0,0.0,0,0,0,0,0,33,26,7,2,1,0,0,0,0,0,0,0,32,0,0,0,0,0,0,0,0,0,0,0,0,0,0,0,0,35,12,28,7,0,0,35,0,0,,0,,19,68,26,0,0,0,0,0,24,0,0,0,0,0,0,0,0,,0,1,1,0,0,0,1,0,Leicester City,Conor-Coady,2928dca2
2025-04-07,Mon,Matchweek 31,Home,L 0–3,Leicester City,Newcastle Utd,Y,CB,90,0,0,0,0,0,0,0,0,70,0,3,1,0.0,0.0,0.0,0,0,61,67,91.0,2,50,1,0,0,Match Report,61,67,91.0,1018,340,32,32,100.0,26,28,92.9,3,5,60.0,0,0.0,0.0,0,1,0,0,2,67,63,4,1,0,0,0,0,0,0,0,0,61,0,0,0,0,0,0,0,0,0,0,0,0,0,0,0,0,70,13,40,30,0,0,70,0,0,,0,,50,288,179,1,0,0,0,0,54,0,0,0,0,0,0,0,1,0.0,1,1,1,0,3,3,0,1,Leicester City,Conor-Coady,2928dca2
2025-04-12,Sat,Matchweek 32,Away,D 2–2,Leicester City,Brighton,Y,CB,90,0,0,0,0,0,0,1,0,54,0,0,2,0.0,0.0,0.0,0,0,43,48,89.6,0,36,0,1,0,Match Report,43,48,89.6,786,222,17,18,94.4,23,23,100.0,3,6,50.0,0,0.0,0.0,0,1,0,0,0,48,43,5,1,0,0,0,0,0,0,0,0,43,0,0,0,0,0,0,0,0,0,0,0,0,0,0,0,0,54,17,30,24,1,0,54,1,0,0.0,1,100.0,36,174,61,0,0,0,0,0,37,0,0,0,0,0,0,0,0,,0,2,1,1,0,0,3,0,Leicester City,Conor-Coady,2928dca2
2025-04-20,Sun,Matchweek 33,Home,L 0–1,Leicester City,Liverpool,Y,CB,90,0,0,0,0,0,0,0,0,67,0,0,1,0.0,0.0,0.0,0,0,50,57,87.7,0,46,0,0,0,Match Report,50,57,87.7,789,309,27,28,96.4,20,20,100.0,2,7,28.6,0,0.0,0.0,0,0,0,0,0,57,53,3,0,0,0,0,0,0,0,0,0,50,1,0,0,0,0,0,0,0,0,0,0,0,0,0,0,0,67,20,44,20,3,2,67,0,0,,0,,46,154,54,0,0,0,0,0,47,0,0,0,0,0,0,0,0,,0,1,1,0,0,0,8,0,Leicester City,Conor-Coady,2928dca2
2025-04-26,Sat,Matchweek 34,Away,L 0–3,Leicester City,Wolves,Y,CB,90,0,0,0,0,1,1,0,0,65,1,0,2,0.1,0.1,0.0,0,0,54,58,93.1,2,43,0,0,0,Match Report,54,58,93.1,891,379,22,23,95.7,26,27,96.3,4,6,66.7,0,0.0,0.0,0,2,0,0,2,58,55,3,0,0,0,0,0,0,0,0,0,54,0,0,0,0,0,0,0,0,0,0,0,0,0,0,0,0,65,10,31,33,1,1,65,0,0,,0,,43,192,115,0,0,0,0,0,51,0,1,0,1,0,0,1,1,100.0,0,2,1,1,0,1,2,0,Leicester City,Conor-Coady,2928dca2
2025-05-03,Sat,Matchweek 35,Home,W 2–0,Leicester City,Southampton,Y,CB,90,0,0,0,0,0,0,0,0,78,0,2,1,0.0,0.0,0.0,1,0,65,69,94.2,2,40,1,0,0,Match Report,65,69,94.2,1181,394,27,27,100.0,36,38,94.7,2,4,50.0,0,0.0,0.0,0,1,0,0,2,69,64,5,5,0,0,0,0,0,0,0,0,65,0,0,1,1,0,0,0,0,0,0,0,0,0,0,0,0,78,13,48,29,1,0,78,0,0,,0,,40,247,153,1,1,0,0,0,59,0,0,0,0,0,0,0,1,0.0,1,1,1,0,2,2,6,0,Leicester City,Conor-Coady,2928dca2
2025-05-11,Sun,Matchweek 36,Away,D 2–2,Leicester City,Nott'ham Forest,Y,CB,90,1,0,0,0,1,1,0,0,52,0,0,1,0.3,0.3,0.0,1,0,40,46,87.0,0,38,0,0,0,Match Report,40,46,87.0,783,237,9,11,81.8,27,28,96.4,4,7,57.1,0,0.0,0.0,0,0,0,0,0,46,45,1,1,0,0,0,0,0,0,0,0,40,0,0,1,1,0,0,0,0,0,0,0,0,0,0,0,0,52,6,38,12,2,2,52,0,0,,0,,38,164,95,0,0,0,0,0,38,0,0,0,0,0,0,0,0,,0,1,0,1,0,0,5,0,Leicester City,Conor-Coady,2928dca2
2025-05-18,Sun,Matchweek 37,Home,W 2–0,Leicester City,Ipswich Town,Y,CB,90,0,0,0,0,0,0,0,0,69,1,0,3,0.0,0.0,0.0,0,0,61,63,96.8,1,44,0,0,0,Match Report,61,63,96.8,1174,392,17,17,100.0,40,40,100.0,4,6,66.7,0,0.0,0.0,0,0,0,0,1,63,57,6,5,0,0,0,0,0,0,0,0,61,0,0,0,0,0,0,0,0,0,0,0,0,0,0,0,0,69,10,47,23,0,0,69,0,0,,0,,44,219,138,0,0,0,0,0,48,0,1,1,0,1,0,0,0,,0,3,3,0,0,1,4,0,Leicester City,Conor-Coady,2928dca2
2025-05-25,Sun,Matchweek 38,Away,L 0–2,Leicester City,Bournemouth,Y*,CB,90,0,0,0,0,0,0,1,0,53,0,0,1,0.0,0.0,0.0,0,0,47,51,92.2,1,31,0,0,0,Match Report,47,51,92.2,812,380,26,26,100.0,16,16,100.0,5,8,62.5,0,0.0,0.0,0,2,0,0,1,51,42,9,4,0,1,0,0,0,0,0,0,47,0,0,0,0,0,0,0,0,0,0,0,0,0,0,0,0,53,19,35,18,0,0,53,0,0,,0,,31,111,31,0,0,0,0,1,30,0,0,0,0,0,0,0,0,,0,1,1,0,0,0,0,0,Leicester City,Conor-Coady,2928dca2
2024-08-18,Sun,Matchweek 1,Away,L 1–2,Crystal Palace,Brentford,N,"FW,AM",21,0,0,0,0,1,0,1,0,12,1,0,0,0.5,0.5,0.0,1,0,8,10,80.0,0,6,0,0,0,Match Report,8,10,80.0,167,4,3,3,100.0,4,6,66.7,1,1,100.0,0,0.0,0.0,1,0,0,0,0,10,8,2,0,0,1,1,0,1,1,0,0,8,0,0,1,1,0,0,0,0,0,0,0,0,0,0,0,0,12,0,0,7,5,1,12,0,0,,0,,6,25,12,0,0,0,0,1,9,1,1,0,0,0,1,0,0,,0,0,0,0,0,1,0,0,Leicester City,Jordan-Ayew,da052c14
Date,Day,Round,Venue,Result,Squad,Opponent,Start,Pos,Min,Gls,Ast,PK,PKatt,Sh,SoT,CrdY,CrdR,Touches,Tkl,Int,Blocks,xG,npxG,xAG,SCA,GCA,Cmp,Att,Cmp%,PrgP,Carries,PrgC,Att,Succ,Match Report,Cmp,Att,Cmp%,TotDist,PrgDist,Cmp,Att,Cmp%,Cmp,Att,Cmp%,Cmp,Att,Cmp%,Ast,xAG,xA,KP,1/3,PPA,CrsPA,PrgP,Att,Live,Dead,FK,TB,Sw,Crs,TI,CK,In,Out,Str,Cmp,Off,Blocks,SCA,PassLive,PassDead,TO,Sh,Fld,Def,GCA,PassLive,PassDead,TO,Sh,Fld,Def,Touches,Def Pen,Def 3rd,Mid 3rd,Att 3rd,Att Pen,Live,Att,Succ,Succ%,Tkld,Tkld%,Carries,TotDist,PrgDist,PrgC,1/3,CPA,Mis,Dis,Rec,PrgR,Tkl,TklW,Def 3rd,Mid 3rd,Att 3rd,Tkl,Att,Tkl%,Lost,Blocks,Sh,Pass,Int,Tkl+Int,Clr,Err,Leicester City,Jordan-Ayew,da052c14
2024-08-24,Sat,Matchweek 2,Away,L 1–2,Leicester City,Fulham,N,LW,28,0,0,0,0,1,0,0,0,11,0,0,0,0.1,0.1,0.0,1,0,7,8,87.5,1,9,0,1,1,Match Report,7,8,87.5,125,23,2,3,66.7,5,5,100.0,0,0,,0,0.0,0.0,1,0,1,1,1,8,6,2,1,0,0,1,0,0,0,0,0,7,0,1,1,1,0,0,0,0,0,0,0,0,0,0,0,0,11,0,2,4,5,0,11,1,1,100.0,0,0.0,9,34,2,0,0,0,0,0,9,1,0,0,0,0,0,0,0,,0,0,0,0,0,0,0,0,Leicester City,Jordan-Ayew,da052c14
2024-08-31,Sat,Matchweek 3,Home,L 1–2,Leicester City,Aston Villa,Y,LW,67,0,0,0,0,1,0,0,0,37,3,0,2,0.0,0.0,0.0,2,0,22,28,78.6,3,26,2,2,2,Match Report,22,28,78.6,337,51,11,12,91.7,8,11,72.7,2,3,66.7,0,0.0,0.0,1,2,2,1,3,28,28,0,0,0,1,4,0,0,0,0,0,22,0,1,2,2,0,0,0,0,0,0,0,0,0,0,0,0,37,0,1,23,15,0,37,2,2,100.0,0,0.0,26,227,73,2,1,0,2,1,25,2,3,1,0,3,0,0,2,0.0,2,2,0,2,0,3,0,0,Leicester City,Jordan-Ayew,da052c14
2024-09-14,Sat,Matchweek 4,Away,D 2–2,Leicester City,Crystal Palace,Y,RW,82,0,0,0,0,2,1,1,0,37,2,1,1,0.1,0.1,0.0,0,0,11,13,84.6,1,21,1,7,4,Match Report,11,13,84.6,179,19,6,6,100.0,5,5,100.0,0,2,0.0,0,0.0,0.0,0,1,0,0,1,13,13,0,0,0,0,0,0,0,0,0,0,11,0,0,0,0,0,0,0,0,0,0,0,0,0,0,0,0,37,2,6,22,10,4,37,7,4,57.1,2,28.6,21,155,57,1,1,0,5,4,23,3,2,1,1,1,0,0,0,,0,1,0,1,1,3,1,0,Leicester City,Jordan-Ayew,da052c14
2024-09-21,Sat,Matchweek 5,Home,D 1–1,Leicester City,Everton,Y,RW,90,0,0,0,0,2,0,0,0,30,1,0,1,0.1,0.1,0.0,0,0,14,22,63.6,0,23,1,0,0,Match Report,14,22,63.6,135,41,12,14,85.7,2,5,40.0,0,2,0.0,0,0.0,0.0,0,1,0,0,0,22,22,0,0,0,0,4,0,0,0,0,0,14,0,1,0,0,0,0,0,0,0,0,0,0,0,0,0,0,30,0,3,12,15,5,30,0,0,,0,,23,165,85,1,2,1,3,1,22,2,1,0,0,0,1,1,2,50.0,1,1,0,1,0,1,0,0,Leicester City,Jordan-Ayew,da052c14
2024-09-28,Sat,Matchweek 6,Away,L 2–4,Leicester City,Arsenal,N,"RW,AM",6,0,0,0,0,0,0,0,0,3,0,0,0,0.0,0.0,0.0,0,0,0,1,0.0,0,2,0,0,0,Match Report,0,1,0.0,0,0,0,0,,0,1,0.0,0,0,,0,0.0,0.0,0,0,0,0,0,1,1,0,0,0,0,0,0,0,0,0,0,0,0,0,0,0,0,0,0,0,0,0,0,0,0,0,0,0,3,1,1,0,2,0,3,0,0,,0,,2,4,0,0,0,0,1,0,2,0,0,0,0,0,0,0,0,,0,0,0,0,0,0,0,0,Leicester City,Jordan-Ayew,da052c14
2024-10-05,Sat,Matchweek 7,Home,W 1–0,Leicester City,Bournemouth,Y,AM,87,0,0,0,0,0,0,1,0,36,2,2,0,0.0,0.0,0.0,0,0,18,24,75.0,4,23,2,3,0,Match Report,18,24,75.0,249,107,11,11,100.0,4,8,50.0,1,2,50.0,0,0.0,0.0,0,1,0,0,4,24,24,0,0,1,0,1,0,0,0,0,0,18,0,0,0,0,0,0,0,0,0,0,0,0,0,0,0,0,36,2,6,18,12,0,36,3,0,0.0,2,66.7,23,166,77,2,2,0,4,0,31,2,2,2,2,0,0,0,0,,0,0,0,0,2,4,0,0,Leicester City,Jordan-Ayew,da052c14
2024-10-19,Sat,Matchweek 8,Away,W 3–2,Leicester City,Southampton,N,AM,22,1,0,0,0,1,1,0,0,10,1,0,0,0.1,0.1,0.0,1,0,6,6,100.0,0,6,1,1,0,Match Report,6,6,100.0,81,0,4,4,100.0,2,2,100.0,0,0,,0,0.0,0.0,1,0,0,0,0,6,6,0,0,0,0,0,0,0,0,0,0,6,0,0,1,1,0,0,0,0,0,0,0,0,0,0,0,0,10,0,1,3,6,3,10,1,0,0.0,1,100.0,6,30,22,1,0,0,0,0,8,3,1,0,0,1,0,1,1,100.0,0,0,0,0,0,1,0,0,Leicester City,Jordan-Ayew,da052c14
2024-10-25,Fri,Matchweek 9,Home,L 1–3,Leicester City,Nott'ham Forest,N,LW,23,0,0,0,0,0,0,1,0,14,0,0,0,0.0,0.0,0.0,1,0,10,12,83.3,0,12,0,0,0,Match Report,10,12,83.3,132,6,5,6,83.3,5,6,83.3,0,0,,0,0.0,0.0,0,0,0,0,0,12,11,1,0,0,0,1,1,0,0,0,0,10,0,0,1,1,0,0,0,0,0,0,0,0,0,0,0,0,14,0,1,6,8,1,14,0,0,,0,,12,61,14,0,0,0,2,2,15,5,0,0,0,0,0,0,0,,0,0,0,0,0,0,0,0,Leicester City,Jordan-Ayew,da052c14
2024-11-02,Sat,Matchweek 10,Away,D 1–1,Leicester City,Ipswich Town,N,FW,5,1,0,0,0,5,1,0,0,6,0,0,0,0.7,0.7,0.0,2,1,1,1,100.0,0,3,1,0,0,Match Report,1,1,100.0,8,3,1,1,100.0,0,0,,0,0,,0,0.0,0.0,0,0,0,0,0,1,1,0,0,0,0,0,0,0,0,0,0,1,0,0,2,1,0,0,1,0,0,1,1,0,0,0,0,0,6,0,0,0,6,6,6,0,0,,0,,3,27,22,1,0,1,0,0,4,1,0,0,0,0,0,0,0,,0,0,0,0,0,0,0,0,Leicester City,Jordan-Ayew,da052c14
2024-11-10,Sun,Matchweek 11,Away,L 0–3,Leicester City,Manchester Utd,Y,FW,87,0,0,0,0,1,1,0,0,36,2,1,1,0.0,0.0,0.0,1,0,17,22,77.3,2,14,0,2,0,Match Report,17,22,77.3,239,32,9,11,81.8,7,8,87.5,0,0,,0,0.0,0.0,0,1,0,0,2,22,22,0,0,0,0,0,0,0,0,0,0,17,0,1,1,1,0,0,0,0,0,0,0,0,0,0,0,0,36,1,3,19,14,4,36,2,0,0.0,2,100.0,14,40,8,0,0,0,4,1,22,5,2,1,0,1,1,0,0,,0,1,0,1,1,3,1,0,Leicester City,Jordan-Ayew,da052c14
2024-11-23,Sat,Matchweek 12,Home,L 1–2,Leicester City,Chelsea,N,FW,20,1,0,1,1,0,0,0,0,13,0,1,0,0.8,0.0,0.0,0,0,5,6,83.3,0,8,0,3,0,Match Report,5,6,83.3,55,13,3,4,75.0,1,1,100.0,0,0,,0,0.0,0.0,0,1,0,0,0,6,6,0,0,0,0,0,0,0,0,0,0,5,0,0,0,0,0,0,0,0,0,0,0,0,0,0,0,0,13,0,2,9,3,1,12,3,0,0.0,3,100.0,8,35,20,0,0,0,1,0,9,2,0,0,0,0,0,0,1,0.0,1,0,0,0,1,1,0,0,Leicester City,Jordan-Ayew,da052c14
2024-11-30,Sat,Matchweek 13,Away,L 1–4,Leicester City,Brentford,Y,AM,79,0,0,0,0,1,0,0,0,33,0,2,0,0.1,0.1,0.0,0,0,19,21,90.5,2,28,2,5,0,Match Report,19,21,90.5,273,37,11,13,84.6,8,8,100.0,0,0,,0,0.0,0.1,0,0,1,0,2,21,21,0,0,1,0,1,0,0,0,0,0,19,0,0,0,0,0,0,0,0,0,0,0,0,0,0,0,0,33,1,7,21,7,1,33,5,0,0.0,5,100.0,28,148,62,2,2,0,1,1,23,2,0,0,0,0,0,0,0,,0,0,0,0,2,2,1,0,Leicester City,Jordan-Ayew,da052c14
2024-12-03,Tue,Matchweek 14,Home,W 3–1,Leicester City,West Ham,N,AM,1,0,0,0,0,0,0,0,0,8,0,0,0,0.0,0.0,0.0,0,0,3,4,75.0,0,7,0,0,0,Match Report,3,4,75.0,34,6,3,4,75.0,0,0,,0,0,,0,0.0,0.0,0,0,0,0,0,4,4,0,0,0,0,0,0,0,0,0,0,3,0,0,0,0,0,0,0,0,0,0,0,0,0,0,0,0,8,0,0,3,5,0,8,0,0,,0,,7,35,5,0,1,0,2,2,6,3,0,0,0,0,0,0,0,,0,0,0,0,0,0,0,0,Leicester City,Jordan-Ayew,da052c14
2024-12-08,Sun,Matchweek 15,Home,D 2–2,Leicester City,Brighton,Y,LW,61,0,0,0,0,1,0,0,0,24,0,0,1,0.0,0.0,0.1,1,0,16,20,80.0,1,14,2,1,1,Match Report,16,20,80.0,241,85,10,12,83.3,5,7,71.4,1,1,100.0,0,0.1,0.1,1,1,0,0,1,20,19,1,1,0,0,0,0,0,0,0,0,16,0,0,1,0,1,0,0,0,0,0,0,0,0,0,0,0,24,0,4,13,7,2,24,1,1,100.0,0,0.0,14,76,37,2,1,0,2,0,13,2,0,0,0,0,0,0,2,0.0,2,1,0,1,0,0,0,0,Leicester City,Jordan-Ayew,da052c14
2024-12-14,Sat,Matchweek 16,Away,L 0–4,Leicester City,Newcastle Utd,N,"On matchday squad, but did not play","On matchday squad, but did not play","On matchday squad, but did not play","On matchday squad, but did not play","On matchday squad, but did not play","On matchday squad, but did not play","On matchday squad, but did not play","On matchday squad, but did not play","On matchday squad, but did not play","On matchday squad, but did not play","On matchday squad, but did not play","On matchday squad, but did not play","On matchday squad, but did not play","On matchday squad, but did not play","On matchday squad, but did not play","On matchday squad, but did not play","On matchday squad, but did not play","On matchday squad, but did not play","On matchday squad, but did not play","On matchday squad, but did not play","On matchday squad, but did not play","On matchday squad, but did not play","On matchday squad, but did not play","On matchday squad, but did not play","On matchday squad, but did not play","On matchday squad, but did not play","On matchday squad, but did not play",Match Report,"On matchday squad, but did not play","On matchday squad, but did not play","On matchday squad, but did not play","On matchday squad, but did not play","On matchday squad, but did not play","On matchday squad, but did not play","On matchday squad, but did not play","On matchday squad, but did not play","On matchday squad, but did not play","On matchday squad, but did not play","On matchday squad, but did not play","On matchday squad, but did not play","On matchday squad, but did not play","On matchday squad, but did not play","On matchday squad, but did not play","On matchday squad, but did not play","On matchday squad, but did not play","On matchday squad, but did not play","On matchday squad, but did not play","On matchday squad, but did not play","On matchday squad, but did not play","On matchday squad, but did not play","On matchday squad, but did not play","On matchday squad, but did not play","On matchday squad, but did not play","On matchday squad, but did not play","On matchday squad, but did not play","On matchday squad, but did not play","On matchday squad, but did not play","On matchday squad, but did not play","On matchday squad, but did not play","On matchday squad, but did not play","On matchday squad, but did not play","On matchday squad, but did not play","On matchday squad, but did not play","On matchday squad, but did not play","On matchday squad, but did not play","On matchday squad, but did not play","On matchday squad, but did not play","On matchday squad, but did not play","On matchday squad, but did not play","On matchday squad, but did not play","On matchday squad, but did not play","On matchday squad, but did not play","On matchday squad, but did not play","On matchday squad, but did not play","On matchday squad, but did not play","On matchday squad, but did not play","On matchday squad, but did not play","On matchday squad, but did not play","On matchday squad, but did not play","On matchday squad, but did not play","On matchday squad, but did not play","On matchday squad, but did not play","On matchday squad, but did not play","On matchday squad, but did not play","On matchday squad, but did not play","On matchday squad, but did not play","On matchday squad, but did not play","On matchday squad, but did not play","On matchday squad, but did not play","On matchday squad, but did not play","On matchday squad, but did not play","On matchday squad, but did not play","On matchday squad, but did not play","On matchday squad, but did not play","On matchday squad, but did not play","On matchday squad, but did not play","On matchday squad, but did not play","On matchday squad, but did not play","On matchday squad, but did not play","On matchday squad, but did not play","On matchday squad, but did not play","On matchday squad, but did not play","On matchday squad, but did not play","On matchday squad, but did not play","On matchday squad, but did not play","On matchday squad, but did not play","On matchday squad, but did not play","On matchday squad, but did not play","On matchday squad, but did not play","On matchday squad, but did not play","On matchday squad, but did not play","On matchday squad, but did not play","On matchday squad, but did not play","On matchday squad, but did not play","On matchday squad, but did not play","On matchday squad, but did not play","On matchday squad, but did not play",Leicester City,Jordan-Ayew,da052c14
2024-12-22,Sun,Matchweek 17,Home,L 0–3,Leicester City,Wolves,Y,"RW,AM",83,0,0,0,0,1,0,0,0,44,1,0,0,0.1,0.1,0.0,2,0,24,35,68.6,2,26,3,4,2,Match Report,24,35,68.6,319,52,18,19,94.7,6,11,54.5,0,2,0.0,0,0.0,0.1,1,2,0,0,2,35,28,7,2,0,0,7,2,3,1,2,0,24,0,2,2,1,1,0,0,0,0,0,0,0,0,0,0,0,44,1,2,21,22,1,44,4,2,50.0,1,25.0,26,169,76,3,2,0,2,4,28,7,1,0,1,0,0,0,0,,0,0,0,0,0,1,0,0,Leicester City,Jordan-Ayew,da052c14
2024-12-26,Thu,Matchweek 18,Away,L 1–3,Leicester City,Liverpool,Y,"RW,AM",90,1,0,0,0,1,1,1,0,44,2,2,1,0.2,0.2,0.0,1,0,15,29,51.7,0,20,1,1,0,Match Report,15,29,51.7,209,31,10,13,76.9,4,7,57.1,1,5,20.0,0,0.0,0.0,1,0,0,0,0,29,26,3,2,0,1,2,0,1,0,1,0,15,0,1,1,0,1,0,0,0,0,0,0,0,0,0,0,0,44,5,16,24,5,1,44,1,0,0.0,1,100.0,20,114,48,1,1,0,2,0,28,2,2,1,2,0,0,0,0,,0,1,0,1,2,4,5,0,Leicester City,Jordan-Ayew,da052c14
2025-01-04,Sat,Matchweek 20,Away,L 1–2,Leicester City,Aston Villa,Y,RW,82,0,0,0,0,0,0,0,0,33,3,0,3,0.0,0.0,0.2,1,0,15,20,75.0,2,22,2,4,2,Match Report,15,20,75.0,193,36,8,9,88.9,5,8,62.5,0,1,0.0,0,0.2,0.2,1,2,1,1,2,20,19,1,0,0,0,4,0,1,1,0,0,15,0,0,1,1,0,0,0,0,0,0,0,0,0,0,0,0,33,0,6,21,9,0,33,4,2,50.0,1,25.0,22,177,100,2,2,0,4,5,22,4,3,2,0,3,0,1,1,100.0,0,3,0,3,0,3,0,0,Leicester City,Jordan-Ayew,da052c14
2025-01-15,Wed,Matchweek 21,Home,L 0–2,Leicester City,Crystal Palace,N,RM,11,0,0,0,0,1,1,0,0,11,0,0,0,0.0,0.0,0.1,2,0,7,10,70.0,0,4,0,1,1,Match Report,7,10,70.0,127,42,3,4,75.0,3,3,100.0,1,2,50.0,0,0.1,0.1,1,1,0,0,0,10,8,2,0,0,0,2,0,2,2,0,0,7,0,1,2,1,1,0,0,0,0,0,0,0,0,0,0,0,11,0,1,3,7,1,11,1,1,100.0,0,0.0,4,22,4,0,1,0,0,0,6,1,0,0,0,0,0,0,1,0.0,1,0,0,0,0,0,0,0,Leicester City,Jordan-Ayew,da052c14
2025-01-18,Sat,Matchweek 22,Home,L 0–2,Leicester City,Fulham,Y,"RW,AM",70,0,0,0,0,3,1,0,0,32,1,2,0,0.2,0.2,0.0,1,0,14,21,66.7,2,20,3,3,0,Match Report,14,21,66.7,186,50,7,10,70.0,5,9,55.6,1,1,100.0,0,0.0,0.0,0,2,1,0,2,21,19,2,0,1,0,1,1,0,0,0,0,14,0,0,1,1,0,0,0,0,0,0,0,0,0,0,0,0,32,0,5,14,14,4,32,3,0,0.0,3,100.0,20,179,96,3,3,0,0,7,24,2,1,1,0,1,0,1,1,100.0,0,0,0,0,2,3,0,0,Leicester City,Jordan-Ayew,da052c14
2025-01-26,Sun,Matchweek 23,Away,W 2–1,Leicester City,Tottenham,Y,RW,86,0,0,0,0,2,0,0,0,49,1,1,2,0.1,0.1,0.1,5,0,19,35,54.3,3,23,3,2,1,Match Report,19,35,54.3,315,62,8,10,80.0,8,11,72.7,1,7,14.3,0,0.1,0.1,1,1,2,1,3,35,30,5,1,0,0,5,0,4,3,0,0,19,0,1,5,2,0,1,1,0,1,0,0,0,0,0,0,0,49,1,9,21,20,3,49,2,1,50.0,1,50.0,23,151,98,3,3,1,3,0,29,6,1,1,0,1,0,0,2,0.0,2,2,0,2,1,2,3,0,Leicester City,Jordan-Ayew,da052c14
2025-02-01,Sat,Matchweek 24,Away,L 0–4,Leicester City,Everton,Y,RW,90,0,0,0,0,2,0,0,0,54,1,0,1,0.1,0.1,0.1,4,0,28,40,70.0,2,26,1,6,3,Match Report,28,40,70.0,490,66,9,11,81.8,13,15,86.7,4,8,50.0,0,0.1,0.1,2,0,1,0,2,40,33,7,2,0,0,5,1,4,2,1,1,28,0,0,4,2,2,0,0,0,0,0,0,0,0,0,0,0,54,0,4,31,22,3,54,6,3,50.0,3,50.0,26,194,28,1,3,1,4,1,33,6,1,1,1,0,0,0,1,0.0,1,1,0,1,0,1,0,0,Leicester City,Jordan-Ayew,da052c14
2025-02-15,Sat,Matchweek 25,Home,L 0–2,Leicester City,Arsenal,Y,LW,74,0,0,0,0,0,0,1,0,36,2,0,1,0.0,0.0,0.0,1,0,17,23,73.9,2,24,5,3,1,Match Report,17,23,73.9,249,51,8,10,80.0,7,10,70.0,1,2,50.0,0,0.0,0.0,0,2,0,0,2,23,23,0,0,0,0,1,0,0,0,0,0,17,0,0,1,1,0,0,0,0,0,0,0,0,0,0,0,0,36,3,6,21,10,5,36,3,1,33.3,1,33.3,24,192,135,5,2,3,3,2,23,2,2,1,0,1,1,1,3,33.3,2,1,0,1,0,2,4,0,Leicester City,Jordan-Ayew,da052c14
2025-02-21,Fri,Matchweek 26,Home,L 0–4,Leicester City,Brentford,Y,"LW,RW",54,0,0,0,0,0,0,0,0,27,0,0,0,0.0,0.0,0.1,2,0,15,21,71.4,1,19,6,2,0,Match Report,15,21,71.4,205,42,8,8,100.0,4,6,66.7,1,4,25.0,0,0.1,0.1,1,1,2,2,1,21,16,5,1,0,0,6,0,4,1,1,1,15,0,1,2,2,0,0,0,0,0,0,0,0,0,0,0,0,27,1,2,12,16,0,27,2,0,0.0,1,50.0,19,161,95,6,2,0,4,0,18,3,0,0,0,0,0,0,0,,0,0,0,0,0,0,1,0,Leicester City,Jordan-Ayew,da052c14
2025-02-27,Thu,Matchweek 27,Away,L 0–2,Leicester City,West Ham,N,"On matchday squad, but did not play","On matchday squad, but did not play","On matchday squad, but did not play","On matchday squad, but did not play","On matchday squad, but did not play","On matchday squad, but did not play","On matchday squad, but did not play","On matchday squad, but did not play","On matchday squad, but did not play","On matchday squad, but did not play","On matchday squad, but did not play","On matchday squad, but did not play","On matchday squad, but did not play","On matchday squad, but did not play","On matchday squad, but did not play","On matchday squad, but did not play","On matchday squad, but did not play","On matchday squad, but did not play","On matchday squad, but did not play","On matchday squad, but did not play","On matchday squad, but did not play","On matchday squad, but did not play","On matchday squad, but did not play","On matchday squad, but did not play","On matchday squad, but did not play","On matchday squad, but did not play","On matchday squad, but did not play",Match Report,"On matchday squad, but did not play","On matchday squad, but did not play","On matchday squad, but did not play","On matchday squad, but did not play","On matchday squad, but did not play","On matchday squad, but did not play","On matchday squad, but did not play","On matchday squad, but did not play","On matchday squad, but did not play","On matchday squad, but did not play","On matchday squad, but did not play","On matchday squad, but did not play","On matchday squad, but did not play","On matchday squad, but did not play","On matchday squad, but did not play","On matchday squad, but did not play","On matchday squad, but did not play","On matchday squad, but did not play","On matchday squad, but did not play","On matchday squad, but did not play","On matchday squad, but did not play","On matchday squad, but did not play","On matchday squad, but did not play","On matchday squad, but did not play","On matchday squad, but did not play","On matchday squad, but did not play","On matchday squad, but did not play","On matchday squad, but did not play","On matchday squad, but did not play","On matchday squad, but did not play","On matchday squad, but did not play","On matchday squad, but did not play","On matchday squad, but did not play","On matchday squad, but did not play","On matchday squad, but did not play","On matchday squad, but did not play","On matchday squad, but did not play","On matchday squad, but did not play","On matchday squad, but did not play","On matchday squad, but did not play","On matchday squad, but did not play","On matchday squad, but did not play","On matchday squad, but did not play","On matchday squad, but did not play","On matchday squad, but did not play","On matchday squad, but did not play","On matchday squad, but did not play","On matchday squad, but did not play","On matchday squad, but did not play","On matchday squad, but did not play","On matchday squad, but did not play","On matchday squad, but did not play","On matchday squad, but did not play","On matchday squad, but did not play","On matchday squad, but did not play","On matchday squad, but did not play","On matchday squad, but did not play","On matchday squad, but did not play","On matchday squad, but did not play","On matchday squad, but did not play","On matchday squad, but did not play","On matchday squad, but did not play","On matchday squad, but did not play","On matchday squad, but did not play","On matchday squad, but did not play","On matchday squad, but did not play","On matchday squad, but did not play","On matchday squad, but did not play","On matchday squad, but did not play","On matchday squad, but did not play","On matchday squad, but did not play","On matchday squad, but did not play","On matchday squad, but did not play","On matchday squad, but did not play","On matchday squad, but did not play","On matchday squad, but did not play","On matchday squad, but did not play","On matchday squad, but did not play","On matchday squad, but did not play","On matchday squad, but did not play","On matchday squad, but did not play","On matchday squad, but did not play","On matchday squad, but did not play","On matchday squad, but did not play","On matchday squad, but did not play","On matchday squad, but did not play","On matchday squad, but did not play","On matchday squad, but did not play","On matchday squad, but did not play",Leicester City,Jordan-Ayew,da052c14
2025-03-09,Sun,Matchweek 28,Away,L 0–1,Leicester City,Chelsea,N,"On matchday squad, but did not play","On matchday squad, but did not play","On matchday squad, but did not play","On matchday squad, but did not play","On matchday squad, but did not play","On matchday squad, but did not play","On matchday squad, but did not play","On matchday squad, but did not play","On matchday squad, but did not play","On matchday squad, but did not play","On matchday squad, but did not play","On matchday squad, but did not play","On matchday squad, but did not play","On matchday squad, but did not play","On matchday squad, but did not play","On matchday squad, but did not play","On matchday squad, but did not play","On matchday squad, but did not play","On matchday squad, but did not play","On matchday squad, but did not play","On matchday squad, but did not play","On matchday squad, but did not play","On matchday squad, but did not play","On matchday squad, but did not play","On matchday squad, but did not play","On matchday squad, but did not play","On matchday squad, but did not play",Match Report,"On matchday squad, but did not play","On matchday squad, but did not play","On matchday squad, but did not play","On matchday squad, but did not play","On matchday squad, but did not play","On matchday squad, but did not play","On matchday squad, but did not play","On matchday squad, but did not play","On matchday squad, but did not play","On matchday squad, but did not play","On matchday squad, but did not play","On matchday squad, but did not play","On matchday squad, but did not play","On matchday squad, but did not play","On matchday squad, but did not play","On matchday squad, but did not play","On matchday squad, but did not play","On matchday squad, but did not play","On matchday squad, but did not play","On matchday squad, but did not play","On matchday squad, but did not play","On matchday squad, but did not play","On matchday squad, but did not play","On matchday squad, but did not play","On matchday squad, but did not play","On matchday squad, but did not play","On matchday squad, but did not play","On matchday squad, but did not play","On matchday squad, but did not play","On matchday squad, but did not play","On matchday squad, but did not play","On matchday squad, but did not play","On matchday squad, but did not play","On matchday squad, but did not play","On matchday squad, but did not play","On matchday squad, but did not play","On matchday squad, but did not play","On matchday squad, but did not play","On matchday squad, but did not play","On matchday squad, but did not play","On matchday squad, but did not play","On matchday squad, but did not play","On matchday squad, but did not play","On matchday squad, but did not play","On matchday squad, but did not play","On matchday squad, but did not play","On matchday squad, but did not play","On matchday squad, but did not play","On matchday squad, but did not play","On matchday squad, but did not play","On matchday squad, but did not play","On matchday squad, but did not play","On matchday squad, but did not play","On matchday squad, but did not play","On matchday squad, but did not play","On matchday squad, but did not play","On matchday squad, but did not play","On matchday squad, but did not play","On matchday squad, but did not play","On matchday squad, but did not play","On matchday squad, but did not play","On matchday squad, but did not play","On matchday squad, but did not play","On matchday squad, but did not play","On matchday squad, but did not play","On matchday squad, but did not play","On matchday squad, but did not play","On matchday squad, but did not play","On matchday squad, but did not play","On matchday squad, but did not play","On matchday squad, but did not play","On matchday squad, but did not play","On matchday squad, but did not play","On matchday squad, but did not play","On matchday squad, but did not play","On matchday squad, but did not play","On matchday squad, but did not play","On matchday squad, but did not play","On matchday squad, but did not play","On matchday squad, but did not play","On matchday squad, but did not play","On matchday squad, but did not play","On matchday squad, but did not play","On matchday squad, but did not play","On matchday squad, but did not play","On matchday squad, but did not play","On matchday squad, but did not play","On matchday squad, but did not play","On matchday squad, but did not play",Leicester City,Jordan-Ayew,da052c14
2025-03-16,Sun,Matchweek 29,Home,L 0–3,Leicester City,Manchester Utd,N,AM,1,0,0,0,0,0,0,0,0,15,2,0,0,0.0,0.0,0.0,1,0,9,10,90.0,3,4,2,0,0,Match Report,9,10,90.0,183,36,4,4,100.0,4,4,100.0,1,2,50.0,0,0.0,0.0,0,1,0,0,3,10,7,3,0,0,0,2,0,2,2,0,0,9,0,0,1,1,0,0,0,0,0,0,0,0,0,0,0,0,15,0,0,6,9,1,15,0,0,,0,,4,45,30,2,1,0,2,0,6,1,2,1,0,0,2,1,1,100.0,0,0,0,0,0,2,0,0,Leicester City,Jordan-Ayew,da052c14
2025-04-02,Wed,Matchweek 30,Away,L 0–2,Leicester City,Manchester City,N,FW,11,0,0,0,0,0,0,0,0,6,0,0,0,0.0,0.0,0.0,1,0,4,5,80.0,0,5,0,1,1,Match Report,4,5,80.0,54,3,3,4,75.0,0,0,,1,1,100.0,0,0.0,0.0,0,0,0,0,0,5,5,0,0,0,0,0,0,0,0,0,0,4,0,0,1,1,0,0,0,0,0,0,0,0,0,0,0,0,6,0,1,4,2,0,6,1,1,100.0,0,0.0,5,42,1,0,0,0,0,0,5,1,0,0,0,0,0,0,1,0.0,1,0,0,0,0,0,0,0,Leicester City,Jordan-Ayew,da052c14
2025-04-07,Mon,Matchweek 31,Home,L 0–3,Leicester City,Newcastle Utd,N,"On matchday squad, but did not play","On matchday squad, but did not play","On matchday squad, but did not play","On matchday squad, but did not play","On matchday squad, but did not play","On matchday squad, but did not play","On matchday squad, but did not play","On matchday squad, but did not play","On matchday squad, but did not play","On matchday squad, but did not play","On matchday squad, but did not play","On matchday squad, but did not play","On matchday squad, but did not play","On matchday squad, but did not play","On matchday squad, but did not play","On matchday squad, but did not play","On matchday squad, but did not play","On matchday squad, but did not play","On matchday squad, but did not play","On matchday squad, but did not play","On matchday squad, but did not play","On matchday squad, but did not play","On matchday squad, but did not play","On matchday squad, but did not play","On matchday squad, but did not play","On matchday squad, but did not play","On matchday squad, but did not play",Match Report,"On matchday squad, but did not play","On matchday squad, but did not play","On matchday squad, but did not play","On matchday squad, but did not play","On matchday squad, but did not play","On matchday squad, but did not play","On matchday squad, but did not play","On matchday squad, but did not play","On matchday squad, but did not play","On matchday squad, but did not play","On matchday squad, but did not play","On matchday squad, but did not play","On matchday squad, but did not play","On matchday squad, but did not play","On matchday squad, but did not play","On matchday squad, but did not play","On matchday squad, but did not play","On matchday squad, but did not play","On matchday squad, but did not play","On matchday squad, but did not play","On matchday squad, but did not play","On matchday squad, but did not play","On matchday squad, but did not play","On matchday squad, but did not play","On matchday squad, but did not play","On matchday squad, but did not play","On matchday squad, but did not play","On matchday squad, but did not play","On matchday squad, but did not play","On matchday squad, but did not play","On matchday squad, but did not play","On matchday squad, but did not play","On matchday squad, but did not play","On matchday squad, but did not play","On matchday squad, but did not play","On matchday squad, but did not play","On matchday squad, but did not play","On matchday squad, but did not play","On matchday squad, but did not play","On matchday squad, but did not play","On matchday squad, but did not play","On matchday squad, but did not play","On matchday squad, but did not play","On matchday squad, but did not play","On matchday squad, but did not play","On matchday squad, but did not play","On matchday squad, but did not play","On matchday squad, but did not play","On matchday squad, but did not play","On matchday squad, but did not play","On matchday squad, but did not play","On matchday squad, but did not play","On matchday squad, but did not play","On matchday squad, but did not play","On matchday squad, but did not play","On matchday squad, but did not play","On matchday squad, but did not play","On matchday squad, but did not play","On matchday squad, but did not play","On matchday squad, but did not play","On matchday squad, but did not play","On matchday squad, but did not play","On matchday squad, but did not play","On matchday squad, but did not play","On matchday squad, but did not play","On matchday squad, but did not play","On matchday squad, but did not play","On matchday squad, but did not play","On matchday squad, but did not play","On matchday squad, but did not play","On matchday squad, but did not play","On matchday squad, but did not play","On matchday squad, but did not play","On matchday squad, but did not play","On matchday squad, but did not play","On matchday squad, but did not play","On matchday squad, but did not play","On matchday squad, but did not play","On matchday squad, but did not play","On matchday squad, but did not play","On matchday squad, but did not play","On matchday squad, but did not play","On matchday squad, but did not play","On matchday squad, but did not play","On matchday squad, but did not play","On matchday squad, but did not play","On matchday squad, but did not play","On matchday squad, but did not play","On matchday squad, but did not play",Leicester City,Jordan-Ayew,da052c14
2025-04-12,Sat,Matchweek 32,Away,D 2–2,Leicester City,Brighton,N,"On matchday squad, but did not play","On matchday squad, but did not play","On matchday squad, but did not play","On matchday squad, but did not play","On matchday squad, but did not play","On matchday squad, but did not play","On matchday squad, but did not play","On matchday squad, but did not play","On matchday squad, but did not play","On matchday squad, but did not play","On matchday squad, but did not play","On matchday squad, but did not play","On matchday squad, but did not play","On matchday squad, but did not play","On matchday squad, but did not play","On matchday squad, but did not play","On matchday squad, but did not play","On matchday squad, but did not play","On matchday squad, but did not play","On matchday squad, but did not play","On matchday squad, but did not play","On matchday squad, but did not play","On matchday squad, but did not play","On matchday squad, but did not play","On matchday squad, but did not play","On matchday squad, but did not play","On matchday squad, but did not play",Match Report,"On matchday squad, but did not play","On matchday squad, but did not play","On matchday squad, but did not play","On matchday squad, but did not play","On matchday squad, but did not play","On matchday squad, but did not play","On matchday squad, but did not play","On matchday squad, but did not play","On matchday squad, but did not play","On matchday squad, but did not play","On matchday squad, but did not play","On matchday squad, but did not play","On matchday squad, but did not play","On matchday squad, but did not play","On matchday squad, but did not play","On matchday squad, but did not play","On matchday squad, but did not play","On matchday squad, but did not play","On matchday squad, but did not play","On matchday squad, but did not play","On matchday squad, but did not play","On matchday squad, but did not play","On matchday squad, but did not play","On matchday squad, but did not play","On matchday squad, but did not play","On matchday squad, but did not play","On matchday squad, but did not play","On matchday squad, but did not play","On matchday squad, but did not play","On matchday squad, but did not play","On matchday squad, but did not play","On matchday squad, but did not play","On matchday squad, but did not play","On matchday squad, but did not play","On matchday squad, but did not play","On matchday squad, but did not play","On matchday squad, but did not play","On matchday squad, but did not play","On matchday squad, but did not play","On matchday squad, but did not play","On matchday squad, but did not play","On matchday squad, but did not play","On matchday squad, but did not play","On matchday squad, but did not play","On matchday squad, but did not play","On matchday squad, but did not play","On matchday squad, but did not play","On matchday squad, but did not play","On matchday squad, but did not play","On matchday squad, but did not play","On matchday squad, but did not play","On matchday squad, but did not play","On matchday squad, but did not play","On matchday squad, but did not play","On matchday squad, but did not play","On matchday squad, but did not play","On matchday squad, but did not play","On matchday squad, but did not play","On matchday squad, but did not play","On matchday squad, but did not play","On matchday squad, but did not play","On matchday squad, but did not play","On matchday squad, but did not play","On matchday squad, but did not play","On matchday squad, but did not play","On matchday squad, but did not play","On matchday squad, but did not play","On matchday squad, but did not play","On matchday squad, but did not play","On matchday squad, but did not play","On matchday squad, but did not play","On matchday squad, but did not play","On matchday squad, but did not play","On matchday squad, but did not play","On matchday squad, but did not play","On matchday squad, but did not play","On matchday squad, but did not play","On matchday squad, but did not play","On matchday squad, but did not play","On matchday squad, but did not play","On matchday squad, but did not play","On matchday squad, but did not play","On matchday squad, but did not play","On matchday squad, but did not play","On matchday squad, but did not play","On matchday squad, but did not play","On matchday squad, but did not play","On matchday squad, but did not play","On matchday squad, but did not play",Leicester City,Jordan-Ayew,da052c14
2025-04-20,Sun,Matchweek 33,Home,L 0–1,Leicester City,Liverpool,N,"On matchday squad, but did not play","On matchday squad, but did not play","On matchday squad, but did not play","On matchday squad, but did not play","On matchday squad, but did not play","On matchday squad, but did not play","On matchday squad, but did not play","On matchday squad, but did not play","On matchday squad, but did not play","On matchday squad, but did not play","On matchday squad, but did not play","On matchday squad, but did not play","On matchday squad, but did not play","On matchday squad, but did not play","On matchday squad, but did not play","On matchday squad, but did not play","On matchday squad, but did not play","On matchday squad, but did not play","On matchday squad, but did not play","On matchday squad, but did not play","On matchday squad, but did not play","On matchday squad, but did not play","On matchday squad, but did not play","On matchday squad, but did not play","On matchday squad, but did not play","On matchday squad, but did not play","On matchday squad, but did not play",Match Report,"On matchday squad, but did not play","On matchday squad, but did not play","On matchday squad, but did not play","On matchday squad, but did not play","On matchday squad, but did not play","On matchday squad, but did not play","On matchday squad, but did not play","On matchday squad, but did not play","On matchday squad, but did not play","On matchday squad, but did not play","On matchday squad, but did not play","On matchday squad, but did not play","On matchday squad, but did not play","On matchday squad, but did not play","On matchday squad, but did not play","On matchday squad, but did not play","On matchday squad, but did not play","On matchday squad, but did not play","On matchday squad, but did not play","On matchday squad, but did not play","On matchday squad, but did not play","On matchday squad, but did not play","On matchday squad, but did not play","On matchday squad, but did not play","On matchday squad, but did not play","On matchday squad, but did not play","On matchday squad, but did not play","On matchday squad, but did not play","On matchday squad, but did not play","On matchday squad, but did not play","On matchday squad, but did not play","On matchday squad, but did not play","On matchday squad, but did not play","On matchday squad, but did not play","On matchday squad, but did not play","On matchday squad, but did not play","On matchday squad, but did not play","On matchday squad, but did not play","On matchday squad, but did not play","On matchday squad, but did not play","On matchday squad, but did not play","On matchday squad, but did not play","On matchday squad, but did not play","On matchday squad, but did not play","On matchday squad, but did not play","On matchday squad, but did not play","On matchday squad, but did not play","On matchday squad, but did not play","On matchday squad, but did not play","On matchday squad, but did not play","On matchday squad, but did not play","On matchday squad, but did not play","On matchday squad, but did not play","On matchday squad, but did not play","On matchday squad, but did not play","On matchday squad, but did not play","On matchday squad, but did not play","On matchday squad, but did not play","On matchday squad, but did not play","On matchday squad, but did not play","On matchday squad, but did not play","On matchday squad, but did not play","On matchday squad, but did not play","On matchday squad, but did not play","On matchday squad, but did not play","On matchday squad, but did not play","On matchday squad, but did not play","On matchday squad, but did not play","On matchday squad, but did not play","On matchday squad, but did not play","On matchday squad, but did not play","On matchday squad, but did not play","On matchday squad, but did not play","On matchday squad, but did not play","On matchday squad, but did not play","On matchday squad, but did not play","On matchday squad, but did not play","On matchday squad, but did not play","On matchday squad, but did not play","On matchday squad, but did not play","On matchday squad, but did not play","On matchday squad, but did not play","On matchday squad, but did not play","On matchday squad, but did not play","On matchday squad, but did not play","On matchday squad, but did not play","On matchday squad, but did not play","On matchday squad, but did not play","On matchday squad, but did not play",Leicester City,Jordan-Ayew,da052c14
2025-04-26,Sat,Matchweek 34,Away,L 0–3,Leicester City,Wolves,N,"LW,AM",46,0,0,0,0,1,0,0,0,28,0,0,1,0.1,0.1,0.0,2,0,18,24,75.0,2,21,4,4,3,Match Report,18,24,75.0,333,85,8,8,100.0,6,9,66.7,4,6,66.7,0,0.0,0.1,1,1,1,1,2,24,21,3,2,0,0,5,0,1,1,0,0,18,0,1,2,1,0,1,0,0,0,0,0,0,0,0,0,0,28,0,2,10,16,3,28,4,3,75.0,1,25.0,21,146,66,4,0,2,0,1,20,7,0,0,0,0,0,0,0,,0,1,0,1,0,0,0,0,Leicester City,Jordan-Ayew,da052c14
2025-05-03,Sat,Matchweek 35,Home,W 2–0,Leicester City,Southampton,Y,AM,69,1,0,0,0,2,1,0,0,31,0,0,1,0.1,0.1,0.1,3,1,19,23,82.6,4,15,0,3,1,Match Report,19,23,82.6,287,74,11,12,91.7,6,7,85.7,1,3,33.3,0,0.1,0.1,1,1,0,0,4,23,20,3,0,0,0,5,0,3,0,2,1,19,0,0,3,1,1,0,1,0,0,1,0,0,0,1,0,0,31,0,1,15,15,0,31,3,1,33.3,2,66.7,15,90,20,0,1,0,1,2,20,2,0,0,0,0,0,0,0,,0,1,0,1,0,0,1,0,Leicester City,Jordan-Ayew,da052c14
2025-05-11,Sun,Matchweek 36,Away,D 2–2,Leicester City,Nott'ham Forest,Y,"AM,LW",60,0,0,0,0,0,0,0,0,24,2,0,3,0.0,0.0,0.0,1,0,14,14,100.0,2,14,1,1,1,Match Report,14,14,100.0,234,52,8,8,100.0,5,5,100.0,1,1,100.0,0,0.0,0.0,1,0,1,0,2,14,13,1,0,0,0,1,0,1,1,0,0,14,0,0,1,0,1,0,0,0,0,0,0,0,0,0,0,0,24,1,2,18,5,0,24,1,1,100.0,0,0.0,14,108,35,1,1,0,2,4,17,2,2,1,0,2,0,0,0,,0,3,1,2,0,2,0,0,Leicester City,Jordan-Ayew,da052c14
2025-05-18,Sun,Matchweek 37,Home,W 2–0,Leicester City,Ipswich Town,Y,AM,63,0,0,0,0,1,0,0,0,28,1,0,1,0.1,0.1,0.1,3,0,18,20,90.0,6,17,3,0,0,Match Report,18,20,90.0,291,58,9,9,100.0,6,6,100.0,2,3,66.7,0,0.1,0.0,1,3,0,0,6,20,19,1,0,0,0,1,0,1,1,0,0,18,0,0,3,2,0,0,0,1,0,0,0,0,0,0,0,0,28,2,6,16,7,1,28,0,0,,0,,17,133,86,3,3,1,2,0,19,3,1,1,1,0,0,1,2,50.0,1,1,0,1,0,1,2,0,Leicester City,Jordan-Ayew,da052c14
2025-05-25,Sun,Matchweek 38,Away,L 0–2,Leicester City,Bournemouth,Y,AM,90,0,0,0,0,2,0,0,0,38,0,0,1,0.1,0.1,0.0,2,0,16,22,72.7,1,23,3,4,2,Match Report,16,22,72.7,179,53,9,12,75.0,4,5,80.0,0,1,0.0,0,0.0,0.0,0,0,1,0,1,22,19,2,1,0,0,1,0,1,0,1,0,16,1,0,2,0,0,1,1,0,0,0,0,0,0,0,0,0,38,0,3,17,18,5,38,4,2,50.0,2,50.0,23,248,138,3,2,1,7,2,30,4,0,0,0,0,0,0,2,0.0,2,1,1,0,0,0,0,0,Leicester City,Jordan-Ayew,da052c14
2024-08-19,Mon,Matchweek 1,Home,D 1–1,Leicester City,Tottenham,Y,DM,90,0,0,0,0,0,0,0,0,43,3,1,1,0.0,0.0,0.0,1,0,34,41,82.9,6,16,1,1,1,Match Report,34,41,82.9,531,312,20,23,87.0,13,15,86.7,1,3,33.3,0,0.0,0.0,1,4,0,0,6,41,34,7,5,0,0,3,0,2,0,2,0,34,0,0,1,0,1,0,0,0,0,0,0,0,0,0,0,0,43,2,17,24,4,0,43,1,1,100.0,0,0.0,16,103,57,1,0,0,0,0,24,0,3,2,2,1,0,1,5,20.0,4,1,1,0,1,4,0,0,Leicester City,Harry-Winks,2f7acede
2024-08-24,Sat,Matchweek 2,Away,L 1–2,Leicester City,Fulham,Y,DM,90,0,0,0,0,0,0,0,0,68,0,0,2,0.0,0.0,0.1,2,0,57,62,91.9,4,34,0,0,0,Match Report,57,62,91.9,929,313,31,32,96.9,22,25,88.0,4,4,100.0,0,0.1,0.1,1,4,0,0,4,62,56,5,3,0,0,3,0,2,2,0,0,57,1,0,2,0,2,0,0,0,0,0,0,0,0,0,0,0,68,1,31,34,3,0,68,0,0,,0,,34,142,46,0,0,0,1,1,49,0,0,0,0,0,0,0,0,,0,2,0,2,0,0,1,0,Leicester City,Harry-Winks,2f7acede
2024-08-31,Sat,Matchweek 3,Home,L 1–2,Leicester City,Aston Villa,Y,"DM,CM",90,0,0,0,0,0,0,1,0,87,1,1,1,0.0,0.0,0.0,2,0,76,84,90.5,4,59,0,0,0,Match Report,76,84,90.5,1001,467,42,43,97.7,21,23,91.3,3,6,50.0,0,0.0,0.1,0,9,0,0,4,84,76,7,6,0,1,1,1,0,0,0,0,76,1,1,2,2,0,0,0,0,0,0,0,0,0,0,0,0,87,3,8,70,10,0,87,0,0,,0,,59,285,115,0,1,0,0,1,68,1,1,1,0,0,1,1,2,50.0,1,1,0,1,1,2,2,0,Leicester City,Harry-Winks,2f7acede
2024-09-14,Sat,Matchweek 4,Away,D 2–2,Leicester City,Crystal Palace,Y,"DM,CM",90,0,0,0,0,0,0,0,0,42,3,1,1,0.0,0.0,0.0,0,0,26,34,76.5,1,14,0,0,0,Match Report,26,34,76.5,397,181,12,13,92.3,13,14,92.9,0,4,0.0,0,0.0,0.0,0,0,0,0,1,34,29,5,4,0,0,2,0,1,1,0,0,26,0,2,0,0,0,0,0,0,0,0,0,0,0,0,0,0,42,4,13,26,4,0,42,0,0,,0,,14,82,14,0,0,0,1,0,23,1,3,1,1,1,1,1,1,100.0,0,1,0,1,1,4,1,0,Leicester City,Harry-Winks,2f7acede
2024-09-21,Sat,Matchweek 5,Home,D 1–1,Leicester City,Everton,Y,DM,90,0,0,0,0,1,0,0,0,68,2,0,0,0.0,0.0,0.1,7,0,52,61,85.2,9,52,3,1,0,Match Report,52,61,85.2,917,473,21,22,95.5,23,25,92.0,5,9,55.6,0,0.1,0.2,3,8,2,2,9,61,52,9,3,0,0,7,1,5,4,0,0,52,0,1,7,4,3,0,0,0,0,0,0,0,0,0,0,0,68,1,16,36,18,0,68,1,0,0.0,1,100.0,52,270,163,3,2,0,3,0,50,0,2,0,2,0,0,1,2,50.0,1,0,0,0,0,2,1,0,Leicester City,Harry-Winks,2f7acede
2024-09-28,Sat,Matchweek 6,Away,L 2–4,Leicester City,Arsenal,Y,"DM,CB",90,0,0,0,0,0,0,0,0,37,0,0,2,0.0,0.0,0.0,1,0,23,29,79.3,3,17,1,2,0,Match Report,23,29,79.3,272,152,17,18,94.4,6,8,75.0,0,1,0.0,0,0.0,0.0,1,1,1,0,3,29,28,1,1,0,0,0,0,0,0,0,0,23,0,1,1,1,0,0,0,0,0,0,0,0,0,0,0,0,37,4,18,16,3,0,37,2,0,0.0,2,100.0,17,72,38,1,0,0,0,0,19,2,0,0,0,0,0,0,0,,0,2,1,1,0,0,2,0,Leicester City,Harry-Winks,2f7acede
2024-10-05,Sat,Matchweek 7,Home,W 1–0,Leicester City,Bournemouth,N,"On matchday squad, but did not play","On matchday squad, but did not play","On matchday squad, but did not play","On matchday squad, but did not play","On matchday squad, but did not play","On matchday squad, but did not play","On matchday squad, but did not play","On matchday squad, but did not play","On matchday squad, but did not play","On matchday squad, but did not play","On matchday squad, but did not play","On matchday squad, but did not play","On matchday squad, but did not play","On matchday squad, but did not play","On matchday squad, but did not play","On matchday squad, but did not play","On matchday squad, but did not play","On matchday squad, but did not play","On matchday squad, but did not play","On matchday squad, but did not play","On matchday squad, but did not play","On matchday squad, but did not play","On matchday squad, but did not play","On matchday squad, but did not play","On matchday squad, but did not play","On matchday squad, but did not play","On matchday squad, but did not play",Match Report,"On matchday squad, but did not play","On matchday squad, but did not play","On matchday squad, but did not play","On matchday squad, but did not play","On matchday squad, but did not play","On matchday squad, but did not play","On matchday squad, but did not play","On matchday squad, but did not play","On matchday squad, but did not play","On matchday squad, but did not play","On matchday squad, but did not play","On matchday squad, but did not play","On matchday squad, but did not play","On matchday squad, but did not play","On matchday squad, but did not play","On matchday squad, but did not play","On matchday squad, but did not play","On matchday squad, but did not play","On matchday squad, but did not play","On matchday squad, but did not play","On matchday squad, but did not play","On matchday squad, but did not play","On matchday squad, but did not play","On matchday squad, but did not play","On matchday squad, but did not play","On matchday squad, but did not play","On matchday squad, but did not play","On matchday squad, but did not play","On matchday squad, but did not play","On matchday squad, but did not play","On matchday squad, but did not play","On matchday squad, but did not play","On matchday squad, but did not play","On matchday squad, but did not play","On matchday squad, but did not play","On matchday squad, but did not play","On matchday squad, but did not play","On matchday squad, but did not play","On matchday squad, but did not play","On matchday squad, but did not play","On matchday squad, but did not play","On matchday squad, but did not play","On matchday squad, but did not play","On matchday squad, but did not play","On matchday squad, but did not play","On matchday squad, but did not play","On matchday squad, but did not play","On matchday squad, but did not play","On matchday squad, but did not play","On matchday squad, but did not play","On matchday squad, but did not play","On matchday squad, but did not play","On matchday squad, but did not play","On matchday squad, but did not play","On matchday squad, but did not play","On matchday squad, but did not play","On matchday squad, but did not play","On matchday squad, but did not play","On matchday squad, but did not play","On matchday squad, but did not play","On matchday squad, but did not play","On matchday squad, but did not play","On matchday squad, but did not play","On matchday squad, but did not play","On matchday squad, but did not play","On matchday squad, but did not play","On matchday squad, but did not play","On matchday squad, but did not play","On matchday squad, but did not play","On matchday squad, but did not play","On matchday squad, but did not play","On matchday squad, but did not play","On matchday squad, but did not play","On matchday squad, but did not play","On matchday squad, but did not play","On matchday squad, but did not play","On matchday squad, but did not play","On matchday squad, but did not play","On matchday squad, but did not play","On matchday squad, but did not play","On matchday squad, but did not play","On matchday squad, but did not play","On matchday squad, but did not play","On matchday squad, but did not play","On matchday squad, but did not play","On matchday squad, but did not play","On matchday squad, but did not play","On matchday squad, but did not play","On matchday squad, but did not play",Leicester City,Harry-Winks,2f7acede
2024-10-19,Sat,Matchweek 8,Away,W 3–2,Leicester City,Southampton,N,DM,45,0,1,0,0,0,0,1,0,38,0,0,0,0.0,0.0,0.2,6,2,34,37,91.9,6,22,0,0,0,Match Report,34,37,91.9,545,167,17,18,94.4,11,12,91.7,4,5,80.0,1,0.2,0.1,4,11,0,0,6,37,35,2,0,0,0,1,0,2,1,0,0,34,0,0,6,5,1,0,0,0,0,2,1,1,0,0,0,0,38,1,3,19,16,0,38,0,0,,0,,22,110,62,0,1,0,0,0,30,0,0,0,0,0,0,0,0,,0,0,0,0,0,0,1,0,Leicester City,Harry-Winks,2f7acede
2024-10-25,Fri,Matchweek 9,Home,L 1–3,Leicester City,Nott'ham Forest,Y,"DM,LM",90,0,1,0,0,1,0,1,0,87,0,0,2,0.0,0.0,0.5,3,1,69,81,85.2,8,70,2,0,0,Match Report,69,81,85.2,1059,391,37,42,88.1,27,30,90.0,4,6,66.7,1,0.5,0.6,2,12,0,0,8,81,75,6,4,0,0,3,0,2,1,1,0,69,0,0,3,3,0,0,0,0,0,1,1,0,0,0,0,0,87,3,14,56,18,1,87,0,0,,0,,70,269,108,2,0,0,0,0,68,3,0,0,0,0,0,0,0,,0,2,1,1,0,0,1,0,Leicester City,Harry-Winks,2f7acede
2024-11-02,Sat,Matchweek 10,Away,D 1–1,Leicester City,Ipswich Town,Y,"DM,CM",90,0,0,0,0,4,1,0,0,67,1,0,0,0.1,0.1,0.1,3,0,46,55,83.6,6,36,4,0,0,Match Report,46,55,83.6,833,210,19,21,90.5,23,25,92.0,3,5,60.0,0,0.1,0.0,1,2,0,0,6,55,49,6,3,0,1,2,0,1,1,0,0,46,0,1,3,3,0,0,0,0,0,0,0,0,0,0,0,0,67,3,17,38,13,0,67,0,0,,0,,36,179,117,4,0,0,1,0,37,0,1,1,1,0,0,1,3,33.3,2,0,0,0,0,1,3,0,Leicester City,Harry-Winks,2f7acede
2024-11-10,Sun,Matchweek 11,Away,L 0–3,Leicester City,Manchester Utd,Y*,CM,90,0,0,0,0,1,1,0,0,77,2,0,1,0.0,0.0,0.0,1,0,65,73,89.0,12,48,1,0,0,Match Report,65,73,89.0,1113,400,27,30,90.0,32,33,97.0,5,8,62.5,0,0.0,0.0,0,9,0,0,12,73,65,8,4,0,0,3,0,1,1,0,0,65,0,0,1,1,0,0,0,0,0,0,0,0,0,0,0,0,77,2,13,56,9,0,77,0,0,,0,,48,212,121,1,0,0,0,1,58,1,2,2,0,2,0,0,0,,0,1,1,0,0,2,2,0,Leicester City,Harry-Winks,2f7acede
2024-11-23,Sat,Matchweek 12,Home,L 1–2,Leicester City,Chelsea,Y,CM,10,0,0,0,0,0,0,0,0,5,0,1,0,0.0,0.0,0.0,0,0,1,2,50.0,0,4,0,0,0,Match Report,1,2,50.0,10,6,1,1,100.0,0,1,0.0,0,0,,0,0.0,0.0,0,0,0,0,0,2,2,0,0,0,0,0,0,0,0,0,0,1,0,0,0,0,0,0,0,0,0,0,0,0,0,0,0,0,5,0,4,1,0,0,5,0,0,,0,,4,15,0,0,0,0,1,2,2,0,0,0,0,0,0,0,0,,0,0,0,0,1,1,0,0,Leicester City,Harry-Winks,2f7acede
2024-12-22,Sun,Matchweek 17,Home,L 0–3,Leicester City,Wolves,N,DM,45,0,0,0,0,0,0,0,0,50,2,0,0,0.0,0.0,0.1,2,0,41,48,85.4,6,33,0,1,1,Match Report,41,48,85.4,591,189,24,25,96.0,14,17,82.4,2,3,66.7,0,0.1,0.2,1,5,1,0,6,48,47,1,0,2,0,2,1,0,0,0,0,41,0,0,2,2,0,0,0,0,0,0,0,0,0,0,0,0,50,0,9,34,8,0,50,1,1,100.0,0,0.0,33,133,66,0,0,0,0,0,36,0,2,1,0,2,0,2,2,100.0,0,0,0,0,0,2,0,0,Leicester City,Harry-Winks,2f7acede
2024-12-26,Thu,Matchweek 18,Away,L 1–3,Leicester City,Liverpool,Y,DM,64,0,0,0,0,0,0,0,0,31,1,0,1,0.0,0.0,0.0,1,0,19,25,76.0,2,15,0,1,0,Match Report,19,25,76.0,232,70,11,12,91.7,7,8,87.5,0,2,0.0,0,0.0,0.0,0,1,0,0,2,25,25,0,0,0,0,0,0,0,0,0,0,19,0,1,1,1,0,0,0,0,0,0,0,0,0,0,0,0,31,4,16,15,0,0,31,1,0,0.0,1,100.0,15,79,37,0,0,0,0,1,23,0,1,0,0,1,0,1,1,100.0,0,1,1,0,0,1,1,0,Leicester City,Harry-Winks,2f7acede
2024-12-29,Sun,Matchweek 19,Home,L 0–2,Leicester City,Manchester City,Y,DM,84,0,0,0,0,0,0,0,0,66,1,0,0,0.0,0.0,0.0,0,0,60,64,93.8,1,43,0,0,0,Match Report,60,64,93.8,828,217,39,41,95.1,18,19,94.7,1,1,100.0,0,0.0,0.0,0,5,0,0,1,64,61,2,2,0,0,0,0,0,0,0,0,60,1,0,0,0,0,0,0,0,0,0,0,0,0,0,0,0,66,4,14,49,4,0,66,0,0,,0,,43,209,94,0,1,0,2,0,57,0,1,0,1,0,0,1,2,50.0,1,0,0,0,0,1,0,0,Leicester City,Harry-Winks,2f7acede
2025-01-04,Sat,Matchweek 20,Away,L 1–2,Leicester City,Aston Villa,Y,DM,90,0,0,0,0,0,0,0,0,59,3,1,1,0.0,0.0,0.0,1,0,48,53,90.6,7,39,1,1,0,Match Report,48,53,90.6,738,191,25,28,89.3,21,22,95.5,1,1,100.0,0,0.0,0.0,0,4,1,1,7,53,53,0,0,1,0,1,0,0,0,0,0,48,0,1,1,1,0,0,0,0,0,0,0,0,0,0,0,0,59,1,13,40,6,0,59,1,0,0.0,0,0.0,39,195,59,1,3,0,1,0,43,1,3,0,1,2,0,1,2,50.0,1,1,0,1,1,4,0,0,Leicester City,Harry-Winks,2f7acede
2025-01-15,Wed,Matchweek 21,Home,L 0–2,Leicester City,Crystal Palace,Y,DM,65,0,0,0,0,1,0,0,0,77,0,2,0,0.0,0.0,0.0,3,0,63,69,91.3,4,41,1,1,0,Match Report,63,69,91.3,994,332,30,32,93.8,31,32,96.9,1,4,25.0,0,0.0,0.0,0,11,1,1,4,69,69,0,0,0,0,1,0,0,0,0,0,63,0,0,3,2,0,0,1,0,0,0,0,0,0,0,0,0,77,6,16,54,8,0,77,1,0,0.0,1,100.0,41,212,76,1,2,0,1,0,64,0,0,0,0,0,0,0,0,,0,0,0,0,2,2,2,0,Leicester City,Harry-Winks,2f7acede
2025-01-18,Sat,Matchweek 22,Home,L 0–2,Leicester City,Fulham,Y,DM,63,0,0,0,0,1,1,0,0,35,1,0,2,0.0,0.0,0.0,0,0,25,29,86.2,3,20,0,0,0,Match Report,25,29,86.2,340,129,17,19,89.5,7,9,77.8,0,0,,0,0.0,0.0,0,3,0,0,3,29,29,0,0,0,0,0,0,0,0,0,0,25,0,0,0,0,0,0,0,0,0,0,0,0,0,0,0,0,35,1,9,23,4,0,35,0,0,,0,,20,78,45,0,0,0,1,0,21,0,1,1,1,0,0,1,3,33.3,2,2,0,2,0,1,1,0,Leicester City,Harry-Winks,2f7acede
2025-01-26,Sun,Matchweek 23,Away,W 2–1,Leicester City,Tottenham,Y,"DM,CM",90,0,0,0,0,0,0,1,0,56,1,1,1,0.0,0.0,0.0,2,0,44,50,88.0,6,42,0,1,0,Match Report,44,50,88.0,773,296,21,24,87.5,18,19,94.7,5,6,83.3,0,0.0,0.0,1,7,1,1,6,50,49,1,0,0,0,2,1,0,0,0,0,44,0,1,2,2,0,0,0,0,0,0,0,0,0,0,0,0,56,4,16,33,8,0,56,1,0,0.0,1,100.0,42,131,39,0,2,0,0,2,35,1,1,1,1,0,0,0,0,,0,1,1,0,1,2,2,0,Leicester City,Harry-Winks,2f7acede
2025-02-01,Sat,Matchweek 24,Away,L 0–4,Leicester City,Everton,Y,DM,90,0,0,0,0,0,0,0,0,64,3,0,0,0.0,0.0,0.0,0,0,48,57,84.2,4,34,1,1,0,Match Report,48,57,84.2,876,227,19,22,86.4,24,25,96.0,4,5,80.0,0,0.0,0.0,0,2,0,0,4,57,57,0,0,1,0,1,0,0,0,0,0,48,0,1,0,0,0,0,0,0,0,0,0,0,0,0,0,0,64,2,12,48,4,0,64,1,0,0.0,1,100.0,34,180,83,1,0,0,0,0,43,0,3,1,2,1,0,2,6,33.3,4,0,0,0,0,3,0,0,Leicester City,Harry-Winks,2f7acede
2025-02-15,Sat,Matchweek 25,Home,L 0–2,Leicester City,Arsenal,N,"On matchday squad, but did not play","On matchday squad, but did not play","On matchday squad, but did not play","On matchday squad, but did not play","On matchday squad, but did not play","On matchday squad, but did not play","On matchday squad, but did not play","On matchday squad, but did not play","On matchday squad, but did not play","On matchday squad, but did not play","On matchday squad, but did not play","On matchday squad, but did not play","On matchday squad, but did not play","On matchday squad, but did not play","On matchday squad, but did not play","On matchday squad, but did not play","On matchday squad, but did not play","On matchday squad, but did not play","On matchday squad, but did not play","On matchday squad, but did not play","On matchday squad, but did not play","On matchday squad, but did not play","On matchday squad, but did not play","On matchday squad, but did not play","On matchday squad, but did not play","On matchday squad, but did not play","On matchday squad, but did not play",Match Report,"On matchday squad, but did not play","On matchday squad, but did not play","On matchday squad, but did not play","On matchday squad, but did not play","On matchday squad, but did not play","On matchday squad, but did not play","On matchday squad, but did not play","On matchday squad, but did not play","On matchday squad, but did not play","On matchday squad, but did not play","On matchday squad, but did not play","On matchday squad, but did not play","On matchday squad, but did not play","On matchday squad, but did not play","On matchday squad, but did not play","On matchday squad, but did not play","On matchday squad, but did not play","On matchday squad, but did not play","On matchday squad, but did not play","On matchday squad, but did not play","On matchday squad, but did not play","On matchday squad, but did not play","On matchday squad, but did not play","On matchday squad, but did not play","On matchday squad, but did not play","On matchday squad, but did not play","On matchday squad, but did not play","On matchday squad, but did not play","On matchday squad, but did not play","On matchday squad, but did not play","On matchday squad, but did not play","On matchday squad, but did not play","On matchday squad, but did not play","On matchday squad, but did not play","On matchday squad, but did not play","On matchday squad, but did not play","On matchday squad, but did not play","On matchday squad, but did not play","On matchday squad, but did not play","On matchday squad, but did not play","On matchday squad, but did not play","On matchday squad, but did not play","On matchday squad, but did not play","On matchday squad, but did not play","On matchday squad, but did not play","On matchday squad, but did not play","On matchday squad, but did not play","On matchday squad, but did not play","On matchday squad, but did not play","On matchday squad, but did not play","On matchday squad, but did not play","On matchday squad, but did not play","On matchday squad, but did not play","On matchday squad, but did not play","On matchday squad, but did not play","On matchday squad, but did not play","On matchday squad, but did not play","On matchday squad, but did not play","On matchday squad, but did not play","On matchday squad, but did not play","On matchday squad, but did not play","On matchday squad, but did not play","On matchday squad, but did not play","On matchday squad, but did not play","On matchday squad, but did not play","On matchday squad, but did not play","On matchday squad, but did not play","On matchday squad, but did not play","On matchday squad, but did not play","On matchday squad, but did not play","On matchday squad, but did not play","On matchday squad, but did not play","On matchday squad, but did not play","On matchday squad, but did not play","On matchday squad, but did not play","On matchday squad, but did not play","On matchday squad, but did not play","On matchday squad, but did not play","On matchday squad, but did not play","On matchday squad, but did not play","On matchday squad, but did not play","On matchday squad, but did not play","On matchday squad, but did not play","On matchday squad, but did not play","On matchday squad, but did not play","On matchday squad, but did not play","On matchday squad, but did not play","On matchday squad, but did not play","On matchday squad, but did not play",Leicester City,Harry-Winks,2f7acede
2025-02-21,Fri,Matchweek 26,Home,L 0–4,Leicester City,Brentford,N,"On matchday squad, but did not play","On matchday squad, but did not play","On matchday squad, but did not play","On matchday squad, but did not play","On matchday squad, but did not play","On matchday squad, but did not play","On matchday squad, but did not play","On matchday squad, but did not play","On matchday squad, but did not play","On matchday squad, but did not play","On matchday squad, but did not play","On matchday squad, but did not play","On matchday squad, but did not play","On matchday squad, but did not play","On matchday squad, but did not play","On matchday squad, but did not play","On matchday squad, but did not play","On matchday squad, but did not play","On matchday squad, but did not play","On matchday squad, but did not play","On matchday squad, but did not play","On matchday squad, but did not play","On matchday squad, but did not play","On matchday squad, but did not play","On matchday squad, but did not play","On matchday squad, but did not play","On matchday squad, but did not play",Match Report,"On matchday squad, but did not play","On matchday squad, but did not play","On matchday squad, but did not play","On matchday squad, but did not play","On matchday squad, but did not play","On matchday squad, but did not play","On matchday squad, but did not play","On matchday squad, but did not play","On matchday squad, but did not play","On matchday squad, but did not play","On matchday squad, but did not play","On matchday squad, but did not play","On matchday squad, but did not play","On matchday squad, but did not play","On matchday squad, but did not play","On matchday squad, but did not play","On matchday squad, but did not play","On matchday squad, but did not play","On matchday squad, but did not play","On matchday squad, but did not play","On matchday squad, but did not play","On matchday squad, but did not play","On matchday squad, but did not play","On matchday squad, but did not play","On matchday squad, but did not play","On matchday squad, but did not play","On matchday squad, but did not play","On matchday squad, but did not play","On matchday squad, but did not play","On matchday squad, but did not play","On matchday squad, but did not play","On matchday squad, but did not play","On matchday squad, but did not play","On matchday squad, but did not play","On matchday squad, but did not play","On matchday squad, but did not play","On matchday squad, but did not play","On matchday squad, but did not play","On matchday squad, but did not play","On matchday squad, but did not play","On matchday squad, but did not play","On matchday squad, but did not play","On matchday squad, but did not play","On matchday squad, but did not play","On matchday squad, but did not play","On matchday squad, but did not play","On matchday squad, but did not play","On matchday squad, but did not play","On matchday squad, but did not play","On matchday squad, but did not play","On matchday squad, but did not play","On matchday squad, but did not play","On matchday squad, but did not play","On matchday squad, but did not play","On matchday squad, but did not play","On matchday squad, but did not play","On matchday squad, but did not play","On matchday squad, but did not play","On matchday squad, but did not play","On matchday squad, but did not play","On matchday squad, but did not play","On matchday squad, but did not play","On matchday squad, but did not play","On matchday squad, but did not play","On matchday squad, but did not play","On matchday squad, but did not play","On matchday squad, but did not play","On matchday squad, but did not play","On matchday squad, but did not play","On matchday squad, but did not play","On matchday squad, but did not play","On matchday squad, but did not play","On matchday squad, but did not play","On matchday squad, but did not play","On matchday squad, but did not play","On matchday squad, but did not play","On matchday squad, but did not play","On matchday squad, but did not play","On matchday squad, but did not play","On matchday squad, but did not play","On matchday squad, but did not play","On matchday squad, but did not play","On matchday squad, but did not play","On matchday squad, but did not play","On matchday squad, but did not play","On matchday squad, but did not play","On matchday squad, but did not play","On matchday squad, but did not play","On matchday squad, but did not play",Leicester City,Harry-Winks,2f7acede
2025-02-27,Thu,Matchweek 27,Away,L 0–2,Leicester City,West Ham,N,"DM,CM",30,0,0,0,0,0,0,0,0,28,0,1,0,0.0,0.0,0.0,0,0,24,27,88.9,1,17,2,0,0,Match Report,24,27,88.9,319,99,10,12,83.3,8,9,88.9,1,1,100.0,0,0.0,0.0,0,4,0,0,1,27,27,0,0,0,0,0,0,0,0,0,0,24,0,0,0,0,0,0,0,0,0,0,0,0,0,0,0,0,28,0,3,25,0,0,28,0,0,,0,,17,113,75,2,0,0,0,0,25,0,0,0,0,0,0,0,0,,0,0,0,0,1,1,0,0,Leicester City,Harry-Winks,2f7acede
2025-03-09,Sun,Matchweek 28,Away,L 0–1,Leicester City,Chelsea,N,"CM,DM",25,0,0,0,0,0,0,0,0,36,0,0,1,0.0,0.0,0.0,1,0,27,31,87.1,5,18,2,1,0,Match Report,27,31,87.1,367,134,19,20,95.0,8,9,88.9,0,2,0.0,0,0.0,0.0,1,4,0,0,5,31,30,1,0,0,0,0,1,0,0,0,0,27,0,0,1,1,0,0,0,0,0,0,0,0,0,0,0,0,36,3,10,23,3,0,36,1,0,0.0,1,100.0,18,80,51,2,0,0,1,0,25,1,0,0,0,0,0,0,1,0.0,1,1,0,1,0,0,0,0,Leicester City,Harry-Winks,2f7acede
2025-03-16,Sun,Matchweek 29,Home,L 0–3,Leicester City,Manchester Utd,N,CM,27,0,0,0,0,1,1,0,0,37,0,0,3,0.0,0.0,0.0,3,0,28,33,84.8,3,22,0,1,1,Match Report,28,33,84.8,436,92,12,13,92.3,15,17,88.2,0,0,,0,0.0,0.0,1,4,0,0,3,33,33,0,0,0,0,2,0,0,0,0,0,28,0,1,3,1,0,1,0,1,0,0,0,0,0,0,0,0,37,0,3,26,8,0,37,1,1,100.0,0,0.0,22,119,56,0,1,0,0,0,27,0,0,0,0,0,0,0,0,,0,3,1,2,0,0,0,0,Leicester City,Harry-Winks,2f7acede
2024-08-19,Mon,Matchweek 1,Home,D 1–1,Leicester City,Tottenham,N,FW,12,0,0,0,0,0,0,0,0,6,1,0,0,0.0,0.0,0.0,2,0,2,3,66.7,2,6,2,3,1,Match Report,2,3,66.7,40,17,1,1,100.0,1,2,50.0,0,0,,0,0.0,0.1,1,0,1,0,2,3,3,0,0,0,0,0,0,0,0,0,0,2,0,0,2,1,0,1,0,0,0,0,0,0,0,0,0,0,6,0,3,2,2,0,6,3,1,33.3,2,66.7,6,51,36,2,0,0,1,1,4,0,1,1,1,0,0,0,0,,0,0,0,0,0,1,0,0,Leicester City,Stephy-Mavididi,30144daa
2024-08-24,Sat,Matchweek 2,Away,L 1–2,Leicester City,Fulham,N,FW,20,0,0,0,0,0,0,0,0,8,1,0,0,0.0,0.0,0.0,0,0,6,6,100.0,0,6,0,0,0,Match Report,6,6,100.0,94,39,3,3,100.0,3,3,100.0,0,0,,0,0.0,0.0,0,1,0,0,0,6,5,1,0,0,0,0,1,0,0,0,0,6,0,0,0,0,0,0,0,0,0,0,0,0,0,0,0,0,8,1,2,4,2,0,8,0,0,,0,,6,32,20,0,0,0,0,2,5,0,1,1,1,0,0,0,0,,0,0,0,0,0,1,0,0,Leicester City,Stephy-Mavididi,30144daa
2024-08-31,Sat,Matchweek 3,Home,L 1–2,Leicester City,Aston Villa,N,"LM,WB",23,0,0,0,0,0,0,0,0,10,2,0,0,0.0,0.0,0.0,2,2,6,7,85.7,0,7,1,4,2,Match Report,6,7,85.7,68,15,4,4,100.0,1,1,100.0,0,1,0.0,0,0.0,0.6,0,0,0,0,0,7,6,1,1,0,0,1,0,0,0,0,0,6,0,0,2,1,0,1,0,0,0,2,1,0,1,0,0,0,10,0,1,3,7,1,10,4,2,50.0,1,25.0,7,65,53,1,1,1,1,0,8,3,2,1,0,1,1,1,3,33.3,2,0,0,0,0,2,0,0,Leicester City,Stephy-Mavididi,30144daa
2024-09-14,Sat,Matchweek 4,Away,D 2–2,Leicester City,Crystal Palace,Y,LW,71,1,0,0,0,3,1,0,0,28,1,0,5,0.4,0.4,0.0,1,0,12,17,70.6,1,18,2,2,1,Match Report,12,17,70.6,176,32,4,5,80.0,7,8,87.5,0,1,0.0,0,0.0,0.0,0,0,1,0,1,17,17,0,0,0,0,1,0,0,0,0,0,12,0,0,1,0,0,0,1,0,0,0,0,0,0,0,0,0,28,1,2,15,12,3,28,2,1,50.0,1,50.0,18,146,113,2,2,0,1,3,20,4,1,0,0,1,0,0,0,,0,5,0,5,0,1,0,0,Leicester City,Stephy-Mavididi,30144daa
2024-09-21,Sat,Matchweek 5,Home,D 1–1,Leicester City,Everton,Y,LW,89,1,0,0,0,3,1,0,0,67,3,0,4,0.3,0.3,0.1,3,0,37,50,74.0,4,48,4,9,5,Match Report,37,50,74.0,434,51,22,24,91.7,9,15,60.0,0,0,,0,0.1,0.3,2,2,2,0,4,50,45,4,1,0,0,6,2,1,0,0,0,37,1,2,3,3,0,0,0,0,0,0,0,0,0,0,0,0,67,0,6,21,40,7,67,9,5,55.6,3,33.3,48,226,79,4,2,1,2,3,47,14,3,2,0,2,1,2,2,100.0,0,4,1,3,0,3,0,0,Leicester City,Stephy-Mavididi,30144daa
2024-09-28,Sat,Matchweek 6,Away,L 2–4,Leicester City,Arsenal,Y,LW,89,0,0,0,0,0,0,0,0,31,3,0,0,0.0,0.0,0.1,3,1,11,15,73.3,4,24,0,4,1,Match Report,11,15,73.3,192,120,6,7,85.7,3,4,75.0,1,1,100.0,0,0.1,0.1,1,0,1,0,4,15,15,0,0,0,0,0,0,0,0,0,0,11,0,2,3,3,0,0,0,0,0,1,1,0,0,0,0,0,31,2,13,14,5,1,31,4,1,25.0,3,75.0,24,72,39,0,0,0,4,2,25,3,3,2,3,0,0,2,6,33.3,4,0,0,0,0,3,2,0,Leicester City,Stephy-Mavididi,30144daa
2024-10-05,Sat,Matchweek 7,Home,W 1–0,Leicester City,Bournemouth,Y,LW,81,0,0,0,0,0,0,0,0,32,0,1,0,0.0,0.0,0.0,1,0,13,21,61.9,2,23,6,3,0,Match Report,13,21,61.9,196,48,5,6,83.3,5,8,62.5,1,1,100.0,0,0.0,0.1,0,2,1,0,2,21,19,0,0,1,0,2,0,0,0,0,0,13,2,0,1,1,0,0,0,0,0,0,0,0,0,0,0,0,32,1,6,17,10,2,32,3,0,0.0,2,66.7,23,216,97,6,1,2,2,6,26,7,0,0,0,0,0,0,1,0.0,1,0,0,0,1,1,0,0,Leicester City,Stephy-Mavididi,30144daa
2024-10-19,Sat,Matchweek 8,Away,W 3–2,Leicester City,Southampton,Y,LW,87,0,0,0,0,1,0,0,0,56,1,0,2,0.0,0.0,0.4,5,0,32,43,74.4,8,33,3,5,0,Match Report,32,43,74.4,559,188,11,12,91.7,13,19,68.4,4,6,66.7,0,0.4,0.4,2,1,5,1,8,43,41,2,0,1,0,6,1,1,0,1,0,32,0,0,5,4,1,0,0,0,0,0,0,0,0,0,0,0,56,1,4,21,31,2,56,5,0,0.0,5,100.0,33,280,82,3,1,2,1,1,40,8,1,1,0,1,0,0,1,0.0,1,2,0,2,0,1,1,0,Leicester City,Stephy-Mavididi,30144daa
2024-10-25,Fri,Matchweek 9,Home,L 1–3,Leicester City,Nott'ham Forest,Y,LW,67,0,0,0,0,2,0,1,0,40,0,0,0,0.0,0.0,0.0,3,1,21,31,67.7,2,32,6,2,0,Match Report,21,31,67.7,276,52,14,15,93.3,5,10,50.0,1,4,25.0,0,0.0,0.0,2,2,1,0,2,31,31,0,0,1,0,1,0,0,0,0,0,21,0,1,3,3,0,0,0,0,0,1,1,0,0,0,0,0,40,2,5,16,19,1,40,2,0,0.0,2,100.0,32,226,120,6,1,0,1,0,32,5,0,0,0,0,0,0,2,0.0,2,0,0,0,0,0,0,0,Leicester City,Stephy-Mavididi,30144daa
2024-11-02,Sat,Matchweek 10,Away,D 1–1,Leicester City,Ipswich Town,Y,LW,70,0,0,0,0,1,0,1,0,34,1,0,1,0.2,0.2,0.1,2,0,16,21,76.2,2,19,4,4,3,Match Report,16,21,76.2,299,43,7,8,87.5,6,8,75.0,2,3,66.7,0,0.1,0.1,2,3,0,0,2,21,21,0,0,0,0,2,0,0,0,0,0,16,0,1,2,2,0,0,0,0,0,0,0,0,0,0,0,0,34,1,5,13,18,4,34,4,3,75.0,1,25.0,19,157,91,4,3,1,2,1,23,7,1,1,0,0,1,1,1,100.0,0,1,0,1,0,1,1,0,Leicester City,Stephy-Mavididi,30144daa
2024-11-10,Sun,Matchweek 11,Away,L 0–3,Leicester City,Manchester Utd,N,"On matchday squad, but did not play","On matchday squad, but did not play","On matchday squad, but did not play","On matchday squad, but did not play","On matchday squad, but did not play","On matchday squad, but did not play","On matchday squad, but did not play","On matchday squad, but did not play","On matchday squad, but did not play","On matchday squad, but did not play","On matchday squad, but did not play","On matchday squad, but did not play","On matchday squad, but did not play","On matchday squad, but did not play","On matchday squad, but did not play","On matchday squad, but did not play","On matchday squad, but did not play","On matchday squad, but did not play","On matchday squad, but did not play","On matchday squad, but did not play","On matchday squad, but did not play","On matchday squad, but did not play","On matchday squad, but did not play","On matchday squad, but did not play","On matchday squad, but did not play","On matchday squad, but did not play","On matchday squad, but did not play",Match Report,"On matchday squad, but did not play","On matchday squad, but did not play","On matchday squad, but did not play","On matchday squad, but did not play","On matchday squad, but did not play","On matchday squad, but did not play","On matchday squad, but did not play","On matchday squad, but did not play","On matchday squad, but did not play","On matchday squad, but did not play","On matchday squad, but did not play","On matchday squad, but did not play","On matchday squad, but did not play","On matchday squad, but did not play","On matchday squad, but did not play","On matchday squad, but did not play","On matchday squad, but did not play","On matchday squad, but did not play","On matchday squad, but did not play","On matchday squad, but did not play","On matchday squad, but did not play","On matchday squad, but did not play","On matchday squad, but did not play","On matchday squad, but did not play","On matchday squad, but did not play","On matchday squad, but did not play","On matchday squad, but did not play","On matchday squad, but did not play","On matchday squad, but did not play","On matchday squad, but did not play","On matchday squad, but did not play","On matchday squad, but did not play","On matchday squad, but did not play","On matchday squad, but did not play","On matchday squad, but did not play","On matchday squad, but did not play","On matchday squad, but did not play","On matchday squad, but did not play","On matchday squad, but did not play","On matchday squad, but did not play","On matchday squad, but did not play","On matchday squad, but did not play","On matchday squad, but did not play","On matchday squad, but did not play","On matchday squad, but did not play","On matchday squad, but did not play","On matchday squad, but did not play","On matchday squad, but did not play","On matchday squad, but did not play","On matchday squad, but did not play","On matchday squad, but did not play","On matchday squad, but did not play","On matchday squad, but did not play","On matchday squad, but did not play","On matchday squad, but did not play","On matchday squad, but did not play","On matchday squad, but did not play","On matchday squad, but did not play","On matchday squad, but did not play","On matchday squad, but did not play","On matchday squad, but did not play","On matchday squad, but did not play","On matchday squad, but did not play","On matchday squad, but did not play","On matchday squad, but did not play","On matchday squad, but did not play","On matchday squad, but did not play","On matchday squad, but did not play","On matchday squad, but did not play","On matchday squad, but did not play","On matchday squad, but did not play","On matchday squad, but did not play","On matchday squad, but did not play","On matchday squad, but did not play","On matchday squad, but did not play","On matchday squad, but did not play","On matchday squad, but did not play","On matchday squad, but did not play","On matchday squad, but did not play","On matchday squad, but did not play","On matchday squad, but did not play","On matchday squad, but did not play","On matchday squad, but did not play","On matchday squad, but did not play","On matchday squad, but did not play","On matchday squad, but did not play","On matchday squad, but did not play","On matchday squad, but did not play","On matchday squad, but did not play",Leicester City,Stephy-Mavididi,30144daa
2024-11-23,Sat,Matchweek 12,Home,L 1–2,Leicester City,Chelsea,N,"LM,RM",20,0,0,0,0,0,0,0,0,13,1,0,2,0.0,0.0,0.0,2,1,7,7,100.0,3,9,2,2,1,Match Report,7,7,100.0,78,35,5,5,100.0,1,1,100.0,0,0,,0,0.0,0.2,0,1,1,0,3,7,7,0,0,1,0,0,0,0,0,0,0,7,0,0,2,2,0,0,0,0,0,1,1,0,0,0,0,0,13,0,1,5,7,1,13,2,1,50.0,1,50.0,9,64,28,2,0,1,2,1,9,1,1,0,1,0,0,0,1,0.0,1,2,0,2,0,1,0,0,Leicester City,Stephy-Mavididi,30144daa
2024-11-30,Sat,Matchweek 13,Away,L 1–4,Leicester City,Brentford,N,AM,27,0,0,0,0,1,1,0,0,26,1,0,0,0.1,0.1,0.1,2,0,14,18,77.8,2,19,3,7,4,Match Report,14,18,77.8,178,61,9,10,90.0,3,4,75.0,1,3,33.3,0,0.1,0.1,1,0,0,0,2,18,16,2,0,0,0,3,0,2,2,0,0,14,0,0,2,1,1,0,0,0,0,0,0,0,0,0,0,0,26,0,2,11,14,1,26,7,4,57.1,3,42.9,19,144,95,3,3,0,0,1,17,4,1,1,1,0,0,1,2,50.0,1,0,0,0,0,1,0,0,Leicester City,Stephy-Mavididi,30144daa
2024-12-03,Tue,Matchweek 14,Home,W 3–1,Leicester City,West Ham,N,LW,17,0,0,0,0,0,0,0,0,13,0,0,0,0.0,0.0,0.0,0,0,8,11,72.7,1,8,1,0,0,Match Report,8,11,72.7,115,24,4,4,100.0,2,2,100.0,1,1,100.0,0,0.0,0.1,0,0,0,0,1,11,11,0,0,0,0,0,0,0,0,0,0,8,0,3,0,0,0,0,0,0,0,0,0,0,0,0,0,0,13,0,2,8,4,2,13,0,0,,0,,8,72,46,1,0,1,2,1,9,2,0,0,0,0,0,0,0,,0,0,0,0,0,0,0,0,Leicester City,Stephy-Mavididi,30144daa
2024-12-08,Sun,Matchweek 15,Home,D 2–2,Leicester City,Brighton,N,LW,29,0,0,0,0,1,0,0,0,23,0,0,1,0.0,0.0,0.1,2,1,13,17,76.5,2,16,2,6,3,Match Report,13,17,76.5,171,54,10,10,100.0,2,3,66.7,1,3,33.3,0,0.1,0.2,1,2,2,1,2,17,16,1,0,0,0,2,1,0,0,0,0,13,0,1,2,2,0,0,0,0,0,1,1,0,0,0,0,0,23,0,1,11,11,2,23,6,3,50.0,3,50.0,16,187,86,2,2,1,0,1,17,3,0,0,0,0,0,0,1,0.0,1,1,0,1,0,0,0,0,Leicester City,Stephy-Mavididi,30144daa
2024-12-14,Sat,Matchweek 16,Away,L 0–4,Leicester City,Newcastle Utd,Y,"LW,RW",58,0,0,0,0,0,0,0,0,34,1,1,0,0.0,0.0,0.0,1,0,21,28,75.0,4,28,2,0,0,Match Report,21,28,75.0,279,61,15,19,78.9,6,8,75.0,0,1,0.0,0,0.0,0.0,0,0,2,0,4,28,28,0,0,0,0,1,0,0,0,0,0,21,0,0,1,1,0,0,0,0,0,0,0,0,0,0,0,0,34,0,3,14,17,1,34,0,0,,0,,28,138,65,2,1,0,3,1,25,6,1,1,0,0,1,0,1,0.0,1,0,0,0,1,2,0,0,Leicester City,Stephy-Mavididi,30144daa
2024-12-22,Sun,Matchweek 17,Home,L 0–3,Leicester City,Wolves,Y,LW,90,0,0,0,0,1,1,0,0,52,4,0,1,0.0,0.0,0.0,1,0,30,40,75.0,2,33,7,4,1,Match Report,30,40,75.0,355,66,23,27,85.2,6,10,60.0,0,0,,0,0.0,0.0,0,4,0,0,2,40,38,2,0,0,0,5,2,0,0,0,0,30,0,2,1,1,0,0,0,0,0,0,0,0,0,0,0,0,52,1,5,23,24,2,52,4,1,25.0,2,50.0,33,228,146,7,3,1,2,0,34,4,4,2,2,2,0,2,2,100.0,0,1,0,1,0,4,0,0,Leicester City,Stephy-Mavididi,30144daa
2024-12-26,Thu,Matchweek 18,Away,L 1–3,Leicester City,Liverpool,Y,LW,86,0,1,0,0,0,0,0,0,29,2,2,3,0.0,0.0,0.2,1,1,13,16,81.3,0,14,2,2,0,Match Report,13,16,81.3,177,48,8,8,100.0,4,6,66.7,0,0,,1,0.2,0.1,1,1,2,2,0,16,16,0,0,1,0,3,0,0,0,0,0,13,0,1,1,1,0,0,0,0,0,1,1,0,0,0,0,0,29,4,11,7,12,0,29,2,0,0.0,2,100.0,14,124,69,2,2,0,2,0,15,3,2,1,2,0,0,1,2,50.0,1,3,0,3,2,4,3,0,Leicester City,Stephy-Mavididi,30144daa
2024-12-29,Sun,Matchweek 19,Home,L 0–2,Leicester City,Manchester City,Y,LW,89,0,0,0,0,1,0,0,0,53,2,2,0,0.0,0.0,0.5,4,0,38,44,86.4,6,39,9,5,2,Match Report,38,44,86.4,525,121,24,24,100.0,11,14,78.6,2,2,100.0,0,0.5,0.4,2,4,3,1,6,44,44,0,0,0,0,5,0,0,0,0,0,38,0,2,4,4,0,0,0,0,0,0,0,0,0,0,0,0,53,0,9,16,29,3,53,5,2,40.0,2,40.0,39,284,173,9,4,2,0,0,43,6,2,1,2,0,0,0,0,,0,0,0,0,2,4,1,0,Leicester City,Stephy-Mavididi,30144daa
2025-01-04,Sat,Matchweek 20,Away,L 1–2,Leicester City,Aston Villa,Y,LW,90,1,0,0,0,2,1,0,0,46,2,1,1,0.2,0.2,0.0,0,0,21,25,84.0,1,31,2,7,0,Match Report,21,25,84.0,258,28,15,16,93.8,5,6,83.3,0,1,0.0,0,0.0,0.0,0,0,0,0,1,25,25,0,0,0,0,1,0,0,0,0,0,21,0,0,0,0,0,0,0,0,0,0,0,0,0,0,0,0,46,2,11,18,17,5,46,7,0,0.0,7,100.0,31,175,51,2,1,2,4,2,32,7,2,0,1,1,0,0,1,0.0,1,1,1,0,1,3,1,0,Leicester City,Stephy-Mavididi,30144daa
2025-01-15,Wed,Matchweek 21,Home,L 0–2,Leicester City,Crystal Palace,Y,"LW,LM",90,0,0,0,0,2,0,0,0,53,1,2,1,0.1,0.1,0.6,6,0,24,34,70.6,4,27,5,4,3,Match Report,24,34,70.6,280,88,16,17,94.1,6,10,60.0,0,3,0.0,0,0.6,0.2,3,1,0,0,4,34,33,1,0,1,0,8,0,1,0,1,0,24,0,1,6,3,0,2,1,0,0,0,0,0,0,0,0,0,53,2,5,14,35,9,53,4,3,75.0,1,25.0,27,302,196,5,4,4,2,3,34,9,1,0,0,1,0,0,3,0.0,3,1,0,1,2,3,2,0,Leicester City,Stephy-Mavididi,30144daa
2025-01-18,Sat,Matchweek 22,Home,L 0–2,Leicester City,Fulham,Y,LW,70,0,0,0,0,1,1,0,0,21,0,0,0,0.0,0.0,0.0,1,0,12,18,66.7,1,14,3,3,1,Match Report,12,18,66.7,115,30,10,12,83.3,1,3,33.3,0,1,0.0,0,0.0,0.0,0,2,0,0,1,18,17,1,0,0,0,3,1,0,0,0,0,12,0,1,1,1,0,0,0,0,0,0,0,0,0,0,0,0,21,1,2,10,10,1,21,3,1,33.3,1,33.3,14,134,93,3,0,1,1,1,20,3,0,0,0,0,0,0,2,0.0,2,0,0,0,0,0,0,0,Leicester City,Stephy-Mavididi,30144daa
2025-01-26,Sun,Matchweek 23,Away,W 2–1,Leicester City,Tottenham,N,"On matchday squad, but did not play","On matchday squad, but did not play","On matchday squad, but did not play","On matchday squad, but did not play","On matchday squad, but did not play","On matchday squad, but did not play","On matchday squad, but did not play","On matchday squad, but did not play","On matchday squad, but did not play","On matchday squad, but did not play","On matchday squad, but did not play","On matchday squad, but did not play","On matchday squad, but did not play","On matchday squad, but did not play","On matchday squad, but did not play","On matchday squad, but did not play","On matchday squad, but did not play","On matchday squad, but did not play","On matchday squad, but did not play","On matchday squad, but did not play","On matchday squad, but did not play","On matchday squad, but did not play","On matchday squad, but did not play","On matchday squad, but did not play","On matchday squad, but did not play","On matchday squad, but did not play","On matchday squad, but did not play",Match Report,"On matchday squad, but did not play","On matchday squad, but did not play","On matchday squad, but did not play","On matchday squad, but did not play","On matchday squad, but did not play","On matchday squad, but did not play","On matchday squad, but did not play","On matchday squad, but did not play","On matchday squad, but did not play","On matchday squad, but did not play","On matchday squad, but did not play","On matchday squad, but did not play","On matchday squad, but did not play","On matchday squad, but did not play","On matchday squad, but did not play","On matchday squad, but did not play","On matchday squad, but did not play","On matchday squad, but did not play","On matchday squad, but did not play","On matchday squad, but did not play","On matchday squad, but did not play","On matchday squad, but did not play","On matchday squad, but did not play","On matchday squad, but did not play","On matchday squad, but did not play","On matchday squad, but did not play","On matchday squad, but did not play","On matchday squad, but did not play","On matchday squad, but did not play","On matchday squad, but did not play","On matchday squad, but did not play","On matchday squad, but did not play","On matchday squad, but did not play","On matchday squad, but did not play","On matchday squad, but did not play","On matchday squad, but did not play","On matchday squad, but did not play","On matchday squad, but did not play","On matchday squad, but did not play","On matchday squad, but did not play","On matchday squad, but did not play","On matchday squad, but did not play","On matchday squad, but did not play","On matchday squad, but did not play","On matchday squad, but did not play","On matchday squad, but did not play","On matchday squad, but did not play","On matchday squad, but did not play","On matchday squad, but did not play","On matchday squad, but did not play","On matchday squad, but did not play","On matchday squad, but did not play","On matchday squad, but did not play","On matchday squad, but did not play","On matchday squad, but did not play","On matchday squad, but did not play","On matchday squad, but did not play","On matchday squad, but did not play","On matchday squad, but did not play","On matchday squad, but did not play","On matchday squad, but did not play","On matchday squad, but did not play","On matchday squad, but did not play","On matchday squad, but did not play","On matchday squad, but did not play","On matchday squad, but did not play","On matchday squad, but did not play","On matchday squad, but did not play","On matchday squad, but did not play","On matchday squad, but did not play","On matchday squad, but did not play","On matchday squad, but did not play","On matchday squad, but did not play","On matchday squad, but did not play","On matchday squad, but did not play","On matchday squad, but did not play","On matchday squad, but did not play","On matchday squad, but did not play","On matchday squad, but did not play","On matchday squad, but did not play","On matchday squad, but did not play","On matchday squad, but did not play","On matchday squad, but did not play","On matchday squad, but did not play","On matchday squad, but did not play","On matchday squad, but did not play","On matchday squad, but did not play","On matchday squad, but did not play","On matchday squad, but did not play",Leicester City,Stephy-Mavididi,30144daa
2025-02-01,Sat,Matchweek 24,Away,L 0–4,Leicester City,Everton,N,LW,15,0,0,0,0,1,0,0,0,11,0,0,0,0.0,0.0,0.0,0,0,4,8,50.0,0,7,2,0,0,Match Report,4,8,50.0,45,3,3,4,75.0,1,3,33.3,0,0,,0,0.0,0.0,0,0,0,0,0,8,7,0,0,0,0,2,0,0,0,0,0,4,1,1,0,0,0,0,0,0,0,0,0,0,0,0,0,0,11,0,2,2,7,0,11,0,0,,0,,7,39,26,2,1,0,1,0,8,4,0,0,0,0,0,0,0,,0,0,0,0,0,0,0,0,Leicester City,Stephy-Mavididi,30144daa
2025-02-15,Sat,Matchweek 25,Home,L 0–2,Leicester City,Arsenal,N,"LW,LM",16,0,0,0,0,1,0,0,0,8,0,1,0,0.0,0.0,0.0,0,0,3,5,60.0,1,7,3,4,2,Match Report,3,5,60.0,73,16,0,0,,2,3,66.7,1,2,50.0,0,0.0,0.0,0,1,0,0,1,5,4,1,0,0,0,1,0,1,1,0,0,3,0,0,0,0,0,0,0,0,0,0,0,0,0,0,0,0,8,0,1,4,5,2,8,4,2,50.0,1,25.0,7,110,90,3,1,1,0,0,5,3,0,0,0,0,0,0,0,,0,0,0,0,1,1,0,0,Leicester City,Stephy-Mavididi,30144daa
2025-02-21,Fri,Matchweek 26,Home,L 0–4,Leicester City,Brentford,N,LW,45,0,0,0,0,0,0,0,0,16,1,0,1,0.0,0.0,0.0,1,0,8,11,72.7,0,10,1,1,0,Match Report,8,11,72.7,82,1,8,8,100.0,0,1,0.0,0,1,0.0,0,0.0,0.0,0,1,0,0,0,11,10,0,0,0,0,2,0,0,0,0,0,8,1,0,1,1,0,0,0,0,0,0,0,0,0,0,0,0,16,1,4,7,5,1,16,1,0,0.0,0,0.0,10,93,21,1,1,0,1,2,11,3,1,0,1,0,0,0,1,0.0,1,1,0,1,0,1,1,0,Leicester City,Stephy-Mavididi,30144daa
2025-02-27,Thu,Matchweek 27,Away,L 0–2,Leicester City,West Ham,N,"LW,WB",30,0,0,0,0,1,0,0,0,25,1,0,0,0.0,0.0,0.1,2,0,18,22,81.8,1,20,2,3,0,Match Report,18,22,81.8,287,70,10,10,100.0,5,8,62.5,2,3,66.7,0,0.1,0.0,1,2,2,2,1,22,22,0,0,0,0,4,0,0,0,0,0,18,0,0,2,2,0,0,0,0,0,0,0,0,0,0,0,0,25,1,6,6,13,0,25,3,0,0.0,1,33.3,20,118,66,2,0,0,0,1,21,4,1,0,0,0,1,0,2,0.0,2,0,0,0,0,1,0,0,Leicester City,Stephy-Mavididi,30144daa
2025-03-09,Sun,Matchweek 28,Away,L 0–1,Leicester City,Chelsea,N,LW,7,0,0,0,0,0,0,0,0,7,0,0,0,0.0,0.0,0.0,0,0,6,7,85.7,0,5,0,0,0,Match Report,6,7,85.7,82,4,3,4,75.0,2,2,100.0,0,0,,0,0.0,0.0,0,0,0,0,0,7,7,0,0,0,0,1,0,0,0,0,0,6,0,0,0,0,0,0,0,0,0,0,0,0,0,0,0,0,7,0,3,0,4,0,7,0,0,,0,,5,33,13,0,0,0,0,0,5,2,0,0,0,0,0,0,0,,0,0,0,0,0,0,0,0,Leicester City,Stephy-Mavididi,30144daa
2025-03-16,Sun,Matchweek 29,Home,L 0–3,Leicester City,Manchester Utd,N,WB,9,0,0,0,0,0,0,0,0,17,0,0,0,0.0,0.0,0.0,0,0,7,14,50.0,0,12,1,0,0,Match Report,7,14,50.0,100,20,4,5,80.0,3,6,50.0,0,2,0.0,0,0.0,0.0,0,0,0,0,0,14,13,1,0,0,0,4,1,0,0,0,0,7,0,0,0,0,0,0,0,0,0,0,0,0,0,0,0,0,17,0,1,9,7,0,17,0,0,,0,,12,93,57,1,0,0,1,1,11,3,0,0,0,0,0,0,1,0.0,1,0,0,0,0,0,0,0,Leicester City,Stephy-Mavididi,30144daa
2025-04-02,Wed,Matchweek 30,Away,L 0–2,Leicester City,Manchester City,N,"On matchday squad, but did not play","On matchday squad, but did not play","On matchday squad, but did not play","On matchday squad, but did not play","On matchday squad, but did not play","On matchday squad, but did not play","On matchday squad, but did not play","On matchday squad, but did not play","On matchday squad, but did not play","On matchday squad, but did not play","On matchday squad, but did not play","On matchday squad, but did not play","On matchday squad, but did not play","On matchday squad, but did not play","On matchday squad, but did not play","On matchday squad, but did not play","On matchday squad, but did not play","On matchday squad, but did not play","On matchday squad, but did not play","On matchday squad, but did not play","On matchday squad, but did not play","On matchday squad, but did not play","On matchday squad, but did not play","On matchday squad, but did not play","On matchday squad, but did not play","On matchday squad, but did not play","On matchday squad, but did not play",Match Report,"On matchday squad, but did not play","On matchday squad, but did not play","On matchday squad, but did not play","On matchday squad, but did not play","On matchday squad, but did not play","On matchday squad, but did not play","On matchday squad, but did not play","On matchday squad, but did not play","On matchday squad, but did not play","On matchday squad, but did not play","On matchday squad, but did not play","On matchday squad, but did not play","On matchday squad, but did not play","On matchday squad, but did not play","On matchday squad, but did not play","On matchday squad, but did not play","On matchday squad, but did not play","On matchday squad, but did not play","On matchday squad, but did not play","On matchday squad, but did not play","On matchday squad, but did not play","On matchday squad, but did not play","On matchday squad, but did not play","On matchday squad, but did not play","On matchday squad, but did not play","On matchday squad, but did not play","On matchday squad, but did not play","On matchday squad, but did not play","On matchday squad, but did not play","On matchday squad, but did not play","On matchday squad, but did not play","On matchday squad, but did not play","On matchday squad, but did not play","On matchday squad, but did not play","On matchday squad, but did not play","On matchday squad, but did not play","On matchday squad, but did not play","On matchday squad, but did not play","On matchday squad, but did not play","On matchday squad, but did not play","On matchday squad, but did not play","On matchday squad, but did not play","On matchday squad, but did not play","On matchday squad, but did not play","On matchday squad, but did not play","On matchday squad, but did not play","On matchday squad, but did not play","On matchday squad, but did not play","On matchday squad, but did not play","On matchday squad, but did not play","On matchday squad, but did not play","On matchday squad, but did not play","On matchday squad, but did not play","On matchday squad, but did not play","On matchday squad, but did not play","On matchday squad, but did not play","On matchday squad, but did not play","On matchday squad, but did not play","On matchday squad, but did not play","On matchday squad, but did not play","On matchday squad, but did not play","On matchday squad, but did not play","On matchday squad, but did not play","On matchday squad, but did not play","On matchday squad, but did not play","On matchday squad, but did not play","On matchday squad, but did not play","On matchday squad, but did not play","On matchday squad, but did not play","On matchday squad, but did not play","On matchday squad, but did not play","On matchday squad, but did not play","On matchday squad, but did not play","On matchday squad, but did not play","On matchday squad, but did not play","On matchday squad, but did not play","On matchday squad, but did not play","On matchday squad, but did not play","On matchday squad, but did not play","On matchday squad, but did not play","On matchday squad, but did not play","On matchday squad, but did not play","On matchday squad, but did not play","On matchday squad, but did not play","On matchday squad, but did not play","On matchday squad, but did not play","On matchday squad, but did not play","On matchday squad, but did not play","On matchday squad, but did not play",Leicester City,Stephy-Mavididi,30144daa
2025-04-07,Mon,Matchweek 31,Home,L 0–3,Leicester City,Newcastle Utd,N,LW,45,0,0,0,0,0,0,0,0,29,1,1,1,0.0,0.0,0.0,1,0,17,24,70.8,3,15,3,1,1,Match Report,17,24,70.8,221,42,9,11,81.8,6,7,85.7,1,2,50.0,0,0.0,0.0,1,1,1,0,3,24,22,2,0,0,0,3,1,1,1,0,0,17,0,3,1,0,0,0,0,0,1,0,0,0,0,0,0,0,29,1,4,8,18,1,29,1,1,100.0,0,0.0,15,97,53,3,2,1,1,0,21,6,1,1,0,0,1,1,2,50.0,1,1,0,1,1,2,1,0,Leicester City,Stephy-Mavididi,30144daa
2025-04-12,Sat,Matchweek 32,Away,D 2–2,Leicester City,Brighton,Y,LW,89,1,0,0,0,4,1,0,0,35,0,0,3,0.3,0.3,0.1,2,0,16,21,76.2,1,21,9,6,3,Match Report,16,21,76.2,170,30,13,14,92.9,2,4,50.0,0,0,,0,0.1,0.0,1,0,1,0,1,21,20,1,0,0,0,1,1,0,0,0,0,16,0,2,2,1,0,0,0,1,0,0,0,0,0,0,0,0,35,0,4,9,22,6,35,6,3,50.0,1,16.7,21,245,173,9,3,3,1,0,24,10,0,0,0,0,0,0,1,0.0,1,3,0,3,0,0,1,0,Leicester City,Stephy-Mavididi,30144daa
2025-04-20,Sun,Matchweek 33,Home,L 0–1,Leicester City,Liverpool,Y,LW,84,0,0,0,0,0,0,0,0,40,4,0,0,0.0,0.0,0.1,2,0,24,29,82.8,0,32,4,4,1,Match Report,24,29,82.8,266,22,20,21,95.2,3,5,60.0,0,1,0.0,0,0.1,0.0,1,1,0,0,0,29,29,0,0,0,0,1,0,0,0,0,0,24,0,1,2,1,0,0,0,1,0,0,0,0,0,0,0,0,40,1,8,19,14,3,40,4,1,25.0,2,50.0,32,192,78,4,1,2,1,1,32,4,4,3,1,1,2,3,4,75.0,1,0,0,0,0,4,1,0,Leicester City,Stephy-Mavididi,30144daa
2024-08-19,Mon,Matchweek 1,Home,D 1–1,Leicester City,Tottenham,Y,CB,90,0,0,0,0,0,0,0,0,29,0,2,2,0.0,0.0,0.0,0,0,15,16,93.8,2,11,0,0,0,Match Report,15,16,93.8,222,117,9,9,100.0,6,6,100.0,0,1,0.0,0,0.0,0.0,0,2,0,0,2,16,16,0,0,0,0,0,0,0,0,0,0,15,0,0,0,0,0,0,0,0,0,0,0,0,0,0,0,0,29,9,21,8,0,0,29,0,0,,0,,11,31,17,0,0,0,0,0,12,0,0,0,0,0,0,0,0,,0,2,0,2,2,2,8,0,Leicester City,Jannik-Vestergaard,1900032e
2024-08-24,Sat,Matchweek 2,Away,L 1–2,Leicester City,Fulham,Y,CB,90,0,0,0,0,1,0,1,0,79,2,0,0,0.0,0.0,0.0,0,0,61,68,89.7,1,51,0,0,0,Match Report,61,68,89.7,1083,444,25,26,96.2,32,35,91.4,3,6,50.0,0,0.0,0.0,0,1,0,0,1,68,65,3,3,0,0,0,0,0,0,0,0,61,0,0,0,0,0,0,0,0,0,0,0,0,0,0,0,0,79,16,56,21,2,2,79,0,0,,0,,51,185,121,0,0,0,0,0,63,0,2,1,0,2,0,0,0,,0,0,0,0,0,2,9,0,Leicester City,Jannik-Vestergaard,1900032e
2024-08-31,Sat,Matchweek 3,Home,L 1–2,Leicester City,Aston Villa,N,"On matchday squad, but did not play","On matchday squad, but did not play","On matchday squad, but did not play","On matchday squad, but did not play","On matchday squad, but did not play","On matchday squad, but did not play","On matchday squad, but did not play","On matchday squad, but did not play","On matchday squad, but did not play","On matchday squad, but did not play","On matchday squad, but did not play","On matchday squad, but did not play","On matchday squad, but did not play","On matchday squad, but did not play","On matchday squad, but did not play","On matchday squad, but did not play","On matchday squad, but did not play","On matchday squad, but did not play","On matchday squad, but did not play","On matchday squad, but did not play","On matchday squad, but did not play","On matchday squad, but did not play","On matchday squad, but did not play","On matchday squad, but did not play","On matchday squad, but did not play","On matchday squad, but did not play","On matchday squad, but did not play",Match Report,"On matchday squad, but did not play","On matchday squad, but did not play","On matchday squad, but did not play","On matchday squad, but did not play","On matchday squad, but did not play","On matchday squad, but did not play","On matchday squad, but did not play","On matchday squad, but did not play","On matchday squad, but did not play","On matchday squad, but did not play","On matchday squad, but did not play","On matchday squad, but did not play","On matchday squad, but did not play","On matchday squad, but did not play","On matchday squad, but did not play","On matchday squad, but did not play","On matchday squad, but did not play","On matchday squad, but did not play","On matchday squad, but did not play","On matchday squad, but did not play","On matchday squad, but did not play","On matchday squad, but did not play","On matchday squad, but did not play","On matchday squad, but did not play","On matchday squad, but did not play","On matchday squad, but did not play","On matchday squad, but did not play","On matchday squad, but did not play","On matchday squad, but did not play","On matchday squad, but did not play","On matchday squad, but did not play","On matchday squad, but did not play","On matchday squad, but did not play","On matchday squad, but did not play","On matchday squad, but did not play","On matchday squad, but did not play","On matchday squad, but did not play","On matchday squad, but did not play","On matchday squad, but did not play","On matchday squad, but did not play","On matchday squad, but did not play","On matchday squad, but did not play","On matchday squad, but did not play","On matchday squad, but did not play","On matchday squad, but did not play","On matchday squad, but did not play","On matchday squad, but did not play","On matchday squad, but did not play","On matchday squad, but did not play","On matchday squad, but did not play","On matchday squad, but did not play","On matchday squad, but did not play","On matchday squad, but did not play","On matchday squad, but did not play","On matchday squad, but did not play","On matchday squad, but did not play","On matchday squad, but did not play","On matchday squad, but did not play","On matchday squad, but did not play","On matchday squad, but did not play","On matchday squad, but did not play","On matchday squad, but did not play","On matchday squad, but did not play","On matchday squad, but did not play","On matchday squad, but did not play","On matchday squad, but did not play","On matchday squad, but did not play","On matchday squad, but did not play","On matchday squad, but did not play","On matchday squad, but did not play","On matchday squad, but did not play","On matchday squad, but did not play","On matchday squad, but did not play","On matchday squad, but did not play","On matchday squad, but did not play","On matchday squad, but did not play","On matchday squad, but did not play","On matchday squad, but did not play","On matchday squad, but did not play","On matchday squad, but did not play","On matchday squad, but did not play","On matchday squad, but did not play","On matchday squad, but did not play","On matchday squad, but did not play","On matchday squad, but did not play","On matchday squad, but did not play","On matchday squad, but did not play","On matchday squad, but did not play","On matchday squad, but did not play",Leicester City,Jannik-Vestergaard,1900032e
2024-11-02,Sat,Matchweek 10,Away,D 1–1,Leicester City,Ipswich Town,Y,CB,90,0,0,0,0,0,0,0,0,88,3,1,1,0.0,0.0,0.0,1,0,70,77,90.9,7,53,1,0,0,Match Report,70,77,90.9,1406,499,18,20,90.0,42,45,93.3,8,10,80.0,0,0.0,0.0,1,9,0,0,7,77,73,4,1,0,0,0,0,0,0,0,0,70,0,0,1,1,0,0,0,0,0,0,0,0,0,0,0,0,88,15,37,49,2,0,88,0,0,,0,,53,231,105,1,1,0,1,0,59,1,3,0,3,0,0,0,1,0.0,1,1,1,0,1,4,6,1,Leicester City,Jannik-Vestergaard,1900032e
2024-11-10,Sun,Matchweek 11,Away,L 0–3,Leicester City,Manchester Utd,Y,CB,90,0,0,0,0,0,0,0,0,66,1,0,0,0.0,0.0,0.0,0,0,57,63,90.5,0,46,0,0,0,Match Report,57,63,90.5,869,392,27,29,93.1,29,31,93.5,1,2,50.0,0,0.0,0.0,0,1,0,0,0,63,63,0,0,0,0,0,0,0,0,0,0,57,0,1,0,0,0,0,0,0,0,0,0,0,0,0,0,0,66,7,30,36,0,0,66,0,0,,0,,46,151,75,0,0,0,0,0,51,0,1,0,0,1,0,0,0,,0,0,0,0,0,1,2,0,Leicester City,Jannik-Vestergaard,1900032e
2024-11-30,Sat,Matchweek 13,Away,L 1–4,Leicester City,Brentford,N,CB,56,0,0,0,0,0,0,0,0,40,2,1,0,0.0,0.0,0.0,0,0,31,35,88.6,2,29,0,0,0,Match Report,31,35,88.6,504,285,17,18,94.4,12,15,80.0,2,2,100.0,0,0.0,0.0,0,4,0,0,2,35,33,2,2,0,0,0,0,0,0,0,0,31,0,0,0,0,0,0,0,0,0,0,0,0,0,0,0,0,40,5,21,18,1,0,40,0,0,,0,,29,87,39,0,0,0,0,0,30,0,2,0,2,0,0,1,1,100.0,0,0,0,0,1,3,4,0,Leicester City,Jannik-Vestergaard,1900032e
2024-12-03,Tue,Matchweek 14,Home,W 3–1,Leicester City,West Ham,Y,CB,59,0,0,0,0,0,0,0,0,54,2,1,1,0.0,0.0,0.0,0,0,41,48,85.4,1,35,0,0,0,Match Report,41,48,85.4,637,224,21,23,91.3,14,14,100.0,3,7,42.9,0,0.0,0.0,0,0,0,0,1,48,41,7,1,0,0,0,0,0,0,0,0,41,0,0,0,0,0,0,0,0,0,0,0,0,0,0,0,0,54,14,31,24,1,1,54,0,0,,0,,35,126,43,0,0,0,0,0,35,0,2,2,1,1,0,1,2,50.0,1,1,1,0,1,3,2,0,Leicester City,Jannik-Vestergaard,1900032e
2024-12-08,Sun,Matchweek 15,Home,D 2–2,Leicester City,Brighton,Y,CB,80,0,0,0,0,0,0,0,0,70,1,2,2,0.0,0.0,0.0,0,0,61,65,93.8,3,44,0,1,1,Match Report,61,65,93.8,964,255,30,30,100.0,29,32,90.6,2,2,100.0,0,0.0,0.0,0,3,0,0,3,65,56,9,2,0,0,0,0,0,0,0,0,61,0,1,0,0,0,0,0,0,0,0,0,0,0,0,0,0,70,14,39,29,2,0,70,1,1,100.0,0,0.0,44,169,59,0,0,0,1,0,49,0,1,1,1,0,0,0,0,,0,2,2,0,2,3,1,0,Leicester City,Jannik-Vestergaard,1900032e
2024-12-14,Sat,Matchweek 16,Away,L 0–4,Leicester City,Newcastle Utd,Y,CB,90,0,0,0,0,0,0,1,0,71,3,2,2,0.0,0.0,0.0,0,0,51,59,86.4,2,39,0,2,2,Match Report,51,59,86.4,683,314,32,33,97.0,15,17,88.2,2,4,50.0,0,0.0,0.0,0,1,0,0,2,59,51,7,1,0,0,0,0,0,0,0,0,51,1,1,0,0,0,0,0,0,0,0,0,0,0,0,0,0,71,16,40,22,9,1,71,2,2,100.0,0,0.0,39,160,70,0,1,0,0,0,42,0,3,2,3,0,0,1,3,33.3,2,2,2,0,2,5,6,0,Leicester City,Jannik-Vestergaard,1900032e
2024-12-22,Sun,Matchweek 17,Home,L 0–3,Leicester City,Wolves,Y,CB,45,0,0,0,0,0,0,1,0,54,0,1,2,0.0,0.0,0.0,0,0,47,49,95.9,0,36,0,1,1,Match Report,47,49,95.9,800,294,19,19,100.0,28,30,93.3,0,0,,0,0.0,0.0,0,0,0,0,0,49,43,6,4,0,0,0,0,0,0,0,0,47,0,0,0,0,0,0,0,0,0,0,0,0,0,0,0,0,54,5,24,28,3,1,54,1,1,100.0,0,0.0,36,142,64,0,0,0,0,0,38,0,0,0,0,0,0,0,0,,0,2,0,2,1,1,2,0,Leicester City,Jannik-Vestergaard,1900032e
2024-12-26,Thu,Matchweek 18,Away,L 1–3,Leicester City,Liverpool,Y,CB,90,0,0,0,0,0,0,1,0,53,1,2,1,0.0,0.0,0.0,0,0,34,40,85.0,0,19,0,0,0,Match Report,34,40,85.0,711,446,15,15,100.0,14,16,87.5,5,9,55.6,0,0.0,0.0,0,2,0,0,0,40,37,3,1,0,0,0,0,0,0,0,0,34,0,0,0,0,0,0,0,0,0,0,0,0,0,0,0,0,53,18,40,14,0,0,53,0,0,,0,,19,103,71,0,0,0,0,0,29,0,1,1,1,0,0,1,1,100.0,0,1,0,1,2,3,9,0,Leicester City,Jannik-Vestergaard,1900032e
2024-12-29,Sun,Matchweek 19,Home,L 0–2,Leicester City,Manchester City,Y,CB,90,0,0,0,0,1,1,0,0,83,0,0,2,0.0,0.0,0.0,1,0,76,78,97.4,2,62,0,0,0,Match Report,76,78,97.4,1185,379,41,43,95.3,32,32,100.0,3,3,100.0,0,0.0,0.0,0,2,0,0,2,78,77,1,0,0,0,0,0,0,0,0,0,76,0,0,1,1,0,0,0,0,0,0,0,0,0,0,0,0,83,8,34,48,1,1,83,0,0,,0,,62,328,180,0,0,0,0,0,72,0,0,0,0,0,0,0,1,0.0,1,2,1,1,0,0,2,0,Leicester City,Jannik-Vestergaard,1900032e
2025-01-04,Sat,Matchweek 20,Away,L 1–2,Leicester City,Aston Villa,Y,CB,61,0,0,0,0,0,0,0,0,54,2,1,0,0.0,0.0,0.0,0,0,44,47,93.6,0,37,0,0,0,Match Report,44,47,93.6,698,294,22,23,95.7,19,19,100.0,2,4,50.0,0,0.0,0.0,0,1,0,0,0,47,44,3,0,0,0,0,0,0,0,0,0,44,0,0,0,0,0,0,0,0,0,0,0,0,0,0,0,0,54,11,27,25,2,0,54,0,0,,0,,37,194,74,0,1,0,0,0,41,0,2,1,1,1,0,1,1,100.0,0,0,0,0,1,3,4,0,Leicester City,Jannik-Vestergaard,1900032e
2025-01-15,Wed,Matchweek 21,Home,L 0–2,Leicester City,Crystal Palace,Y,CB,90,0,0,0,0,0,0,0,0,94,1,1,1,0.0,0.0,0.0,1,0,81,89,91.0,2,53,0,0,0,Match Report,81,89,91.0,1325,485,36,40,90.0,42,44,95.5,3,5,60.0,0,0.0,0.0,0,1,1,0,2,89,83,6,2,0,0,0,0,0,0,0,0,81,0,0,1,0,0,0,0,0,1,0,0,0,0,0,0,0,94,10,50,42,2,1,94,0,0,,0,,53,241,145,0,0,0,0,0,69,1,1,0,1,0,0,1,2,50.0,1,1,1,0,1,2,2,0,Leicester City,Jannik-Vestergaard,1900032e
2025-01-18,Sat,Matchweek 22,Home,L 0–2,Leicester City,Fulham,Y,CB,90,0,0,0,0,0,0,1,0,52,0,0,1,0.0,0.0,0.0,1,0,42,46,91.3,0,28,1,0,0,Match Report,42,46,91.3,645,303,23,24,95.8,17,18,94.4,2,4,50.0,0,0.0,0.0,0,0,0,0,0,46,39,7,3,0,0,0,0,0,0,0,0,42,0,0,1,1,0,0,0,0,0,0,0,0,0,0,0,0,52,15,34,17,1,1,52,0,0,,0,,28,172,78,1,0,0,0,0,32,0,0,0,0,0,0,0,0,,0,1,0,1,0,0,5,0,Leicester City,Jannik-Vestergaard,1900032e
2025-01-26,Sun,Matchweek 23,Away,W 2–1,Leicester City,Tottenham,Y,CB,90,0,0,0,0,0,0,0,0,44,2,1,2,0.0,0.0,0.0,1,0,31,35,88.6,0,27,0,0,0,Match Report,31,35,88.6,646,197,7,8,87.5,20,23,87.0,4,4,100.0,0,0.0,0.0,1,3,0,0,0,35,34,1,1,0,0,0,0,0,0,0,0,31,0,0,1,1,0,0,0,0,0,0,0,0,0,0,0,0,44,10,22,23,0,0,44,0,0,,0,,27,99,56,0,0,0,0,0,27,0,2,1,2,0,0,1,1,100.0,0,2,2,0,1,3,4,0,Leicester City,Jannik-Vestergaard,1900032e
2025-02-01,Sat,Matchweek 24,Away,L 0–4,Leicester City,Everton,Y,CB,59,0,0,0,0,0,0,0,0,64,0,0,1,0.0,0.0,0.0,1,0,51,60,85.0,4,40,0,0,0,Match Report,51,60,85.0,1003,302,19,22,86.4,26,27,96.3,6,11,54.5,0,0.0,0.0,0,3,0,0,4,60,58,2,1,0,1,0,0,0,0,0,0,51,0,0,1,1,0,0,0,0,0,0,0,0,0,0,0,0,64,7,22,41,1,1,64,0,0,,0,,40,190,99,0,0,0,0,0,46,0,0,0,0,0,0,0,0,,0,1,1,0,0,0,2,0,Leicester City,Jannik-Vestergaard,1900032e
2025-02-15,Sat,Matchweek 25,Home,L 0–2,Leicester City,Arsenal,N,"On matchday squad, but did not play","On matchday squad, but did not play","On matchday squad, but did not play","On matchday squad, but did not play","On matchday squad, but did not play","On matchday squad, but did not play","On matchday squad, but did not play","On matchday squad, but did not play","On matchday squad, but did not play","On matchday squad, but did not play","On matchday squad, but did not play","On matchday squad, but did not play","On matchday squad, but did not play","On matchday squad, but did not play","On matchday squad, but did not play","On matchday squad, but did not play","On matchday squad, but did not play","On matchday squad, but did not play","On matchday squad, but did not play","On matchday squad, but did not play","On matchday squad, but did not play","On matchday squad, but did not play","On matchday squad, but did not play","On matchday squad, but did not play","On matchday squad, but did not play","On matchday squad, but did not play","On matchday squad, but did not play",Match Report,"On matchday squad, but did not play","On matchday squad, but did not play","On matchday squad, but did not play","On matchday squad, but did not play","On matchday squad, but did not play","On matchday squad, but did not play","On matchday squad, but did not play","On matchday squad, but did not play","On matchday squad, but did not play","On matchday squad, but did not play","On matchday squad, but did not play","On matchday squad, but did not play","On matchday squad, but did not play","On matchday squad, but did not play","On matchday squad, but did not play","On matchday squad, but did not play","On matchday squad, but did not play","On matchday squad, but did not play","On matchday squad, but did not play","On matchday squad, but did not play","On matchday squad, but did not play","On matchday squad, but did not play","On matchday squad, but did not play","On matchday squad, but did not play","On matchday squad, but did not play","On matchday squad, but did not play","On matchday squad, but did not play","On matchday squad, but did not play","On matchday squad, but did not play","On matchday squad, but did not play","On matchday squad, but did not play","On matchday squad, but did not play","On matchday squad, but did not play","On matchday squad, but did not play","On matchday squad, but did not play","On matchday squad, but did not play","On matchday squad, but did not play","On matchday squad, but did not play","On matchday squad, but did not play","On matchday squad, but did not play","On matchday squad, but did not play","On matchday squad, but did not play","On matchday squad, but did not play","On matchday squad, but did not play","On matchday squad, but did not play","On matchday squad, but did not play","On matchday squad, but did not play","On matchday squad, but did not play","On matchday squad, but did not play","On matchday squad, but did not play","On matchday squad, but did not play","On matchday squad, but did not play","On matchday squad, but did not play","On matchday squad, but did not play","On matchday squad, but did not play","On matchday squad, but did not play","On matchday squad, but did not play","On matchday squad, but did not play","On matchday squad, but did not play","On matchday squad, but did not play","On matchday squad, but did not play","On matchday squad, but did not play","On matchday squad, but did not play","On matchday squad, but did not play","On matchday squad, but did not play","On matchday squad, but did not play","On matchday squad, but did not play","On matchday squad, but did not play","On matchday squad, but did not play","On matchday squad, but did not play","On matchday squad, but did not play","On matchday squad, but did not play","On matchday squad, but did not play","On matchday squad, but did not play","On matchday squad, but did not play","On matchday squad, but did not play","On matchday squad, but did not play","On matchday squad, but did not play","On matchday squad, but did not play","On matchday squad, but did not play","On matchday squad, but did not play","On matchday squad, but did not play","On matchday squad, but did not play","On matchday squad, but did not play","On matchday squad, but did not play","On matchday squad, but did not play","On matchday squad, but did not play","On matchday squad, but did not play","On matchday squad, but did not play",Leicester City,Jannik-Vestergaard,1900032e
2025-02-21,Fri,Matchweek 26,Home,L 0–4,Leicester City,Brentford,N,CB,45,0,0,0,0,0,0,0,0,29,0,1,1,0.0,0.0,0.0,0,0,21,22,95.5,1,18,0,0,0,Match Report,21,22,95.5,315,174,12,12,100.0,8,9,88.9,1,1,100.0,0,0.0,0.0,0,1,0,0,1,22,18,4,1,0,0,0,0,0,0,0,0,21,0,0,0,0,0,0,0,0,0,0,0,0,0,0,0,0,29,8,18,11,0,0,29,0,0,,0,,18,99,43,0,0,0,0,0,15,0,0,0,0,0,0,0,0,,0,1,1,0,1,1,4,0,Leicester City,Jannik-Vestergaard,1900032e
2025-02-27,Thu,Matchweek 27,Away,L 0–2,Leicester City,West Ham,Y,CB,86,0,0,0,0,1,1,0,0,68,2,0,2,0.1,0.1,0.0,1,0,56,62,90.3,5,44,1,0,0,Match Report,56,62,90.3,1001,403,24,24,100.0,31,31,100.0,1,6,16.7,0,0.0,0.0,1,0,0,0,5,62,59,3,3,0,1,0,0,0,0,0,0,56,0,1,1,1,0,0,0,0,0,0,0,0,0,0,0,0,68,8,26,41,1,1,68,0,0,,0,,44,224,119,1,0,0,0,0,47,0,2,1,1,1,0,2,2,100.0,0,2,2,0,0,2,2,0,Leicester City,Jannik-Vestergaard,1900032e
2024-08-19,Mon,Matchweek 1,Home,D 1–1,Leicester City,Tottenham,Y,AM,78,0,0,0,0,0,0,0,0,35,3,0,1,0.0,0.0,0.4,2,0,20,25,80.0,5,18,2,4,1,Match Report,20,25,80.0,288,108,13,15,86.7,5,5,100.0,1,3,33.3,0,0.4,0.2,1,2,2,1,5,25,21,4,3,1,0,3,1,0,0,0,0,20,0,0,2,2,0,0,0,0,0,0,0,0,0,0,0,0,35,0,5,17,13,0,35,4,1,25.0,2,50.0,18,115,51,2,1,0,3,1,20,2,3,0,1,0,2,2,3,66.7,1,1,0,1,0,3,0,0,Leicester City,Facundo-Buonanotte,468a7a91
2024-08-24,Sat,Matchweek 2,Away,L 1–2,Leicester City,Fulham,Y,AM,70,0,1,0,0,0,0,0,0,28,3,1,2,0.0,0.0,0.2,3,1,12,17,70.6,1,16,0,3,1,Match Report,12,17,70.6,201,88,6,10,60.0,4,4,100.0,2,3,66.7,1,0.2,0.2,3,3,0,0,1,17,15,2,0,0,0,2,0,2,2,0,0,12,0,0,3,1,2,0,0,0,0,1,0,1,0,0,0,0,28,0,7,17,6,1,28,3,1,33.3,2,66.7,16,68,25,0,0,0,3,1,16,3,3,2,1,2,0,2,3,66.7,1,2,0,2,1,4,0,0,Leicester City,Facundo-Buonanotte,468a7a91
2024-08-31,Sat,Matchweek 3,Home,L 1–2,Leicester City,Aston Villa,N,"RM,AM",23,1,0,0,0,2,1,0,0,24,1,0,0,0.2,0.2,0.0,1,0,17,20,85.0,0,15,1,0,0,Match Report,17,20,85.0,209,13,11,12,91.7,5,6,83.3,0,1,0.0,0,0.0,0.0,0,1,0,0,0,20,20,0,0,1,0,0,0,0,0,0,0,17,0,0,1,1,0,0,0,0,0,0,0,0,0,0,0,0,24,0,0,15,9,1,24,0,0,,0,,15,83,33,1,1,0,1,2,19,0,1,0,0,1,0,0,0,,0,0,0,0,0,1,0,0,Leicester City,Facundo-Buonanotte,468a7a91
2024-09-14,Sat,Matchweek 4,Away,D 2–2,Leicester City,Crystal Palace,N,"On matchday squad, but did not play","On matchday squad, but did not play","On matchday squad, but did not play","On matchday squad, but did not play","On matchday squad, but did not play","On matchday squad, but did not play","On matchday squad, but did not play","On matchday squad, but did not play","On matchday squad, but did not play","On matchday squad, but did not play","On matchday squad, but did not play","On matchday squad, but did not play","On matchday squad, but did not play","On matchday squad, but did not play","On matchday squad, but did not play","On matchday squad, but did not play","On matchday squad, but did not play","On matchday squad, but did not play","On matchday squad, but did not play","On matchday squad, but did not play","On matchday squad, but did not play","On matchday squad, but did not play","On matchday squad, but did not play","On matchday squad, but did not play","On matchday squad, but did not play","On matchday squad, but did not play","On matchday squad, but did not play",Match Report,"On matchday squad, but did not play","On matchday squad, but did not play","On matchday squad, but did not play","On matchday squad, but did not play","On matchday squad, but did not play","On matchday squad, but did not play","On matchday squad, but did not play","On matchday squad, but did not play","On matchday squad, but did not play","On matchday squad, but did not play","On matchday squad, but did not play","On matchday squad, but did not play","On matchday squad, but did not play","On matchday squad, but did not play","On matchday squad, but did not play","On matchday squad, but did not play","On matchday squad, but did not play","On matchday squad, but did not play","On matchday squad, but did not play","On matchday squad, but did not play","On matchday squad, but did not play","On matchday squad, but did not play","On matchday squad, but did not play","On matchday squad, but did not play","On matchday squad, but did not play","On matchday squad, but did not play","On matchday squad, but did not play","On matchday squad, but did not play","On matchday squad, but did not play","On matchday squad, but did not play","On matchday squad, but did not play","On matchday squad, but did not play","On matchday squad, but did not play","On matchday squad, but did not play","On matchday squad, but did not play","On matchday squad, but did not play","On matchday squad, but did not play","On matchday squad, but did not play","On matchday squad, but did not play","On matchday squad, but did not play","On matchday squad, but did not play","On matchday squad, but did not play","On matchday squad, but did not play","On matchday squad, but did not play","On matchday squad, but did not play","On matchday squad, but did not play","On matchday squad, but did not play","On matchday squad, but did not play","On matchday squad, but did not play","On matchday squad, but did not play","On matchday squad, but did not play","On matchday squad, but did not play","On matchday squad, but did not play","On matchday squad, but did not play","On matchday squad, but did not play","On matchday squad, but did not play","On matchday squad, but did not play","On matchday squad, but did not play","On matchday squad, but did not play","On matchday squad, but did not play","On matchday squad, but did not play","On matchday squad, but did not play","On matchday squad, but did not play","On matchday squad, but did not play","On matchday squad, but did not play","On matchday squad, but did not play","On matchday squad, but did not play","On matchday squad, but did not play","On matchday squad, but did not play","On matchday squad, but did not play","On matchday squad, but did not play","On matchday squad, but did not play","On matchday squad, but did not play","On matchday squad, but did not play","On matchday squad, but did not play","On matchday squad, but did not play","On matchday squad, but did not play","On matchday squad, but did not play","On matchday squad, but did not play","On matchday squad, but did not play","On matchday squad, but did not play","On matchday squad, but did not play","On matchday squad, but did not play","On matchday squad, but did not play","On matchday squad, but did not play","On matchday squad, but did not play","On matchday squad, but did not play","On matchday squad, but did not play","On matchday squad, but did not play",Leicester City,Facundo-Buonanotte,468a7a91
2024-09-21,Sat,Matchweek 5,Home,D 1–1,Leicester City,Everton,N,AM,35,0,0,0,0,1,0,1,0,27,1,0,0,0.0,0.0,0.0,0,0,15,19,78.9,3,21,1,3,0,Match Report,15,19,78.9,225,50,11,13,84.6,3,4,75.0,1,1,100.0,0,0.0,0.0,0,2,0,0,3,19,17,2,0,0,1,0,2,0,0,0,0,15,0,1,0,0,0,0,0,0,0,0,0,0,0,0,0,0,27,0,1,11,16,1,27,3,0,0.0,3,100.0,21,162,44,1,1,0,3,0,20,2,1,0,0,0,1,1,1,100.0,0,0,0,0,0,1,0,0,Leicester City,Facundo-Buonanotte,468a7a91
2024-09-28,Sat,Matchweek 6,Away,L 2–4,Leicester City,Arsenal,Y,RW,84,0,1,0,0,2,1,1,0,33,2,1,2,0.2,0.2,0.0,2,1,8,16,50.0,1,14,2,3,0,Match Report,8,16,50.0,115,31,5,8,62.5,3,5,60.0,0,0,,1,0.0,0.1,1,1,1,0,1,16,14,1,1,0,0,1,0,0,0,0,0,8,1,0,2,1,1,0,0,0,0,1,0,1,0,0,0,0,33,6,14,12,7,3,33,3,0,0.0,2,66.7,14,138,108,2,1,1,1,0,16,2,2,1,2,0,0,1,6,16.7,5,2,1,1,1,3,4,0,Leicester City,Facundo-Buonanotte,468a7a91
2024-10-05,Sat,Matchweek 7,Home,W 1–0,Leicester City,Bournemouth,Y,RW,81,1,0,0,0,3,2,0,0,36,2,0,3,0.3,0.3,0.4,3,1,19,25,76.0,2,26,3,2,2,Match Report,19,25,76.0,277,57,9,9,100.0,7,9,77.8,1,3,33.3,0,0.4,0.2,1,2,0,0,2,25,25,0,0,1,0,0,0,0,0,0,0,19,0,0,3,1,0,2,0,0,0,1,0,0,1,0,0,0,36,3,11,17,8,2,36,2,2,100.0,0,0.0,26,180,109,3,2,1,1,1,23,3,2,1,0,2,0,0,4,0.0,4,3,0,3,0,2,2,0,Leicester City,Facundo-Buonanotte,468a7a91
2024-10-19,Sat,Matchweek 8,Away,W 3–2,Leicester City,Southampton,Y,RW,90,1,0,0,0,5,1,1,0,65,7,0,1,1.3,1.3,0.2,6,0,34,43,79.1,4,34,0,6,4,Match Report,34,43,79.1,647,115,15,16,93.8,14,17,82.4,4,5,80.0,0,0.2,0.2,3,3,2,0,4,43,39,4,2,0,0,5,0,2,1,0,0,34,0,3,6,2,1,3,0,0,0,0,0,0,0,0,0,0,65,0,4,25,36,4,65,6,4,66.7,2,33.3,34,127,27,0,1,0,3,4,47,8,7,3,2,1,4,2,4,50.0,2,1,0,1,0,7,0,0,Leicester City,Facundo-Buonanotte,468a7a91
2024-10-25,Fri,Matchweek 9,Home,L 1–3,Leicester City,Nott'ham Forest,Y,"AM,CM",90,0,0,0,0,4,0,0,0,79,2,2,4,0.1,0.1,0.0,3,0,45,51,88.2,5,44,7,5,2,Match Report,45,51,88.2,752,151,21,23,91.3,17,18,94.4,4,6,66.7,0,0.0,0.1,2,2,2,0,5,51,41,10,1,1,0,5,2,3,3,0,0,45,0,1,3,2,0,1,0,0,0,0,0,0,0,0,0,0,79,4,10,40,32,3,79,5,2,40.0,3,60.0,44,292,158,7,4,2,3,2,45,9,2,1,0,2,0,1,4,25.0,3,4,2,2,2,4,1,0,Leicester City,Facundo-Buonanotte,468a7a91
2024-11-02,Sat,Matchweek 10,Away,D 1–1,Leicester City,Ipswich Town,Y,AM,90,0,0,0,0,3,2,1,0,48,0,0,3,0.2,0.2,0.3,9,0,29,35,82.9,5,31,3,5,3,Match Report,29,35,82.9,511,140,13,15,86.7,13,13,100.0,3,6,50.0,0,0.3,0.1,3,2,2,0,5,35,31,4,0,0,1,4,1,3,2,0,0,29,0,0,9,5,1,2,1,0,0,0,0,0,0,0,0,0,48,2,5,23,20,5,48,5,3,60.0,2,40.0,31,217,115,3,1,2,3,0,33,4,0,0,0,0,0,0,2,0.0,2,3,1,2,0,0,0,0,Leicester City,Facundo-Buonanotte,468a7a91
2024-11-10,Sun,Matchweek 11,Away,L 0–3,Leicester City,Manchester Utd,Y,RW,90,0,0,0,0,0,0,1,0,62,1,1,3,0.0,0.0,0.5,3,0,30,42,71.4,2,28,2,12,5,Match Report,30,42,71.4,446,154,19,24,79.2,7,9,77.8,4,8,50.0,0,0.5,0.3,3,3,1,0,2,42,35,7,3,1,0,4,2,2,1,0,0,30,0,0,3,1,2,0,0,0,0,0,0,0,0,0,0,0,62,1,14,27,23,0,62,12,5,41.7,7,58.3,28,154,77,2,1,0,4,8,33,7,1,1,1,0,0,1,2,50.0,1,3,0,3,1,2,0,0,Leicester City,Facundo-Buonanotte,468a7a91
2024-11-30,Sat,Matchweek 13,Away,L 1–4,Leicester City,Brentford,Y,AM,63,1,0,0,0,2,2,0,0,24,1,2,0,0.8,0.8,0.1,1,0,10,16,62.5,3,13,2,3,0,Match Report,10,16,62.5,236,124,2,2,100.0,6,8,75.0,2,6,33.3,0,0.1,0.0,1,3,0,0,3,16,13,3,2,0,1,2,0,1,0,1,0,10,0,0,1,0,1,0,0,0,0,0,0,0,0,0,0,0,24,0,4,13,7,3,24,3,0,0.0,3,100.0,13,78,42,2,1,1,1,0,8,0,1,1,1,0,0,0,4,0.0,4,0,0,0,2,3,0,0,Leicester City,Facundo-Buonanotte,468a7a91
2024-12-03,Tue,Matchweek 14,Home,W 3–1,Leicester City,West Ham,Y,"RW,AM",89,0,0,0,0,0,0,0,0,39,3,0,3,0.0,0.0,0.3,4,1,14,25,56.0,2,18,4,2,0,Match Report,14,25,56.0,224,57,8,13,61.5,3,8,37.5,2,3,66.7,0,0.3,0.1,1,2,0,0,2,25,21,4,2,1,0,2,0,2,0,0,0,14,0,0,4,3,1,0,0,0,0,1,1,0,0,0,0,0,39,0,3,26,11,1,39,2,0,0.0,2,100.0,18,128,91,4,3,0,2,3,18,1,3,3,0,2,1,1,7,14.3,6,3,1,2,0,3,0,0,Leicester City,Facundo-Buonanotte,468a7a91
2024-12-14,Sat,Matchweek 16,Away,L 0–4,Leicester City,Newcastle Utd,N,RW,32,0,0,0,0,0,0,0,0,9,1,0,1,0.0,0.0,0.0,0,0,3,3,100.0,0,6,0,2,0,Match Report,3,3,100.0,26,0,3,3,100.0,0,0,,0,0,,0,0.0,0.0,0,0,0,0,0,3,3,0,0,0,0,0,0,0,0,0,0,3,0,0,0,0,0,0,0,0,0,0,0,0,0,0,0,0,9,1,2,5,2,0,9,2,0,0.0,2,100.0,6,9,1,0,0,0,1,1,6,0,1,0,1,0,0,1,3,33.3,2,1,0,1,0,1,0,0,Leicester City,Facundo-Buonanotte,468a7a91
2024-12-22,Sun,Matchweek 17,Home,L 0–3,Leicester City,Wolves,N,AM,7,0,0,0,0,0,0,0,0,5,0,0,1,0.0,0.0,0.0,0,0,1,3,33.3,0,4,0,1,0,Match Report,1,3,33.3,14,0,1,1,100.0,0,2,0.0,0,0,,0,0.0,0.0,0,0,0,0,0,3,2,1,1,0,0,0,0,0,0,0,0,1,0,0,0,0,0,0,0,0,0,0,0,0,0,0,0,0,5,0,0,1,4,0,5,1,0,0.0,1,100.0,4,16,5,0,0,0,0,0,5,0,0,0,0,0,0,0,1,0.0,1,1,0,1,0,0,0,0,Leicester City,Facundo-Buonanotte,468a7a91
2024-12-26,Thu,Matchweek 18,Away,L 1–3,Leicester City,Liverpool,N,"AM,RW",27,0,0,0,0,0,0,0,0,15,1,0,1,0.0,0.0,0.0,0,0,7,11,63.6,0,4,0,2,0,Match Report,7,11,63.6,150,3,2,3,66.7,4,6,66.7,1,2,50.0,0,0.0,0.0,0,0,0,0,0,11,9,2,1,0,0,0,0,0,0,0,0,7,0,0,0,0,0,0,0,0,0,0,0,0,0,0,0,0,15,1,7,8,0,0,15,2,0,0.0,1,50.0,4,20,1,0,0,0,0,2,9,1,1,1,1,0,0,0,2,0.0,2,1,1,0,0,1,0,0,Leicester City,Facundo-Buonanotte,468a7a91
2024-12-29,Sun,Matchweek 19,Home,L 0–2,Leicester City,Manchester City,Y,RW,90,0,0,0,0,1,0,0,0,48,5,0,1,0.1,0.1,0.0,4,0,32,36,88.9,4,27,3,4,1,Match Report,32,36,88.9,591,151,17,18,94.4,11,12,91.7,4,5,80.0,0,0.0,0.2,1,2,1,0,4,36,32,3,1,0,0,2,0,2,2,0,0,32,1,0,4,3,1,0,0,0,0,0,0,0,0,0,0,0,48,0,3,27,19,2,48,4,1,25.0,3,75.0,27,136,68,3,1,0,1,0,35,5,5,3,1,2,2,3,4,75.0,1,1,0,1,0,5,0,0,Leicester City,Facundo-Buonanotte,468a7a91
2025-01-04,Sat,Matchweek 20,Away,L 1–2,Leicester City,Aston Villa,N,RW,8,0,0,0,0,0,0,0,0,7,1,1,0,0.0,0.0,0.0,0,0,1,3,33.3,0,3,0,1,0,Match Report,1,3,33.3,9,0,1,1,100.0,0,1,0.0,0,1,0.0,0,0.0,0.0,0,0,0,0,0,3,2,1,0,0,0,1,0,1,1,0,0,1,0,0,0,0,0,0,0,0,0,0,0,0,0,0,0,0,7,0,2,1,4,0,7,1,0,0.0,1,100.0,3,21,1,0,1,0,0,0,3,1,1,1,0,0,1,0,0,,0,0,0,0,1,2,0,0,Leicester City,Facundo-Buonanotte,468a7a91
2025-01-15,Wed,Matchweek 21,Home,L 0–2,Leicester City,Crystal Palace,Y,RW,65,0,0,0,0,1,1,0,0,48,6,0,0,0.0,0.0,0.2,3,0,29,33,87.9,3,27,3,5,1,Match Report,29,33,87.9,404,115,18,18,100.0,11,11,100.0,0,1,0.0,0,0.2,0.2,2,3,0,0,3,33,33,0,0,0,0,0,0,0,0,0,0,29,0,1,3,2,0,0,0,1,0,0,0,0,0,0,0,0,48,2,7,30,13,1,48,5,1,20.0,3,60.0,27,177,59,3,3,0,5,2,31,4,6,3,3,3,0,2,4,50.0,2,0,0,0,0,6,1,0,Leicester City,Facundo-Buonanotte,468a7a91
2025-01-18,Sat,Matchweek 22,Home,L 0–2,Leicester City,Fulham,N,AM,20,0,0,0,0,0,0,0,0,13,0,0,0,0.0,0.0,0.0,0,0,4,8,50.0,0,10,0,2,1,Match Report,4,8,50.0,118,37,1,2,50.0,1,1,100.0,2,3,66.7,0,0.0,0.1,0,0,0,0,0,8,5,2,1,0,0,1,0,1,1,0,0,4,1,1,0,0,0,0,0,0,0,0,0,0,0,0,0,0,13,0,0,10,3,0,13,2,1,50.0,1,50.0,10,93,28,0,0,0,2,2,10,2,0,0,0,0,0,0,1,0.0,1,0,0,0,0,0,0,0,Leicester City,Facundo-Buonanotte,468a7a91
2025-01-26,Sun,Matchweek 23,Away,W 2–1,Leicester City,Tottenham,N,"FW,AM",14,0,0,0,0,0,0,1,0,7,2,0,1,0.0,0.0,0.0,0,0,2,4,50.0,1,3,0,1,1,Match Report,2,4,50.0,18,11,1,2,50.0,0,0,,0,1,0.0,0,0.0,0.0,0,0,0,0,1,4,4,0,0,0,0,0,0,0,0,0,0,2,0,0,0,0,0,0,0,0,0,0,0,0,0,0,0,0,7,0,1,4,2,0,7,1,1,100.0,0,0.0,3,5,0,0,0,0,1,0,2,0,2,1,0,1,1,1,2,50.0,1,1,0,1,0,2,0,0,Leicester City,Facundo-Buonanotte,468a7a91
2025-02-01,Sat,Matchweek 24,Away,L 0–4,Leicester City,Everton,N,"On matchday squad, but did not play","On matchday squad, but did not play","On matchday squad, but did not play","On matchday squad, but did not play","On matchday squad, but did not play","On matchday squad, but did not play","On matchday squad, but did not play","On matchday squad, but did not play","On matchday squad, but did not play","On matchday squad, but did not play","On matchday squad, but did not play","On matchday squad, but did not play","On matchday squad, but did not play","On matchday squad, but did not play","On matchday squad, but did not play","On matchday squad, but did not play","On matchday squad, but did not play","On matchday squad, but did not play","On matchday squad, but did not play","On matchday squad, but did not play","On matchday squad, but did not play","On matchday squad, but did not play","On matchday squad, but did not play","On matchday squad, but did not play","On matchday squad, but did not play","On matchday squad, but did not play","On matchday squad, but did not play",Match Report,"On matchday squad, but did not play","On matchday squad, but did not play","On matchday squad, but did not play","On matchday squad, but did not play","On matchday squad, but did not play","On matchday squad, but did not play","On matchday squad, but did not play","On matchday squad, but did not play","On matchday squad, but did not play","On matchday squad, but did not play","On matchday squad, but did not play","On matchday squad, but did not play","On matchday squad, but did not play","On matchday squad, but did not play","On matchday squad, but did not play","On matchday squad, but did not play","On matchday squad, but did not play","On matchday squad, but did not play","On matchday squad, but did not play","On matchday squad, but did not play","On matchday squad, but did not play","On matchday squad, but did not play","On matchday squad, but did not play","On matchday squad, but did not play","On matchday squad, but did not play","On matchday squad, but did not play","On matchday squad, but did not play","On matchday squad, but did not play","On matchday squad, but did not play","On matchday squad, but did not play","On matchday squad, but did not play","On matchday squad, but did not play","On matchday squad, but did not play","On matchday squad, but did not play","On matchday squad, but did not play","On matchday squad, but did not play","On matchday squad, but did not play","On matchday squad, but did not play","On matchday squad, but did not play","On matchday squad, but did not play","On matchday squad, but did not play","On matchday squad, but did not play","On matchday squad, but did not play","On matchday squad, but did not play","On matchday squad, but did not play","On matchday squad, but did not play","On matchday squad, but did not play","On matchday squad, but did not play","On matchday squad, but did not play","On matchday squad, but did not play","On matchday squad, but did not play","On matchday squad, but did not play","On matchday squad, but did not play","On matchday squad, but did not play","On matchday squad, but did not play","On matchday squad, but did not play","On matchday squad, but did not play","On matchday squad, but did not play","On matchday squad, but did not play","On matchday squad, but did not play","On matchday squad, but did not play","On matchday squad, but did not play","On matchday squad, but did not play","On matchday squad, but did not play","On matchday squad, but did not play","On matchday squad, but did not play","On matchday squad, but did not play","On matchday squad, but did not play","On matchday squad, but did not play","On matchday squad, but did not play","On matchday squad, but did not play","On matchday squad, but did not play","On matchday squad, but did not play","On matchday squad, but did not play","On matchday squad, but did not play","On matchday squad, but did not play","On matchday squad, but did not play","On matchday squad, but did not play","On matchday squad, but did not play","On matchday squad, but did not play","On matchday squad, but did not play","On matchday squad, but did not play","On matchday squad, but did not play","On matchday squad, but did not play","On matchday squad, but did not play","On matchday squad, but did not play","On matchday squad, but did not play","On matchday squad, but did not play","On matchday squad, but did not play",Leicester City,Facundo-Buonanotte,468a7a91
2025-02-15,Sat,Matchweek 25,Home,L 0–2,Leicester City,Arsenal,N,RM,6,0,0,0,0,1,0,0,0,7,1,0,0,0.0,0.0,0.0,0,0,2,4,50.0,0,3,0,0,0,Match Report,2,4,50.0,15,0,2,3,66.7,0,1,0.0,0,0,,0,0.0,0.0,0,0,0,0,0,4,4,0,0,0,0,0,0,0,0,0,0,2,0,0,0,0,0,0,0,0,0,0,0,0,0,0,0,0,7,0,1,3,3,1,7,0,0,,0,,3,14,5,0,0,0,1,0,2,0,1,1,0,0,1,0,0,,0,0,0,0,0,1,0,0,Leicester City,Facundo-Buonanotte,468a7a91
2025-02-21,Fri,Matchweek 26,Home,L 0–4,Leicester City,Brentford,N,RW,36,0,0,0,0,3,0,1,0,27,0,1,1,0.1,0.1,0.0,0,0,13,21,61.9,2,21,4,1,1,Match Report,13,21,61.9,191,52,5,7,71.4,7,10,70.0,0,3,0.0,0,0.0,0.0,0,2,0,0,2,21,19,2,2,0,1,2,0,0,0,0,0,13,0,0,0,0,0,0,0,0,0,0,0,0,0,0,0,0,27,0,2,16,9,1,27,1,1,100.0,0,0.0,21,213,143,4,1,1,0,0,22,2,0,0,0,0,0,0,0,,0,1,0,1,1,1,0,0,Leicester City,Facundo-Buonanotte,468a7a91
2025-02-27,Thu,Matchweek 27,Away,L 0–2,Leicester City,West Ham,Y,"RW,WB",90,0,0,0,0,0,0,0,0,40,1,1,2,0.0,0.0,0.0,1,0,20,25,80.0,3,19,0,2,1,Match Report,20,25,80.0,255,43,10,11,90.9,8,9,88.9,0,2,0.0,0,0.0,0.0,0,2,0,0,3,25,23,2,1,0,0,2,0,1,1,0,0,20,0,1,1,0,0,0,0,1,0,0,0,0,0,0,0,0,40,1,4,22,15,1,40,2,1,50.0,1,50.0,19,109,18,0,1,0,5,2,23,4,1,1,0,1,0,1,4,25.0,3,2,0,2,1,2,2,0,Leicester City,Facundo-Buonanotte,468a7a91
2025-03-09,Sun,Matchweek 28,Away,L 0–1,Leicester City,Chelsea,N,AM,18,0,0,0,0,0,0,0,0,13,2,0,1,0.0,0.0,0.0,0,0,8,8,100.0,1,9,0,0,0,Match Report,8,8,100.0,86,13,5,5,100.0,1,1,100.0,0,0,,0,0.0,0.0,0,0,0,0,1,8,7,1,0,0,0,0,1,0,0,0,0,8,0,0,0,0,0,0,0,0,0,0,0,0,0,0,0,0,13,1,3,6,4,0,13,0,0,,0,,9,56,17,0,2,0,1,1,10,2,2,1,1,1,0,1,1,100.0,0,1,0,1,0,2,1,0,Leicester City,Facundo-Buonanotte,468a7a91
2025-03-16,Sun,Matchweek 29,Home,L 0–3,Leicester City,Manchester Utd,N,AM,27,0,0,0,0,1,0,0,0,23,1,0,1,0.2,0.2,0.0,0,0,11,14,78.6,0,9,0,1,0,Match Report,11,14,78.6,129,10,9,10,90.0,1,2,50.0,1,2,50.0,0,0.0,0.0,0,0,0,0,0,14,13,1,0,0,0,1,0,1,1,0,0,11,0,0,0,0,0,0,0,0,0,0,0,0,0,0,0,0,23,1,2,12,9,1,23,1,0,0.0,1,100.0,9,62,3,0,0,0,3,2,13,0,1,1,0,1,0,0,0,,0,1,0,1,0,1,0,0,Leicester City,Facundo-Buonanotte,468a7a91
2025-04-02,Wed,Matchweek 30,Away,L 0–2,Leicester City,Manchester City,N,FW,31,0,0,0,0,0,0,0,0,9,1,0,0,0.0,0.0,0.0,0,0,6,6,100.0,1,4,0,0,0,Match Report,6,6,100.0,69,7,5,5,100.0,1,1,100.0,0,0,,0,0.0,0.0,0,0,1,0,1,6,6,0,0,0,0,0,0,0,0,0,0,6,0,0,0,0,0,0,0,0,0,0,0,0,0,0,0,0,9,0,0,6,3,0,9,0,0,,0,,4,23,7,0,0,0,2,0,6,0,1,1,0,0,1,0,1,0.0,1,0,0,0,0,1,0,0,Leicester City,Facundo-Buonanotte,468a7a91
2025-04-07,Mon,Matchweek 31,Home,L 0–3,Leicester City,Newcastle Utd,N,"RW,AM",45,0,0,0,0,2,0,0,0,34,0,0,0,0.0,0.0,0.2,1,0,21,23,91.3,1,15,0,4,1,Match Report,21,23,91.3,320,108,13,14,92.9,7,7,100.0,1,2,50.0,0,0.2,0.2,1,1,1,1,1,23,16,7,3,0,0,3,1,3,2,0,0,21,0,0,1,0,1,0,0,0,0,0,0,0,0,0,0,0,34,0,5,18,11,1,34,4,1,25.0,3,75.0,15,110,25,0,0,0,1,3,16,1,0,0,0,0,0,0,0,,0,0,0,0,0,0,1,0,Leicester City,Facundo-Buonanotte,468a7a91
2025-04-20,Sun,Matchweek 33,Home,L 0–1,Leicester City,Liverpool,N,RW,30,0,0,0,0,2,0,0,0,21,1,0,0,0.2,0.2,0.0,3,0,7,12,58.3,2,10,1,1,0,Match Report,7,12,58.3,99,51,4,5,80.0,2,3,66.7,1,3,33.3,0,0.0,0.0,1,3,0,0,2,12,11,1,0,1,0,1,0,1,1,0,0,7,0,0,3,3,0,0,0,0,0,0,0,0,0,0,0,0,21,2,3,12,6,2,21,1,0,0.0,1,100.0,10,45,28,1,0,0,1,1,12,3,1,1,0,1,0,0,2,0.0,2,0,0,0,0,1,2,0,Leicester City,Facundo-Buonanotte,468a7a91
2025-04-26,Sat,Matchweek 34,Away,L 0–3,Leicester City,Wolves,Y,RW,45,0,0,0,0,1,0,0,0,24,4,1,0,0.1,0.1,0.0,1,0,10,13,76.9,1,13,0,4,1,Match Report,10,13,76.9,157,20,4,5,80.0,4,4,100.0,1,2,50.0,0,0.0,0.0,0,1,0,0,1,13,12,0,0,0,0,0,0,0,0,0,0,10,1,0,1,0,0,0,0,1,0,0,0,0,0,0,0,0,24,1,7,12,5,2,24,4,1,25.0,3,75.0,13,77,32,0,0,0,1,1,12,3,4,4,2,2,0,1,2,50.0,1,0,0,0,1,5,0,0,Leicester City,Facundo-Buonanotte,468a7a91
2025-05-11,Sun,Matchweek 36,Away,D 2–2,Leicester City,Nott'ham Forest,N,"LW,RW,AM",30,1,0,0,0,2,2,1,0,15,0,1,1,0.1,0.1,0.0,1,1,5,9,55.6,2,9,1,3,2,Match Report,5,9,55.6,92,48,2,3,66.7,3,3,100.0,0,2,0.0,0,0.0,0.0,0,1,0,0,2,9,8,1,0,0,0,2,0,1,1,0,0,5,0,1,1,0,0,1,0,0,0,1,0,0,1,0,0,0,15,0,1,8,6,3,15,3,2,66.7,0,0.0,9,51,26,1,0,1,1,0,9,3,0,0,0,0,0,0,0,,0,1,0,1,1,1,0,0,Leicester City,Facundo-Buonanotte,468a7a91
2025-05-18,Sun,Matchweek 37,Home,W 2–0,Leicester City,Ipswich Town,N,"On matchday squad, but did not play","On matchday squad, but did not play","On matchday squad, but did not play","On matchday squad, but did not play","On matchday squad, but did not play","On matchday squad, but did not play","On matchday squad, but did not play","On matchday squad, but did not play","On matchday squad, but did not play","On matchday squad, but did not play","On matchday squad, but did not play","On matchday squad, but did not play","On matchday squad, but did not play","On matchday squad, but did not play","On matchday squad, but did not play","On matchday squad, but did not play","On matchday squad, but did not play","On matchday squad, but did not play","On matchday squad, but did not play","On matchday squad, but did not play","On matchday squad, but did not play","On matchday squad, but did not play","On matchday squad, but did not play","On matchday squad, but did not play","On matchday squad, but did not play","On matchday squad, but did not play","On matchday squad, but did not play",Match Report,"On matchday squad, but did not play","On matchday squad, but did not play","On matchday squad, but did not play","On matchday squad, but did not play","On matchday squad, but did not play","On matchday squad, but did not play","On matchday squad, but did not play","On matchday squad, but did not play","On matchday squad, but did not play","On matchday squad, but did not play","On matchday squad, but did not play","On matchday squad, but did not play","On matchday squad, but did not play","On matchday squad, but did not play","On matchday squad, but did not play","On matchday squad, but did not play","On matchday squad, but did not play","On matchday squad, but did not play","On matchday squad, but did not play","On matchday squad, but did not play","On matchday squad, but did not play","On matchday squad, but did not play","On matchday squad, but did not play","On matchday squad, but did not play","On matchday squad, but did not play","On matchday squad, but did not play","On matchday squad, but did not play","On matchday squad, but did not play","On matchday squad, but did not play","On matchday squad, but did not play","On matchday squad, but did not play","On matchday squad, but did not play","On matchday squad, but did not play","On matchday squad, but did not play","On matchday squad, but did not play","On matchday squad, but did not play","On matchday squad, but did not play","On matchday squad, but did not play","On matchday squad, but did not play","On matchday squad, but did not play","On matchday squad, but did not play","On matchday squad, but did not play","On matchday squad, but did not play","On matchday squad, but did not play","On matchday squad, but did not play","On matchday squad, but did not play","On matchday squad, but did not play","On matchday squad, but did not play","On matchday squad, but did not play","On matchday squad, but did not play","On matchday squad, but did not play","On matchday squad, but did not play","On matchday squad, but did not play","On matchday squad, but did not play","On matchday squad, but did not play","On matchday squad, but did not play","On matchday squad, but did not play","On matchday squad, but did not play","On matchday squad, but did not play","On matchday squad, but did not play","On matchday squad, but did not play","On matchday squad, but did not play","On matchday squad, but did not play","On matchday squad, but did not play","On matchday squad, but did not play","On matchday squad, but did not play","On matchday squad, but did not play","On matchday squad, but did not play","On matchday squad, but did not play","On matchday squad, but did not play","On matchday squad, but did not play","On matchday squad, but did not play","On matchday squad, but did not play","On matchday squad, but did not play","On matchday squad, but did not play","On matchday squad, but did not play","On matchday squad, but did not play","On matchday squad, but did not play","On matchday squad, but did not play","On matchday squad, but did not play","On matchday squad, but did not play","On matchday squad, but did not play","On matchday squad, but did not play","On matchday squad, but did not play","On matchday squad, but did not play","On matchday squad, but did not play","On matchday squad, but did not play","On matchday squad, but did not play","On matchday squad, but did not play",Leicester City,Facundo-Buonanotte,468a7a91
2025-05-25,Sun,Matchweek 38,Away,L 0–2,Leicester City,Bournemouth,N,FW,19,0,0,0,0,0,0,0,0,9,0,0,1,0.0,0.0,0.0,0,0,2,2,100.0,0,5,0,1,0,Match Report,2,2,100.0,56,0,0,0,,2,2,100.0,0,0,,0,0.0,0.0,0,0,0,0,0,2,0,2,0,0,0,0,0,0,0,0,0,2,0,0,0,0,0,0,0,0,0,0,0,0,0,0,0,0,9,0,0,8,1,0,9,1,0,0.0,0,0.0,5,18,0,0,0,0,4,0,4,2,0,0,0,0,0,0,0,,0,1,0,1,0,0,0,0,Leicester City,Facundo-Buonanotte,468a7a91
2024-10-25,Fri,Matchweek 9,Home,L 1–3,Leicester City,Nott'ham Forest,N,"On matchday squad, but did not play","On matchday squad, but did not play","On matchday squad, but did not play","On matchday squad, but did not play","On matchday squad, but did not play","On matchday squad, but did not play","On matchday squad, but did not play","On matchday squad, but did not play","On matchday squad, but did not play","On matchday squad, but did not play","On matchday squad, but did not play","On matchday squad, but did not play","On matchday squad, but did not play","On matchday squad, but did not play","On matchday squad, but did not play","On matchday squad, but did not play","On matchday squad, but did not play","On matchday squad, but did not play","On matchday squad, but did not play","On matchday squad, but did not play","On matchday squad, but did not play","On matchday squad, but did not play","On matchday squad, but did not play","On matchday squad, but did not play","On matchday squad, but did not play","On matchday squad, but did not play","On matchday squad, but did not play",Match Report,"On matchday squad, but did not play","On matchday squad, but did not play","On matchday squad, but did not play","On matchday squad, but did not play","On matchday squad, but did not play","On matchday squad, but did not play","On matchday squad, but did not play","On matchday squad, but did not play","On matchday squad, but did not play","On matchday squad, but did not play","On matchday squad, but did not play","On matchday squad, but did not play","On matchday squad, but did not play","On matchday squad, but did not play","On matchday squad, but did not play","On matchday squad, but did not play","On matchday squad, but did not play","On matchday squad, but did not play","On matchday squad, but did not play","On matchday squad, but did not play","On matchday squad, but did not play","On matchday squad, but did not play","On matchday squad, but did not play","On matchday squad, but did not play","On matchday squad, but did not play","On matchday squad, but did not play","On matchday squad, but did not play","On matchday squad, but did not play","On matchday squad, but did not play","On matchday squad, but did not play","On matchday squad, but did not play","On matchday squad, but did not play","On matchday squad, but did not play","On matchday squad, but did not play","On matchday squad, but did not play","On matchday squad, but did not play","On matchday squad, but did not play","On matchday squad, but did not play","On matchday squad, but did not play","On matchday squad, but did not play","On matchday squad, but did not play","On matchday squad, but did not play","On matchday squad, but did not play","On matchday squad, but did not play","On matchday squad, but did not play","On matchday squad, but did not play","On matchday squad, but did not play","On matchday squad, but did not play","On matchday squad, but did not play","On matchday squad, but did not play","On matchday squad, but did not play","On matchday squad, but did not play","On matchday squad, but did not play","On matchday squad, but did not play","On matchday squad, but did not play","On matchday squad, but did not play","On matchday squad, but did not play","On matchday squad, but did not play","On matchday squad, but did not play","On matchday squad, but did not play","On matchday squad, but did not play","On matchday squad, but did not play","On matchday squad, but did not play","On matchday squad, but did not play","On matchday squad, but did not play","On matchday squad, but did not play","On matchday squad, but did not play","On matchday squad, but did not play","On matchday squad, but did not play","On matchday squad, but did not play","On matchday squad, but did not play","On matchday squad, but did not play","On matchday squad, but did not play","On matchday squad, but did not play","On matchday squad, but did not play","On matchday squad, but did not play","On matchday squad, but did not play","On matchday squad, but did not play","On matchday squad, but did not play","On matchday squad, but did not play","On matchday squad, but did not play","On matchday squad, but did not play","On matchday squad, but did not play","On matchday squad, but did not play","On matchday squad, but did not play","On matchday squad, but did not play","On matchday squad, but did not play","On matchday squad, but did not play","On matchday squad, but did not play",Leicester City,Luke-Thomas,fc027d02
2024-11-23,Sat,Matchweek 12,Home,L 1–2,Leicester City,Chelsea,N,"On matchday squad, but did not play","On matchday squad, but did not play","On matchday squad, but did not play","On matchday squad, but did not play","On matchday squad, but did not play","On matchday squad, but did not play","On matchday squad, but did not play","On matchday squad, but did not play","On matchday squad, but did not play","On matchday squad, but did not play","On matchday squad, but did not play","On matchday squad, but did not play","On matchday squad, but did not play","On matchday squad, but did not play","On matchday squad, but did not play","On matchday squad, but did not play","On matchday squad, but did not play","On matchday squad, but did not play","On matchday squad, but did not play","On matchday squad, but did not play","On matchday squad, but did not play","On matchday squad, but did not play","On matchday squad, but did not play","On matchday squad, but did not play","On matchday squad, but did not play","On matchday squad, but did not play","On matchday squad, but did not play",Match Report,"On matchday squad, but did not play","On matchday squad, but did not play","On matchday squad, but did not play","On matchday squad, but did not play","On matchday squad, but did not play","On matchday squad, but did not play","On matchday squad, but did not play","On matchday squad, but did not play","On matchday squad, but did not play","On matchday squad, but did not play","On matchday squad, but did not play","On matchday squad, but did not play","On matchday squad, but did not play","On matchday squad, but did not play","On matchday squad, but did not play","On matchday squad, but did not play","On matchday squad, but did not play","On matchday squad, but did not play","On matchday squad, but did not play","On matchday squad, but did not play","On matchday squad, but did not play","On matchday squad, but did not play","On matchday squad, but did not play","On matchday squad, but did not play","On matchday squad, but did not play","On matchday squad, but did not play","On matchday squad, but did not play","On matchday squad, but did not play","On matchday squad, but did not play","On matchday squad, but did not play","On matchday squad, but did not play","On matchday squad, but did not play","On matchday squad, but did not play","On matchday squad, but did not play","On matchday squad, but did not play","On matchday squad, but did not play","On matchday squad, but did not play","On matchday squad, but did not play","On matchday squad, but did not play","On matchday squad, but did not play","On matchday squad, but did not play","On matchday squad, but did not play","On matchday squad, but did not play","On matchday squad, but did not play","On matchday squad, but did not play","On matchday squad, but did not play","On matchday squad, but did not play","On matchday squad, but did not play","On matchday squad, but did not play","On matchday squad, but did not play","On matchday squad, but did not play","On matchday squad, but did not play","On matchday squad, but did not play","On matchday squad, but did not play","On matchday squad, but did not play","On matchday squad, but did not play","On matchday squad, but did not play","On matchday squad, but did not play","On matchday squad, but did not play","On matchday squad, but did not play","On matchday squad, but did not play","On matchday squad, but did not play","On matchday squad, but did not play","On matchday squad, but did not play","On matchday squad, but did not play","On matchday squad, but did not play","On matchday squad, but did not play","On matchday squad, but did not play","On matchday squad, but did not play","On matchday squad, but did not play","On matchday squad, but did not play","On matchday squad, but did not play","On matchday squad, but did not play","On matchday squad, but did not play","On matchday squad, but did not play","On matchday squad, but did not play","On matchday squad, but did not play","On matchday squad, but did not play","On matchday squad, but did not play","On matchday squad, but did not play","On matchday squad, but did not play","On matchday squad, but did not play","On matchday squad, but did not play","On matchday squad, but did not play","On matchday squad, but did not play","On matchday squad, but did not play","On matchday squad, but did not play","On matchday squad, but did not play","On matchday squad, but did not play",Leicester City,Luke-Thomas,fc027d02
2024-11-30,Sat,Matchweek 13,Away,L 1–4,Leicester City,Brentford,Y,WB,90,0,0,0,0,1,0,0,0,67,2,0,3,0.0,0.0,0.1,1,0,40,57,70.2,3,32,1,0,0,Match Report,40,57,70.2,611,137,22,24,91.7,16,22,72.7,2,8,25.0,0,0.1,0.0,1,4,0,0,3,57,45,11,1,0,0,3,9,1,1,0,0,40,1,3,1,1,0,0,0,0,0,0,0,0,0,0,0,0,67,2,31,19,17,4,67,0,0,,0,,32,82,52,1,0,1,1,0,32,5,2,2,2,0,0,1,2,50.0,1,3,0,3,0,2,0,0,Leicester City,Luke-Thomas,fc027d02
2024-12-03,Tue,Matchweek 14,Home,W 3–1,Leicester City,West Ham,N,"On matchday squad, but did not play","On matchday squad, but did not play","On matchday squad, but did not play","On matchday squad, but did not play","On matchday squad, but did not play","On matchday squad, but did not play","On matchday squad, but did not play","On matchday squad, but did not play","On matchday squad, but did not play","On matchday squad, but did not play","On matchday squad, but did not play","On matchday squad, but did not play","On matchday squad, but did not play","On matchday squad, but did not play","On matchday squad, but did not play","On matchday squad, but did not play","On matchday squad, but did not play","On matchday squad, but did not play","On matchday squad, but did not play","On matchday squad, but did not play","On matchday squad, but did not play","On matchday squad, but did not play","On matchday squad, but did not play","On matchday squad, but did not play","On matchday squad, but did not play","On matchday squad, but did not play","On matchday squad, but did not play",Match Report,"On matchday squad, but did not play","On matchday squad, but did not play","On matchday squad, but did not play","On matchday squad, but did not play","On matchday squad, but did not play","On matchday squad, but did not play","On matchday squad, but did not play","On matchday squad, but did not play","On matchday squad, but did not play","On matchday squad, but did not play","On matchday squad, but did not play","On matchday squad, but did not play","On matchday squad, but did not play","On matchday squad, but did not play","On matchday squad, but did not play","On matchday squad, but did not play","On matchday squad, but did not play","On matchday squad, but did not play","On matchday squad, but did not play","On matchday squad, but did not play","On matchday squad, but did not play","On matchday squad, but did not play","On matchday squad, but did not play","On matchday squad, but did not play","On matchday squad, but did not play","On matchday squad, but did not play","On matchday squad, but did not play","On matchday squad, but did not play","On matchday squad, but did not play","On matchday squad, but did not play","On matchday squad, but did not play","On matchday squad, but did not play","On matchday squad, but did not play","On matchday squad, but did not play","On matchday squad, but did not play","On matchday squad, but did not play","On matchday squad, but did not play","On matchday squad, but did not play","On matchday squad, but did not play","On matchday squad, but did not play","On matchday squad, but did not play","On matchday squad, but did not play","On matchday squad, but did not play","On matchday squad, but did not play","On matchday squad, but did not play","On matchday squad, but did not play","On matchday squad, but did not play","On matchday squad, but did not play","On matchday squad, but did not play","On matchday squad, but did not play","On matchday squad, but did not play","On matchday squad, but did not play","On matchday squad, but did not play","On matchday squad, but did not play","On matchday squad, but did not play","On matchday squad, but did not play","On matchday squad, but did not play","On matchday squad, but did not play","On matchday squad, but did not play","On matchday squad, but did not play","On matchday squad, but did not play","On matchday squad, but did not play","On matchday squad, but did not play","On matchday squad, but did not play","On matchday squad, but did not play","On matchday squad, but did not play","On matchday squad, but did not play","On matchday squad, but did not play","On matchday squad, but did not play","On matchday squad, but did not play","On matchday squad, but did not play","On matchday squad, but did not play","On matchday squad, but did not play","On matchday squad, but did not play","On matchday squad, but did not play","On matchday squad, but did not play","On matchday squad, but did not play","On matchday squad, but did not play","On matchday squad, but did not play","On matchday squad, but did not play","On matchday squad, but did not play","On matchday squad, but did not play","On matchday squad, but did not play","On matchday squad, but did not play","On matchday squad, but did not play","On matchday squad, but did not play","On matchday squad, but did not play","On matchday squad, but did not play","On matchday squad, but did not play",Leicester City,Luke-Thomas,fc027d02
2024-12-08,Sun,Matchweek 15,Home,D 2–2,Leicester City,Brighton,N,"On matchday squad, but did not play","On matchday squad, but did not play","On matchday squad, but did not play","On matchday squad, but did not play","On matchday squad, but did not play","On matchday squad, but did not play","On matchday squad, but did not play","On matchday squad, but did not play","On matchday squad, but did not play","On matchday squad, but did not play","On matchday squad, but did not play","On matchday squad, but did not play","On matchday squad, but did not play","On matchday squad, but did not play","On matchday squad, but did not play","On matchday squad, but did not play","On matchday squad, but did not play","On matchday squad, but did not play","On matchday squad, but did not play","On matchday squad, but did not play","On matchday squad, but did not play","On matchday squad, but did not play","On matchday squad, but did not play","On matchday squad, but did not play","On matchday squad, but did not play","On matchday squad, but did not play","On matchday squad, but did not play",Match Report,"On matchday squad, but did not play","On matchday squad, but did not play","On matchday squad, but did not play","On matchday squad, but did not play","On matchday squad, but did not play","On matchday squad, but did not play","On matchday squad, but did not play","On matchday squad, but did not play","On matchday squad, but did not play","On matchday squad, but did not play","On matchday squad, but did not play","On matchday squad, but did not play","On matchday squad, but did not play","On matchday squad, but did not play","On matchday squad, but did not play","On matchday squad, but did not play","On matchday squad, but did not play","On matchday squad, but did not play","On matchday squad, but did not play","On matchday squad, but did not play","On matchday squad, but did not play","On matchday squad, but did not play","On matchday squad, but did not play","On matchday squad, but did not play","On matchday squad, but did not play","On matchday squad, but did not play","On matchday squad, but did not play","On matchday squad, but did not play","On matchday squad, but did not play","On matchday squad, but did not play","On matchday squad, but did not play","On matchday squad, but did not play","On matchday squad, but did not play","On matchday squad, but did not play","On matchday squad, but did not play","On matchday squad, but did not play","On matchday squad, but did not play","On matchday squad, but did not play","On matchday squad, but did not play","On matchday squad, but did not play","On matchday squad, but did not play","On matchday squad, but did not play","On matchday squad, but did not play","On matchday squad, but did not play","On matchday squad, but did not play","On matchday squad, but did not play","On matchday squad, but did not play","On matchday squad, but did not play","On matchday squad, but did not play","On matchday squad, but did not play","On matchday squad, but did not play","On matchday squad, but did not play","On matchday squad, but did not play","On matchday squad, but did not play","On matchday squad, but did not play","On matchday squad, but did not play","On matchday squad, but did not play","On matchday squad, but did not play","On matchday squad, but did not play","On matchday squad, but did not play","On matchday squad, but did not play","On matchday squad, but did not play","On matchday squad, but did not play","On matchday squad, but did not play","On matchday squad, but did not play","On matchday squad, but did not play","On matchday squad, but did not play","On matchday squad, but did not play","On matchday squad, but did not play","On matchday squad, but did not play","On matchday squad, but did not play","On matchday squad, but did not play","On matchday squad, but did not play","On matchday squad, but did not play","On matchday squad, but did not play","On matchday squad, but did not play","On matchday squad, but did not play","On matchday squad, but did not play","On matchday squad, but did not play","On matchday squad, but did not play","On matchday squad, but did not play","On matchday squad, but did not play","On matchday squad, but did not play","On matchday squad, but did not play","On matchday squad, but did not play","On matchday squad, but did not play","On matchday squad, but did not play","On matchday squad, but did not play","On matchday squad, but did not play",Leicester City,Luke-Thomas,fc027d02
2024-12-14,Sat,Matchweek 16,Away,L 0–4,Leicester City,Newcastle Utd,N,"On matchday squad, but did not play","On matchday squad, but did not play","On matchday squad, but did not play","On matchday squad, but did not play","On matchday squad, but did not play","On matchday squad, but did not play","On matchday squad, but did not play","On matchday squad, but did not play","On matchday squad, but did not play","On matchday squad, but did not play","On matchday squad, but did not play","On matchday squad, but did not play","On matchday squad, but did not play","On matchday squad, but did not play","On matchday squad, but did not play","On matchday squad, but did not play","On matchday squad, but did not play","On matchday squad, but did not play","On matchday squad, but did not play","On matchday squad, but did not play","On matchday squad, but did not play","On matchday squad, but did not play","On matchday squad, but did not play","On matchday squad, but did not play","On matchday squad, but did not play","On matchday squad, but did not play","On matchday squad, but did not play",Match Report,"On matchday squad, but did not play","On matchday squad, but did not play","On matchday squad, but did not play","On matchday squad, but did not play","On matchday squad, but did not play","On matchday squad, but did not play","On matchday squad, but did not play","On matchday squad, but did not play","On matchday squad, but did not play","On matchday squad, but did not play","On matchday squad, but did not play","On matchday squad, but did not play","On matchday squad, but did not play","On matchday squad, but did not play","On matchday squad, but did not play","On matchday squad, but did not play","On matchday squad, but did not play","On matchday squad, but did not play","On matchday squad, but did not play","On matchday squad, but did not play","On matchday squad, but did not play","On matchday squad, but did not play","On matchday squad, but did not play","On matchday squad, but did not play","On matchday squad, but did not play","On matchday squad, but did not play","On matchday squad, but did not play","On matchday squad, but did not play","On matchday squad, but did not play","On matchday squad, but did not play","On matchday squad, but did not play","On matchday squad, but did not play","On matchday squad, but did not play","On matchday squad, but did not play","On matchday squad, but did not play","On matchday squad, but did not play","On matchday squad, but did not play","On matchday squad, but did not play","On matchday squad, but did not play","On matchday squad, but did not play","On matchday squad, but did not play","On matchday squad, but did not play","On matchday squad, but did not play","On matchday squad, but did not play","On matchday squad, but did not play","On matchday squad, but did not play","On matchday squad, but did not play","On matchday squad, but did not play","On matchday squad, but did not play","On matchday squad, but did not play","On matchday squad, but did not play","On matchday squad, but did not play","On matchday squad, but did not play","On matchday squad, but did not play","On matchday squad, but did not play","On matchday squad, but did not play","On matchday squad, but did not play","On matchday squad, but did not play","On matchday squad, but did not play","On matchday squad, but did not play","On matchday squad, but did not play","On matchday squad, but did not play","On matchday squad, but did not play","On matchday squad, but did not play","On matchday squad, but did not play","On matchday squad, but did not play","On matchday squad, but did not play","On matchday squad, but did not play","On matchday squad, but did not play","On matchday squad, but did not play","On matchday squad, but did not play","On matchday squad, but did not play","On matchday squad, but did not play","On matchday squad, but did not play","On matchday squad, but did not play","On matchday squad, but did not play","On matchday squad, but did not play","On matchday squad, but did not play","On matchday squad, but did not play","On matchday squad, but did not play","On matchday squad, but did not play","On matchday squad, but did not play","On matchday squad, but did not play","On matchday squad, but did not play","On matchday squad, but did not play","On matchday squad, but did not play","On matchday squad, but did not play","On matchday squad, but did not play","On matchday squad, but did not play",Leicester City,Luke-Thomas,fc027d02
2024-12-22,Sun,Matchweek 17,Home,L 0–3,Leicester City,Wolves,N,"On matchday squad, but did not play","On matchday squad, but did not play","On matchday squad, but did not play","On matchday squad, but did not play","On matchday squad, but did not play","On matchday squad, but did not play","On matchday squad, but did not play","On matchday squad, but did not play","On matchday squad, but did not play","On matchday squad, but did not play","On matchday squad, but did not play","On matchday squad, but did not play","On matchday squad, but did not play","On matchday squad, but did not play","On matchday squad, but did not play","On matchday squad, but did not play","On matchday squad, but did not play","On matchday squad, but did not play","On matchday squad, but did not play","On matchday squad, but did not play","On matchday squad, but did not play","On matchday squad, but did not play","On matchday squad, but did not play","On matchday squad, but did not play","On matchday squad, but did not play","On matchday squad, but did not play","On matchday squad, but did not play",Match Report,"On matchday squad, but did not play","On matchday squad, but did not play","On matchday squad, but did not play","On matchday squad, but did not play","On matchday squad, but did not play","On matchday squad, but did not play","On matchday squad, but did not play","On matchday squad, but did not play","On matchday squad, but did not play","On matchday squad, but did not play","On matchday squad, but did not play","On matchday squad, but did not play","On matchday squad, but did not play","On matchday squad, but did not play","On matchday squad, but did not play","On matchday squad, but did not play","On matchday squad, but did not play","On matchday squad, but did not play","On matchday squad, but did not play","On matchday squad, but did not play","On matchday squad, but did not play","On matchday squad, but did not play","On matchday squad, but did not play","On matchday squad, but did not play","On matchday squad, but did not play","On matchday squad, but did not play","On matchday squad, but did not play","On matchday squad, but did not play","On matchday squad, but did not play","On matchday squad, but did not play","On matchday squad, but did not play","On matchday squad, but did not play","On matchday squad, but did not play","On matchday squad, but did not play","On matchday squad, but did not play","On matchday squad, but did not play","On matchday squad, but did not play","On matchday squad, but did not play","On matchday squad, but did not play","On matchday squad, but did not play","On matchday squad, but did not play","On matchday squad, but did not play","On matchday squad, but did not play","On matchday squad, but did not play","On matchday squad, but did not play","On matchday squad, but did not play","On matchday squad, but did not play","On matchday squad, but did not play","On matchday squad, but did not play","On matchday squad, but did not play","On matchday squad, but did not play","On matchday squad, but did not play","On matchday squad, but did not play","On matchday squad, but did not play","On matchday squad, but did not play","On matchday squad, but did not play","On matchday squad, but did not play","On matchday squad, but did not play","On matchday squad, but did not play","On matchday squad, but did not play","On matchday squad, but did not play","On matchday squad, but did not play","On matchday squad, but did not play","On matchday squad, but did not play","On matchday squad, but did not play","On matchday squad, but did not play","On matchday squad, but did not play","On matchday squad, but did not play","On matchday squad, but did not play","On matchday squad, but did not play","On matchday squad, but did not play","On matchday squad, but did not play","On matchday squad, but did not play","On matchday squad, but did not play","On matchday squad, but did not play","On matchday squad, but did not play","On matchday squad, but did not play","On matchday squad, but did not play","On matchday squad, but did not play","On matchday squad, but did not play","On matchday squad, but did not play","On matchday squad, but did not play","On matchday squad, but did not play","On matchday squad, but did not play","On matchday squad, but did not play","On matchday squad, but did not play","On matchday squad, but did not play","On matchday squad, but did not play","On matchday squad, but did not play",Leicester City,Luke-Thomas,fc027d02
2024-12-26,Thu,Matchweek 18,Away,L 1–3,Leicester City,Liverpool,N,"On matchday squad, but did not play","On matchday squad, but did not play","On matchday squad, but did not play","On matchday squad, but did not play","On matchday squad, but did not play","On matchday squad, but did not play","On matchday squad, but did not play","On matchday squad, but did not play","On matchday squad, but did not play","On matchday squad, but did not play","On matchday squad, but did not play","On matchday squad, but did not play","On matchday squad, but did not play","On matchday squad, but did not play","On matchday squad, but did not play","On matchday squad, but did not play","On matchday squad, but did not play","On matchday squad, but did not play","On matchday squad, but did not play","On matchday squad, but did not play","On matchday squad, but did not play","On matchday squad, but did not play","On matchday squad, but did not play","On matchday squad, but did not play","On matchday squad, but did not play","On matchday squad, but did not play","On matchday squad, but did not play",Match Report,"On matchday squad, but did not play","On matchday squad, but did not play","On matchday squad, but did not play","On matchday squad, but did not play","On matchday squad, but did not play","On matchday squad, but did not play","On matchday squad, but did not play","On matchday squad, but did not play","On matchday squad, but did not play","On matchday squad, but did not play","On matchday squad, but did not play","On matchday squad, but did not play","On matchday squad, but did not play","On matchday squad, but did not play","On matchday squad, but did not play","On matchday squad, but did not play","On matchday squad, but did not play","On matchday squad, but did not play","On matchday squad, but did not play","On matchday squad, but did not play","On matchday squad, but did not play","On matchday squad, but did not play","On matchday squad, but did not play","On matchday squad, but did not play","On matchday squad, but did not play","On matchday squad, but did not play","On matchday squad, but did not play","On matchday squad, but did not play","On matchday squad, but did not play","On matchday squad, but did not play","On matchday squad, but did not play","On matchday squad, but did not play","On matchday squad, but did not play","On matchday squad, but did not play","On matchday squad, but did not play","On matchday squad, but did not play","On matchday squad, but did not play","On matchday squad, but did not play","On matchday squad, but did not play","On matchday squad, but did not play","On matchday squad, but did not play","On matchday squad, but did not play","On matchday squad, but did not play","On matchday squad, but did not play","On matchday squad, but did not play","On matchday squad, but did not play","On matchday squad, but did not play","On matchday squad, but did not play","On matchday squad, but did not play","On matchday squad, but did not play","On matchday squad, but did not play","On matchday squad, but did not play","On matchday squad, but did not play","On matchday squad, but did not play","On matchday squad, but did not play","On matchday squad, but did not play","On matchday squad, but did not play","On matchday squad, but did not play","On matchday squad, but did not play","On matchday squad, but did not play","On matchday squad, but did not play","On matchday squad, but did not play","On matchday squad, but did not play","On matchday squad, but did not play","On matchday squad, but did not play","On matchday squad, but did not play","On matchday squad, but did not play","On matchday squad, but did not play","On matchday squad, but did not play","On matchday squad, but did not play","On matchday squad, but did not play","On matchday squad, but did not play","On matchday squad, but did not play","On matchday squad, but did not play","On matchday squad, but did not play","On matchday squad, but did not play","On matchday squad, but did not play","On matchday squad, but did not play","On matchday squad, but did not play","On matchday squad, but did not play","On matchday squad, but did not play","On matchday squad, but did not play","On matchday squad, but did not play","On matchday squad, but did not play","On matchday squad, but did not play","On matchday squad, but did not play","On matchday squad, but did not play","On matchday squad, but did not play","On matchday squad, but did not play",Leicester City,Luke-Thomas,fc027d02
2024-12-29,Sun,Matchweek 19,Home,L 0–2,Leicester City,Manchester City,N,"On matchday squad, but did not play","On matchday squad, but did not play","On matchday squad, but did not play","On matchday squad, but did not play","On matchday squad, but did not play","On matchday squad, but did not play","On matchday squad, but did not play","On matchday squad, but did not play","On matchday squad, but did not play","On matchday squad, but did not play","On matchday squad, but did not play","On matchday squad, but did not play","On matchday squad, but did not play","On matchday squad, but did not play","On matchday squad, but did not play","On matchday squad, but did not play","On matchday squad, but did not play","On matchday squad, but did not play","On matchday squad, but did not play","On matchday squad, but did not play","On matchday squad, but did not play","On matchday squad, but did not play","On matchday squad, but did not play","On matchday squad, but did not play","On matchday squad, but did not play","On matchday squad, but did not play","On matchday squad, but did not play",Match Report,"On matchday squad, but did not play","On matchday squad, but did not play","On matchday squad, but did not play","On matchday squad, but did not play","On matchday squad, but did not play","On matchday squad, but did not play","On matchday squad, but did not play","On matchday squad, but did not play","On matchday squad, but did not play","On matchday squad, but did not play","On matchday squad, but did not play","On matchday squad, but did not play","On matchday squad, but did not play","On matchday squad, but did not play","On matchday squad, but did not play","On matchday squad, but did not play","On matchday squad, but did not play","On matchday squad, but did not play","On matchday squad, but did not play","On matchday squad, but did not play","On matchday squad, but did not play","On matchday squad, but did not play","On matchday squad, but did not play","On matchday squad, but did not play","On matchday squad, but did not play","On matchday squad, but did not play","On matchday squad, but did not play","On matchday squad, but did not play","On matchday squad, but did not play","On matchday squad, but did not play","On matchday squad, but did not play","On matchday squad, but did not play","On matchday squad, but did not play","On matchday squad, but did not play","On matchday squad, but did not play","On matchday squad, but did not play","On matchday squad, but did not play","On matchday squad, but did not play","On matchday squad, but did not play","On matchday squad, but did not play","On matchday squad, but did not play","On matchday squad, but did not play","On matchday squad, but did not play","On matchday squad, but did not play","On matchday squad, but did not play","On matchday squad, but did not play","On matchday squad, but did not play","On matchday squad, but did not play","On matchday squad, but did not play","On matchday squad, but did not play","On matchday squad, but did not play","On matchday squad, but did not play","On matchday squad, but did not play","On matchday squad, but did not play","On matchday squad, but did not play","On matchday squad, but did not play","On matchday squad, but did not play","On matchday squad, but did not play","On matchday squad, but did not play","On matchday squad, but did not play","On matchday squad, but did not play","On matchday squad, but did not play","On matchday squad, but did not play","On matchday squad, but did not play","On matchday squad, but did not play","On matchday squad, but did not play","On matchday squad, but did not play","On matchday squad, but did not play","On matchday squad, but did not play","On matchday squad, but did not play","On matchday squad, but did not play","On matchday squad, but did not play","On matchday squad, but did not play","On matchday squad, but did not play","On matchday squad, but did not play","On matchday squad, but did not play","On matchday squad, but did not play","On matchday squad, but did not play","On matchday squad, but did not play","On matchday squad, but did not play","On matchday squad, but did not play","On matchday squad, but did not play","On matchday squad, but did not play","On matchday squad, but did not play","On matchday squad, but did not play","On matchday squad, but did not play","On matchday squad, but did not play","On matchday squad, but did not play","On matchday squad, but did not play",Leicester City,Luke-Thomas,fc027d02
2025-01-04,Sat,Matchweek 20,Away,L 1–2,Leicester City,Aston Villa,Y,LB,89,0,0,0,0,0,0,0,0,63,3,2,1,0.0,0.0,0.0,0,0,45,52,86.5,4,29,0,0,0,Match Report,45,52,86.5,650,270,25,25,100.0,17,21,81.0,2,5,40.0,0,0.0,0.0,0,3,1,0,4,52,45,7,1,0,0,0,6,0,0,0,0,45,0,0,0,0,0,0,0,0,0,0,0,0,0,0,0,0,63,4,27,32,4,0,63,0,0,,0,,29,77,27,0,0,0,0,0,34,0,3,3,3,0,0,2,3,66.7,1,1,1,0,2,5,3,0,Leicester City,Luke-Thomas,fc027d02
2025-01-15,Wed,Matchweek 21,Home,L 0–2,Leicester City,Crystal Palace,N,"On matchday squad, but did not play","On matchday squad, but did not play","On matchday squad, but did not play","On matchday squad, but did not play","On matchday squad, but did not play","On matchday squad, but did not play","On matchday squad, but did not play","On matchday squad, but did not play","On matchday squad, but did not play","On matchday squad, but did not play","On matchday squad, but did not play","On matchday squad, but did not play","On matchday squad, but did not play","On matchday squad, but did not play","On matchday squad, but did not play","On matchday squad, but did not play","On matchday squad, but did not play","On matchday squad, but did not play","On matchday squad, but did not play","On matchday squad, but did not play","On matchday squad, but did not play","On matchday squad, but did not play","On matchday squad, but did not play","On matchday squad, but did not play","On matchday squad, but did not play","On matchday squad, but did not play","On matchday squad, but did not play",Match Report,"On matchday squad, but did not play","On matchday squad, but did not play","On matchday squad, but did not play","On matchday squad, but did not play","On matchday squad, but did not play","On matchday squad, but did not play","On matchday squad, but did not play","On matchday squad, but did not play","On matchday squad, but did not play","On matchday squad, but did not play","On matchday squad, but did not play","On matchday squad, but did not play","On matchday squad, but did not play","On matchday squad, but did not play","On matchday squad, but did not play","On matchday squad, but did not play","On matchday squad, but did not play","On matchday squad, but did not play","On matchday squad, but did not play","On matchday squad, but did not play","On matchday squad, but did not play","On matchday squad, but did not play","On matchday squad, but did not play","On matchday squad, but did not play","On matchday squad, but did not play","On matchday squad, but did not play","On matchday squad, but did not play","On matchday squad, but did not play","On matchday squad, but did not play","On matchday squad, but did not play","On matchday squad, but did not play","On matchday squad, but did not play","On matchday squad, but did not play","On matchday squad, but did not play","On matchday squad, but did not play","On matchday squad, but did not play","On matchday squad, but did not play","On matchday squad, but did not play","On matchday squad, but did not play","On matchday squad, but did not play","On matchday squad, but did not play","On matchday squad, but did not play","On matchday squad, but did not play","On matchday squad, but did not play","On matchday squad, but did not play","On matchday squad, but did not play","On matchday squad, but did not play","On matchday squad, but did not play","On matchday squad, but did not play","On matchday squad, but did not play","On matchday squad, but did not play","On matchday squad, but did not play","On matchday squad, but did not play","On matchday squad, but did not play","On matchday squad, but did not play","On matchday squad, but did not play","On matchday squad, but did not play","On matchday squad, but did not play","On matchday squad, but did not play","On matchday squad, but did not play","On matchday squad, but did not play","On matchday squad, but did not play","On matchday squad, but did not play","On matchday squad, but did not play","On matchday squad, but did not play","On matchday squad, but did not play","On matchday squad, but did not play","On matchday squad, but did not play","On matchday squad, but did not play","On matchday squad, but did not play","On matchday squad, but did not play","On matchday squad, but did not play","On matchday squad, but did not play","On matchday squad, but did not play","On matchday squad, but did not play","On matchday squad, but did not play","On matchday squad, but did not play","On matchday squad, but did not play","On matchday squad, but did not play","On matchday squad, but did not play","On matchday squad, but did not play","On matchday squad, but did not play","On matchday squad, but did not play","On matchday squad, but did not play","On matchday squad, but did not play","On matchday squad, but did not play","On matchday squad, but did not play","On matchday squad, but did not play","On matchday squad, but did not play",Leicester City,Luke-Thomas,fc027d02
2025-01-18,Sat,Matchweek 22,Home,L 0–2,Leicester City,Fulham,N,"On matchday squad, but did not play","On matchday squad, but did not play","On matchday squad, but did not play","On matchday squad, but did not play","On matchday squad, but did not play","On matchday squad, but did not play","On matchday squad, but did not play","On matchday squad, but did not play","On matchday squad, but did not play","On matchday squad, but did not play","On matchday squad, but did not play","On matchday squad, but did not play","On matchday squad, but did not play","On matchday squad, but did not play","On matchday squad, but did not play","On matchday squad, but did not play","On matchday squad, but did not play","On matchday squad, but did not play","On matchday squad, but did not play","On matchday squad, but did not play","On matchday squad, but did not play","On matchday squad, but did not play","On matchday squad, but did not play","On matchday squad, but did not play","On matchday squad, but did not play","On matchday squad, but did not play","On matchday squad, but did not play",Match Report,"On matchday squad, but did not play","On matchday squad, but did not play","On matchday squad, but did not play","On matchday squad, but did not play","On matchday squad, but did not play","On matchday squad, but did not play","On matchday squad, but did not play","On matchday squad, but did not play","On matchday squad, but did not play","On matchday squad, but did not play","On matchday squad, but did not play","On matchday squad, but did not play","On matchday squad, but did not play","On matchday squad, but did not play","On matchday squad, but did not play","On matchday squad, but did not play","On matchday squad, but did not play","On matchday squad, but did not play","On matchday squad, but did not play","On matchday squad, but did not play","On matchday squad, but did not play","On matchday squad, but did not play","On matchday squad, but did not play","On matchday squad, but did not play","On matchday squad, but did not play","On matchday squad, but did not play","On matchday squad, but did not play","On matchday squad, but did not play","On matchday squad, but did not play","On matchday squad, but did not play","On matchday squad, but did not play","On matchday squad, but did not play","On matchday squad, but did not play","On matchday squad, but did not play","On matchday squad, but did not play","On matchday squad, but did not play","On matchday squad, but did not play","On matchday squad, but did not play","On matchday squad, but did not play","On matchday squad, but did not play","On matchday squad, but did not play","On matchday squad, but did not play","On matchday squad, but did not play","On matchday squad, but did not play","On matchday squad, but did not play","On matchday squad, but did not play","On matchday squad, but did not play","On matchday squad, but did not play","On matchday squad, but did not play","On matchday squad, but did not play","On matchday squad, but did not play","On matchday squad, but did not play","On matchday squad, but did not play","On matchday squad, but did not play","On matchday squad, but did not play","On matchday squad, but did not play","On matchday squad, but did not play","On matchday squad, but did not play","On matchday squad, but did not play","On matchday squad, but did not play","On matchday squad, but did not play","On matchday squad, but did not play","On matchday squad, but did not play","On matchday squad, but did not play","On matchday squad, but did not play","On matchday squad, but did not play","On matchday squad, but did not play","On matchday squad, but did not play","On matchday squad, but did not play","On matchday squad, but did not play","On matchday squad, but did not play","On matchday squad, but did not play","On matchday squad, but did not play","On matchday squad, but did not play","On matchday squad, but did not play","On matchday squad, but did not play","On matchday squad, but did not play","On matchday squad, but did not play","On matchday squad, but did not play","On matchday squad, but did not play","On matchday squad, but did not play","On matchday squad, but did not play","On matchday squad, but did not play","On matchday squad, but did not play","On matchday squad, but did not play","On matchday squad, but did not play","On matchday squad, but did not play","On matchday squad, but did not play","On matchday squad, but did not play",Leicester City,Luke-Thomas,fc027d02
2025-02-21,Fri,Matchweek 26,Home,L 0–4,Leicester City,Brentford,N,"On matchday squad, but did not play","On matchday squad, but did not play","On matchday squad, but did not play","On matchday squad, but did not play","On matchday squad, but did not play","On matchday squad, but did not play","On matchday squad, but did not play","On matchday squad, but did not play","On matchday squad, but did not play","On matchday squad, but did not play","On matchday squad, but did not play","On matchday squad, but did not play","On matchday squad, but did not play","On matchday squad, but did not play","On matchday squad, but did not play","On matchday squad, but did not play","On matchday squad, but did not play","On matchday squad, but did not play","On matchday squad, but did not play","On matchday squad, but did not play","On matchday squad, but did not play","On matchday squad, but did not play","On matchday squad, but did not play","On matchday squad, but did not play","On matchday squad, but did not play","On matchday squad, but did not play","On matchday squad, but did not play",Match Report,"On matchday squad, but did not play","On matchday squad, but did not play","On matchday squad, but did not play","On matchday squad, but did not play","On matchday squad, but did not play","On matchday squad, but did not play","On matchday squad, but did not play","On matchday squad, but did not play","On matchday squad, but did not play","On matchday squad, but did not play","On matchday squad, but did not play","On matchday squad, but did not play","On matchday squad, but did not play","On matchday squad, but did not play","On matchday squad, but did not play","On matchday squad, but did not play","On matchday squad, but did not play","On matchday squad, but did not play","On matchday squad, but did not play","On matchday squad, but did not play","On matchday squad, but did not play","On matchday squad, but did not play","On matchday squad, but did not play","On matchday squad, but did not play","On matchday squad, but did not play","On matchday squad, but did not play","On matchday squad, but did not play","On matchday squad, but did not play","On matchday squad, but did not play","On matchday squad, but did not play","On matchday squad, but did not play","On matchday squad, but did not play","On matchday squad, but did not play","On matchday squad, but did not play","On matchday squad, but did not play","On matchday squad, but did not play","On matchday squad, but did not play","On matchday squad, but did not play","On matchday squad, but did not play","On matchday squad, but did not play","On matchday squad, but did not play","On matchday squad, but did not play","On matchday squad, but did not play","On matchday squad, but did not play","On matchday squad, but did not play","On matchday squad, but did not play","On matchday squad, but did not play","On matchday squad, but did not play","On matchday squad, but did not play","On matchday squad, but did not play","On matchday squad, but did not play","On matchday squad, but did not play","On matchday squad, but did not play","On matchday squad, but did not play","On matchday squad, but did not play","On matchday squad, but did not play","On matchday squad, but did not play","On matchday squad, but did not play","On matchday squad, but did not play","On matchday squad, but did not play","On matchday squad, but did not play","On matchday squad, but did not play","On matchday squad, but did not play","On matchday squad, but did not play","On matchday squad, but did not play","On matchday squad, but did not play","On matchday squad, but did not play","On matchday squad, but did not play","On matchday squad, but did not play","On matchday squad, but did not play","On matchday squad, but did not play","On matchday squad, but did not play","On matchday squad, but did not play","On matchday squad, but did not play","On matchday squad, but did not play","On matchday squad, but did not play","On matchday squad, but did not play","On matchday squad, but did not play","On matchday squad, but did not play","On matchday squad, but did not play","On matchday squad, but did not play","On matchday squad, but did not play","On matchday squad, but did not play","On matchday squad, but did not play","On matchday squad, but did not play","On matchday squad, but did not play","On matchday squad, but did not play","On matchday squad, but did not play","On matchday squad, but did not play",Leicester City,Luke-Thomas,fc027d02
2025-02-27,Thu,Matchweek 27,Away,L 0–2,Leicester City,West Ham,N,CB,4,0,0,0,0,0,0,0,0,10,1,0,0,0.0,0.0,0.0,0,0,7,9,77.8,1,6,1,0,0,Match Report,7,9,77.8,118,31,3,4,75.0,4,5,80.0,0,0,,0,0.0,0.0,0,1,0,0,1,9,9,0,0,0,0,1,0,0,0,0,0,7,0,0,0,0,0,0,0,0,0,0,0,0,0,0,0,0,10,0,1,7,2,0,10,0,0,,0,,6,48,43,1,0,0,0,0,7,0,1,0,1,0,0,1,1,100.0,0,0,0,0,0,1,0,0,Leicester City,Luke-Thomas,fc027d02
2025-03-09,Sun,Matchweek 28,Away,L 0–1,Leicester City,Chelsea,Y,"CB,LB",90,0,0,0,0,0,0,0,0,59,4,1,2,0.0,0.0,0.0,0,0,32,41,78.0,2,28,0,1,0,Match Report,32,41,78.0,529,132,13,18,72.2,15,15,100.0,3,5,60.0,0,0.0,0.0,0,3,0,0,2,41,38,2,1,0,0,0,1,0,0,0,0,32,1,1,0,0,0,0,0,0,0,0,0,0,0,0,0,0,59,8,28,27,4,0,59,1,0,0.0,1,100.0,28,98,59,0,0,0,1,0,34,1,4,3,3,0,1,4,5,80.0,1,2,2,0,1,5,8,1,Leicester City,Luke-Thomas,fc027d02
2025-03-16,Sun,Matchweek 29,Home,L 0–3,Leicester City,Manchester Utd,Y,CB,90,0,0,0,0,1,0,0,0,78,2,3,1,0.0,0.0,0.0,0,0,51,65,78.5,5,37,0,2,1,Match Report,51,65,78.5,919,365,22,24,91.7,25,30,83.3,4,8,50.0,0,0.0,0.0,0,4,0,0,5,65,58,6,2,0,0,3,2,2,1,0,0,51,1,0,0,0,0,0,0,0,0,0,0,0,0,0,0,0,78,5,23,46,11,0,78,2,1,50.0,1,50.0,37,150,47,0,2,0,1,0,45,0,2,1,1,1,0,1,2,50.0,1,1,0,1,3,5,5,0,Leicester City,Luke-Thomas,fc027d02
2025-04-02,Wed,Matchweek 30,Away,L 0–2,Leicester City,Manchester City,Y,"CB,LB",90,0,0,0,0,0,0,1,0,48,4,0,1,0.0,0.0,0.1,1,0,29,35,82.9,0,19,0,1,0,Match Report,29,35,82.9,484,153,12,12,100.0,13,16,81.3,2,5,40.0,0,0.1,0.1,1,0,1,1,0,35,29,6,2,0,0,1,4,0,0,0,0,29,0,0,1,1,0,0,0,0,0,0,0,0,0,0,0,0,48,7,25,19,4,0,48,1,0,0.0,1,100.0,19,89,19,0,0,0,2,0,26,2,4,3,4,0,0,4,5,80.0,1,1,1,0,0,4,5,0,Leicester City,Luke-Thomas,fc027d02
2025-04-07,Mon,Matchweek 31,Home,L 0–3,Leicester City,Newcastle Utd,Y,"LB,CB",90,0,0,0,0,0,0,0,0,92,2,1,1,0.0,0.0,0.0,2,0,65,84,77.4,4,50,0,1,1,Match Report,65,84,77.4,981,251,40,43,93.0,20,27,74.1,4,9,44.4,0,0.0,0.0,1,3,0,0,4,84,74,10,0,0,0,6,7,3,1,2,0,65,0,4,2,1,1,0,0,0,0,0,0,0,0,0,0,0,92,2,20,55,18,0,92,1,1,100.0,0,0.0,50,222,95,0,0,0,2,0,61,1,2,2,2,0,0,2,4,50.0,2,1,0,1,1,3,3,0,Leicester City,Luke-Thomas,fc027d02
2025-04-12,Sat,Matchweek 32,Away,D 2–2,Leicester City,Brighton,Y,LB,60,0,0,0,0,1,0,0,0,23,1,1,0,0.1,0.1,0.0,1,0,15,19,78.9,1,13,0,0,0,Match Report,15,19,78.9,267,83,7,8,87.5,6,7,85.7,2,4,50.0,0,0.0,0.1,1,2,0,0,1,19,13,6,2,0,0,3,3,1,1,0,0,15,0,0,1,0,1,0,0,0,0,0,0,0,0,0,0,0,23,1,7,11,5,1,23,0,0,,0,,13,55,23,0,0,0,0,1,12,0,1,1,0,1,0,1,1,100.0,0,0,0,0,1,2,1,0,Leicester City,Luke-Thomas,fc027d02
2025-04-20,Sun,Matchweek 33,Home,L 0–1,Leicester City,Liverpool,Y,LB,90,0,0,0,0,0,0,0,0,76,3,3,2,0.0,0.0,0.0,0,0,44,55,80.0,3,32,0,0,0,Match Report,44,55,80.0,667,296,26,28,92.9,16,18,88.9,2,9,22.2,0,0.0,0.0,0,2,0,0,3,55,37,18,3,0,0,2,15,0,0,0,0,44,0,1,0,0,0,0,0,0,0,0,0,0,0,0,0,0,76,8,36,32,8,0,76,0,0,,0,,32,102,30,0,0,0,2,0,31,0,3,3,2,1,0,2,4,50.0,2,2,1,1,3,6,9,0,Leicester City,Luke-Thomas,fc027d02
2025-04-26,Sat,Matchweek 34,Away,L 0–3,Leicester City,Wolves,Y,LB,90,0,0,0,0,0,0,0,0,73,2,4,2,0.0,0.0,0.0,1,0,50,62,80.6,3,37,1,0,0,Match Report,50,62,80.6,944,263,23,25,92.0,21,24,87.5,6,10,60.0,0,0.0,0.0,0,3,0,0,3,62,52,10,1,0,0,1,9,0,0,0,0,50,0,2,1,0,0,0,0,0,1,0,0,0,0,0,0,0,73,1,26,38,10,0,73,0,0,,0,,37,143,51,1,4,0,1,0,43,0,2,2,1,1,0,0,5,0.0,5,2,0,2,4,6,4,0,Leicester City,Luke-Thomas,fc027d02
2025-05-03,Sat,Matchweek 35,Home,W 2–0,Leicester City,Southampton,Y,LB,90,0,0,0,0,2,0,0,0,55,1,3,0,0.2,0.2,0.1,6,1,40,48,83.3,4,31,0,0,0,Match Report,40,48,83.3,605,190,23,24,95.8,14,18,77.8,3,5,60.0,0,0.1,0.0,3,2,1,0,4,48,41,7,1,0,0,3,5,1,0,1,0,40,0,1,6,5,1,0,0,0,0,1,1,0,0,0,0,0,55,1,13,26,16,2,55,0,0,,0,,31,158,51,0,1,1,0,1,38,4,1,0,0,0,1,0,0,,0,0,0,0,3,4,1,0,Leicester City,Luke-Thomas,fc027d02
2025-05-11,Sun,Matchweek 36,Away,D 2–2,Leicester City,Nott'ham Forest,Y,LB,76,0,0,0,0,0,0,1,0,37,2,0,0,0.0,0.0,0.2,2,0,24,33,72.7,3,15,1,0,0,Match Report,24,33,72.7,359,165,15,15,100.0,8,12,66.7,1,4,25.0,0,0.2,0.2,1,1,0,0,3,33,24,9,1,0,0,3,8,0,0,0,0,24,0,0,2,2,0,0,0,0,0,0,0,0,0,0,0,0,37,1,13,15,9,1,37,0,0,,0,,15,44,16,1,0,0,0,0,17,2,2,1,2,0,0,1,3,33.3,2,0,0,0,0,2,2,0,Leicester City,Luke-Thomas,fc027d02
2025-05-18,Sun,Matchweek 37,Home,W 2–0,Leicester City,Ipswich Town,Y,LB,90,0,0,0,0,0,0,0,0,55,3,3,1,0.0,0.0,0.0,1,0,32,41,78.0,2,24,0,0,0,Match Report,32,41,78.0,531,206,11,12,91.7,16,18,88.9,2,5,40.0,0,0.0,0.0,0,2,0,0,2,41,33,8,1,0,0,1,7,0,0,0,0,32,0,2,1,1,0,0,0,0,0,0,0,0,0,0,0,0,55,3,23,27,5,0,55,0,0,,0,,24,76,18,0,0,0,2,1,33,1,3,3,2,1,0,2,4,50.0,2,1,1,0,3,6,2,0,Leicester City,Luke-Thomas,fc027d02
2025-05-25,Sun,Matchweek 38,Away,L 0–2,Leicester City,Bournemouth,Y,LB,71,0,0,0,0,0,0,1,0,39,1,0,1,0.0,0.0,0.0,1,0,19,28,67.9,2,18,1,1,1,Match Report,19,28,67.9,400,160,3,5,60.0,14,18,77.8,2,5,40.0,0,0.0,0.0,1,2,2,1,2,28,20,8,4,0,0,2,4,0,0,0,0,19,0,0,1,1,0,0,0,0,0,0,0,0,0,0,0,0,39,7,21,12,7,0,39,1,1,100.0,0,0.0,18,113,54,1,1,0,0,1,18,0,1,1,0,0,1,0,2,0.0,2,1,0,1,0,1,6,0,Leicester City,Luke-Thomas,fc027d02
2024-08-19,Mon,Matchweek 1,Home,D 1–1,Leicester City,Tottenham,N,"On matchday squad, but did not play","On matchday squad, but did not play","On matchday squad, but did not play","On matchday squad, but did not play","On matchday squad, but did not play","On matchday squad, but did not play","On matchday squad, but did not play","On matchday squad, but did not play","On matchday squad, but did not play","On matchday squad, but did not play","On matchday squad, but did not play","On matchday squad, but did not play","On matchday squad, but did not play","On matchday squad, but did not play","On matchday squad, but did not play","On matchday squad, but did not play","On matchday squad, but did not play","On matchday squad, but did not play","On matchday squad, but did not play","On matchday squad, but did not play","On matchday squad, but did not play","On matchday squad, but did not play","On matchday squad, but did not play","On matchday squad, but did not play","On matchday squad, but did not play","On matchday squad, but did not play","On matchday squad, but did not play",Match Report,"On matchday squad, but did not play","On matchday squad, but did not play","On matchday squad, but did not play","On matchday squad, but did not play","On matchday squad, but did not play","On matchday squad, but did not play","On matchday squad, but did not play","On matchday squad, but did not play","On matchday squad, but did not play","On matchday squad, but did not play","On matchday squad, but did not play","On matchday squad, but did not play","On matchday squad, but did not play","On matchday squad, but did not play","On matchday squad, but did not play","On matchday squad, but did not play","On matchday squad, but did not play","On matchday squad, but did not play","On matchday squad, but did not play","On matchday squad, but did not play","On matchday squad, but did not play","On matchday squad, but did not play","On matchday squad, but did not play","On matchday squad, but did not play","On matchday squad, but did not play","On matchday squad, but did not play","On matchday squad, but did not play","On matchday squad, but did not play","On matchday squad, but did not play","On matchday squad, but did not play","On matchday squad, but did not play","On matchday squad, but did not play","On matchday squad, but did not play","On matchday squad, but did not play","On matchday squad, but did not play","On matchday squad, but did not play","On matchday squad, but did not play","On matchday squad, but did not play","On matchday squad, but did not play","On matchday squad, but did not play","On matchday squad, but did not play","On matchday squad, but did not play","On matchday squad, but did not play","On matchday squad, but did not play","On matchday squad, but did not play","On matchday squad, but did not play","On matchday squad, but did not play","On matchday squad, but did not play","On matchday squad, but did not play","On matchday squad, but did not play","On matchday squad, but did not play","On matchday squad, but did not play","On matchday squad, but did not play","On matchday squad, but did not play","On matchday squad, but did not play","On matchday squad, but did not play","On matchday squad, but did not play","On matchday squad, but did not play","On matchday squad, but did not play","On matchday squad, but did not play","On matchday squad, but did not play","On matchday squad, but did not play","On matchday squad, but did not play","On matchday squad, but did not play","On matchday squad, but did not play","On matchday squad, but did not play","On matchday squad, but did not play","On matchday squad, but did not play","On matchday squad, but did not play","On matchday squad, but did not play","On matchday squad, but did not play","On matchday squad, but did not play","On matchday squad, but did not play","On matchday squad, but did not play","On matchday squad, but did not play","On matchday squad, but did not play","On matchday squad, but did not play","On matchday squad, but did not play","On matchday squad, but did not play","On matchday squad, but did not play","On matchday squad, but did not play","On matchday squad, but did not play","On matchday squad, but did not play","On matchday squad, but did not play","On matchday squad, but did not play","On matchday squad, but did not play","On matchday squad, but did not play","On matchday squad, but did not play","On matchday squad, but did not play",Leicester City,Caleb-Okoli,8ec109e6
2024-08-24,Sat,Matchweek 2,Away,L 1–2,Leicester City,Fulham,N,"On matchday squad, but did not play","On matchday squad, but did not play","On matchday squad, but did not play","On matchday squad, but did not play","On matchday squad, but did not play","On matchday squad, but did not play","On matchday squad, but did not play","On matchday squad, but did not play","On matchday squad, but did not play","On matchday squad, but did not play","On matchday squad, but did not play","On matchday squad, but did not play","On matchday squad, but did not play","On matchday squad, but did not play","On matchday squad, but did not play","On matchday squad, but did not play","On matchday squad, but did not play","On matchday squad, but did not play","On matchday squad, but did not play","On matchday squad, but did not play","On matchday squad, but did not play","On matchday squad, but did not play","On matchday squad, but did not play","On matchday squad, but did not play","On matchday squad, but did not play","On matchday squad, but did not play","On matchday squad, but did not play",Match Report,"On matchday squad, but did not play","On matchday squad, but did not play","On matchday squad, but did not play","On matchday squad, but did not play","On matchday squad, but did not play","On matchday squad, but did not play","On matchday squad, but did not play","On matchday squad, but did not play","On matchday squad, but did not play","On matchday squad, but did not play","On matchday squad, but did not play","On matchday squad, but did not play","On matchday squad, but did not play","On matchday squad, but did not play","On matchday squad, but did not play","On matchday squad, but did not play","On matchday squad, but did not play","On matchday squad, but did not play","On matchday squad, but did not play","On matchday squad, but did not play","On matchday squad, but did not play","On matchday squad, but did not play","On matchday squad, but did not play","On matchday squad, but did not play","On matchday squad, but did not play","On matchday squad, but did not play","On matchday squad, but did not play","On matchday squad, but did not play","On matchday squad, but did not play","On matchday squad, but did not play","On matchday squad, but did not play","On matchday squad, but did not play","On matchday squad, but did not play","On matchday squad, but did not play","On matchday squad, but did not play","On matchday squad, but did not play","On matchday squad, but did not play","On matchday squad, but did not play","On matchday squad, but did not play","On matchday squad, but did not play","On matchday squad, but did not play","On matchday squad, but did not play","On matchday squad, but did not play","On matchday squad, but did not play","On matchday squad, but did not play","On matchday squad, but did not play","On matchday squad, but did not play","On matchday squad, but did not play","On matchday squad, but did not play","On matchday squad, but did not play","On matchday squad, but did not play","On matchday squad, but did not play","On matchday squad, but did not play","On matchday squad, but did not play","On matchday squad, but did not play","On matchday squad, but did not play","On matchday squad, but did not play","On matchday squad, but did not play","On matchday squad, but did not play","On matchday squad, but did not play","On matchday squad, but did not play","On matchday squad, but did not play","On matchday squad, but did not play","On matchday squad, but did not play","On matchday squad, but did not play","On matchday squad, but did not play","On matchday squad, but did not play","On matchday squad, but did not play","On matchday squad, but did not play","On matchday squad, but did not play","On matchday squad, but did not play","On matchday squad, but did not play","On matchday squad, but did not play","On matchday squad, but did not play","On matchday squad, but did not play","On matchday squad, but did not play","On matchday squad, but did not play","On matchday squad, but did not play","On matchday squad, but did not play","On matchday squad, but did not play","On matchday squad, but did not play","On matchday squad, but did not play","On matchday squad, but did not play","On matchday squad, but did not play","On matchday squad, but did not play","On matchday squad, but did not play","On matchday squad, but did not play","On matchday squad, but did not play","On matchday squad, but did not play",Leicester City,Caleb-Okoli,8ec109e6
2024-08-31,Sat,Matchweek 3,Home,L 1–2,Leicester City,Aston Villa,Y,CB,89,0,0,0,0,1,0,1,0,81,3,1,2,0.0,0.0,0.0,0,0,62,68,91.2,2,53,1,0,0,Match Report,62,68,91.2,979,325,31,32,96.9,22,24,91.7,7,10,70.0,0,0.0,0.0,0,4,0,0,2,68,63,5,3,0,0,0,0,0,0,0,0,62,0,0,0,0,0,0,0,0,0,0,0,0,0,0,0,0,81,11,31,47,3,1,81,0,0,,0,,53,237,127,1,0,0,1,0,53,0,3,1,0,3,0,1,3,33.3,2,2,1,1,1,4,5,0,Leicester City,Caleb-Okoli,8ec109e6
2024-09-14,Sat,Matchweek 4,Away,D 2–2,Leicester City,Crystal Palace,Y,CB,90,0,0,0,0,1,1,0,0,45,3,1,5,0.0,0.0,0.0,0,0,26,31,83.9,2,23,0,0,0,Match Report,26,31,83.9,445,166,11,14,78.6,13,13,100.0,2,4,50.0,0,0.0,0.0,0,0,0,0,2,31,30,1,1,0,0,0,0,0,0,0,0,26,0,0,0,0,0,0,0,0,0,0,0,0,0,0,0,0,45,8,25,19,1,1,45,0,0,,0,,23,91,43,0,0,0,0,0,22,0,3,1,3,0,0,1,1,100.0,0,5,2,3,1,4,5,0,Leicester City,Caleb-Okoli,8ec109e6
2024-09-21,Sat,Matchweek 5,Home,D 1–1,Leicester City,Everton,Y,CB,90,0,0,0,0,1,0,0,0,58,2,0,3,0.1,0.1,0.0,1,0,46,48,95.8,0,38,0,0,0,Match Report,46,48,95.8,747,350,24,25,96.0,17,17,100.0,4,5,80.0,0,0.0,0.0,0,0,0,0,0,48,44,4,2,0,0,0,0,0,0,0,0,46,0,0,1,1,0,0,0,0,0,0,0,0,0,0,0,0,58,14,40,17,1,1,58,0,0,,0,,38,164,85,0,0,0,1,0,37,0,2,2,2,0,0,2,2,100.0,0,3,2,1,0,2,3,0,Leicester City,Caleb-Okoli,8ec109e6
2024-09-28,Sat,Matchweek 6,Away,L 2–4,Leicester City,Arsenal,Y,CB,89,0,0,0,0,0,0,0,0,43,1,1,2,0.0,0.0,0.0,0,0,17,26,65.4,0,17,0,0,0,Match Report,17,26,65.4,387,181,4,5,80.0,12,16,75.0,1,4,25.0,0,0.0,0.0,0,0,0,0,0,26,23,3,3,0,0,0,0,0,0,0,0,17,0,1,0,0,0,0,0,0,0,0,0,0,0,0,0,0,43,21,37,5,1,1,43,0,0,,0,,17,100,35,0,0,0,0,0,20,0,1,0,0,1,0,0,0,,0,2,2,0,1,2,13,1,Leicester City,Caleb-Okoli,8ec109e6
2024-10-05,Sat,Matchweek 7,Home,W 1–0,Leicester City,Bournemouth,Y,CB,90,0,0,0,0,0,0,0,0,72,2,1,1,0.0,0.0,0.0,0,0,49,56,87.5,2,35,0,0,0,Match Report,49,56,87.5,853,458,25,25,100.0,19,23,82.6,4,6,66.7,0,0.0,0.0,0,1,0,0,2,56,51,5,1,0,0,0,0,0,0,0,0,49,0,1,0,0,0,0,0,0,0,0,0,0,0,0,0,0,72,17,54,18,0,0,72,0,0,,0,,35,178,61,0,0,0,1,0,40,0,2,1,0,2,0,1,1,100.0,0,1,1,0,1,3,11,0,Leicester City,Caleb-Okoli,8ec109e6
2024-10-19,Sat,Matchweek 8,Away,W 3–2,Leicester City,Southampton,Y,CB,90,0,0,0,0,0,0,0,0,80,3,1,0,0.0,0.0,0.0,1,0,62,69,89.9,7,45,1,0,0,Match Report,62,69,89.9,1258,516,18,22,81.8,37,38,97.4,7,9,77.8,0,0.0,0.0,0,4,0,0,7,69,65,4,1,0,1,0,0,0,0,0,0,62,0,0,1,1,0,0,0,0,0,0,0,0,0,0,0,0,80,14,39,37,4,2,80,0,0,,0,,45,233,137,1,0,0,1,0,52,0,3,1,0,3,0,3,3,100.0,0,0,0,0,1,4,6,0,Leicester City,Caleb-Okoli,8ec109e6
2024-10-25,Fri,Matchweek 9,Home,L 1–3,Leicester City,Nott'ham Forest,Y,CB,90,0,0,0,0,0,0,0,0,86,3,2,2,0.0,0.0,0.0,0,0,70,74,94.6,7,60,1,0,0,Match Report,70,74,94.6,1157,467,33,34,97.1,35,36,97.2,1,3,33.3,0,0.0,0.0,0,4,0,0,7,74,71,3,1,0,1,1,0,0,0,0,0,70,0,0,0,0,0,0,0,0,0,0,0,0,0,0,0,0,86,10,29,55,4,1,86,0,0,,0,,60,338,158,1,1,0,2,0,57,1,3,3,1,1,1,0,0,,0,2,2,0,2,5,5,0,Leicester City,Caleb-Okoli,8ec109e6
2024-11-02,Sat,Matchweek 10,Away,D 1–1,Leicester City,Ipswich Town,N,"On matchday squad, but did not play","On matchday squad, but did not play","On matchday squad, but did not play","On matchday squad, but did not play","On matchday squad, but did not play","On matchday squad, but did not play","On matchday squad, but did not play","On matchday squad, but did not play","On matchday squad, but did not play","On matchday squad, but did not play","On matchday squad, but did not play","On matchday squad, but did not play","On matchday squad, but did not play","On matchday squad, but did not play","On matchday squad, but did not play","On matchday squad, but did not play","On matchday squad, but did not play","On matchday squad, but did not play","On matchday squad, but did not play","On matchday squad, but did not play","On matchday squad, but did not play","On matchday squad, but did not play","On matchday squad, but did not play","On matchday squad, but did not play","On matchday squad, but did not play","On matchday squad, but did not play","On matchday squad, but did not play",Match Report,"On matchday squad, but did not play","On matchday squad, but did not play","On matchday squad, but did not play","On matchday squad, but did not play","On matchday squad, but did not play","On matchday squad, but did not play","On matchday squad, but did not play","On matchday squad, but did not play","On matchday squad, but did not play","On matchday squad, but did not play","On matchday squad, but did not play","On matchday squad, but did not play","On matchday squad, but did not play","On matchday squad, but did not play","On matchday squad, but did not play","On matchday squad, but did not play","On matchday squad, but did not play","On matchday squad, but did not play","On matchday squad, but did not play","On matchday squad, but did not play","On matchday squad, but did not play","On matchday squad, but did not play","On matchday squad, but did not play","On matchday squad, but did not play","On matchday squad, but did not play","On matchday squad, but did not play","On matchday squad, but did not play","On matchday squad, but did not play","On matchday squad, but did not play","On matchday squad, but did not play","On matchday squad, but did not play","On matchday squad, but did not play","On matchday squad, but did not play","On matchday squad, but did not play","On matchday squad, but did not play","On matchday squad, but did not play","On matchday squad, but did not play","On matchday squad, but did not play","On matchday squad, but did not play","On matchday squad, but did not play","On matchday squad, but did not play","On matchday squad, but did not play","On matchday squad, but did not play","On matchday squad, but did not play","On matchday squad, but did not play","On matchday squad, but did not play","On matchday squad, but did not play","On matchday squad, but did not play","On matchday squad, but did not play","On matchday squad, but did not play","On matchday squad, but did not play","On matchday squad, but did not play","On matchday squad, but did not play","On matchday squad, but did not play","On matchday squad, but did not play","On matchday squad, but did not play","On matchday squad, but did not play","On matchday squad, but did not play","On matchday squad, but did not play","On matchday squad, but did not play","On matchday squad, but did not play","On matchday squad, but did not play","On matchday squad, but did not play","On matchday squad, but did not play","On matchday squad, but did not play","On matchday squad, but did not play","On matchday squad, but did not play","On matchday squad, but did not play","On matchday squad, but did not play","On matchday squad, but did not play","On matchday squad, but did not play","On matchday squad, but did not play","On matchday squad, but did not play","On matchday squad, but did not play","On matchday squad, but did not play","On matchday squad, but did not play","On matchday squad, but did not play","On matchday squad, but did not play","On matchday squad, but did not play","On matchday squad, but did not play","On matchday squad, but did not play","On matchday squad, but did not play","On matchday squad, but did not play","On matchday squad, but did not play","On matchday squad, but did not play","On matchday squad, but did not play","On matchday squad, but did not play","On matchday squad, but did not play","On matchday squad, but did not play",Leicester City,Caleb-Okoli,8ec109e6
2024-11-10,Sun,Matchweek 11,Away,L 0–3,Leicester City,Manchester Utd,N,"On matchday squad, but did not play","On matchday squad, but did not play","On matchday squad, but did not play","On matchday squad, but did not play","On matchday squad, but did not play","On matchday squad, but did not play","On matchday squad, but did not play","On matchday squad, but did not play","On matchday squad, but did not play","On matchday squad, but did not play","On matchday squad, but did not play","On matchday squad, but did not play","On matchday squad, but did not play","On matchday squad, but did not play","On matchday squad, but did not play","On matchday squad, but did not play","On matchday squad, but did not play","On matchday squad, but did not play","On matchday squad, but did not play","On matchday squad, but did not play","On matchday squad, but did not play","On matchday squad, but did not play","On matchday squad, but did not play","On matchday squad, but did not play","On matchday squad, but did not play","On matchday squad, but did not play","On matchday squad, but did not play",Match Report,"On matchday squad, but did not play","On matchday squad, but did not play","On matchday squad, but did not play","On matchday squad, but did not play","On matchday squad, but did not play","On matchday squad, but did not play","On matchday squad, but did not play","On matchday squad, but did not play","On matchday squad, but did not play","On matchday squad, but did not play","On matchday squad, but did not play","On matchday squad, but did not play","On matchday squad, but did not play","On matchday squad, but did not play","On matchday squad, but did not play","On matchday squad, but did not play","On matchday squad, but did not play","On matchday squad, but did not play","On matchday squad, but did not play","On matchday squad, but did not play","On matchday squad, but did not play","On matchday squad, but did not play","On matchday squad, but did not play","On matchday squad, but did not play","On matchday squad, but did not play","On matchday squad, but did not play","On matchday squad, but did not play","On matchday squad, but did not play","On matchday squad, but did not play","On matchday squad, but did not play","On matchday squad, but did not play","On matchday squad, but did not play","On matchday squad, but did not play","On matchday squad, but did not play","On matchday squad, but did not play","On matchday squad, but did not play","On matchday squad, but did not play","On matchday squad, but did not play","On matchday squad, but did not play","On matchday squad, but did not play","On matchday squad, but did not play","On matchday squad, but did not play","On matchday squad, but did not play","On matchday squad, but did not play","On matchday squad, but did not play","On matchday squad, but did not play","On matchday squad, but did not play","On matchday squad, but did not play","On matchday squad, but did not play","On matchday squad, but did not play","On matchday squad, but did not play","On matchday squad, but did not play","On matchday squad, but did not play","On matchday squad, but did not play","On matchday squad, but did not play","On matchday squad, but did not play","On matchday squad, but did not play","On matchday squad, but did not play","On matchday squad, but did not play","On matchday squad, but did not play","On matchday squad, but did not play","On matchday squad, but did not play","On matchday squad, but did not play","On matchday squad, but did not play","On matchday squad, but did not play","On matchday squad, but did not play","On matchday squad, but did not play","On matchday squad, but did not play","On matchday squad, but did not play","On matchday squad, but did not play","On matchday squad, but did not play","On matchday squad, but did not play","On matchday squad, but did not play","On matchday squad, but did not play","On matchday squad, but did not play","On matchday squad, but did not play","On matchday squad, but did not play","On matchday squad, but did not play","On matchday squad, but did not play","On matchday squad, but did not play","On matchday squad, but did not play","On matchday squad, but did not play","On matchday squad, but did not play","On matchday squad, but did not play","On matchday squad, but did not play","On matchday squad, but did not play","On matchday squad, but did not play","On matchday squad, but did not play","On matchday squad, but did not play",Leicester City,Caleb-Okoli,8ec109e6
2024-11-23,Sat,Matchweek 12,Home,L 1–2,Leicester City,Chelsea,Y,CB,90,0,0,0,0,0,0,0,0,66,1,1,3,0.0,0.0,0.0,0,0,40,55,72.7,1,35,0,0,0,Match Report,40,55,72.7,640,277,20,23,87.0,16,18,88.9,3,10,30.0,0,0.0,0.0,0,1,0,0,1,55,47,8,1,0,0,0,0,0,0,0,0,40,0,2,0,0,0,0,0,0,0,0,0,0,0,0,0,0,66,13,41,24,2,0,66,0,0,,0,,35,172,72,0,0,0,1,0,34,0,1,1,0,1,0,1,2,50.0,1,3,1,2,1,2,3,0,Leicester City,Caleb-Okoli,8ec109e6
2024-11-30,Sat,Matchweek 13,Away,L 1–4,Leicester City,Brentford,Y,CB,34,0,0,0,0,0,0,0,0,16,0,1,0,0.0,0.0,0.0,0,0,7,12,58.3,0,10,0,0,0,Match Report,7,12,58.3,167,31,3,4,75.0,3,6,50.0,1,1,100.0,0,0.0,0.0,0,0,0,0,0,12,12,0,0,0,1,0,0,0,0,0,0,7,0,1,0,0,0,0,0,0,0,0,0,0,0,0,0,0,16,3,12,4,0,0,16,0,0,,0,,10,51,20,0,0,0,0,0,9,0,0,0,0,0,0,0,0,,0,0,0,0,1,1,2,0,Leicester City,Caleb-Okoli,8ec109e6
2024-12-03,Tue,Matchweek 14,Home,W 3–1,Leicester City,West Ham,N,"On matchday squad, but did not play","On matchday squad, but did not play","On matchday squad, but did not play","On matchday squad, but did not play","On matchday squad, but did not play","On matchday squad, but did not play","On matchday squad, but did not play","On matchday squad, but did not play","On matchday squad, but did not play","On matchday squad, but did not play","On matchday squad, but did not play","On matchday squad, but did not play","On matchday squad, but did not play","On matchday squad, but did not play","On matchday squad, but did not play","On matchday squad, but did not play","On matchday squad, but did not play","On matchday squad, but did not play","On matchday squad, but did not play","On matchday squad, but did not play","On matchday squad, but did not play","On matchday squad, but did not play","On matchday squad, but did not play","On matchday squad, but did not play","On matchday squad, but did not play","On matchday squad, but did not play","On matchday squad, but did not play",Match Report,"On matchday squad, but did not play","On matchday squad, but did not play","On matchday squad, but did not play","On matchday squad, but did not play","On matchday squad, but did not play","On matchday squad, but did not play","On matchday squad, but did not play","On matchday squad, but did not play","On matchday squad, but did not play","On matchday squad, but did not play","On matchday squad, but did not play","On matchday squad, but did not play","On matchday squad, but did not play","On matchday squad, but did not play","On matchday squad, but did not play","On matchday squad, but did not play","On matchday squad, but did not play","On matchday squad, but did not play","On matchday squad, but did not play","On matchday squad, but did not play","On matchday squad, but did not play","On matchday squad, but did not play","On matchday squad, but did not play","On matchday squad, but did not play","On matchday squad, but did not play","On matchday squad, but did not play","On matchday squad, but did not play","On matchday squad, but did not play","On matchday squad, but did not play","On matchday squad, but did not play","On matchday squad, but did not play","On matchday squad, but did not play","On matchday squad, but did not play","On matchday squad, but did not play","On matchday squad, but did not play","On matchday squad, but did not play","On matchday squad, but did not play","On matchday squad, but did not play","On matchday squad, but did not play","On matchday squad, but did not play","On matchday squad, but did not play","On matchday squad, but did not play","On matchday squad, but did not play","On matchday squad, but did not play","On matchday squad, but did not play","On matchday squad, but did not play","On matchday squad, but did not play","On matchday squad, but did not play","On matchday squad, but did not play","On matchday squad, but did not play","On matchday squad, but did not play","On matchday squad, but did not play","On matchday squad, but did not play","On matchday squad, but did not play","On matchday squad, but did not play","On matchday squad, but did not play","On matchday squad, but did not play","On matchday squad, but did not play","On matchday squad, but did not play","On matchday squad, but did not play","On matchday squad, but did not play","On matchday squad, but did not play","On matchday squad, but did not play","On matchday squad, but did not play","On matchday squad, but did not play","On matchday squad, but did not play","On matchday squad, but did not play","On matchday squad, but did not play","On matchday squad, but did not play","On matchday squad, but did not play","On matchday squad, but did not play","On matchday squad, but did not play","On matchday squad, but did not play","On matchday squad, but did not play","On matchday squad, but did not play","On matchday squad, but did not play","On matchday squad, but did not play","On matchday squad, but did not play","On matchday squad, but did not play","On matchday squad, but did not play","On matchday squad, but did not play","On matchday squad, but did not play","On matchday squad, but did not play","On matchday squad, but did not play","On matchday squad, but did not play","On matchday squad, but did not play","On matchday squad, but did not play","On matchday squad, but did not play","On matchday squad, but did not play",Leicester City,Caleb-Okoli,8ec109e6
2024-12-08,Sun,Matchweek 15,Home,D 2–2,Leicester City,Brighton,N,"On matchday squad, but did not play","On matchday squad, but did not play","On matchday squad, but did not play","On matchday squad, but did not play","On matchday squad, but did not play","On matchday squad, but did not play","On matchday squad, but did not play","On matchday squad, but did not play","On matchday squad, but did not play","On matchday squad, but did not play","On matchday squad, but did not play","On matchday squad, but did not play","On matchday squad, but did not play","On matchday squad, but did not play","On matchday squad, but did not play","On matchday squad, but did not play","On matchday squad, but did not play","On matchday squad, but did not play","On matchday squad, but did not play","On matchday squad, but did not play","On matchday squad, but did not play","On matchday squad, but did not play","On matchday squad, but did not play","On matchday squad, but did not play","On matchday squad, but did not play","On matchday squad, but did not play","On matchday squad, but did not play",Match Report,"On matchday squad, but did not play","On matchday squad, but did not play","On matchday squad, but did not play","On matchday squad, but did not play","On matchday squad, but did not play","On matchday squad, but did not play","On matchday squad, but did not play","On matchday squad, but did not play","On matchday squad, but did not play","On matchday squad, but did not play","On matchday squad, but did not play","On matchday squad, but did not play","On matchday squad, but did not play","On matchday squad, but did not play","On matchday squad, but did not play","On matchday squad, but did not play","On matchday squad, but did not play","On matchday squad, but did not play","On matchday squad, but did not play","On matchday squad, but did not play","On matchday squad, but did not play","On matchday squad, but did not play","On matchday squad, but did not play","On matchday squad, but did not play","On matchday squad, but did not play","On matchday squad, but did not play","On matchday squad, but did not play","On matchday squad, but did not play","On matchday squad, but did not play","On matchday squad, but did not play","On matchday squad, but did not play","On matchday squad, but did not play","On matchday squad, but did not play","On matchday squad, but did not play","On matchday squad, but did not play","On matchday squad, but did not play","On matchday squad, but did not play","On matchday squad, but did not play","On matchday squad, but did not play","On matchday squad, but did not play","On matchday squad, but did not play","On matchday squad, but did not play","On matchday squad, but did not play","On matchday squad, but did not play","On matchday squad, but did not play","On matchday squad, but did not play","On matchday squad, but did not play","On matchday squad, but did not play","On matchday squad, but did not play","On matchday squad, but did not play","On matchday squad, but did not play","On matchday squad, but did not play","On matchday squad, but did not play","On matchday squad, but did not play","On matchday squad, but did not play","On matchday squad, but did not play","On matchday squad, but did not play","On matchday squad, but did not play","On matchday squad, but did not play","On matchday squad, but did not play","On matchday squad, but did not play","On matchday squad, but did not play","On matchday squad, but did not play","On matchday squad, but did not play","On matchday squad, but did not play","On matchday squad, but did not play","On matchday squad, but did not play","On matchday squad, but did not play","On matchday squad, but did not play","On matchday squad, but did not play","On matchday squad, but did not play","On matchday squad, but did not play","On matchday squad, but did not play","On matchday squad, but did not play","On matchday squad, but did not play","On matchday squad, but did not play","On matchday squad, but did not play","On matchday squad, but did not play","On matchday squad, but did not play","On matchday squad, but did not play","On matchday squad, but did not play","On matchday squad, but did not play","On matchday squad, but did not play","On matchday squad, but did not play","On matchday squad, but did not play","On matchday squad, but did not play","On matchday squad, but did not play","On matchday squad, but did not play","On matchday squad, but did not play",Leicester City,Caleb-Okoli,8ec109e6
2024-12-14,Sat,Matchweek 16,Away,L 0–4,Leicester City,Newcastle Utd,N,CB,32,0,0,0,0,0,0,1,0,22,0,1,0,0.0,0.0,0.0,0,0,15,18,83.3,0,14,0,0,0,Match Report,15,18,83.3,223,77,9,9,100.0,6,8,75.0,0,1,0.0,0,0.0,0.0,0,0,0,0,0,18,16,2,2,0,0,0,0,0,0,0,0,15,0,0,0,0,0,0,0,0,0,0,0,0,0,0,0,0,22,4,15,7,0,0,22,0,0,,0,,14,46,7,0,0,0,0,0,15,0,0,0,0,0,0,0,0,,0,0,0,0,1,1,3,0,Leicester City,Caleb-Okoli,8ec109e6
2024-12-22,Sun,Matchweek 17,Home,L 0–3,Leicester City,Wolves,N,"On matchday squad, but did not play","On matchday squad, but did not play","On matchday squad, but did not play","On matchday squad, but did not play","On matchday squad, but did not play","On matchday squad, but did not play","On matchday squad, but did not play","On matchday squad, but did not play","On matchday squad, but did not play","On matchday squad, but did not play","On matchday squad, but did not play","On matchday squad, but did not play","On matchday squad, but did not play","On matchday squad, but did not play","On matchday squad, but did not play","On matchday squad, but did not play","On matchday squad, but did not play","On matchday squad, but did not play","On matchday squad, but did not play","On matchday squad, but did not play","On matchday squad, but did not play","On matchday squad, but did not play","On matchday squad, but did not play","On matchday squad, but did not play","On matchday squad, but did not play","On matchday squad, but did not play","On matchday squad, but did not play",Match Report,"On matchday squad, but did not play","On matchday squad, but did not play","On matchday squad, but did not play","On matchday squad, but did not play","On matchday squad, but did not play","On matchday squad, but did not play","On matchday squad, but did not play","On matchday squad, but did not play","On matchday squad, but did not play","On matchday squad, but did not play","On matchday squad, but did not play","On matchday squad, but did not play","On matchday squad, but did not play","On matchday squad, but did not play","On matchday squad, but did not play","On matchday squad, but did not play","On matchday squad, but did not play","On matchday squad, but did not play","On matchday squad, but did not play","On matchday squad, but did not play","On matchday squad, but did not play","On matchday squad, but did not play","On matchday squad, but did not play","On matchday squad, but did not play","On matchday squad, but did not play","On matchday squad, but did not play","On matchday squad, but did not play","On matchday squad, but did not play","On matchday squad, but did not play","On matchday squad, but did not play","On matchday squad, but did not play","On matchday squad, but did not play","On matchday squad, but did not play","On matchday squad, but did not play","On matchday squad, but did not play","On matchday squad, but did not play","On matchday squad, but did not play","On matchday squad, but did not play","On matchday squad, but did not play","On matchday squad, but did not play","On matchday squad, but did not play","On matchday squad, but did not play","On matchday squad, but did not play","On matchday squad, but did not play","On matchday squad, but did not play","On matchday squad, but did not play","On matchday squad, but did not play","On matchday squad, but did not play","On matchday squad, but did not play","On matchday squad, but did not play","On matchday squad, but did not play","On matchday squad, but did not play","On matchday squad, but did not play","On matchday squad, but did not play","On matchday squad, but did not play","On matchday squad, but did not play","On matchday squad, but did not play","On matchday squad, but did not play","On matchday squad, but did not play","On matchday squad, but did not play","On matchday squad, but did not play","On matchday squad, but did not play","On matchday squad, but did not play","On matchday squad, but did not play","On matchday squad, but did not play","On matchday squad, but did not play","On matchday squad, but did not play","On matchday squad, but did not play","On matchday squad, but did not play","On matchday squad, but did not play","On matchday squad, but did not play","On matchday squad, but did not play","On matchday squad, but did not play","On matchday squad, but did not play","On matchday squad, but did not play","On matchday squad, but did not play","On matchday squad, but did not play","On matchday squad, but did not play","On matchday squad, but did not play","On matchday squad, but did not play","On matchday squad, but did not play","On matchday squad, but did not play","On matchday squad, but did not play","On matchday squad, but did not play","On matchday squad, but did not play","On matchday squad, but did not play","On matchday squad, but did not play","On matchday squad, but did not play","On matchday squad, but did not play",Leicester City,Caleb-Okoli,8ec109e6
2024-12-26,Thu,Matchweek 18,Away,L 1–3,Leicester City,Liverpool,N,CB,1,0,0,0,0,0,0,0,0,0,0,0,0,0.0,0.0,0.0,0,0,0,0,,0,0,0,0,0,Match Report,0,0,,0,0,0,0,,0,0,,0,0,,0,0.0,0.0,0,0,0,0,0,0,0,0,0,0,0,0,0,0,0,0,0,0,0,0,0,0,0,0,0,0,0,0,0,0,0,0,0,0,0,0,0,0,0,0,0,0,0,,0,,0,0,0,0,0,0,0,0,0,0,0,0,0,0,0,0,0,,0,0,0,0,0,0,0,0,Leicester City,Caleb-Okoli,8ec109e6
2024-12-29,Sun,Matchweek 19,Home,L 0–2,Leicester City,Manchester City,N,CB,6,0,0,0,0,0,0,0,0,6,1,1,0,0.0,0.0,0.0,0,0,3,3,100.0,2,2,0,0,0,Match Report,3,3,100.0,40,19,2,2,100.0,1,1,100.0,0,0,,0,0.0,0.0,0,0,0,0,2,3,3,0,0,0,0,0,0,0,0,0,0,3,0,0,0,0,0,0,0,0,0,0,0,0,0,0,0,0,6,0,1,3,2,0,6,0,0,,0,,2,9,0,0,0,0,0,0,2,0,1,1,0,0,1,0,0,,0,0,0,0,1,2,1,0,Leicester City,Caleb-Okoli,8ec109e6
2025-01-04,Sat,Matchweek 20,Away,L 1–2,Leicester City,Aston Villa,N,CB,9,0,0,0,0,0,0,0,0,12,2,0,1,0.0,0.0,0.0,0,0,7,9,77.8,1,3,0,0,0,Match Report,7,9,77.8,100,50,4,6,66.7,3,3,100.0,0,0,,0,0.0,0.1,0,0,0,0,1,9,8,1,1,1,0,0,0,0,0,0,0,7,0,0,0,0,0,0,0,0,0,0,0,0,0,0,0,0,12,2,3,6,3,0,12,0,0,,0,,3,12,5,0,0,0,0,0,5,1,2,1,1,1,0,1,1,100.0,0,1,1,0,0,2,1,0,Leicester City,Caleb-Okoli,8ec109e6
2025-01-18,Sat,Matchweek 22,Home,L 0–2,Leicester City,Fulham,N,"On matchday squad, but did not play","On matchday squad, but did not play","On matchday squad, but did not play","On matchday squad, but did not play","On matchday squad, but did not play","On matchday squad, but did not play","On matchday squad, but did not play","On matchday squad, but did not play","On matchday squad, but did not play","On matchday squad, but did not play","On matchday squad, but did not play","On matchday squad, but did not play","On matchday squad, but did not play","On matchday squad, but did not play","On matchday squad, but did not play","On matchday squad, but did not play","On matchday squad, but did not play","On matchday squad, but did not play","On matchday squad, but did not play","On matchday squad, but did not play","On matchday squad, but did not play","On matchday squad, but did not play","On matchday squad, but did not play","On matchday squad, but did not play","On matchday squad, but did not play","On matchday squad, but did not play","On matchday squad, but did not play",Match Report,"On matchday squad, but did not play","On matchday squad, but did not play","On matchday squad, but did not play","On matchday squad, but did not play","On matchday squad, but did not play","On matchday squad, but did not play","On matchday squad, but did not play","On matchday squad, but did not play","On matchday squad, but did not play","On matchday squad, but did not play","On matchday squad, but did not play","On matchday squad, but did not play","On matchday squad, but did not play","On matchday squad, but did not play","On matchday squad, but did not play","On matchday squad, but did not play","On matchday squad, but did not play","On matchday squad, but did not play","On matchday squad, but did not play","On matchday squad, but did not play","On matchday squad, but did not play","On matchday squad, but did not play","On matchday squad, but did not play","On matchday squad, but did not play","On matchday squad, but did not play","On matchday squad, but did not play","On matchday squad, but did not play","On matchday squad, but did not play","On matchday squad, but did not play","On matchday squad, but did not play","On matchday squad, but did not play","On matchday squad, but did not play","On matchday squad, but did not play","On matchday squad, but did not play","On matchday squad, but did not play","On matchday squad, but did not play","On matchday squad, but did not play","On matchday squad, but did not play","On matchday squad, but did not play","On matchday squad, but did not play","On matchday squad, but did not play","On matchday squad, but did not play","On matchday squad, but did not play","On matchday squad, but did not play","On matchday squad, but did not play","On matchday squad, but did not play","On matchday squad, but did not play","On matchday squad, but did not play","On matchday squad, but did not play","On matchday squad, but did not play","On matchday squad, but did not play","On matchday squad, but did not play","On matchday squad, but did not play","On matchday squad, but did not play","On matchday squad, but did not play","On matchday squad, but did not play","On matchday squad, but did not play","On matchday squad, but did not play","On matchday squad, but did not play","On matchday squad, but did not play","On matchday squad, but did not play","On matchday squad, but did not play","On matchday squad, but did not play","On matchday squad, but did not play","On matchday squad, but did not play","On matchday squad, but did not play","On matchday squad, but did not play","On matchday squad, but did not play","On matchday squad, but did not play","On matchday squad, but did not play","On matchday squad, but did not play","On matchday squad, but did not play","On matchday squad, but did not play","On matchday squad, but did not play","On matchday squad, but did not play","On matchday squad, but did not play","On matchday squad, but did not play","On matchday squad, but did not play","On matchday squad, but did not play","On matchday squad, but did not play","On matchday squad, but did not play","On matchday squad, but did not play","On matchday squad, but did not play","On matchday squad, but did not play","On matchday squad, but did not play","On matchday squad, but did not play","On matchday squad, but did not play","On matchday squad, but did not play","On matchday squad, but did not play",Leicester City,Caleb-Okoli,8ec109e6
2025-01-26,Sun,Matchweek 23,Away,W 2–1,Leicester City,Tottenham,N,"On matchday squad, but did not play","On matchday squad, but did not play","On matchday squad, but did not play","On matchday squad, but did not play","On matchday squad, but did not play","On matchday squad, but did not play","On matchday squad, but did not play","On matchday squad, but did not play","On matchday squad, but did not play","On matchday squad, but did not play","On matchday squad, but did not play","On matchday squad, but did not play","On matchday squad, but did not play","On matchday squad, but did not play","On matchday squad, but did not play","On matchday squad, but did not play","On matchday squad, but did not play","On matchday squad, but did not play","On matchday squad, but did not play","On matchday squad, but did not play","On matchday squad, but did not play","On matchday squad, but did not play","On matchday squad, but did not play","On matchday squad, but did not play","On matchday squad, but did not play","On matchday squad, but did not play","On matchday squad, but did not play",Match Report,"On matchday squad, but did not play","On matchday squad, but did not play","On matchday squad, but did not play","On matchday squad, but did not play","On matchday squad, but did not play","On matchday squad, but did not play","On matchday squad, but did not play","On matchday squad, but did not play","On matchday squad, but did not play","On matchday squad, but did not play","On matchday squad, but did not play","On matchday squad, but did not play","On matchday squad, but did not play","On matchday squad, but did not play","On matchday squad, but did not play","On matchday squad, but did not play","On matchday squad, but did not play","On matchday squad, but did not play","On matchday squad, but did not play","On matchday squad, but did not play","On matchday squad, but did not play","On matchday squad, but did not play","On matchday squad, but did not play","On matchday squad, but did not play","On matchday squad, but did not play","On matchday squad, but did not play","On matchday squad, but did not play","On matchday squad, but did not play","On matchday squad, but did not play","On matchday squad, but did not play","On matchday squad, but did not play","On matchday squad, but did not play","On matchday squad, but did not play","On matchday squad, but did not play","On matchday squad, but did not play","On matchday squad, but did not play","On matchday squad, but did not play","On matchday squad, but did not play","On matchday squad, but did not play","On matchday squad, but did not play","On matchday squad, but did not play","On matchday squad, but did not play","On matchday squad, but did not play","On matchday squad, but did not play","On matchday squad, but did not play","On matchday squad, but did not play","On matchday squad, but did not play","On matchday squad, but did not play","On matchday squad, but did not play","On matchday squad, but did not play","On matchday squad, but did not play","On matchday squad, but did not play","On matchday squad, but did not play","On matchday squad, but did not play","On matchday squad, but did not play","On matchday squad, but did not play","On matchday squad, but did not play","On matchday squad, but did not play","On matchday squad, but did not play","On matchday squad, but did not play","On matchday squad, but did not play","On matchday squad, but did not play","On matchday squad, but did not play","On matchday squad, but did not play","On matchday squad, but did not play","On matchday squad, but did not play","On matchday squad, but did not play","On matchday squad, but did not play","On matchday squad, but did not play","On matchday squad, but did not play","On matchday squad, but did not play","On matchday squad, but did not play","On matchday squad, but did not play","On matchday squad, but did not play","On matchday squad, but did not play","On matchday squad, but did not play","On matchday squad, but did not play","On matchday squad, but did not play","On matchday squad, but did not play","On matchday squad, but did not play","On matchday squad, but did not play","On matchday squad, but did not play","On matchday squad, but did not play","On matchday squad, but did not play","On matchday squad, but did not play","On matchday squad, but did not play","On matchday squad, but did not play","On matchday squad, but did not play","On matchday squad, but did not play",Leicester City,Caleb-Okoli,8ec109e6
2025-02-01,Sat,Matchweek 24,Away,L 0–4,Leicester City,Everton,N,CB,31,0,0,0,0,0,0,0,0,29,1,1,2,0.0,0.0,0.0,0,0,22,24,91.7,2,18,0,0,0,Match Report,22,24,91.7,400,178,11,11,100.0,11,12,91.7,0,1,0.0,0,0.0,0.0,0,0,0,0,2,24,22,2,1,0,0,0,0,0,0,0,0,22,0,0,0,0,0,0,0,0,0,0,0,0,0,0,0,0,29,4,16,13,0,0,29,0,0,,0,,18,144,110,0,0,0,0,2,18,0,1,1,0,1,0,0,0,,0,2,0,2,1,2,1,1,Leicester City,Caleb-Okoli,8ec109e6
2025-02-15,Sat,Matchweek 25,Home,L 0–2,Leicester City,Arsenal,Y,CB,90,0,0,0,0,0,0,0,0,55,2,0,0,0.0,0.0,0.0,1,0,42,49,85.7,1,37,0,0,0,Match Report,42,49,85.7,783,210,15,17,88.2,24,26,92.3,3,6,50.0,0,0.0,0.0,0,1,0,0,1,49,44,5,2,0,0,0,0,0,0,0,0,42,0,0,1,1,0,0,0,0,0,0,0,0,0,0,0,0,55,9,36,16,3,0,55,0,0,,0,,37,148,44,0,0,0,0,0,38,0,2,0,1,1,0,0,1,0.0,1,0,0,0,0,2,5,0,Leicester City,Caleb-Okoli,8ec109e6
2025-02-21,Fri,Matchweek 26,Home,L 0–4,Leicester City,Brentford,Y,"CB,RB",82,0,0,0,0,0,0,1,0,49,0,2,1,0.0,0.0,0.0,1,0,34,37,91.9,1,25,0,0,0,Match Report,34,37,91.9,490,147,16,17,94.1,17,19,89.5,0,0,,0,0.0,0.0,0,3,0,0,1,37,30,7,1,0,0,0,4,0,0,0,0,34,0,0,1,1,0,0,0,0,0,0,0,0,0,0,0,0,49,10,26,20,3,1,49,0,0,,0,,25,100,38,0,1,0,2,0,25,0,0,0,0,0,0,0,3,0.0,3,1,0,1,2,2,8,0,Leicester City,Caleb-Okoli,8ec109e6
2025-02-27,Thu,Matchweek 27,Away,L 0–2,Leicester City,West Ham,N,"On matchday squad, but did not play","On matchday squad, but did not play","On matchday squad, but did not play","On matchday squad, but did not play","On matchday squad, but did not play","On matchday squad, but did not play","On matchday squad, but did not play","On matchday squad, but did not play","On matchday squad, but did not play","On matchday squad, but did not play","On matchday squad, but did not play","On matchday squad, but did not play","On matchday squad, but did not play","On matchday squad, but did not play","On matchday squad, but did not play","On matchday squad, but did not play","On matchday squad, but did not play","On matchday squad, but did not play","On matchday squad, but did not play","On matchday squad, but did not play","On matchday squad, but did not play","On matchday squad, but did not play","On matchday squad, but did not play","On matchday squad, but did not play","On matchday squad, but did not play","On matchday squad, but did not play","On matchday squad, but did not play",Match Report,"On matchday squad, but did not play","On matchday squad, but did not play","On matchday squad, but did not play","On matchday squad, but did not play","On matchday squad, but did not play","On matchday squad, but did not play","On matchday squad, but did not play","On matchday squad, but did not play","On matchday squad, but did not play","On matchday squad, but did not play","On matchday squad, but did not play","On matchday squad, but did not play","On matchday squad, but did not play","On matchday squad, but did not play","On matchday squad, but did not play","On matchday squad, but did not play","On matchday squad, but did not play","On matchday squad, but did not play","On matchday squad, but did not play","On matchday squad, but did not play","On matchday squad, but did not play","On matchday squad, but did not play","On matchday squad, but did not play","On matchday squad, but did not play","On matchday squad, but did not play","On matchday squad, but did not play","On matchday squad, but did not play","On matchday squad, but did not play","On matchday squad, but did not play","On matchday squad, but did not play","On matchday squad, but did not play","On matchday squad, but did not play","On matchday squad, but did not play","On matchday squad, but did not play","On matchday squad, but did not play","On matchday squad, but did not play","On matchday squad, but did not play","On matchday squad, but did not play","On matchday squad, but did not play","On matchday squad, but did not play","On matchday squad, but did not play","On matchday squad, but did not play","On matchday squad, but did not play","On matchday squad, but did not play","On matchday squad, but did not play","On matchday squad, but did not play","On matchday squad, but did not play","On matchday squad, but did not play","On matchday squad, but did not play","On matchday squad, but did not play","On matchday squad, but did not play","On matchday squad, but did not play","On matchday squad, but did not play","On matchday squad, but did not play","On matchday squad, but did not play","On matchday squad, but did not play","On matchday squad, but did not play","On matchday squad, but did not play","On matchday squad, but did not play","On matchday squad, but did not play","On matchday squad, but did not play","On matchday squad, but did not play","On matchday squad, but did not play","On matchday squad, but did not play","On matchday squad, but did not play","On matchday squad, but did not play","On matchday squad, but did not play","On matchday squad, but did not play","On matchday squad, but did not play","On matchday squad, but did not play","On matchday squad, but did not play","On matchday squad, but did not play","On matchday squad, but did not play","On matchday squad, but did not play","On matchday squad, but did not play","On matchday squad, but did not play","On matchday squad, but did not play","On matchday squad, but did not play","On matchday squad, but did not play","On matchday squad, but did not play","On matchday squad, but did not play","On matchday squad, but did not play","On matchday squad, but did not play","On matchday squad, but did not play","On matchday squad, but did not play","On matchday squad, but did not play","On matchday squad, but did not play","On matchday squad, but did not play","On matchday squad, but did not play",Leicester City,Caleb-Okoli,8ec109e6
2025-03-09,Sun,Matchweek 28,Away,L 0–1,Leicester City,Chelsea,N,"On matchday squad, but did not play","On matchday squad, but did not play","On matchday squad, but did not play","On matchday squad, but did not play","On matchday squad, but did not play","On matchday squad, but did not play","On matchday squad, but did not play","On matchday squad, but did not play","On matchday squad, but did not play","On matchday squad, but did not play","On matchday squad, but did not play","On matchday squad, but did not play","On matchday squad, but did not play","On matchday squad, but did not play","On matchday squad, but did not play","On matchday squad, but did not play","On matchday squad, but did not play","On matchday squad, but did not play","On matchday squad, but did not play","On matchday squad, but did not play","On matchday squad, but did not play","On matchday squad, but did not play","On matchday squad, but did not play","On matchday squad, but did not play","On matchday squad, but did not play","On matchday squad, but did not play","On matchday squad, but did not play",Match Report,"On matchday squad, but did not play","On matchday squad, but did not play","On matchday squad, but did not play","On matchday squad, but did not play","On matchday squad, but did not play","On matchday squad, but did not play","On matchday squad, but did not play","On matchday squad, but did not play","On matchday squad, but did not play","On matchday squad, but did not play","On matchday squad, but did not play","On matchday squad, but did not play","On matchday squad, but did not play","On matchday squad, but did not play","On matchday squad, but did not play","On matchday squad, but did not play","On matchday squad, but did not play","On matchday squad, but did not play","On matchday squad, but did not play","On matchday squad, but did not play","On matchday squad, but did not play","On matchday squad, but did not play","On matchday squad, but did not play","On matchday squad, but did not play","On matchday squad, but did not play","On matchday squad, but did not play","On matchday squad, but did not play","On matchday squad, but did not play","On matchday squad, but did not play","On matchday squad, but did not play","On matchday squad, but did not play","On matchday squad, but did not play","On matchday squad, but did not play","On matchday squad, but did not play","On matchday squad, but did not play","On matchday squad, but did not play","On matchday squad, but did not play","On matchday squad, but did not play","On matchday squad, but did not play","On matchday squad, but did not play","On matchday squad, but did not play","On matchday squad, but did not play","On matchday squad, but did not play","On matchday squad, but did not play","On matchday squad, but did not play","On matchday squad, but did not play","On matchday squad, but did not play","On matchday squad, but did not play","On matchday squad, but did not play","On matchday squad, but did not play","On matchday squad, but did not play","On matchday squad, but did not play","On matchday squad, but did not play","On matchday squad, but did not play","On matchday squad, but did not play","On matchday squad, but did not play","On matchday squad, but did not play","On matchday squad, but did not play","On matchday squad, but did not play","On matchday squad, but did not play","On matchday squad, but did not play","On matchday squad, but did not play","On matchday squad, but did not play","On matchday squad, but did not play","On matchday squad, but did not play","On matchday squad, but did not play","On matchday squad, but did not play","On matchday squad, but did not play","On matchday squad, but did not play","On matchday squad, but did not play","On matchday squad, but did not play","On matchday squad, but did not play","On matchday squad, but did not play","On matchday squad, but did not play","On matchday squad, but did not play","On matchday squad, but did not play","On matchday squad, but did not play","On matchday squad, but did not play","On matchday squad, but did not play","On matchday squad, but did not play","On matchday squad, but did not play","On matchday squad, but did not play","On matchday squad, but did not play","On matchday squad, but did not play","On matchday squad, but did not play","On matchday squad, but did not play","On matchday squad, but did not play","On matchday squad, but did not play","On matchday squad, but did not play",Leicester City,Caleb-Okoli,8ec109e6
2025-03-16,Sun,Matchweek 29,Home,L 0–3,Leicester City,Manchester Utd,N,"On matchday squad, but did not play","On matchday squad, but did not play","On matchday squad, but did not play","On matchday squad, but did not play","On matchday squad, but did not play","On matchday squad, but did not play","On matchday squad, but did not play","On matchday squad, but did not play","On matchday squad, but did not play","On matchday squad, but did not play","On matchday squad, but did not play","On matchday squad, but did not play","On matchday squad, but did not play","On matchday squad, but did not play","On matchday squad, but did not play","On matchday squad, but did not play","On matchday squad, but did not play","On matchday squad, but did not play","On matchday squad, but did not play","On matchday squad, but did not play","On matchday squad, but did not play","On matchday squad, but did not play","On matchday squad, but did not play","On matchday squad, but did not play","On matchday squad, but did not play","On matchday squad, but did not play","On matchday squad, but did not play",Match Report,"On matchday squad, but did not play","On matchday squad, but did not play","On matchday squad, but did not play","On matchday squad, but did not play","On matchday squad, but did not play","On matchday squad, but did not play","On matchday squad, but did not play","On matchday squad, but did not play","On matchday squad, but did not play","On matchday squad, but did not play","On matchday squad, but did not play","On matchday squad, but did not play","On matchday squad, but did not play","On matchday squad, but did not play","On matchday squad, but did not play","On matchday squad, but did not play","On matchday squad, but did not play","On matchday squad, but did not play","On matchday squad, but did not play","On matchday squad, but did not play","On matchday squad, but did not play","On matchday squad, but did not play","On matchday squad, but did not play","On matchday squad, but did not play","On matchday squad, but did not play","On matchday squad, but did not play","On matchday squad, but did not play","On matchday squad, but did not play","On matchday squad, but did not play","On matchday squad, but did not play","On matchday squad, but did not play","On matchday squad, but did not play","On matchday squad, but did not play","On matchday squad, but did not play","On matchday squad, but did not play","On matchday squad, but did not play","On matchday squad, but did not play","On matchday squad, but did not play","On matchday squad, but did not play","On matchday squad, but did not play","On matchday squad, but did not play","On matchday squad, but did not play","On matchday squad, but did not play","On matchday squad, but did not play","On matchday squad, but did not play","On matchday squad, but did not play","On matchday squad, but did not play","On matchday squad, but did not play","On matchday squad, but did not play","On matchday squad, but did not play","On matchday squad, but did not play","On matchday squad, but did not play","On matchday squad, but did not play","On matchday squad, but did not play","On matchday squad, but did not play","On matchday squad, but did not play","On matchday squad, but did not play","On matchday squad, but did not play","On matchday squad, but did not play","On matchday squad, but did not play","On matchday squad, but did not play","On matchday squad, but did not play","On matchday squad, but did not play","On matchday squad, but did not play","On matchday squad, but did not play","On matchday squad, but did not play","On matchday squad, but did not play","On matchday squad, but did not play","On matchday squad, but did not play","On matchday squad, but did not play","On matchday squad, but did not play","On matchday squad, but did not play","On matchday squad, but did not play","On matchday squad, but did not play","On matchday squad, but did not play","On matchday squad, but did not play","On matchday squad, but did not play","On matchday squad, but did not play","On matchday squad, but did not play","On matchday squad, but did not play","On matchday squad, but did not play","On matchday squad, but did not play","On matchday squad, but did not play","On matchday squad, but did not play","On matchday squad, but did not play","On matchday squad, but did not play","On matchday squad, but did not play","On matchday squad, but did not play","On matchday squad, but did not play",Leicester City,Caleb-Okoli,8ec109e6
2025-04-02,Wed,Matchweek 30,Away,L 0–2,Leicester City,Manchester City,N,CB,31,0,0,0,0,0,0,0,0,13,0,0,0,0.0,0.0,0.0,0,0,9,10,90.0,2,4,0,0,0,Match Report,9,10,90.0,172,93,2,2,100.0,7,7,100.0,0,1,0.0,0,0.0,0.0,0,1,0,0,2,10,9,1,1,0,0,0,0,0,0,0,0,9,0,0,0,0,0,0,0,0,0,0,0,0,0,0,0,0,13,2,7,6,0,0,13,0,0,,0,,4,47,28,0,0,0,1,0,9,0,0,0,0,0,0,0,0,,0,0,0,0,0,0,1,0,Leicester City,Caleb-Okoli,8ec109e6
2025-04-07,Mon,Matchweek 31,Home,L 0–3,Leicester City,Newcastle Utd,N,"On matchday squad, but did not play","On matchday squad, but did not play","On matchday squad, but did not play","On matchday squad, but did not play","On matchday squad, but did not play","On matchday squad, but did not play","On matchday squad, but did not play","On matchday squad, but did not play","On matchday squad, but did not play","On matchday squad, but did not play","On matchday squad, but did not play","On matchday squad, but did not play","On matchday squad, but did not play","On matchday squad, but did not play","On matchday squad, but did not play","On matchday squad, but did not play","On matchday squad, but did not play","On matchday squad, but did not play","On matchday squad, but did not play","On matchday squad, but did not play","On matchday squad, but did not play","On matchday squad, but did not play","On matchday squad, but did not play","On matchday squad, but did not play","On matchday squad, but did not play","On matchday squad, but did not play","On matchday squad, but did not play",Match Report,"On matchday squad, but did not play","On matchday squad, but did not play","On matchday squad, but did not play","On matchday squad, but did not play","On matchday squad, but did not play","On matchday squad, but did not play","On matchday squad, but did not play","On matchday squad, but did not play","On matchday squad, but did not play","On matchday squad, but did not play","On matchday squad, but did not play","On matchday squad, but did not play","On matchday squad, but did not play","On matchday squad, but did not play","On matchday squad, but did not play","On matchday squad, but did not play","On matchday squad, but did not play","On matchday squad, but did not play","On matchday squad, but did not play","On matchday squad, but did not play","On matchday squad, but did not play","On matchday squad, but did not play","On matchday squad, but did not play","On matchday squad, but did not play","On matchday squad, but did not play","On matchday squad, but did not play","On matchday squad, but did not play","On matchday squad, but did not play","On matchday squad, but did not play","On matchday squad, but did not play","On matchday squad, but did not play","On matchday squad, but did not play","On matchday squad, but did not play","On matchday squad, but did not play","On matchday squad, but did not play","On matchday squad, but did not play","On matchday squad, but did not play","On matchday squad, but did not play","On matchday squad, but did not play","On matchday squad, but did not play","On matchday squad, but did not play","On matchday squad, but did not play","On matchday squad, but did not play","On matchday squad, but did not play","On matchday squad, but did not play","On matchday squad, but did not play","On matchday squad, but did not play","On matchday squad, but did not play","On matchday squad, but did not play","On matchday squad, but did not play","On matchday squad, but did not play","On matchday squad, but did not play","On matchday squad, but did not play","On matchday squad, but did not play","On matchday squad, but did not play","On matchday squad, but did not play","On matchday squad, but did not play","On matchday squad, but did not play","On matchday squad, but did not play","On matchday squad, but did not play","On matchday squad, but did not play","On matchday squad, but did not play","On matchday squad, but did not play","On matchday squad, but did not play","On matchday squad, but did not play","On matchday squad, but did not play","On matchday squad, but did not play","On matchday squad, but did not play","On matchday squad, but did not play","On matchday squad, but did not play","On matchday squad, but did not play","On matchday squad, but did not play","On matchday squad, but did not play","On matchday squad, but did not play","On matchday squad, but did not play","On matchday squad, but did not play","On matchday squad, but did not play","On matchday squad, but did not play","On matchday squad, but did not play","On matchday squad, but did not play","On matchday squad, but did not play","On matchday squad, but did not play","On matchday squad, but did not play","On matchday squad, but did not play","On matchday squad, but did not play","On matchday squad, but did not play","On matchday squad, but did not play","On matchday squad, but did not play","On matchday squad, but did not play",Leicester City,Caleb-Okoli,8ec109e6
2025-04-12,Sat,Matchweek 32,Away,D 2–2,Leicester City,Brighton,Y,CB,90,1,0,0,0,1,1,1,0,71,1,1,2,0.5,0.5,0.0,0,0,47,57,82.5,2,48,0,0,0,Match Report,47,57,82.5,897,304,14,17,82.4,30,33,90.9,3,4,75.0,0,0.0,0.0,0,2,1,0,2,57,57,0,0,0,0,0,0,0,0,0,0,47,0,3,0,0,0,0,0,0,0,0,0,0,0,0,0,0,71,10,38,27,8,2,71,0,0,,0,,48,234,136,0,4,0,0,0,47,0,1,1,0,1,0,1,1,100.0,0,2,2,0,1,2,6,1,Leicester City,Caleb-Okoli,8ec109e6
2025-04-20,Sun,Matchweek 33,Home,L 0–1,Leicester City,Liverpool,N,"On matchday squad, but did not play","On matchday squad, but did not play","On matchday squad, but did not play","On matchday squad, but did not play","On matchday squad, but did not play","On matchday squad, but did not play","On matchday squad, but did not play","On matchday squad, but did not play","On matchday squad, but did not play","On matchday squad, but did not play","On matchday squad, but did not play","On matchday squad, but did not play","On matchday squad, but did not play","On matchday squad, but did not play","On matchday squad, but did not play","On matchday squad, but did not play","On matchday squad, but did not play","On matchday squad, but did not play","On matchday squad, but did not play","On matchday squad, but did not play","On matchday squad, but did not play","On matchday squad, but did not play","On matchday squad, but did not play","On matchday squad, but did not play","On matchday squad, but did not play","On matchday squad, but did not play","On matchday squad, but did not play",Match Report,"On matchday squad, but did not play","On matchday squad, but did not play","On matchday squad, but did not play","On matchday squad, but did not play","On matchday squad, but did not play","On matchday squad, but did not play","On matchday squad, but did not play","On matchday squad, but did not play","On matchday squad, but did not play","On matchday squad, but did not play","On matchday squad, but did not play","On matchday squad, but did not play","On matchday squad, but did not play","On matchday squad, but did not play","On matchday squad, but did not play","On matchday squad, but did not play","On matchday squad, but did not play","On matchday squad, but did not play","On matchday squad, but did not play","On matchday squad, but did not play","On matchday squad, but did not play","On matchday squad, but did not play","On matchday squad, but did not play","On matchday squad, but did not play","On matchday squad, but did not play","On matchday squad, but did not play","On matchday squad, but did not play","On matchday squad, but did not play","On matchday squad, but did not play","On matchday squad, but did not play","On matchday squad, but did not play","On matchday squad, but did not play","On matchday squad, but did not play","On matchday squad, but did not play","On matchday squad, but did not play","On matchday squad, but did not play","On matchday squad, but did not play","On matchday squad, but did not play","On matchday squad, but did not play","On matchday squad, but did not play","On matchday squad, but did not play","On matchday squad, but did not play","On matchday squad, but did not play","On matchday squad, but did not play","On matchday squad, but did not play","On matchday squad, but did not play","On matchday squad, but did not play","On matchday squad, but did not play","On matchday squad, but did not play","On matchday squad, but did not play","On matchday squad, but did not play","On matchday squad, but did not play","On matchday squad, but did not play","On matchday squad, but did not play","On matchday squad, but did not play","On matchday squad, but did not play","On matchday squad, but did not play","On matchday squad, but did not play","On matchday squad, but did not play","On matchday squad, but did not play","On matchday squad, but did not play","On matchday squad, but did not play","On matchday squad, but did not play","On matchday squad, but did not play","On matchday squad, but did not play","On matchday squad, but did not play","On matchday squad, but did not play","On matchday squad, but did not play","On matchday squad, but did not play","On matchday squad, but did not play","On matchday squad, but did not play","On matchday squad, but did not play","On matchday squad, but did not play","On matchday squad, but did not play","On matchday squad, but did not play","On matchday squad, but did not play","On matchday squad, but did not play","On matchday squad, but did not play","On matchday squad, but did not play","On matchday squad, but did not play","On matchday squad, but did not play","On matchday squad, but did not play","On matchday squad, but did not play","On matchday squad, but did not play","On matchday squad, but did not play","On matchday squad, but did not play","On matchday squad, but did not play","On matchday squad, but did not play","On matchday squad, but did not play",Leicester City,Caleb-Okoli,8ec109e6
2025-04-26,Sat,Matchweek 34,Away,L 0–3,Leicester City,Wolves,N,"On matchday squad, but did not play","On matchday squad, but did not play","On matchday squad, but did not play","On matchday squad, but did not play","On matchday squad, but did not play","On matchday squad, but did not play","On matchday squad, but did not play","On matchday squad, but did not play","On matchday squad, but did not play","On matchday squad, but did not play","On matchday squad, but did not play","On matchday squad, but did not play","On matchday squad, but did not play","On matchday squad, but did not play","On matchday squad, but did not play","On matchday squad, but did not play","On matchday squad, but did not play","On matchday squad, but did not play","On matchday squad, but did not play","On matchday squad, but did not play","On matchday squad, but did not play","On matchday squad, but did not play","On matchday squad, but did not play","On matchday squad, but did not play","On matchday squad, but did not play","On matchday squad, but did not play","On matchday squad, but did not play",Match Report,"On matchday squad, but did not play","On matchday squad, but did not play","On matchday squad, but did not play","On matchday squad, but did not play","On matchday squad, but did not play","On matchday squad, but did not play","On matchday squad, but did not play","On matchday squad, but did not play","On matchday squad, but did not play","On matchday squad, but did not play","On matchday squad, but did not play","On matchday squad, but did not play","On matchday squad, but did not play","On matchday squad, but did not play","On matchday squad, but did not play","On matchday squad, but did not play","On matchday squad, but did not play","On matchday squad, but did not play","On matchday squad, but did not play","On matchday squad, but did not play","On matchday squad, but did not play","On matchday squad, but did not play","On matchday squad, but did not play","On matchday squad, but did not play","On matchday squad, but did not play","On matchday squad, but did not play","On matchday squad, but did not play","On matchday squad, but did not play","On matchday squad, but did not play","On matchday squad, but did not play","On matchday squad, but did not play","On matchday squad, but did not play","On matchday squad, but did not play","On matchday squad, but did not play","On matchday squad, but did not play","On matchday squad, but did not play","On matchday squad, but did not play","On matchday squad, but did not play","On matchday squad, but did not play","On matchday squad, but did not play","On matchday squad, but did not play","On matchday squad, but did not play","On matchday squad, but did not play","On matchday squad, but did not play","On matchday squad, but did not play","On matchday squad, but did not play","On matchday squad, but did not play","On matchday squad, but did not play","On matchday squad, but did not play","On matchday squad, but did not play","On matchday squad, but did not play","On matchday squad, but did not play","On matchday squad, but did not play","On matchday squad, but did not play","On matchday squad, but did not play","On matchday squad, but did not play","On matchday squad, but did not play","On matchday squad, but did not play","On matchday squad, but did not play","On matchday squad, but did not play","On matchday squad, but did not play","On matchday squad, but did not play","On matchday squad, but did not play","On matchday squad, but did not play","On matchday squad, but did not play","On matchday squad, but did not play","On matchday squad, but did not play","On matchday squad, but did not play","On matchday squad, but did not play","On matchday squad, but did not play","On matchday squad, but did not play","On matchday squad, but did not play","On matchday squad, but did not play","On matchday squad, but did not play","On matchday squad, but did not play","On matchday squad, but did not play","On matchday squad, but did not play","On matchday squad, but did not play","On matchday squad, but did not play","On matchday squad, but did not play","On matchday squad, but did not play","On matchday squad, but did not play","On matchday squad, but did not play","On matchday squad, but did not play","On matchday squad, but did not play","On matchday squad, but did not play","On matchday squad, but did not play","On matchday squad, but did not play","On matchday squad, but did not play",Leicester City,Caleb-Okoli,8ec109e6
2025-05-03,Sat,Matchweek 35,Home,W 2–0,Leicester City,Southampton,N,"On matchday squad, but did not play","On matchday squad, but did not play","On matchday squad, but did not play","On matchday squad, but did not play","On matchday squad, but did not play","On matchday squad, but did not play","On matchday squad, but did not play","On matchday squad, but did not play","On matchday squad, but did not play","On matchday squad, but did not play","On matchday squad, but did not play","On matchday squad, but did not play","On matchday squad, but did not play","On matchday squad, but did not play","On matchday squad, but did not play","On matchday squad, but did not play","On matchday squad, but did not play","On matchday squad, but did not play","On matchday squad, but did not play","On matchday squad, but did not play","On matchday squad, but did not play","On matchday squad, but did not play","On matchday squad, but did not play","On matchday squad, but did not play","On matchday squad, but did not play","On matchday squad, but did not play","On matchday squad, but did not play",Match Report,"On matchday squad, but did not play","On matchday squad, but did not play","On matchday squad, but did not play","On matchday squad, but did not play","On matchday squad, but did not play","On matchday squad, but did not play","On matchday squad, but did not play","On matchday squad, but did not play","On matchday squad, but did not play","On matchday squad, but did not play","On matchday squad, but did not play","On matchday squad, but did not play","On matchday squad, but did not play","On matchday squad, but did not play","On matchday squad, but did not play","On matchday squad, but did not play","On matchday squad, but did not play","On matchday squad, but did not play","On matchday squad, but did not play","On matchday squad, but did not play","On matchday squad, but did not play","On matchday squad, but did not play","On matchday squad, but did not play","On matchday squad, but did not play","On matchday squad, but did not play","On matchday squad, but did not play","On matchday squad, but did not play","On matchday squad, but did not play","On matchday squad, but did not play","On matchday squad, but did not play","On matchday squad, but did not play","On matchday squad, but did not play","On matchday squad, but did not play","On matchday squad, but did not play","On matchday squad, but did not play","On matchday squad, but did not play","On matchday squad, but did not play","On matchday squad, but did not play","On matchday squad, but did not play","On matchday squad, but did not play","On matchday squad, but did not play","On matchday squad, but did not play","On matchday squad, but did not play","On matchday squad, but did not play","On matchday squad, but did not play","On matchday squad, but did not play","On matchday squad, but did not play","On matchday squad, but did not play","On matchday squad, but did not play","On matchday squad, but did not play","On matchday squad, but did not play","On matchday squad, but did not play","On matchday squad, but did not play","On matchday squad, but did not play","On matchday squad, but did not play","On matchday squad, but did not play","On matchday squad, but did not play","On matchday squad, but did not play","On matchday squad, but did not play","On matchday squad, but did not play","On matchday squad, but did not play","On matchday squad, but did not play","On matchday squad, but did not play","On matchday squad, but did not play","On matchday squad, but did not play","On matchday squad, but did not play","On matchday squad, but did not play","On matchday squad, but did not play","On matchday squad, but did not play","On matchday squad, but did not play","On matchday squad, but did not play","On matchday squad, but did not play","On matchday squad, but did not play","On matchday squad, but did not play","On matchday squad, but did not play","On matchday squad, but did not play","On matchday squad, but did not play","On matchday squad, but did not play","On matchday squad, but did not play","On matchday squad, but did not play","On matchday squad, but did not play","On matchday squad, but did not play","On matchday squad, but did not play","On matchday squad, but did not play","On matchday squad, but did not play","On matchday squad, but did not play","On matchday squad, but did not play","On matchday squad, but did not play","On matchday squad, but did not play",Leicester City,Caleb-Okoli,8ec109e6
2025-05-11,Sun,Matchweek 36,Away,D 2–2,Leicester City,Nott'ham Forest,N,CB,1,0,0,0,0,0,0,0,0,2,0,0,0,0.0,0.0,0.0,0,0,1,2,50.0,0,1,0,0,0,Match Report,1,2,50.0,11,0,1,1,100.0,0,1,0.0,0,0,,0,0.0,0.0,0,0,0,0,0,2,2,0,0,0,0,0,0,0,0,0,0,1,0,0,0,0,0,0,0,0,0,0,0,0,0,0,0,0,2,0,1,1,0,0,2,0,0,,0,,1,14,0,0,0,0,0,0,1,0,0,0,0,0,0,0,0,,0,0,0,0,0,0,0,0,Leicester City,Caleb-Okoli,8ec109e6
2025-05-18,Sun,Matchweek 37,Home,W 2–0,Leicester City,Ipswich Town,N,"On matchday squad, but did not play","On matchday squad, but did not play","On matchday squad, but did not play","On matchday squad, but did not play","On matchday squad, but did not play","On matchday squad, but did not play","On matchday squad, but did not play","On matchday squad, but did not play","On matchday squad, but did not play","On matchday squad, but did not play","On matchday squad, but did not play","On matchday squad, but did not play","On matchday squad, but did not play","On matchday squad, but did not play","On matchday squad, but did not play","On matchday squad, but did not play","On matchday squad, but did not play","On matchday squad, but did not play","On matchday squad, but did not play","On matchday squad, but did not play","On matchday squad, but did not play","On matchday squad, but did not play","On matchday squad, but did not play","On matchday squad, but did not play","On matchday squad, but did not play","On matchday squad, but did not play","On matchday squad, but did not play",Match Report,"On matchday squad, but did not play","On matchday squad, but did not play","On matchday squad, but did not play","On matchday squad, but did not play","On matchday squad, but did not play","On matchday squad, but did not play","On matchday squad, but did not play","On matchday squad, but did not play","On matchday squad, but did not play","On matchday squad, but did not play","On matchday squad, but did not play","On matchday squad, but did not play","On matchday squad, but did not play","On matchday squad, but did not play","On matchday squad, but did not play","On matchday squad, but did not play","On matchday squad, but did not play","On matchday squad, but did not play","On matchday squad, but did not play","On matchday squad, but did not play","On matchday squad, but did not play","On matchday squad, but did not play","On matchday squad, but did not play","On matchday squad, but did not play","On matchday squad, but did not play","On matchday squad, but did not play","On matchday squad, but did not play","On matchday squad, but did not play","On matchday squad, but did not play","On matchday squad, but did not play","On matchday squad, but did not play","On matchday squad, but did not play","On matchday squad, but did not play","On matchday squad, but did not play","On matchday squad, but did not play","On matchday squad, but did not play","On matchday squad, but did not play","On matchday squad, but did not play","On matchday squad, but did not play","On matchday squad, but did not play","On matchday squad, but did not play","On matchday squad, but did not play","On matchday squad, but did not play","On matchday squad, but did not play","On matchday squad, but did not play","On matchday squad, but did not play","On matchday squad, but did not play","On matchday squad, but did not play","On matchday squad, but did not play","On matchday squad, but did not play","On matchday squad, but did not play","On matchday squad, but did not play","On matchday squad, but did not play","On matchday squad, but did not play","On matchday squad, but did not play","On matchday squad, but did not play","On matchday squad, but did not play","On matchday squad, but did not play","On matchday squad, but did not play","On matchday squad, but did not play","On matchday squad, but did not play","On matchday squad, but did not play","On matchday squad, but did not play","On matchday squad, but did not play","On matchday squad, but did not play","On matchday squad, but did not play","On matchday squad, but did not play","On matchday squad, but did not play","On matchday squad, but did not play","On matchday squad, but did not play","On matchday squad, but did not play","On matchday squad, but did not play","On matchday squad, but did not play","On matchday squad, but did not play","On matchday squad, but did not play","On matchday squad, but did not play","On matchday squad, but did not play","On matchday squad, but did not play","On matchday squad, but did not play","On matchday squad, but did not play","On matchday squad, but did not play","On matchday squad, but did not play","On matchday squad, but did not play","On matchday squad, but did not play","On matchday squad, but did not play","On matchday squad, but did not play","On matchday squad, but did not play","On matchday squad, but did not play","On matchday squad, but did not play",Leicester City,Caleb-Okoli,8ec109e6
2025-05-25,Sun,Matchweek 38,Away,L 0–2,Leicester City,Bournemouth,N,"On matchday squad, but did not play","On matchday squad, but did not play","On matchday squad, but did not play","On matchday squad, but did not play","On matchday squad, but did not play","On matchday squad, but did not play","On matchday squad, but did not play","On matchday squad, but did not play","On matchday squad, but did not play","On matchday squad, but did not play","On matchday squad, but did not play","On matchday squad, but did not play","On matchday squad, but did not play","On matchday squad, but did not play","On matchday squad, but did not play","On matchday squad, but did not play","On matchday squad, but did not play","On matchday squad, but did not play","On matchday squad, but did not play","On matchday squad, but did not play","On matchday squad, but did not play","On matchday squad, but did not play","On matchday squad, but did not play","On matchday squad, but did not play","On matchday squad, but did not play","On matchday squad, but did not play","On matchday squad, but did not play",Match Report,"On matchday squad, but did not play","On matchday squad, but did not play","On matchday squad, but did not play","On matchday squad, but did not play","On matchday squad, but did not play","On matchday squad, but did not play","On matchday squad, but did not play","On matchday squad, but did not play","On matchday squad, but did not play","On matchday squad, but did not play","On matchday squad, but did not play","On matchday squad, but did not play","On matchday squad, but did not play","On matchday squad, but did not play","On matchday squad, but did not play","On matchday squad, but did not play","On matchday squad, but did not play","On matchday squad, but did not play","On matchday squad, but did not play","On matchday squad, but did not play","On matchday squad, but did not play","On matchday squad, but did not play","On matchday squad, but did not play","On matchday squad, but did not play","On matchday squad, but did not play","On matchday squad, but did not play","On matchday squad, but did not play","On matchday squad, but did not play","On matchday squad, but did not play","On matchday squad, but did not play","On matchday squad, but did not play","On matchday squad, but did not play","On matchday squad, but did not play","On matchday squad, but did not play","On matchday squad, but did not play","On matchday squad, but did not play","On matchday squad, but did not play","On matchday squad, but did not play","On matchday squad, but did not play","On matchday squad, but did not play","On matchday squad, but did not play","On matchday squad, but did not play","On matchday squad, but did not play","On matchday squad, but did not play","On matchday squad, but did not play","On matchday squad, but did not play","On matchday squad, but did not play","On matchday squad, but did not play","On matchday squad, but did not play","On matchday squad, but did not play","On matchday squad, but did not play","On matchday squad, but did not play","On matchday squad, but did not play","On matchday squad, but did not play","On matchday squad, but did not play","On matchday squad, but did not play","On matchday squad, but did not play","On matchday squad, but did not play","On matchday squad, but did not play","On matchday squad, but did not play","On matchday squad, but did not play","On matchday squad, but did not play","On matchday squad, but did not play","On matchday squad, but did not play","On matchday squad, but did not play","On matchday squad, but did not play","On matchday squad, but did not play","On matchday squad, but did not play","On matchday squad, but did not play","On matchday squad, but did not play","On matchday squad, but did not play","On matchday squad, but did not play","On matchday squad, but did not play","On matchday squad, but did not play","On matchday squad, but did not play","On matchday squad, but did not play","On matchday squad, but did not play","On matchday squad, but did not play","On matchday squad, but did not play","On matchday squad, but did not play","On matchday squad, but did not play","On matchday squad, but did not play","On matchday squad, but did not play","On matchday squad, but did not play","On matchday squad, but did not play","On matchday squad, but did not play","On matchday squad, but did not play","On matchday squad, but did not play","On matchday squad, but did not play",Leicester City,Caleb-Okoli,8ec109e6
2024-08-24,Sat,Matchweek 2,Away,L 1–2,Leicester City,Fulham,N,AM,20,0,0,0,0,0,0,0,0,16,0,0,0,0.0,0.0,0.0,0,0,15,16,93.8,1,13,1,1,1,Match Report,15,16,93.8,269,41,7,8,87.5,7,7,100.0,1,1,100.0,0,0.0,0.0,0,1,0,0,1,16,16,0,0,0,0,0,0,0,0,0,0,15,0,0,0,0,0,0,0,0,0,0,0,0,0,0,0,0,16,1,4,11,1,0,16,1,1,100.0,0,0.0,13,64,29,1,0,0,0,0,13,0,0,0,0,0,0,0,0,,0,0,0,0,0,0,0,0,Leicester City,Oliver-Skipp,6250083a
2024-08-31,Sat,Matchweek 3,Home,L 1–2,Leicester City,Aston Villa,Y,DM,67,0,0,0,0,1,1,1,0,50,2,1,1,0.0,0.0,0.0,1,0,38,43,88.4,5,34,1,1,1,Match Report,38,43,88.4,536,149,20,23,87.0,12,12,100.0,3,3,100.0,0,0.0,0.0,0,5,1,0,5,43,42,1,1,0,0,0,0,0,0,0,0,38,0,1,1,1,0,0,0,0,0,0,0,0,0,0,0,0,50,0,2,39,10,0,50,1,1,100.0,0,0.0,34,96,56,1,1,0,2,0,38,2,2,1,0,2,0,2,2,100.0,0,1,0,1,1,3,0,0,Leicester City,Oliver-Skipp,6250083a
2024-09-14,Sat,Matchweek 4,Away,D 2–2,Leicester City,Crystal Palace,Y,"DM,CM",90,0,0,0,0,0,0,0,0,46,1,0,0,0.0,0.0,0.1,3,0,27,36,75.0,3,20,2,3,1,Match Report,27,36,75.0,412,159,13,16,81.3,11,13,84.6,2,4,50.0,0,0.1,0.2,2,2,2,0,3,36,36,0,0,1,0,0,0,0,0,0,0,27,0,2,3,2,0,0,0,1,0,0,0,0,0,0,0,0,46,2,13,25,9,0,46,3,1,33.3,2,66.7,20,121,66,2,2,0,0,3,24,1,1,1,1,0,0,0,0,,0,0,0,0,0,1,2,0,Leicester City,Oliver-Skipp,6250083a
2024-09-21,Sat,Matchweek 5,Home,D 1–1,Leicester City,Everton,N,"On matchday squad, but did not play","On matchday squad, but did not play","On matchday squad, but did not play","On matchday squad, but did not play","On matchday squad, but did not play","On matchday squad, but did not play","On matchday squad, but did not play","On matchday squad, but did not play","On matchday squad, but did not play","On matchday squad, but did not play","On matchday squad, but did not play","On matchday squad, but did not play","On matchday squad, but did not play","On matchday squad, but did not play","On matchday squad, but did not play","On matchday squad, but did not play","On matchday squad, but did not play","On matchday squad, but did not play","On matchday squad, but did not play","On matchday squad, but did not play","On matchday squad, but did not play","On matchday squad, but did not play","On matchday squad, but did not play","On matchday squad, but did not play","On matchday squad, but did not play","On matchday squad, but did not play","On matchday squad, but did not play",Match Report,"On matchday squad, but did not play","On matchday squad, but did not play","On matchday squad, but did not play","On matchday squad, but did not play","On matchday squad, but did not play","On matchday squad, but did not play","On matchday squad, but did not play","On matchday squad, but did not play","On matchday squad, but did not play","On matchday squad, but did not play","On matchday squad, but did not play","On matchday squad, but did not play","On matchday squad, but did not play","On matchday squad, but did not play","On matchday squad, but did not play","On matchday squad, but did not play","On matchday squad, but did not play","On matchday squad, but did not play","On matchday squad, but did not play","On matchday squad, but did not play","On matchday squad, but did not play","On matchday squad, but did not play","On matchday squad, but did not play","On matchday squad, but did not play","On matchday squad, but did not play","On matchday squad, but did not play","On matchday squad, but did not play","On matchday squad, but did not play","On matchday squad, but did not play","On matchday squad, but did not play","On matchday squad, but did not play","On matchday squad, but did not play","On matchday squad, but did not play","On matchday squad, but did not play","On matchday squad, but did not play","On matchday squad, but did not play","On matchday squad, but did not play","On matchday squad, but did not play","On matchday squad, but did not play","On matchday squad, but did not play","On matchday squad, but did not play","On matchday squad, but did not play","On matchday squad, but did not play","On matchday squad, but did not play","On matchday squad, but did not play","On matchday squad, but did not play","On matchday squad, but did not play","On matchday squad, but did not play","On matchday squad, but did not play","On matchday squad, but did not play","On matchday squad, but did not play","On matchday squad, but did not play","On matchday squad, but did not play","On matchday squad, but did not play","On matchday squad, but did not play","On matchday squad, but did not play","On matchday squad, but did not play","On matchday squad, but did not play","On matchday squad, but did not play","On matchday squad, but did not play","On matchday squad, but did not play","On matchday squad, but did not play","On matchday squad, but did not play","On matchday squad, but did not play","On matchday squad, but did not play","On matchday squad, but did not play","On matchday squad, but did not play","On matchday squad, but did not play","On matchday squad, but did not play","On matchday squad, but did not play","On matchday squad, but did not play","On matchday squad, but did not play","On matchday squad, but did not play","On matchday squad, but did not play","On matchday squad, but did not play","On matchday squad, but did not play","On matchday squad, but did not play","On matchday squad, but did not play","On matchday squad, but did not play","On matchday squad, but did not play","On matchday squad, but did not play","On matchday squad, but did not play","On matchday squad, but did not play","On matchday squad, but did not play","On matchday squad, but did not play","On matchday squad, but did not play","On matchday squad, but did not play","On matchday squad, but did not play","On matchday squad, but did not play",Leicester City,Oliver-Skipp,6250083a
2024-09-28,Sat,Matchweek 6,Away,L 2–4,Leicester City,Arsenal,Y,DM,89,0,0,0,0,0,0,1,0,23,0,0,3,0.0,0.0,0.0,0,0,16,16,100.0,0,13,0,1,0,Match Report,16,16,100.0,217,67,9,9,100.0,6,6,100.0,0,0,,0,0.0,0.0,0,0,0,0,0,16,16,0,0,0,0,0,0,0,0,0,0,16,0,0,0,0,0,0,0,0,0,0,0,0,0,0,0,0,23,6,12,10,1,0,23,1,0,0.0,1,100.0,13,42,10,0,0,0,1,0,16,0,0,0,0,0,0,0,0,,0,3,1,2,0,0,2,0,Leicester City,Oliver-Skipp,6250083a
2024-10-05,Sat,Matchweek 7,Home,W 1–0,Leicester City,Bournemouth,Y,DM,90,0,0,0,0,0,0,0,0,44,1,1,3,0.0,0.0,0.0,1,0,30,34,88.2,2,27,2,1,0,Match Report,30,34,88.2,491,152,17,18,94.4,9,10,90.0,3,5,60.0,0,0.0,0.0,1,1,0,0,2,34,34,0,0,1,0,0,0,0,0,0,0,30,0,0,1,1,0,0,0,0,0,0,0,0,0,0,0,0,44,4,19,23,2,0,44,1,0,0.0,1,100.0,27,116,81,2,0,0,0,1,27,0,1,0,0,0,1,1,2,50.0,1,3,2,1,1,2,2,0,Leicester City,Oliver-Skipp,6250083a
2024-10-19,Sat,Matchweek 8,Away,W 3–2,Leicester City,Southampton,Y,DM,45,0,0,0,0,0,0,0,0,22,0,2,0,0.0,0.0,0.0,0,0,16,17,94.1,2,9,0,1,1,Match Report,16,17,94.1,185,53,9,9,100.0,5,5,100.0,0,0,,0,0.0,0.0,0,3,1,0,2,17,17,0,0,0,0,0,0,0,0,0,0,16,0,1,0,0,0,0,0,0,0,0,0,0,0,0,0,0,22,0,3,17,2,0,22,1,1,100.0,0,0.0,9,24,1,0,0,0,0,0,17,0,0,0,0,0,0,0,0,,0,0,0,0,2,2,0,0,Leicester City,Oliver-Skipp,6250083a
2024-10-25,Fri,Matchweek 9,Home,L 1–3,Leicester City,Nott'ham Forest,N,"On matchday squad, but did not play","On matchday squad, but did not play","On matchday squad, but did not play","On matchday squad, but did not play","On matchday squad, but did not play","On matchday squad, but did not play","On matchday squad, but did not play","On matchday squad, but did not play","On matchday squad, but did not play","On matchday squad, but did not play","On matchday squad, but did not play","On matchday squad, but did not play","On matchday squad, but did not play","On matchday squad, but did not play","On matchday squad, but did not play","On matchday squad, but did not play","On matchday squad, but did not play","On matchday squad, but did not play","On matchday squad, but did not play","On matchday squad, but did not play","On matchday squad, but did not play","On matchday squad, but did not play","On matchday squad, but did not play","On matchday squad, but did not play","On matchday squad, but did not play","On matchday squad, but did not play","On matchday squad, but did not play",Match Report,"On matchday squad, but did not play","On matchday squad, but did not play","On matchday squad, but did not play","On matchday squad, but did not play","On matchday squad, but did not play","On matchday squad, but did not play","On matchday squad, but did not play","On matchday squad, but did not play","On matchday squad, but did not play","On matchday squad, but did not play","On matchday squad, but did not play","On matchday squad, but did not play","On matchday squad, but did not play","On matchday squad, but did not play","On matchday squad, but did not play","On matchday squad, but did not play","On matchday squad, but did not play","On matchday squad, but did not play","On matchday squad, but did not play","On matchday squad, but did not play","On matchday squad, but did not play","On matchday squad, but did not play","On matchday squad, but did not play","On matchday squad, but did not play","On matchday squad, but did not play","On matchday squad, but did not play","On matchday squad, but did not play","On matchday squad, but did not play","On matchday squad, but did not play","On matchday squad, but did not play","On matchday squad, but did not play","On matchday squad, but did not play","On matchday squad, but did not play","On matchday squad, but did not play","On matchday squad, but did not play","On matchday squad, but did not play","On matchday squad, but did not play","On matchday squad, but did not play","On matchday squad, but did not play","On matchday squad, but did not play","On matchday squad, but did not play","On matchday squad, but did not play","On matchday squad, but did not play","On matchday squad, but did not play","On matchday squad, but did not play","On matchday squad, but did not play","On matchday squad, but did not play","On matchday squad, but did not play","On matchday squad, but did not play","On matchday squad, but did not play","On matchday squad, but did not play","On matchday squad, but did not play","On matchday squad, but did not play","On matchday squad, but did not play","On matchday squad, but did not play","On matchday squad, but did not play","On matchday squad, but did not play","On matchday squad, but did not play","On matchday squad, but did not play","On matchday squad, but did not play","On matchday squad, but did not play","On matchday squad, but did not play","On matchday squad, but did not play","On matchday squad, but did not play","On matchday squad, but did not play","On matchday squad, but did not play","On matchday squad, but did not play","On matchday squad, but did not play","On matchday squad, but did not play","On matchday squad, but did not play","On matchday squad, but did not play","On matchday squad, but did not play","On matchday squad, but did not play","On matchday squad, but did not play","On matchday squad, but did not play","On matchday squad, but did not play","On matchday squad, but did not play","On matchday squad, but did not play","On matchday squad, but did not play","On matchday squad, but did not play","On matchday squad, but did not play","On matchday squad, but did not play","On matchday squad, but did not play","On matchday squad, but did not play","On matchday squad, but did not play","On matchday squad, but did not play","On matchday squad, but did not play","On matchday squad, but did not play","On matchday squad, but did not play",Leicester City,Oliver-Skipp,6250083a
2024-11-02,Sat,Matchweek 10,Away,D 1–1,Leicester City,Ipswich Town,N,"On matchday squad, but did not play","On matchday squad, but did not play","On matchday squad, but did not play","On matchday squad, but did not play","On matchday squad, but did not play","On matchday squad, but did not play","On matchday squad, but did not play","On matchday squad, but did not play","On matchday squad, but did not play","On matchday squad, but did not play","On matchday squad, but did not play","On matchday squad, but did not play","On matchday squad, but did not play","On matchday squad, but did not play","On matchday squad, but did not play","On matchday squad, but did not play","On matchday squad, but did not play","On matchday squad, but did not play","On matchday squad, but did not play","On matchday squad, but did not play","On matchday squad, but did not play","On matchday squad, but did not play","On matchday squad, but did not play","On matchday squad, but did not play","On matchday squad, but did not play","On matchday squad, but did not play","On matchday squad, but did not play",Match Report,"On matchday squad, but did not play","On matchday squad, but did not play","On matchday squad, but did not play","On matchday squad, but did not play","On matchday squad, but did not play","On matchday squad, but did not play","On matchday squad, but did not play","On matchday squad, but did not play","On matchday squad, but did not play","On matchday squad, but did not play","On matchday squad, but did not play","On matchday squad, but did not play","On matchday squad, but did not play","On matchday squad, but did not play","On matchday squad, but did not play","On matchday squad, but did not play","On matchday squad, but did not play","On matchday squad, but did not play","On matchday squad, but did not play","On matchday squad, but did not play","On matchday squad, but did not play","On matchday squad, but did not play","On matchday squad, but did not play","On matchday squad, but did not play","On matchday squad, but did not play","On matchday squad, but did not play","On matchday squad, but did not play","On matchday squad, but did not play","On matchday squad, but did not play","On matchday squad, but did not play","On matchday squad, but did not play","On matchday squad, but did not play","On matchday squad, but did not play","On matchday squad, but did not play","On matchday squad, but did not play","On matchday squad, but did not play","On matchday squad, but did not play","On matchday squad, but did not play","On matchday squad, but did not play","On matchday squad, but did not play","On matchday squad, but did not play","On matchday squad, but did not play","On matchday squad, but did not play","On matchday squad, but did not play","On matchday squad, but did not play","On matchday squad, but did not play","On matchday squad, but did not play","On matchday squad, but did not play","On matchday squad, but did not play","On matchday squad, but did not play","On matchday squad, but did not play","On matchday squad, but did not play","On matchday squad, but did not play","On matchday squad, but did not play","On matchday squad, but did not play","On matchday squad, but did not play","On matchday squad, but did not play","On matchday squad, but did not play","On matchday squad, but did not play","On matchday squad, but did not play","On matchday squad, but did not play","On matchday squad, but did not play","On matchday squad, but did not play","On matchday squad, but did not play","On matchday squad, but did not play","On matchday squad, but did not play","On matchday squad, but did not play","On matchday squad, but did not play","On matchday squad, but did not play","On matchday squad, but did not play","On matchday squad, but did not play","On matchday squad, but did not play","On matchday squad, but did not play","On matchday squad, but did not play","On matchday squad, but did not play","On matchday squad, but did not play","On matchday squad, but did not play","On matchday squad, but did not play","On matchday squad, but did not play","On matchday squad, but did not play","On matchday squad, but did not play","On matchday squad, but did not play","On matchday squad, but did not play","On matchday squad, but did not play","On matchday squad, but did not play","On matchday squad, but did not play","On matchday squad, but did not play","On matchday squad, but did not play","On matchday squad, but did not play",Leicester City,Oliver-Skipp,6250083a
2024-11-10,Sun,Matchweek 11,Away,L 0–3,Leicester City,Manchester Utd,N,"On matchday squad, but did not play","On matchday squad, but did not play","On matchday squad, but did not play","On matchday squad, but did not play","On matchday squad, but did not play","On matchday squad, but did not play","On matchday squad, but did not play","On matchday squad, but did not play","On matchday squad, but did not play","On matchday squad, but did not play","On matchday squad, but did not play","On matchday squad, but did not play","On matchday squad, but did not play","On matchday squad, but did not play","On matchday squad, but did not play","On matchday squad, but did not play","On matchday squad, but did not play","On matchday squad, but did not play","On matchday squad, but did not play","On matchday squad, but did not play","On matchday squad, but did not play","On matchday squad, but did not play","On matchday squad, but did not play","On matchday squad, but did not play","On matchday squad, but did not play","On matchday squad, but did not play","On matchday squad, but did not play",Match Report,"On matchday squad, but did not play","On matchday squad, but did not play","On matchday squad, but did not play","On matchday squad, but did not play","On matchday squad, but did not play","On matchday squad, but did not play","On matchday squad, but did not play","On matchday squad, but did not play","On matchday squad, but did not play","On matchday squad, but did not play","On matchday squad, but did not play","On matchday squad, but did not play","On matchday squad, but did not play","On matchday squad, but did not play","On matchday squad, but did not play","On matchday squad, but did not play","On matchday squad, but did not play","On matchday squad, but did not play","On matchday squad, but did not play","On matchday squad, but did not play","On matchday squad, but did not play","On matchday squad, but did not play","On matchday squad, but did not play","On matchday squad, but did not play","On matchday squad, but did not play","On matchday squad, but did not play","On matchday squad, but did not play","On matchday squad, but did not play","On matchday squad, but did not play","On matchday squad, but did not play","On matchday squad, but did not play","On matchday squad, but did not play","On matchday squad, but did not play","On matchday squad, but did not play","On matchday squad, but did not play","On matchday squad, but did not play","On matchday squad, but did not play","On matchday squad, but did not play","On matchday squad, but did not play","On matchday squad, but did not play","On matchday squad, but did not play","On matchday squad, but did not play","On matchday squad, but did not play","On matchday squad, but did not play","On matchday squad, but did not play","On matchday squad, but did not play","On matchday squad, but did not play","On matchday squad, but did not play","On matchday squad, but did not play","On matchday squad, but did not play","On matchday squad, but did not play","On matchday squad, but did not play","On matchday squad, but did not play","On matchday squad, but did not play","On matchday squad, but did not play","On matchday squad, but did not play","On matchday squad, but did not play","On matchday squad, but did not play","On matchday squad, but did not play","On matchday squad, but did not play","On matchday squad, but did not play","On matchday squad, but did not play","On matchday squad, but did not play","On matchday squad, but did not play","On matchday squad, but did not play","On matchday squad, but did not play","On matchday squad, but did not play","On matchday squad, but did not play","On matchday squad, but did not play","On matchday squad, but did not play","On matchday squad, but did not play","On matchday squad, but did not play","On matchday squad, but did not play","On matchday squad, but did not play","On matchday squad, but did not play","On matchday squad, but did not play","On matchday squad, but did not play","On matchday squad, but did not play","On matchday squad, but did not play","On matchday squad, but did not play","On matchday squad, but did not play","On matchday squad, but did not play","On matchday squad, but did not play","On matchday squad, but did not play","On matchday squad, but did not play","On matchday squad, but did not play","On matchday squad, but did not play","On matchday squad, but did not play","On matchday squad, but did not play",Leicester City,Oliver-Skipp,6250083a
2024-11-23,Sat,Matchweek 12,Home,L 1–2,Leicester City,Chelsea,N,CM,80,0,0,0,0,0,0,1,0,36,1,0,1,0.0,0.0,0.0,1,0,24,33,72.7,3,26,2,0,0,Match Report,24,33,72.7,390,113,14,16,87.5,9,12,75.0,1,3,33.3,0,0.0,0.0,1,3,0,0,3,33,32,0,0,0,0,0,0,0,0,0,0,24,1,0,1,1,0,0,0,0,0,0,0,0,0,0,0,0,36,2,8,21,7,0,36,0,0,,0,,26,118,71,2,1,0,0,1,29,1,1,0,0,1,0,1,3,33.3,2,1,0,1,0,1,1,0,Leicester City,Oliver-Skipp,6250083a
2024-11-30,Sat,Matchweek 13,Away,L 1–4,Leicester City,Brentford,N,CM,27,0,0,0,0,0,0,0,0,13,1,2,0,0.0,0.0,0.0,0,0,7,8,87.5,1,6,2,0,0,Match Report,7,8,87.5,90,37,5,5,100.0,2,2,100.0,0,0,,0,0.0,0.0,0,2,0,0,1,8,8,0,0,0,0,1,0,0,0,0,0,7,0,1,0,0,0,0,0,0,0,0,0,0,0,0,0,0,13,1,4,6,3,0,13,0,0,,0,,6,42,27,2,1,0,1,0,7,1,1,0,1,0,0,1,1,100.0,0,0,0,0,2,3,1,0,Leicester City,Oliver-Skipp,6250083a
2024-12-03,Tue,Matchweek 14,Home,W 3–1,Leicester City,West Ham,N,"On matchday squad, but did not play","On matchday squad, but did not play","On matchday squad, but did not play","On matchday squad, but did not play","On matchday squad, but did not play","On matchday squad, but did not play","On matchday squad, but did not play","On matchday squad, but did not play","On matchday squad, but did not play","On matchday squad, but did not play","On matchday squad, but did not play","On matchday squad, but did not play","On matchday squad, but did not play","On matchday squad, but did not play","On matchday squad, but did not play","On matchday squad, but did not play","On matchday squad, but did not play","On matchday squad, but did not play","On matchday squad, but did not play","On matchday squad, but did not play","On matchday squad, but did not play","On matchday squad, but did not play","On matchday squad, but did not play","On matchday squad, but did not play","On matchday squad, but did not play","On matchday squad, but did not play","On matchday squad, but did not play",Match Report,"On matchday squad, but did not play","On matchday squad, but did not play","On matchday squad, but did not play","On matchday squad, but did not play","On matchday squad, but did not play","On matchday squad, but did not play","On matchday squad, but did not play","On matchday squad, but did not play","On matchday squad, but did not play","On matchday squad, but did not play","On matchday squad, but did not play","On matchday squad, but did not play","On matchday squad, but did not play","On matchday squad, but did not play","On matchday squad, but did not play","On matchday squad, but did not play","On matchday squad, but did not play","On matchday squad, but did not play","On matchday squad, but did not play","On matchday squad, but did not play","On matchday squad, but did not play","On matchday squad, but did not play","On matchday squad, but did not play","On matchday squad, but did not play","On matchday squad, but did not play","On matchday squad, but did not play","On matchday squad, but did not play","On matchday squad, but did not play","On matchday squad, but did not play","On matchday squad, but did not play","On matchday squad, but did not play","On matchday squad, but did not play","On matchday squad, but did not play","On matchday squad, but did not play","On matchday squad, but did not play","On matchday squad, but did not play","On matchday squad, but did not play","On matchday squad, but did not play","On matchday squad, but did not play","On matchday squad, but did not play","On matchday squad, but did not play","On matchday squad, but did not play","On matchday squad, but did not play","On matchday squad, but did not play","On matchday squad, but did not play","On matchday squad, but did not play","On matchday squad, but did not play","On matchday squad, but did not play","On matchday squad, but did not play","On matchday squad, but did not play","On matchday squad, but did not play","On matchday squad, but did not play","On matchday squad, but did not play","On matchday squad, but did not play","On matchday squad, but did not play","On matchday squad, but did not play","On matchday squad, but did not play","On matchday squad, but did not play","On matchday squad, but did not play","On matchday squad, but did not play","On matchday squad, but did not play","On matchday squad, but did not play","On matchday squad, but did not play","On matchday squad, but did not play","On matchday squad, but did not play","On matchday squad, but did not play","On matchday squad, but did not play","On matchday squad, but did not play","On matchday squad, but did not play","On matchday squad, but did not play","On matchday squad, but did not play","On matchday squad, but did not play","On matchday squad, but did not play","On matchday squad, but did not play","On matchday squad, but did not play","On matchday squad, but did not play","On matchday squad, but did not play","On matchday squad, but did not play","On matchday squad, but did not play","On matchday squad, but did not play","On matchday squad, but did not play","On matchday squad, but did not play","On matchday squad, but did not play","On matchday squad, but did not play","On matchday squad, but did not play","On matchday squad, but did not play","On matchday squad, but did not play","On matchday squad, but did not play","On matchday squad, but did not play",Leicester City,Oliver-Skipp,6250083a
2024-12-08,Sun,Matchweek 15,Home,D 2–2,Leicester City,Brighton,N,DM,39,0,0,0,0,0,0,0,0,20,0,0,1,0.0,0.0,0.0,1,0,16,18,88.9,1,12,0,0,0,Match Report,16,18,88.9,251,41,7,9,77.8,9,9,100.0,0,0,,0,0.0,0.0,1,1,0,0,1,18,18,0,0,0,0,0,0,0,0,0,0,16,0,0,1,1,0,0,0,0,0,0,0,0,0,0,0,0,20,0,4,15,1,0,20,0,0,,0,,12,30,3,0,0,0,0,0,16,0,0,0,0,0,0,0,0,,0,1,0,1,0,0,0,0,Leicester City,Oliver-Skipp,6250083a
2024-12-14,Sat,Matchweek 16,Away,L 0–4,Leicester City,Newcastle Utd,Y,DM,90,0,0,0,0,1,0,1,0,62,1,2,0,0.0,0.0,0.0,0,0,46,53,86.8,0,42,1,0,0,Match Report,46,53,86.8,573,54,27,30,90.0,13,14,92.9,1,1,100.0,0,0.0,0.0,0,0,0,0,0,53,53,0,0,0,0,0,0,0,0,0,0,46,0,2,0,0,0,0,0,0,0,0,0,0,0,0,0,0,62,1,14,38,10,1,62,0,0,,0,,42,150,57,1,1,0,3,0,46,3,1,0,0,1,0,1,1,100.0,0,0,0,0,2,3,0,1,Leicester City,Oliver-Skipp,6250083a
2024-12-22,Sun,Matchweek 17,Home,L 0–3,Leicester City,Wolves,Y,DM,45,0,0,0,0,0,0,0,0,34,2,0,0,0.0,0.0,0.0,2,0,28,31,90.3,1,22,1,0,0,Match Report,28,31,90.3,488,122,12,13,92.3,14,15,93.3,2,2,100.0,0,0.0,0.0,2,5,0,0,1,31,30,1,1,0,0,1,0,0,0,0,0,28,0,1,2,1,1,0,0,0,0,0,0,0,0,0,0,0,34,1,7,26,2,0,34,0,0,,0,,22,110,58,1,0,0,0,0,27,2,2,0,0,2,0,0,0,,0,0,0,0,0,2,0,0,Leicester City,Oliver-Skipp,6250083a
2024-12-26,Thu,Matchweek 18,Away,L 1–3,Leicester City,Liverpool,N,DM,26,0,0,0,0,0,0,0,0,10,1,0,0,0.0,0.0,0.0,0,0,7,8,87.5,1,4,0,0,0,Match Report,7,8,87.5,128,30,2,2,100.0,5,5,100.0,0,1,0.0,0,0.0,0.0,0,0,0,0,1,8,8,0,0,0,0,0,0,0,0,0,0,7,0,0,0,0,0,0,0,0,0,0,0,0,0,0,0,0,10,3,6,4,0,0,10,0,0,,0,,4,12,9,0,0,0,0,0,8,0,1,0,1,0,0,0,0,,0,0,0,0,0,1,1,0,Leicester City,Oliver-Skipp,6250083a
2024-12-29,Sun,Matchweek 19,Home,L 0–2,Leicester City,Manchester City,N,"On matchday squad, but did not play","On matchday squad, but did not play","On matchday squad, but did not play","On matchday squad, but did not play","On matchday squad, but did not play","On matchday squad, but did not play","On matchday squad, but did not play","On matchday squad, but did not play","On matchday squad, but did not play","On matchday squad, but did not play","On matchday squad, but did not play","On matchday squad, but did not play","On matchday squad, but did not play","On matchday squad, but did not play","On matchday squad, but did not play","On matchday squad, but did not play","On matchday squad, but did not play","On matchday squad, but did not play","On matchday squad, but did not play","On matchday squad, but did not play","On matchday squad, but did not play","On matchday squad, but did not play","On matchday squad, but did not play","On matchday squad, but did not play","On matchday squad, but did not play","On matchday squad, but did not play","On matchday squad, but did not play",Match Report,"On matchday squad, but did not play","On matchday squad, but did not play","On matchday squad, but did not play","On matchday squad, but did not play","On matchday squad, but did not play","On matchday squad, but did not play","On matchday squad, but did not play","On matchday squad, but did not play","On matchday squad, but did not play","On matchday squad, but did not play","On matchday squad, but did not play","On matchday squad, but did not play","On matchday squad, but did not play","On matchday squad, but did not play","On matchday squad, but did not play","On matchday squad, but did not play","On matchday squad, but did not play","On matchday squad, but did not play","On matchday squad, but did not play","On matchday squad, but did not play","On matchday squad, but did not play","On matchday squad, but did not play","On matchday squad, but did not play","On matchday squad, but did not play","On matchday squad, but did not play","On matchday squad, but did not play","On matchday squad, but did not play","On matchday squad, but did not play","On matchday squad, but did not play","On matchday squad, but did not play","On matchday squad, but did not play","On matchday squad, but did not play","On matchday squad, but did not play","On matchday squad, but did not play","On matchday squad, but did not play","On matchday squad, but did not play","On matchday squad, but did not play","On matchday squad, but did not play","On matchday squad, but did not play","On matchday squad, but did not play","On matchday squad, but did not play","On matchday squad, but did not play","On matchday squad, but did not play","On matchday squad, but did not play","On matchday squad, but did not play","On matchday squad, but did not play","On matchday squad, but did not play","On matchday squad, but did not play","On matchday squad, but did not play","On matchday squad, but did not play","On matchday squad, but did not play","On matchday squad, but did not play","On matchday squad, but did not play","On matchday squad, but did not play","On matchday squad, but did not play","On matchday squad, but did not play","On matchday squad, but did not play","On matchday squad, but did not play","On matchday squad, but did not play","On matchday squad, but did not play","On matchday squad, but did not play","On matchday squad, but did not play","On matchday squad, but did not play","On matchday squad, but did not play","On matchday squad, but did not play","On matchday squad, but did not play","On matchday squad, but did not play","On matchday squad, but did not play","On matchday squad, but did not play","On matchday squad, but did not play","On matchday squad, but did not play","On matchday squad, but did not play","On matchday squad, but did not play","On matchday squad, but did not play","On matchday squad, but did not play","On matchday squad, but did not play","On matchday squad, but did not play","On matchday squad, but did not play","On matchday squad, but did not play","On matchday squad, but did not play","On matchday squad, but did not play","On matchday squad, but did not play","On matchday squad, but did not play","On matchday squad, but did not play","On matchday squad, but did not play","On matchday squad, but did not play","On matchday squad, but did not play","On matchday squad, but did not play","On matchday squad, but did not play",Leicester City,Oliver-Skipp,6250083a
2025-01-04,Sat,Matchweek 20,Away,L 1–2,Leicester City,Aston Villa,N,"On matchday squad, but did not play","On matchday squad, but did not play","On matchday squad, but did not play","On matchday squad, but did not play","On matchday squad, but did not play","On matchday squad, but did not play","On matchday squad, but did not play","On matchday squad, but did not play","On matchday squad, but did not play","On matchday squad, but did not play","On matchday squad, but did not play","On matchday squad, but did not play","On matchday squad, but did not play","On matchday squad, but did not play","On matchday squad, but did not play","On matchday squad, but did not play","On matchday squad, but did not play","On matchday squad, but did not play","On matchday squad, but did not play","On matchday squad, but did not play","On matchday squad, but did not play","On matchday squad, but did not play","On matchday squad, but did not play","On matchday squad, but did not play","On matchday squad, but did not play","On matchday squad, but did not play","On matchday squad, but did not play",Match Report,"On matchday squad, but did not play","On matchday squad, but did not play","On matchday squad, but did not play","On matchday squad, but did not play","On matchday squad, but did not play","On matchday squad, but did not play","On matchday squad, but did not play","On matchday squad, but did not play","On matchday squad, but did not play","On matchday squad, but did not play","On matchday squad, but did not play","On matchday squad, but did not play","On matchday squad, but did not play","On matchday squad, but did not play","On matchday squad, but did not play","On matchday squad, but did not play","On matchday squad, but did not play","On matchday squad, but did not play","On matchday squad, but did not play","On matchday squad, but did not play","On matchday squad, but did not play","On matchday squad, but did not play","On matchday squad, but did not play","On matchday squad, but did not play","On matchday squad, but did not play","On matchday squad, but did not play","On matchday squad, but did not play","On matchday squad, but did not play","On matchday squad, but did not play","On matchday squad, but did not play","On matchday squad, but did not play","On matchday squad, but did not play","On matchday squad, but did not play","On matchday squad, but did not play","On matchday squad, but did not play","On matchday squad, but did not play","On matchday squad, but did not play","On matchday squad, but did not play","On matchday squad, but did not play","On matchday squad, but did not play","On matchday squad, but did not play","On matchday squad, but did not play","On matchday squad, but did not play","On matchday squad, but did not play","On matchday squad, but did not play","On matchday squad, but did not play","On matchday squad, but did not play","On matchday squad, but did not play","On matchday squad, but did not play","On matchday squad, but did not play","On matchday squad, but did not play","On matchday squad, but did not play","On matchday squad, but did not play","On matchday squad, but did not play","On matchday squad, but did not play","On matchday squad, but did not play","On matchday squad, but did not play","On matchday squad, but did not play","On matchday squad, but did not play","On matchday squad, but did not play","On matchday squad, but did not play","On matchday squad, but did not play","On matchday squad, but did not play","On matchday squad, but did not play","On matchday squad, but did not play","On matchday squad, but did not play","On matchday squad, but did not play","On matchday squad, but did not play","On matchday squad, but did not play","On matchday squad, but did not play","On matchday squad, but did not play","On matchday squad, but did not play","On matchday squad, but did not play","On matchday squad, but did not play","On matchday squad, but did not play","On matchday squad, but did not play","On matchday squad, but did not play","On matchday squad, but did not play","On matchday squad, but did not play","On matchday squad, but did not play","On matchday squad, but did not play","On matchday squad, but did not play","On matchday squad, but did not play","On matchday squad, but did not play","On matchday squad, but did not play","On matchday squad, but did not play","On matchday squad, but did not play","On matchday squad, but did not play","On matchday squad, but did not play",Leicester City,Oliver-Skipp,6250083a
2025-01-15,Wed,Matchweek 21,Home,L 0–2,Leicester City,Crystal Palace,N,CM,25,0,0,0,0,0,0,0,0,21,2,0,1,0.0,0.0,0.0,1,0,15,17,88.2,2,6,0,0,0,Match Report,15,17,88.2,271,74,4,4,100.0,10,10,100.0,1,2,50.0,0,0.0,0.0,1,0,0,0,2,17,16,1,1,0,0,0,0,0,0,0,0,15,0,0,1,1,0,0,0,0,0,0,0,0,0,0,0,0,21,0,0,19,2,0,21,0,0,,0,,6,32,6,0,0,0,1,0,13,1,2,1,0,2,0,0,0,,0,1,0,1,0,2,0,0,Leicester City,Oliver-Skipp,6250083a
2025-01-18,Sat,Matchweek 22,Home,L 0–2,Leicester City,Fulham,N,DM,27,0,0,0,0,1,0,0,0,23,2,0,3,0.1,0.1,0.0,0,0,8,13,61.5,0,8,1,1,0,Match Report,8,13,61.5,110,13,4,7,57.1,3,4,75.0,0,0,,0,0.0,0.0,0,0,0,0,0,13,12,1,0,0,0,0,1,0,0,0,0,8,0,1,0,0,0,0,0,0,0,0,0,0,0,0,0,0,23,0,1,14,9,4,23,1,0,0.0,1,100.0,8,30,18,1,1,1,2,0,9,2,2,1,1,1,0,0,0,,0,3,0,3,0,2,0,0,Leicester City,Oliver-Skipp,6250083a
2025-01-26,Sun,Matchweek 23,Away,W 2–1,Leicester City,Tottenham,N,"CM,LW",5,0,0,0,0,0,0,0,0,4,0,0,1,0.0,0.0,0.0,0,0,0,3,0.0,0,1,0,0,0,Match Report,0,3,0.0,0,0,0,1,0.0,0,1,0.0,0,1,0.0,0,0.0,0.0,0,0,0,0,0,3,3,0,0,0,0,0,0,0,0,0,0,0,0,0,0,0,0,0,0,0,0,0,0,0,0,0,0,0,4,0,2,2,0,0,4,0,0,,0,,1,0,0,0,0,0,0,0,0,0,0,0,0,0,0,0,0,,0,1,0,1,0,0,1,0,Leicester City,Oliver-Skipp,6250083a
2025-02-01,Sat,Matchweek 24,Away,L 0–4,Leicester City,Everton,N,"On matchday squad, but did not play","On matchday squad, but did not play","On matchday squad, but did not play","On matchday squad, but did not play","On matchday squad, but did not play","On matchday squad, but did not play","On matchday squad, but did not play","On matchday squad, but did not play","On matchday squad, but did not play","On matchday squad, but did not play","On matchday squad, but did not play","On matchday squad, but did not play","On matchday squad, but did not play","On matchday squad, but did not play","On matchday squad, but did not play","On matchday squad, but did not play","On matchday squad, but did not play","On matchday squad, but did not play","On matchday squad, but did not play","On matchday squad, but did not play","On matchday squad, but did not play","On matchday squad, but did not play","On matchday squad, but did not play","On matchday squad, but did not play","On matchday squad, but did not play","On matchday squad, but did not play","On matchday squad, but did not play",Match Report,"On matchday squad, but did not play","On matchday squad, but did not play","On matchday squad, but did not play","On matchday squad, but did not play","On matchday squad, but did not play","On matchday squad, but did not play","On matchday squad, but did not play","On matchday squad, but did not play","On matchday squad, but did not play","On matchday squad, but did not play","On matchday squad, but did not play","On matchday squad, but did not play","On matchday squad, but did not play","On matchday squad, but did not play","On matchday squad, but did not play","On matchday squad, but did not play","On matchday squad, but did not play","On matchday squad, but did not play","On matchday squad, but did not play","On matchday squad, but did not play","On matchday squad, but did not play","On matchday squad, but did not play","On matchday squad, but did not play","On matchday squad, but did not play","On matchday squad, but did not play","On matchday squad, but did not play","On matchday squad, but did not play","On matchday squad, but did not play","On matchday squad, but did not play","On matchday squad, but did not play","On matchday squad, but did not play","On matchday squad, but did not play","On matchday squad, but did not play","On matchday squad, but did not play","On matchday squad, but did not play","On matchday squad, but did not play","On matchday squad, but did not play","On matchday squad, but did not play","On matchday squad, but did not play","On matchday squad, but did not play","On matchday squad, but did not play","On matchday squad, but did not play","On matchday squad, but did not play","On matchday squad, but did not play","On matchday squad, but did not play","On matchday squad, but did not play","On matchday squad, but did not play","On matchday squad, but did not play","On matchday squad, but did not play","On matchday squad, but did not play","On matchday squad, but did not play","On matchday squad, but did not play","On matchday squad, but did not play","On matchday squad, but did not play","On matchday squad, but did not play","On matchday squad, but did not play","On matchday squad, but did not play","On matchday squad, but did not play","On matchday squad, but did not play","On matchday squad, but did not play","On matchday squad, but did not play","On matchday squad, but did not play","On matchday squad, but did not play","On matchday squad, but did not play","On matchday squad, but did not play","On matchday squad, but did not play","On matchday squad, but did not play","On matchday squad, but did not play","On matchday squad, but did not play","On matchday squad, but did not play","On matchday squad, but did not play","On matchday squad, but did not play","On matchday squad, but did not play","On matchday squad, but did not play","On matchday squad, but did not play","On matchday squad, but did not play","On matchday squad, but did not play","On matchday squad, but did not play","On matchday squad, but did not play","On matchday squad, but did not play","On matchday squad, but did not play","On matchday squad, but did not play","On matchday squad, but did not play","On matchday squad, but did not play","On matchday squad, but did not play","On matchday squad, but did not play","On matchday squad, but did not play","On matchday squad, but did not play","On matchday squad, but did not play",Leicester City,Oliver-Skipp,6250083a
2025-02-15,Sat,Matchweek 25,Home,L 0–2,Leicester City,Arsenal,N,"On matchday squad, but did not play","On matchday squad, but did not play","On matchday squad, but did not play","On matchday squad, but did not play","On matchday squad, but did not play","On matchday squad, but did not play","On matchday squad, but did not play","On matchday squad, but did not play","On matchday squad, but did not play","On matchday squad, but did not play","On matchday squad, but did not play","On matchday squad, but did not play","On matchday squad, but did not play","On matchday squad, but did not play","On matchday squad, but did not play","On matchday squad, but did not play","On matchday squad, but did not play","On matchday squad, but did not play","On matchday squad, but did not play","On matchday squad, but did not play","On matchday squad, but did not play","On matchday squad, but did not play","On matchday squad, but did not play","On matchday squad, but did not play","On matchday squad, but did not play","On matchday squad, but did not play","On matchday squad, but did not play",Match Report,"On matchday squad, but did not play","On matchday squad, but did not play","On matchday squad, but did not play","On matchday squad, but did not play","On matchday squad, but did not play","On matchday squad, but did not play","On matchday squad, but did not play","On matchday squad, but did not play","On matchday squad, but did not play","On matchday squad, but did not play","On matchday squad, but did not play","On matchday squad, but did not play","On matchday squad, but did not play","On matchday squad, but did not play","On matchday squad, but did not play","On matchday squad, but did not play","On matchday squad, but did not play","On matchday squad, but did not play","On matchday squad, but did not play","On matchday squad, but did not play","On matchday squad, but did not play","On matchday squad, but did not play","On matchday squad, but did not play","On matchday squad, but did not play","On matchday squad, but did not play","On matchday squad, but did not play","On matchday squad, but did not play","On matchday squad, but did not play","On matchday squad, but did not play","On matchday squad, but did not play","On matchday squad, but did not play","On matchday squad, but did not play","On matchday squad, but did not play","On matchday squad, but did not play","On matchday squad, but did not play","On matchday squad, but did not play","On matchday squad, but did not play","On matchday squad, but did not play","On matchday squad, but did not play","On matchday squad, but did not play","On matchday squad, but did not play","On matchday squad, but did not play","On matchday squad, but did not play","On matchday squad, but did not play","On matchday squad, but did not play","On matchday squad, but did not play","On matchday squad, but did not play","On matchday squad, but did not play","On matchday squad, but did not play","On matchday squad, but did not play","On matchday squad, but did not play","On matchday squad, but did not play","On matchday squad, but did not play","On matchday squad, but did not play","On matchday squad, but did not play","On matchday squad, but did not play","On matchday squad, but did not play","On matchday squad, but did not play","On matchday squad, but did not play","On matchday squad, but did not play","On matchday squad, but did not play","On matchday squad, but did not play","On matchday squad, but did not play","On matchday squad, but did not play","On matchday squad, but did not play","On matchday squad, but did not play","On matchday squad, but did not play","On matchday squad, but did not play","On matchday squad, but did not play","On matchday squad, but did not play","On matchday squad, but did not play","On matchday squad, but did not play","On matchday squad, but did not play","On matchday squad, but did not play","On matchday squad, but did not play","On matchday squad, but did not play","On matchday squad, but did not play","On matchday squad, but did not play","On matchday squad, but did not play","On matchday squad, but did not play","On matchday squad, but did not play","On matchday squad, but did not play","On matchday squad, but did not play","On matchday squad, but did not play","On matchday squad, but did not play","On matchday squad, but did not play","On matchday squad, but did not play","On matchday squad, but did not play","On matchday squad, but did not play",Leicester City,Oliver-Skipp,6250083a
2025-02-21,Fri,Matchweek 26,Home,L 0–4,Leicester City,Brentford,N,DM,14,0,0,0,0,0,0,0,0,8,0,0,0,0.0,0.0,0.0,1,0,6,8,75.0,1,8,1,0,0,Match Report,6,8,75.0,91,44,3,4,75.0,3,3,100.0,0,1,0.0,0,0.0,0.0,0,1,0,0,1,8,8,0,0,0,0,1,0,0,0,0,0,6,0,0,1,1,0,0,0,0,0,0,0,0,0,0,0,0,8,0,1,5,2,1,8,0,0,,0,,8,20,11,1,0,1,0,0,7,1,0,0,0,0,0,0,0,,0,0,0,0,0,0,0,0,Leicester City,Oliver-Skipp,6250083a
2025-02-27,Thu,Matchweek 27,Away,L 0–2,Leicester City,West Ham,N,"On matchday squad, but did not play","On matchday squad, but did not play","On matchday squad, but did not play","On matchday squad, but did not play","On matchday squad, but did not play","On matchday squad, but did not play","On matchday squad, but did not play","On matchday squad, but did not play","On matchday squad, but did not play","On matchday squad, but did not play","On matchday squad, but did not play","On matchday squad, but did not play","On matchday squad, but did not play","On matchday squad, but did not play","On matchday squad, but did not play","On matchday squad, but did not play","On matchday squad, but did not play","On matchday squad, but did not play","On matchday squad, but did not play","On matchday squad, but did not play","On matchday squad, but did not play","On matchday squad, but did not play","On matchday squad, but did not play","On matchday squad, but did not play","On matchday squad, but did not play","On matchday squad, but did not play","On matchday squad, but did not play",Match Report,"On matchday squad, but did not play","On matchday squad, but did not play","On matchday squad, but did not play","On matchday squad, but did not play","On matchday squad, but did not play","On matchday squad, but did not play","On matchday squad, but did not play","On matchday squad, but did not play","On matchday squad, but did not play","On matchday squad, but did not play","On matchday squad, but did not play","On matchday squad, but did not play","On matchday squad, but did not play","On matchday squad, but did not play","On matchday squad, but did not play","On matchday squad, but did not play","On matchday squad, but did not play","On matchday squad, but did not play","On matchday squad, but did not play","On matchday squad, but did not play","On matchday squad, but did not play","On matchday squad, but did not play","On matchday squad, but did not play","On matchday squad, but did not play","On matchday squad, but did not play","On matchday squad, but did not play","On matchday squad, but did not play","On matchday squad, but did not play","On matchday squad, but did not play","On matchday squad, but did not play","On matchday squad, but did not play","On matchday squad, but did not play","On matchday squad, but did not play","On matchday squad, but did not play","On matchday squad, but did not play","On matchday squad, but did not play","On matchday squad, but did not play","On matchday squad, but did not play","On matchday squad, but did not play","On matchday squad, but did not play","On matchday squad, but did not play","On matchday squad, but did not play","On matchday squad, but did not play","On matchday squad, but did not play","On matchday squad, but did not play","On matchday squad, but did not play","On matchday squad, but did not play","On matchday squad, but did not play","On matchday squad, but did not play","On matchday squad, but did not play","On matchday squad, but did not play","On matchday squad, but did not play","On matchday squad, but did not play","On matchday squad, but did not play","On matchday squad, but did not play","On matchday squad, but did not play","On matchday squad, but did not play","On matchday squad, but did not play","On matchday squad, but did not play","On matchday squad, but did not play","On matchday squad, but did not play","On matchday squad, but did not play","On matchday squad, but did not play","On matchday squad, but did not play","On matchday squad, but did not play","On matchday squad, but did not play","On matchday squad, but did not play","On matchday squad, but did not play","On matchday squad, but did not play","On matchday squad, but did not play","On matchday squad, but did not play","On matchday squad, but did not play","On matchday squad, but did not play","On matchday squad, but did not play","On matchday squad, but did not play","On matchday squad, but did not play","On matchday squad, but did not play","On matchday squad, but did not play","On matchday squad, but did not play","On matchday squad, but did not play","On matchday squad, but did not play","On matchday squad, but did not play","On matchday squad, but did not play","On matchday squad, but did not play","On matchday squad, but did not play","On matchday squad, but did not play","On matchday squad, but did not play","On matchday squad, but did not play","On matchday squad, but did not play",Leicester City,Oliver-Skipp,6250083a
2025-04-02,Wed,Matchweek 30,Away,L 0–2,Leicester City,Manchester City,N,CM,45,0,0,0,0,0,0,1,0,9,0,0,0,0.0,0.0,0.0,0,0,6,8,75.0,0,3,0,0,0,Match Report,6,8,75.0,115,4,3,4,75.0,1,1,100.0,2,2,100.0,0,0.0,0.0,0,0,0,0,0,8,8,0,0,0,0,0,0,0,0,0,0,6,0,0,0,0,0,0,0,0,0,0,0,0,0,0,0,0,9,1,3,6,0,0,9,0,0,,0,,3,4,3,0,0,0,0,0,7,0,0,0,0,0,0,0,2,0.0,2,0,0,0,0,0,0,0,Leicester City,Oliver-Skipp,6250083a
2025-04-07,Mon,Matchweek 31,Home,L 0–3,Leicester City,Newcastle Utd,N,"On matchday squad, but did not play","On matchday squad, but did not play","On matchday squad, but did not play","On matchday squad, but did not play","On matchday squad, but did not play","On matchday squad, but did not play","On matchday squad, but did not play","On matchday squad, but did not play","On matchday squad, but did not play","On matchday squad, but did not play","On matchday squad, but did not play","On matchday squad, but did not play","On matchday squad, but did not play","On matchday squad, but did not play","On matchday squad, but did not play","On matchday squad, but did not play","On matchday squad, but did not play","On matchday squad, but did not play","On matchday squad, but did not play","On matchday squad, but did not play","On matchday squad, but did not play","On matchday squad, but did not play","On matchday squad, but did not play","On matchday squad, but did not play","On matchday squad, but did not play","On matchday squad, but did not play","On matchday squad, but did not play",Match Report,"On matchday squad, but did not play","On matchday squad, but did not play","On matchday squad, but did not play","On matchday squad, but did not play","On matchday squad, but did not play","On matchday squad, but did not play","On matchday squad, but did not play","On matchday squad, but did not play","On matchday squad, but did not play","On matchday squad, but did not play","On matchday squad, but did not play","On matchday squad, but did not play","On matchday squad, but did not play","On matchday squad, but did not play","On matchday squad, but did not play","On matchday squad, but did not play","On matchday squad, but did not play","On matchday squad, but did not play","On matchday squad, but did not play","On matchday squad, but did not play","On matchday squad, but did not play","On matchday squad, but did not play","On matchday squad, but did not play","On matchday squad, but did not play","On matchday squad, but did not play","On matchday squad, but did not play","On matchday squad, but did not play","On matchday squad, but did not play","On matchday squad, but did not play","On matchday squad, but did not play","On matchday squad, but did not play","On matchday squad, but did not play","On matchday squad, but did not play","On matchday squad, but did not play","On matchday squad, but did not play","On matchday squad, but did not play","On matchday squad, but did not play","On matchday squad, but did not play","On matchday squad, but did not play","On matchday squad, but did not play","On matchday squad, but did not play","On matchday squad, but did not play","On matchday squad, but did not play","On matchday squad, but did not play","On matchday squad, but did not play","On matchday squad, but did not play","On matchday squad, but did not play","On matchday squad, but did not play","On matchday squad, but did not play","On matchday squad, but did not play","On matchday squad, but did not play","On matchday squad, but did not play","On matchday squad, but did not play","On matchday squad, but did not play","On matchday squad, but did not play","On matchday squad, but did not play","On matchday squad, but did not play","On matchday squad, but did not play","On matchday squad, but did not play","On matchday squad, but did not play","On matchday squad, but did not play","On matchday squad, but did not play","On matchday squad, but did not play","On matchday squad, but did not play","On matchday squad, but did not play","On matchday squad, but did not play","On matchday squad, but did not play","On matchday squad, but did not play","On matchday squad, but did not play","On matchday squad, but did not play","On matchday squad, but did not play","On matchday squad, but did not play","On matchday squad, but did not play","On matchday squad, but did not play","On matchday squad, but did not play","On matchday squad, but did not play","On matchday squad, but did not play","On matchday squad, but did not play","On matchday squad, but did not play","On matchday squad, but did not play","On matchday squad, but did not play","On matchday squad, but did not play","On matchday squad, but did not play","On matchday squad, but did not play","On matchday squad, but did not play","On matchday squad, but did not play","On matchday squad, but did not play","On matchday squad, but did not play","On matchday squad, but did not play",Leicester City,Oliver-Skipp,6250083a
2025-04-12,Sat,Matchweek 32,Away,D 2–2,Leicester City,Brighton,N,DM,30,0,0,0,0,0,0,1,0,18,0,0,0,0.0,0.0,0.1,3,0,14,17,82.4,2,12,1,1,1,Match Report,14,17,82.4,158,41,11,12,91.7,2,2,100.0,0,1,0.0,0,0.1,0.0,1,4,0,0,2,17,17,0,0,0,0,0,0,0,0,0,0,14,0,1,3,3,0,0,0,0,0,0,0,0,0,0,0,0,18,0,1,7,10,1,18,1,1,100.0,0,0.0,12,74,23,1,0,1,1,0,11,3,0,0,0,0,0,0,0,,0,0,0,0,0,0,0,0,Leicester City,Oliver-Skipp,6250083a
2025-04-20,Sun,Matchweek 33,Home,L 0–1,Leicester City,Liverpool,N,DM,8,0,0,0,0,0,0,0,0,6,0,0,1,0.0,0.0,0.0,0,0,1,4,25.0,0,4,0,0,0,Match Report,1,4,25.0,3,0,0,1,0.0,0,0,,0,0,,0,0.0,0.0,0,0,0,0,0,4,4,0,0,0,0,1,0,0,0,0,0,1,0,0,0,0,0,0,0,0,0,0,0,0,0,0,0,0,6,0,2,2,2,0,6,0,0,,0,,4,13,6,0,0,0,0,0,4,1,0,0,0,0,0,0,0,,0,1,0,1,0,0,0,0,Leicester City,Oliver-Skipp,6250083a
2025-04-26,Sat,Matchweek 34,Away,L 0–3,Leicester City,Wolves,N,DM,45,0,0,0,0,1,0,1,0,38,3,1,0,0.0,0.0,0.0,0,0,32,33,97.0,4,25,0,1,1,Match Report,32,33,97.0,561,162,13,14,92.9,14,14,100.0,2,2,100.0,0,0.0,0.0,0,0,0,0,4,33,33,0,0,0,0,0,0,0,0,0,0,32,0,0,0,0,0,0,0,0,0,0,0,0,0,0,0,0,38,1,5,26,7,0,38,1,1,100.0,0,0.0,25,101,41,0,0,0,0,0,31,0,3,0,0,1,2,2,3,66.7,1,0,0,0,1,4,0,0,Leicester City,Oliver-Skipp,6250083a
2025-05-03,Sat,Matchweek 35,Home,W 2–0,Leicester City,Southampton,Y,"DM,AM",89,0,0,0,0,0,0,1,0,54,3,1,2,0.0,0.0,0.0,0,0,40,45,88.9,2,26,1,0,0,Match Report,40,45,88.9,626,103,21,22,95.5,18,19,94.7,1,3,33.3,0,0.0,0.0,0,2,0,0,2,45,45,0,0,0,0,1,0,0,0,0,0,40,0,1,0,0,0,0,0,0,0,0,0,0,0,0,0,0,54,1,10,34,10,0,54,0,0,,0,,26,112,53,1,0,0,0,0,40,1,3,0,1,2,0,1,1,100.0,0,2,1,1,1,4,0,0,Leicester City,Oliver-Skipp,6250083a
2025-05-11,Sun,Matchweek 36,Away,D 2–2,Leicester City,Nott'ham Forest,Y,DM,59,0,0,0,0,0,0,0,0,25,0,0,2,0.0,0.0,0.0,1,0,16,20,80.0,3,15,0,1,1,Match Report,16,20,80.0,281,73,7,9,77.8,7,8,87.5,1,2,50.0,0,0.0,0.0,0,0,0,0,3,20,20,0,0,0,0,0,0,0,0,0,0,16,0,0,1,1,0,0,0,0,0,0,0,0,0,0,0,0,25,3,12,12,1,1,25,1,1,100.0,0,0.0,15,49,8,0,0,0,0,2,16,0,0,0,0,0,0,0,0,,0,2,2,0,0,0,1,1,Leicester City,Oliver-Skipp,6250083a
2025-05-18,Sun,Matchweek 37,Home,W 2–0,Leicester City,Ipswich Town,N,DM,3,0,0,0,0,0,0,0,0,1,0,0,0,0.0,0.0,0.0,0,0,1,1,100.0,0,0,0,0,0,Match Report,1,1,100.0,16,0,0,0,,1,1,100.0,0,0,,0,0.0,0.0,0,0,0,0,0,1,1,0,0,0,0,0,0,0,0,0,0,1,0,0,0,0,0,0,0,0,0,0,0,0,0,0,0,0,1,0,1,0,0,0,1,0,0,,0,,0,0,0,0,0,0,0,0,1,0,0,0,0,0,0,0,0,,0,0,0,0,0,0,0,0,Leicester City,Oliver-Skipp,6250083a
2025-05-25,Sun,Matchweek 38,Away,L 0–2,Leicester City,Bournemouth,Y,DM,71,0,0,0,0,1,0,0,0,29,1,1,4,0.2,0.2,0.0,0,0,10,20,50.0,1,11,0,0,0,Match Report,10,20,50.0,137,36,6,11,54.5,2,5,40.0,1,2,50.0,0,0.0,0.0,0,2,0,0,1,20,20,0,0,0,0,0,0,0,0,0,0,10,0,1,0,0,0,0,0,0,0,0,0,0,0,0,0,0,29,2,7,21,1,1,29,0,0,,0,,11,32,7,0,0,0,1,0,12,0,1,0,1,0,0,0,0,,0,4,1,3,1,2,0,0,Leicester City,Oliver-Skipp,6250083a
2024-12-26,Thu,Matchweek 18,Away,L 1–3,Leicester City,Liverpool,Y,GK,90,0,0,0,0,0,0,0,0,49,1,0,0,0.0,0.0,0.0,0,0,31,44,70.5,0,17,0,0,0,Match Report,31,44,70.5,966,737,7,7,100.0,9,10,90.0,15,27,55.6,0,0.0,0.0,0,0,0,0,0,44,27,17,6,0,0,0,0,0,0,0,0,31,0,0,0,0,0,0,0,0,0,0,0,0,0,0,0,0,49,40,49,0,0,0,49,0,0,,0,,17,100,85,0,0,0,1,0,20,0,1,0,1,0,0,0,0,,0,0,0,0,0,1,2,0,Leicester City,Jakub-Stolarczyk,a4a76b3d
2024-12-29,Sun,Matchweek 19,Home,L 0–2,Leicester City,Manchester City,Y,GK,90,0,0,0,0,0,0,0,0,39,0,0,0,0.0,0.0,0.0,0,0,30,37,81.1,0,24,0,0,0,Match Report,30,37,81.1,576,323,13,13,100.0,11,11,100.0,5,12,41.7,0,0.0,0.0,0,0,0,0,0,37,29,8,1,0,0,0,0,0,0,0,0,30,0,0,0,0,0,0,0,0,0,0,0,0,0,0,0,0,39,33,39,0,0,0,39,0,0,,0,,24,81,56,0,0,0,0,0,26,0,0,0,0,0,0,0,0,,0,0,0,0,0,0,0,0,Leicester City,Jakub-Stolarczyk,a4a76b3d
2025-01-04,Sat,Matchweek 20,Away,L 1–2,Leicester City,Aston Villa,Y,GK,90,0,0,0,0,0,0,0,0,31,0,0,0,0.0,0.0,0.0,0,0,18,29,62.1,1,23,0,0,0,Match Report,18,29,62.1,465,348,7,7,100.0,4,4,100.0,7,18,38.9,0,0.0,0.0,0,1,0,0,1,29,24,5,5,0,0,0,0,0,0,0,0,18,0,0,0,0,0,0,0,0,0,0,0,0,0,0,0,0,31,18,28,3,0,0,31,0,0,,0,,23,99,75,0,0,0,0,0,19,0,0,0,0,0,0,0,0,,0,0,0,0,0,0,0,0,Leicester City,Jakub-Stolarczyk,a4a76b3d
2025-01-15,Wed,Matchweek 21,Home,L 0–2,Leicester City,Crystal Palace,Y,GK,90,0,0,0,0,0,0,0,0,40,0,0,0,0.0,0.0,0.0,0,0,32,38,84.2,0,19,0,0,0,Match Report,32,38,84.2,770,626,10,10,100.0,13,13,100.0,9,15,60.0,0,0.0,0.0,0,0,0,0,0,38,35,3,1,0,0,0,0,0,0,0,0,32,0,0,0,0,0,0,0,0,0,0,0,0,0,0,0,0,40,29,40,0,0,0,40,0,0,,0,,19,60,40,0,0,0,0,0,28,0,0,0,0,0,0,0,1,0.0,1,0,0,0,0,0,0,0,Leicester City,Jakub-Stolarczyk,a4a76b3d
2025-01-18,Sat,Matchweek 22,Home,L 0–2,Leicester City,Fulham,Y,GK,90,0,0,0,0,0,0,0,0,36,0,0,0,0.0,0.0,0.0,0,0,21,36,58.3,0,21,0,0,0,Match Report,21,36,58.3,606,483,6,6,100.0,7,7,100.0,8,23,34.8,0,0.0,0.0,0,1,0,0,0,36,27,9,3,0,0,0,0,0,0,0,0,21,0,0,0,0,0,0,0,0,0,0,0,0,0,0,0,0,36,24,35,1,0,0,36,0,0,,0,,21,137,92,0,0,0,0,0,20,0,0,0,0,0,0,0,0,,0,0,0,0,0,0,0,0,Leicester City,Jakub-Stolarczyk,a4a76b3d
2025-01-26,Sun,Matchweek 23,Away,W 2–1,Leicester City,Tottenham,Y,GK,90,0,0,0,0,0,0,1,0,46,1,0,0,0.0,0.0,0.0,0,0,20,40,50.0,0,26,0,0,0,Match Report,20,40,50.0,793,728,4,4,100.0,2,2,100.0,14,34,41.2,0,0.0,0.0,0,0,0,0,0,40,26,14,7,0,0,0,0,0,0,0,0,20,0,0,0,0,0,0,0,0,0,0,0,0,0,0,0,0,46,35,45,2,0,0,46,0,0,,0,,26,115,48,0,0,0,0,0,18,0,1,1,1,0,0,1,1,100.0,0,0,0,0,0,1,3,0,Leicester City,Jakub-Stolarczyk,a4a76b3d
2025-02-01,Sat,Matchweek 24,Away,L 0–4,Leicester City,Everton,N,"On matchday squad, but did not play","On matchday squad, but did not play","On matchday squad, but did not play","On matchday squad, but did not play","On matchday squad, but did not play","On matchday squad, but did not play","On matchday squad, but did not play","On matchday squad, but did not play","On matchday squad, but did not play","On matchday squad, but did not play","On matchday squad, but did not play","On matchday squad, but did not play","On matchday squad, but did not play","On matchday squad, but did not play","On matchday squad, but did not play","On matchday squad, but did not play","On matchday squad, but did not play","On matchday squad, but did not play","On matchday squad, but did not play","On matchday squad, but did not play","On matchday squad, but did not play","On matchday squad, but did not play","On matchday squad, but did not play","On matchday squad, but did not play","On matchday squad, but did not play","On matchday squad, but did not play","On matchday squad, but did not play",Match Report,"On matchday squad, but did not play","On matchday squad, but did not play","On matchday squad, but did not play","On matchday squad, but did not play","On matchday squad, but did not play","On matchday squad, but did not play","On matchday squad, but did not play","On matchday squad, but did not play","On matchday squad, but did not play","On matchday squad, but did not play","On matchday squad, but did not play","On matchday squad, but did not play","On matchday squad, but did not play","On matchday squad, but did not play","On matchday squad, but did not play","On matchday squad, but did not play","On matchday squad, but did not play","On matchday squad, but did not play","On matchday squad, but did not play","On matchday squad, but did not play","On matchday squad, but did not play","On matchday squad, but did not play","On matchday squad, but did not play","On matchday squad, but did not play","On matchday squad, but did not play","On matchday squad, but did not play","On matchday squad, but did not play","On matchday squad, but did not play","On matchday squad, but did not play","On matchday squad, but did not play","On matchday squad, but did not play","On matchday squad, but did not play","On matchday squad, but did not play","On matchday squad, but did not play","On matchday squad, but did not play","On matchday squad, but did not play","On matchday squad, but did not play","On matchday squad, but did not play","On matchday squad, but did not play","On matchday squad, but did not play","On matchday squad, but did not play","On matchday squad, but did not play","On matchday squad, but did not play","On matchday squad, but did not play","On matchday squad, but did not play","On matchday squad, but did not play","On matchday squad, but did not play","On matchday squad, but did not play","On matchday squad, but did not play","On matchday squad, but did not play","On matchday squad, but did not play","On matchday squad, but did not play","On matchday squad, but did not play","On matchday squad, but did not play","On matchday squad, but did not play","On matchday squad, but did not play","On matchday squad, but did not play","On matchday squad, but did not play","On matchday squad, but did not play","On matchday squad, but did not play","On matchday squad, but did not play","On matchday squad, but did not play","On matchday squad, but did not play","On matchday squad, but did not play","On matchday squad, but did not play","On matchday squad, but did not play","On matchday squad, but did not play","On matchday squad, but did not play","On matchday squad, but did not play","On matchday squad, but did not play","On matchday squad, but did not play","On matchday squad, but did not play","On matchday squad, but did not play","On matchday squad, but did not play","On matchday squad, but did not play","On matchday squad, but did not play","On matchday squad, but did not play","On matchday squad, but did not play","On matchday squad, but did not play","On matchday squad, but did not play","On matchday squad, but did not play","On matchday squad, but did not play","On matchday squad, but did not play","On matchday squad, but did not play","On matchday squad, but did not play","On matchday squad, but did not play","On matchday squad, but did not play","On matchday squad, but did not play","On matchday squad, but did not play",Leicester City,Jakub-Stolarczyk,a4a76b3d
2025-02-15,Sat,Matchweek 25,Home,L 0–2,Leicester City,Arsenal,N,"On matchday squad, but did not play","On matchday squad, but did not play","On matchday squad, but did not play","On matchday squad, but did not play","On matchday squad, but did not play","On matchday squad, but did not play","On matchday squad, but did not play","On matchday squad, but did not play","On matchday squad, but did not play","On matchday squad, but did not play","On matchday squad, but did not play","On matchday squad, but did not play","On matchday squad, but did not play","On matchday squad, but did not play","On matchday squad, but did not play","On matchday squad, but did not play","On matchday squad, but did not play","On matchday squad, but did not play","On matchday squad, but did not play","On matchday squad, but did not play","On matchday squad, but did not play","On matchday squad, but did not play","On matchday squad, but did not play","On matchday squad, but did not play","On matchday squad, but did not play","On matchday squad, but did not play","On matchday squad, but did not play",Match Report,"On matchday squad, but did not play","On matchday squad, but did not play","On matchday squad, but did not play","On matchday squad, but did not play","On matchday squad, but did not play","On matchday squad, but did not play","On matchday squad, but did not play","On matchday squad, but did not play","On matchday squad, but did not play","On matchday squad, but did not play","On matchday squad, but did not play","On matchday squad, but did not play","On matchday squad, but did not play","On matchday squad, but did not play","On matchday squad, but did not play","On matchday squad, but did not play","On matchday squad, but did not play","On matchday squad, but did not play","On matchday squad, but did not play","On matchday squad, but did not play","On matchday squad, but did not play","On matchday squad, but did not play","On matchday squad, but did not play","On matchday squad, but did not play","On matchday squad, but did not play","On matchday squad, but did not play","On matchday squad, but did not play","On matchday squad, but did not play","On matchday squad, but did not play","On matchday squad, but did not play","On matchday squad, but did not play","On matchday squad, but did not play","On matchday squad, but did not play","On matchday squad, but did not play","On matchday squad, but did not play","On matchday squad, but did not play","On matchday squad, but did not play","On matchday squad, but did not play","On matchday squad, but did not play","On matchday squad, but did not play","On matchday squad, but did not play","On matchday squad, but did not play","On matchday squad, but did not play","On matchday squad, but did not play","On matchday squad, but did not play","On matchday squad, but did not play","On matchday squad, but did not play","On matchday squad, but did not play","On matchday squad, but did not play","On matchday squad, but did not play","On matchday squad, but did not play","On matchday squad, but did not play","On matchday squad, but did not play","On matchday squad, but did not play","On matchday squad, but did not play","On matchday squad, but did not play","On matchday squad, but did not play","On matchday squad, but did not play","On matchday squad, but did not play","On matchday squad, but did not play","On matchday squad, but did not play","On matchday squad, but did not play","On matchday squad, but did not play","On matchday squad, but did not play","On matchday squad, but did not play","On matchday squad, but did not play","On matchday squad, but did not play","On matchday squad, but did not play","On matchday squad, but did not play","On matchday squad, but did not play","On matchday squad, but did not play","On matchday squad, but did not play","On matchday squad, but did not play","On matchday squad, but did not play","On matchday squad, but did not play","On matchday squad, but did not play","On matchday squad, but did not play","On matchday squad, but did not play","On matchday squad, but did not play","On matchday squad, but did not play","On matchday squad, but did not play","On matchday squad, but did not play","On matchday squad, but did not play","On matchday squad, but did not play","On matchday squad, but did not play","On matchday squad, but did not play","On matchday squad, but did not play","On matchday squad, but did not play","On matchday squad, but did not play",Leicester City,Jakub-Stolarczyk,a4a76b3d
2025-02-21,Fri,Matchweek 26,Home,L 0–4,Leicester City,Brentford,N,"On matchday squad, but did not play","On matchday squad, but did not play","On matchday squad, but did not play","On matchday squad, but did not play","On matchday squad, but did not play","On matchday squad, but did not play","On matchday squad, but did not play","On matchday squad, but did not play","On matchday squad, but did not play","On matchday squad, but did not play","On matchday squad, but did not play","On matchday squad, but did not play","On matchday squad, but did not play","On matchday squad, but did not play","On matchday squad, but did not play","On matchday squad, but did not play","On matchday squad, but did not play","On matchday squad, but did not play","On matchday squad, but did not play","On matchday squad, but did not play","On matchday squad, but did not play","On matchday squad, but did not play","On matchday squad, but did not play","On matchday squad, but did not play","On matchday squad, but did not play","On matchday squad, but did not play","On matchday squad, but did not play",Match Report,"On matchday squad, but did not play","On matchday squad, but did not play","On matchday squad, but did not play","On matchday squad, but did not play","On matchday squad, but did not play","On matchday squad, but did not play","On matchday squad, but did not play","On matchday squad, but did not play","On matchday squad, but did not play","On matchday squad, but did not play","On matchday squad, but did not play","On matchday squad, but did not play","On matchday squad, but did not play","On matchday squad, but did not play","On matchday squad, but did not play","On matchday squad, but did not play","On matchday squad, but did not play","On matchday squad, but did not play","On matchday squad, but did not play","On matchday squad, but did not play","On matchday squad, but did not play","On matchday squad, but did not play","On matchday squad, but did not play","On matchday squad, but did not play","On matchday squad, but did not play","On matchday squad, but did not play","On matchday squad, but did not play","On matchday squad, but did not play","On matchday squad, but did not play","On matchday squad, but did not play","On matchday squad, but did not play","On matchday squad, but did not play","On matchday squad, but did not play","On matchday squad, but did not play","On matchday squad, but did not play","On matchday squad, but did not play","On matchday squad, but did not play","On matchday squad, but did not play","On matchday squad, but did not play","On matchday squad, but did not play","On matchday squad, but did not play","On matchday squad, but did not play","On matchday squad, but did not play","On matchday squad, but did not play","On matchday squad, but did not play","On matchday squad, but did not play","On matchday squad, but did not play","On matchday squad, but did not play","On matchday squad, but did not play","On matchday squad, but did not play","On matchday squad, but did not play","On matchday squad, but did not play","On matchday squad, but did not play","On matchday squad, but did not play","On matchday squad, but did not play","On matchday squad, but did not play","On matchday squad, but did not play","On matchday squad, but did not play","On matchday squad, but did not play","On matchday squad, but did not play","On matchday squad, but did not play","On matchday squad, but did not play","On matchday squad, but did not play","On matchday squad, but did not play","On matchday squad, but did not play","On matchday squad, but did not play","On matchday squad, but did not play","On matchday squad, but did not play","On matchday squad, but did not play","On matchday squad, but did not play","On matchday squad, but did not play","On matchday squad, but did not play","On matchday squad, but did not play","On matchday squad, but did not play","On matchday squad, but did not play","On matchday squad, but did not play","On matchday squad, but did not play","On matchday squad, but did not play","On matchday squad, but did not play","On matchday squad, but did not play","On matchday squad, but did not play","On matchday squad, but did not play","On matchday squad, but did not play","On matchday squad, but did not play","On matchday squad, but did not play","On matchday squad, but did not play","On matchday squad, but did not play","On matchday squad, but did not play","On matchday squad, but did not play",Leicester City,Jakub-Stolarczyk,a4a76b3d
2025-02-27,Thu,Matchweek 27,Away,L 0–2,Leicester City,West Ham,N,"On matchday squad, but did not play","On matchday squad, but did not play","On matchday squad, but did not play","On matchday squad, but did not play","On matchday squad, but did not play","On matchday squad, but did not play","On matchday squad, but did not play","On matchday squad, but did not play","On matchday squad, but did not play","On matchday squad, but did not play","On matchday squad, but did not play","On matchday squad, but did not play","On matchday squad, but did not play","On matchday squad, but did not play","On matchday squad, but did not play","On matchday squad, but did not play","On matchday squad, but did not play","On matchday squad, but did not play","On matchday squad, but did not play","On matchday squad, but did not play","On matchday squad, but did not play","On matchday squad, but did not play","On matchday squad, but did not play","On matchday squad, but did not play","On matchday squad, but did not play","On matchday squad, but did not play","On matchday squad, but did not play",Match Report,"On matchday squad, but did not play","On matchday squad, but did not play","On matchday squad, but did not play","On matchday squad, but did not play","On matchday squad, but did not play","On matchday squad, but did not play","On matchday squad, but did not play","On matchday squad, but did not play","On matchday squad, but did not play","On matchday squad, but did not play","On matchday squad, but did not play","On matchday squad, but did not play","On matchday squad, but did not play","On matchday squad, but did not play","On matchday squad, but did not play","On matchday squad, but did not play","On matchday squad, but did not play","On matchday squad, but did not play","On matchday squad, but did not play","On matchday squad, but did not play","On matchday squad, but did not play","On matchday squad, but did not play","On matchday squad, but did not play","On matchday squad, but did not play","On matchday squad, but did not play","On matchday squad, but did not play","On matchday squad, but did not play","On matchday squad, but did not play","On matchday squad, but did not play","On matchday squad, but did not play","On matchday squad, but did not play","On matchday squad, but did not play","On matchday squad, but did not play","On matchday squad, but did not play","On matchday squad, but did not play","On matchday squad, but did not play","On matchday squad, but did not play","On matchday squad, but did not play","On matchday squad, but did not play","On matchday squad, but did not play","On matchday squad, but did not play","On matchday squad, but did not play","On matchday squad, but did not play","On matchday squad, but did not play","On matchday squad, but did not play","On matchday squad, but did not play","On matchday squad, but did not play","On matchday squad, but did not play","On matchday squad, but did not play","On matchday squad, but did not play","On matchday squad, but did not play","On matchday squad, but did not play","On matchday squad, but did not play","On matchday squad, but did not play","On matchday squad, but did not play","On matchday squad, but did not play","On matchday squad, but did not play","On matchday squad, but did not play","On matchday squad, but did not play","On matchday squad, but did not play","On matchday squad, but did not play","On matchday squad, but did not play","On matchday squad, but did not play","On matchday squad, but did not play","On matchday squad, but did not play","On matchday squad, but did not play","On matchday squad, but did not play","On matchday squad, but did not play","On matchday squad, but did not play","On matchday squad, but did not play","On matchday squad, but did not play","On matchday squad, but did not play","On matchday squad, but did not play","On matchday squad, but did not play","On matchday squad, but did not play","On matchday squad, but did not play","On matchday squad, but did not play","On matchday squad, but did not play","On matchday squad, but did not play","On matchday squad, but did not play","On matchday squad, but did not play","On matchday squad, but did not play","On matchday squad, but did not play","On matchday squad, but did not play","On matchday squad, but did not play","On matchday squad, but did not play","On matchday squad, but did not play","On matchday squad, but did not play","On matchday squad, but did not play",Leicester City,Jakub-Stolarczyk,a4a76b3d
2025-03-09,Sun,Matchweek 28,Away,L 0–1,Leicester City,Chelsea,N,"On matchday squad, but did not play","On matchday squad, but did not play","On matchday squad, but did not play","On matchday squad, but did not play","On matchday squad, but did not play","On matchday squad, but did not play","On matchday squad, but did not play","On matchday squad, but did not play","On matchday squad, but did not play","On matchday squad, but did not play","On matchday squad, but did not play","On matchday squad, but did not play","On matchday squad, but did not play","On matchday squad, but did not play","On matchday squad, but did not play","On matchday squad, but did not play","On matchday squad, but did not play","On matchday squad, but did not play","On matchday squad, but did not play","On matchday squad, but did not play","On matchday squad, but did not play","On matchday squad, but did not play","On matchday squad, but did not play","On matchday squad, but did not play","On matchday squad, but did not play","On matchday squad, but did not play","On matchday squad, but did not play",Match Report,"On matchday squad, but did not play","On matchday squad, but did not play","On matchday squad, but did not play","On matchday squad, but did not play","On matchday squad, but did not play","On matchday squad, but did not play","On matchday squad, but did not play","On matchday squad, but did not play","On matchday squad, but did not play","On matchday squad, but did not play","On matchday squad, but did not play","On matchday squad, but did not play","On matchday squad, but did not play","On matchday squad, but did not play","On matchday squad, but did not play","On matchday squad, but did not play","On matchday squad, but did not play","On matchday squad, but did not play","On matchday squad, but did not play","On matchday squad, but did not play","On matchday squad, but did not play","On matchday squad, but did not play","On matchday squad, but did not play","On matchday squad, but did not play","On matchday squad, but did not play","On matchday squad, but did not play","On matchday squad, but did not play","On matchday squad, but did not play","On matchday squad, but did not play","On matchday squad, but did not play","On matchday squad, but did not play","On matchday squad, but did not play","On matchday squad, but did not play","On matchday squad, but did not play","On matchday squad, but did not play","On matchday squad, but did not play","On matchday squad, but did not play","On matchday squad, but did not play","On matchday squad, but did not play","On matchday squad, but did not play","On matchday squad, but did not play","On matchday squad, but did not play","On matchday squad, but did not play","On matchday squad, but did not play","On matchday squad, but did not play","On matchday squad, but did not play","On matchday squad, but did not play","On matchday squad, but did not play","On matchday squad, but did not play","On matchday squad, but did not play","On matchday squad, but did not play","On matchday squad, but did not play","On matchday squad, but did not play","On matchday squad, but did not play","On matchday squad, but did not play","On matchday squad, but did not play","On matchday squad, but did not play","On matchday squad, but did not play","On matchday squad, but did not play","On matchday squad, but did not play","On matchday squad, but did not play","On matchday squad, but did not play","On matchday squad, but did not play","On matchday squad, but did not play","On matchday squad, but did not play","On matchday squad, but did not play","On matchday squad, but did not play","On matchday squad, but did not play","On matchday squad, but did not play","On matchday squad, but did not play","On matchday squad, but did not play","On matchday squad, but did not play","On matchday squad, but did not play","On matchday squad, but did not play","On matchday squad, but did not play","On matchday squad, but did not play","On matchday squad, but did not play","On matchday squad, but did not play","On matchday squad, but did not play","On matchday squad, but did not play","On matchday squad, but did not play","On matchday squad, but did not play","On matchday squad, but did not play","On matchday squad, but did not play","On matchday squad, but did not play","On matchday squad, but did not play","On matchday squad, but did not play","On matchday squad, but did not play","On matchday squad, but did not play",Leicester City,Jakub-Stolarczyk,a4a76b3d
2025-03-16,Sun,Matchweek 29,Home,L 0–3,Leicester City,Manchester Utd,N,"On matchday squad, but did not play","On matchday squad, but did not play","On matchday squad, but did not play","On matchday squad, but did not play","On matchday squad, but did not play","On matchday squad, but did not play","On matchday squad, but did not play","On matchday squad, but did not play","On matchday squad, but did not play","On matchday squad, but did not play","On matchday squad, but did not play","On matchday squad, but did not play","On matchday squad, but did not play","On matchday squad, but did not play","On matchday squad, but did not play","On matchday squad, but did not play","On matchday squad, but did not play","On matchday squad, but did not play","On matchday squad, but did not play","On matchday squad, but did not play","On matchday squad, but did not play","On matchday squad, but did not play","On matchday squad, but did not play","On matchday squad, but did not play","On matchday squad, but did not play","On matchday squad, but did not play","On matchday squad, but did not play",Match Report,"On matchday squad, but did not play","On matchday squad, but did not play","On matchday squad, but did not play","On matchday squad, but did not play","On matchday squad, but did not play","On matchday squad, but did not play","On matchday squad, but did not play","On matchday squad, but did not play","On matchday squad, but did not play","On matchday squad, but did not play","On matchday squad, but did not play","On matchday squad, but did not play","On matchday squad, but did not play","On matchday squad, but did not play","On matchday squad, but did not play","On matchday squad, but did not play","On matchday squad, but did not play","On matchday squad, but did not play","On matchday squad, but did not play","On matchday squad, but did not play","On matchday squad, but did not play","On matchday squad, but did not play","On matchday squad, but did not play","On matchday squad, but did not play","On matchday squad, but did not play","On matchday squad, but did not play","On matchday squad, but did not play","On matchday squad, but did not play","On matchday squad, but did not play","On matchday squad, but did not play","On matchday squad, but did not play","On matchday squad, but did not play","On matchday squad, but did not play","On matchday squad, but did not play","On matchday squad, but did not play","On matchday squad, but did not play","On matchday squad, but did not play","On matchday squad, but did not play","On matchday squad, but did not play","On matchday squad, but did not play","On matchday squad, but did not play","On matchday squad, but did not play","On matchday squad, but did not play","On matchday squad, but did not play","On matchday squad, but did not play","On matchday squad, but did not play","On matchday squad, but did not play","On matchday squad, but did not play","On matchday squad, but did not play","On matchday squad, but did not play","On matchday squad, but did not play","On matchday squad, but did not play","On matchday squad, but did not play","On matchday squad, but did not play","On matchday squad, but did not play","On matchday squad, but did not play","On matchday squad, but did not play","On matchday squad, but did not play","On matchday squad, but did not play","On matchday squad, but did not play","On matchday squad, but did not play","On matchday squad, but did not play","On matchday squad, but did not play","On matchday squad, but did not play","On matchday squad, but did not play","On matchday squad, but did not play","On matchday squad, but did not play","On matchday squad, but did not play","On matchday squad, but did not play","On matchday squad, but did not play","On matchday squad, but did not play","On matchday squad, but did not play","On matchday squad, but did not play","On matchday squad, but did not play","On matchday squad, but did not play","On matchday squad, but did not play","On matchday squad, but did not play","On matchday squad, but did not play","On matchday squad, but did not play","On matchday squad, but did not play","On matchday squad, but did not play","On matchday squad, but did not play","On matchday squad, but did not play","On matchday squad, but did not play","On matchday squad, but did not play","On matchday squad, but did not play","On matchday squad, but did not play","On matchday squad, but did not play","On matchday squad, but did not play",Leicester City,Jakub-Stolarczyk,a4a76b3d
2025-04-02,Wed,Matchweek 30,Away,L 0–2,Leicester City,Manchester City,N,"On matchday squad, but did not play","On matchday squad, but did not play","On matchday squad, but did not play","On matchday squad, but did not play","On matchday squad, but did not play","On matchday squad, but did not play","On matchday squad, but did not play","On matchday squad, but did not play","On matchday squad, but did not play","On matchday squad, but did not play","On matchday squad, but did not play","On matchday squad, but did not play","On matchday squad, but did not play","On matchday squad, but did not play","On matchday squad, but did not play","On matchday squad, but did not play","On matchday squad, but did not play","On matchday squad, but did not play","On matchday squad, but did not play","On matchday squad, but did not play","On matchday squad, but did not play","On matchday squad, but did not play","On matchday squad, but did not play","On matchday squad, but did not play","On matchday squad, but did not play","On matchday squad, but did not play","On matchday squad, but did not play",Match Report,"On matchday squad, but did not play","On matchday squad, but did not play","On matchday squad, but did not play","On matchday squad, but did not play","On matchday squad, but did not play","On matchday squad, but did not play","On matchday squad, but did not play","On matchday squad, but did not play","On matchday squad, but did not play","On matchday squad, but did not play","On matchday squad, but did not play","On matchday squad, but did not play","On matchday squad, but did not play","On matchday squad, but did not play","On matchday squad, but did not play","On matchday squad, but did not play","On matchday squad, but did not play","On matchday squad, but did not play","On matchday squad, but did not play","On matchday squad, but did not play","On matchday squad, but did not play","On matchday squad, but did not play","On matchday squad, but did not play","On matchday squad, but did not play","On matchday squad, but did not play","On matchday squad, but did not play","On matchday squad, but did not play","On matchday squad, but did not play","On matchday squad, but did not play","On matchday squad, but did not play","On matchday squad, but did not play","On matchday squad, but did not play","On matchday squad, but did not play","On matchday squad, but did not play","On matchday squad, but did not play","On matchday squad, but did not play","On matchday squad, but did not play","On matchday squad, but did not play","On matchday squad, but did not play","On matchday squad, but did not play","On matchday squad, but did not play","On matchday squad, but did not play","On matchday squad, but did not play","On matchday squad, but did not play","On matchday squad, but did not play","On matchday squad, but did not play","On matchday squad, but did not play","On matchday squad, but did not play","On matchday squad, but did not play","On matchday squad, but did not play","On matchday squad, but did not play","On matchday squad, but did not play","On matchday squad, but did not play","On matchday squad, but did not play","On matchday squad, but did not play","On matchday squad, but did not play","On matchday squad, but did not play","On matchday squad, but did not play","On matchday squad, but did not play","On matchday squad, but did not play","On matchday squad, but did not play","On matchday squad, but did not play","On matchday squad, but did not play","On matchday squad, but did not play","On matchday squad, but did not play","On matchday squad, but did not play","On matchday squad, but did not play","On matchday squad, but did not play","On matchday squad, but did not play","On matchday squad, but did not play","On matchday squad, but did not play","On matchday squad, but did not play","On matchday squad, but did not play","On matchday squad, but did not play","On matchday squad, but did not play","On matchday squad, but did not play","On matchday squad, but did not play","On matchday squad, but did not play","On matchday squad, but did not play","On matchday squad, but did not play","On matchday squad, but did not play","On matchday squad, but did not play","On matchday squad, but did not play","On matchday squad, but did not play","On matchday squad, but did not play","On matchday squad, but did not play","On matchday squad, but did not play","On matchday squad, but did not play","On matchday squad, but did not play",Leicester City,Jakub-Stolarczyk,a4a76b3d
2025-04-07,Mon,Matchweek 31,Home,L 0–3,Leicester City,Newcastle Utd,N,"On matchday squad, but did not play","On matchday squad, but did not play","On matchday squad, but did not play","On matchday squad, but did not play","On matchday squad, but did not play","On matchday squad, but did not play","On matchday squad, but did not play","On matchday squad, but did not play","On matchday squad, but did not play","On matchday squad, but did not play","On matchday squad, but did not play","On matchday squad, but did not play","On matchday squad, but did not play","On matchday squad, but did not play","On matchday squad, but did not play","On matchday squad, but did not play","On matchday squad, but did not play","On matchday squad, but did not play","On matchday squad, but did not play","On matchday squad, but did not play","On matchday squad, but did not play","On matchday squad, but did not play","On matchday squad, but did not play","On matchday squad, but did not play","On matchday squad, but did not play","On matchday squad, but did not play","On matchday squad, but did not play",Match Report,"On matchday squad, but did not play","On matchday squad, but did not play","On matchday squad, but did not play","On matchday squad, but did not play","On matchday squad, but did not play","On matchday squad, but did not play","On matchday squad, but did not play","On matchday squad, but did not play","On matchday squad, but did not play","On matchday squad, but did not play","On matchday squad, but did not play","On matchday squad, but did not play","On matchday squad, but did not play","On matchday squad, but did not play","On matchday squad, but did not play","On matchday squad, but did not play","On matchday squad, but did not play","On matchday squad, but did not play","On matchday squad, but did not play","On matchday squad, but did not play","On matchday squad, but did not play","On matchday squad, but did not play","On matchday squad, but did not play","On matchday squad, but did not play","On matchday squad, but did not play","On matchday squad, but did not play","On matchday squad, but did not play","On matchday squad, but did not play","On matchday squad, but did not play","On matchday squad, but did not play","On matchday squad, but did not play","On matchday squad, but did not play","On matchday squad, but did not play","On matchday squad, but did not play","On matchday squad, but did not play","On matchday squad, but did not play","On matchday squad, but did not play","On matchday squad, but did not play","On matchday squad, but did not play","On matchday squad, but did not play","On matchday squad, but did not play","On matchday squad, but did not play","On matchday squad, but did not play","On matchday squad, but did not play","On matchday squad, but did not play","On matchday squad, but did not play","On matchday squad, but did not play","On matchday squad, but did not play","On matchday squad, but did not play","On matchday squad, but did not play","On matchday squad, but did not play","On matchday squad, but did not play","On matchday squad, but did not play","On matchday squad, but did not play","On matchday squad, but did not play","On matchday squad, but did not play","On matchday squad, but did not play","On matchday squad, but did not play","On matchday squad, but did not play","On matchday squad, but did not play","On matchday squad, but did not play","On matchday squad, but did not play","On matchday squad, but did not play","On matchday squad, but did not play","On matchday squad, but did not play","On matchday squad, but did not play","On matchday squad, but did not play","On matchday squad, but did not play","On matchday squad, but did not play","On matchday squad, but did not play","On matchday squad, but did not play","On matchday squad, but did not play","On matchday squad, but did not play","On matchday squad, but did not play","On matchday squad, but did not play","On matchday squad, but did not play","On matchday squad, but did not play","On matchday squad, but did not play","On matchday squad, but did not play","On matchday squad, but did not play","On matchday squad, but did not play","On matchday squad, but did not play","On matchday squad, but did not play","On matchday squad, but did not play","On matchday squad, but did not play","On matchday squad, but did not play","On matchday squad, but did not play","On matchday squad, but did not play","On matchday squad, but did not play",Leicester City,Jakub-Stolarczyk,a4a76b3d
2025-04-12,Sat,Matchweek 32,Away,D 2–2,Leicester City,Brighton,N,"On matchday squad, but did not play","On matchday squad, but did not play","On matchday squad, but did not play","On matchday squad, but did not play","On matchday squad, but did not play","On matchday squad, but did not play","On matchday squad, but did not play","On matchday squad, but did not play","On matchday squad, but did not play","On matchday squad, but did not play","On matchday squad, but did not play","On matchday squad, but did not play","On matchday squad, but did not play","On matchday squad, but did not play","On matchday squad, but did not play","On matchday squad, but did not play","On matchday squad, but did not play","On matchday squad, but did not play","On matchday squad, but did not play","On matchday squad, but did not play","On matchday squad, but did not play","On matchday squad, but did not play","On matchday squad, but did not play","On matchday squad, but did not play","On matchday squad, but did not play","On matchday squad, but did not play","On matchday squad, but did not play",Match Report,"On matchday squad, but did not play","On matchday squad, but did not play","On matchday squad, but did not play","On matchday squad, but did not play","On matchday squad, but did not play","On matchday squad, but did not play","On matchday squad, but did not play","On matchday squad, but did not play","On matchday squad, but did not play","On matchday squad, but did not play","On matchday squad, but did not play","On matchday squad, but did not play","On matchday squad, but did not play","On matchday squad, but did not play","On matchday squad, but did not play","On matchday squad, but did not play","On matchday squad, but did not play","On matchday squad, but did not play","On matchday squad, but did not play","On matchday squad, but did not play","On matchday squad, but did not play","On matchday squad, but did not play","On matchday squad, but did not play","On matchday squad, but did not play","On matchday squad, but did not play","On matchday squad, but did not play","On matchday squad, but did not play","On matchday squad, but did not play","On matchday squad, but did not play","On matchday squad, but did not play","On matchday squad, but did not play","On matchday squad, but did not play","On matchday squad, but did not play","On matchday squad, but did not play","On matchday squad, but did not play","On matchday squad, but did not play","On matchday squad, but did not play","On matchday squad, but did not play","On matchday squad, but did not play","On matchday squad, but did not play","On matchday squad, but did not play","On matchday squad, but did not play","On matchday squad, but did not play","On matchday squad, but did not play","On matchday squad, but did not play","On matchday squad, but did not play","On matchday squad, but did not play","On matchday squad, but did not play","On matchday squad, but did not play","On matchday squad, but did not play","On matchday squad, but did not play","On matchday squad, but did not play","On matchday squad, but did not play","On matchday squad, but did not play","On matchday squad, but did not play","On matchday squad, but did not play","On matchday squad, but did not play","On matchday squad, but did not play","On matchday squad, but did not play","On matchday squad, but did not play","On matchday squad, but did not play","On matchday squad, but did not play","On matchday squad, but did not play","On matchday squad, but did not play","On matchday squad, but did not play","On matchday squad, but did not play","On matchday squad, but did not play","On matchday squad, but did not play","On matchday squad, but did not play","On matchday squad, but did not play","On matchday squad, but did not play","On matchday squad, but did not play","On matchday squad, but did not play","On matchday squad, but did not play","On matchday squad, but did not play","On matchday squad, but did not play","On matchday squad, but did not play","On matchday squad, but did not play","On matchday squad, but did not play","On matchday squad, but did not play","On matchday squad, but did not play","On matchday squad, but did not play","On matchday squad, but did not play","On matchday squad, but did not play","On matchday squad, but did not play","On matchday squad, but did not play","On matchday squad, but did not play","On matchday squad, but did not play","On matchday squad, but did not play",Leicester City,Jakub-Stolarczyk,a4a76b3d
2025-04-20,Sun,Matchweek 33,Home,L 0–1,Leicester City,Liverpool,N,"On matchday squad, but did not play","On matchday squad, but did not play","On matchday squad, but did not play","On matchday squad, but did not play","On matchday squad, but did not play","On matchday squad, but did not play","On matchday squad, but did not play","On matchday squad, but did not play","On matchday squad, but did not play","On matchday squad, but did not play","On matchday squad, but did not play","On matchday squad, but did not play","On matchday squad, but did not play","On matchday squad, but did not play","On matchday squad, but did not play","On matchday squad, but did not play","On matchday squad, but did not play","On matchday squad, but did not play","On matchday squad, but did not play","On matchday squad, but did not play","On matchday squad, but did not play","On matchday squad, but did not play","On matchday squad, but did not play","On matchday squad, but did not play","On matchday squad, but did not play","On matchday squad, but did not play","On matchday squad, but did not play",Match Report,"On matchday squad, but did not play","On matchday squad, but did not play","On matchday squad, but did not play","On matchday squad, but did not play","On matchday squad, but did not play","On matchday squad, but did not play","On matchday squad, but did not play","On matchday squad, but did not play","On matchday squad, but did not play","On matchday squad, but did not play","On matchday squad, but did not play","On matchday squad, but did not play","On matchday squad, but did not play","On matchday squad, but did not play","On matchday squad, but did not play","On matchday squad, but did not play","On matchday squad, but did not play","On matchday squad, but did not play","On matchday squad, but did not play","On matchday squad, but did not play","On matchday squad, but did not play","On matchday squad, but did not play","On matchday squad, but did not play","On matchday squad, but did not play","On matchday squad, but did not play","On matchday squad, but did not play","On matchday squad, but did not play","On matchday squad, but did not play","On matchday squad, but did not play","On matchday squad, but did not play","On matchday squad, but did not play","On matchday squad, but did not play","On matchday squad, but did not play","On matchday squad, but did not play","On matchday squad, but did not play","On matchday squad, but did not play","On matchday squad, but did not play","On matchday squad, but did not play","On matchday squad, but did not play","On matchday squad, but did not play","On matchday squad, but did not play","On matchday squad, but did not play","On matchday squad, but did not play","On matchday squad, but did not play","On matchday squad, but did not play","On matchday squad, but did not play","On matchday squad, but did not play","On matchday squad, but did not play","On matchday squad, but did not play","On matchday squad, but did not play","On matchday squad, but did not play","On matchday squad, but did not play","On matchday squad, but did not play","On matchday squad, but did not play","On matchday squad, but did not play","On matchday squad, but did not play","On matchday squad, but did not play","On matchday squad, but did not play","On matchday squad, but did not play","On matchday squad, but did not play","On matchday squad, but did not play","On matchday squad, but did not play","On matchday squad, but did not play","On matchday squad, but did not play","On matchday squad, but did not play","On matchday squad, but did not play","On matchday squad, but did not play","On matchday squad, but did not play","On matchday squad, but did not play","On matchday squad, but did not play","On matchday squad, but did not play","On matchday squad, but did not play","On matchday squad, but did not play","On matchday squad, but did not play","On matchday squad, but did not play","On matchday squad, but did not play","On matchday squad, but did not play","On matchday squad, but did not play","On matchday squad, but did not play","On matchday squad, but did not play","On matchday squad, but did not play","On matchday squad, but did not play","On matchday squad, but did not play","On matchday squad, but did not play","On matchday squad, but did not play","On matchday squad, but did not play","On matchday squad, but did not play","On matchday squad, but did not play","On matchday squad, but did not play",Leicester City,Jakub-Stolarczyk,a4a76b3d
2025-04-26,Sat,Matchweek 34,Away,L 0–3,Leicester City,Wolves,N,"On matchday squad, but did not play","On matchday squad, but did not play","On matchday squad, but did not play","On matchday squad, but did not play","On matchday squad, but did not play","On matchday squad, but did not play","On matchday squad, but did not play","On matchday squad, but did not play","On matchday squad, but did not play","On matchday squad, but did not play","On matchday squad, but did not play","On matchday squad, but did not play","On matchday squad, but did not play","On matchday squad, but did not play","On matchday squad, but did not play","On matchday squad, but did not play","On matchday squad, but did not play","On matchday squad, but did not play","On matchday squad, but did not play","On matchday squad, but did not play","On matchday squad, but did not play","On matchday squad, but did not play","On matchday squad, but did not play","On matchday squad, but did not play","On matchday squad, but did not play","On matchday squad, but did not play","On matchday squad, but did not play",Match Report,"On matchday squad, but did not play","On matchday squad, but did not play","On matchday squad, but did not play","On matchday squad, but did not play","On matchday squad, but did not play","On matchday squad, but did not play","On matchday squad, but did not play","On matchday squad, but did not play","On matchday squad, but did not play","On matchday squad, but did not play","On matchday squad, but did not play","On matchday squad, but did not play","On matchday squad, but did not play","On matchday squad, but did not play","On matchday squad, but did not play","On matchday squad, but did not play","On matchday squad, but did not play","On matchday squad, but did not play","On matchday squad, but did not play","On matchday squad, but did not play","On matchday squad, but did not play","On matchday squad, but did not play","On matchday squad, but did not play","On matchday squad, but did not play","On matchday squad, but did not play","On matchday squad, but did not play","On matchday squad, but did not play","On matchday squad, but did not play","On matchday squad, but did not play","On matchday squad, but did not play","On matchday squad, but did not play","On matchday squad, but did not play","On matchday squad, but did not play","On matchday squad, but did not play","On matchday squad, but did not play","On matchday squad, but did not play","On matchday squad, but did not play","On matchday squad, but did not play","On matchday squad, but did not play","On matchday squad, but did not play","On matchday squad, but did not play","On matchday squad, but did not play","On matchday squad, but did not play","On matchday squad, but did not play","On matchday squad, but did not play","On matchday squad, but did not play","On matchday squad, but did not play","On matchday squad, but did not play","On matchday squad, but did not play","On matchday squad, but did not play","On matchday squad, but did not play","On matchday squad, but did not play","On matchday squad, but did not play","On matchday squad, but did not play","On matchday squad, but did not play","On matchday squad, but did not play","On matchday squad, but did not play","On matchday squad, but did not play","On matchday squad, but did not play","On matchday squad, but did not play","On matchday squad, but did not play","On matchday squad, but did not play","On matchday squad, but did not play","On matchday squad, but did not play","On matchday squad, but did not play","On matchday squad, but did not play","On matchday squad, but did not play","On matchday squad, but did not play","On matchday squad, but did not play","On matchday squad, but did not play","On matchday squad, but did not play","On matchday squad, but did not play","On matchday squad, but did not play","On matchday squad, but did not play","On matchday squad, but did not play","On matchday squad, but did not play","On matchday squad, but did not play","On matchday squad, but did not play","On matchday squad, but did not play","On matchday squad, but did not play","On matchday squad, but did not play","On matchday squad, but did not play","On matchday squad, but did not play","On matchday squad, but did not play","On matchday squad, but did not play","On matchday squad, but did not play","On matchday squad, but did not play","On matchday squad, but did not play","On matchday squad, but did not play",Leicester City,Jakub-Stolarczyk,a4a76b3d
2025-05-03,Sat,Matchweek 35,Home,W 2–0,Leicester City,Southampton,Y,GK,90,0,0,0,0,0,0,0,0,36,0,0,0,0.0,0.0,0.0,0,0,25,35,71.4,0,27,0,0,0,Match Report,25,35,71.4,594,350,6,6,100.0,16,16,100.0,3,13,23.1,0,0.0,0.0,0,0,0,0,0,35,31,4,3,0,0,0,0,0,0,0,0,25,0,0,0,0,0,0,0,0,0,0,0,0,0,0,0,0,36,29,36,0,0,0,36,0,0,,0,,27,94,34,0,0,0,0,0,27,0,0,0,0,0,0,0,0,,0,0,0,0,0,0,0,0,Leicester City,Jakub-Stolarczyk,a4a76b3d
2025-05-11,Sun,Matchweek 36,Away,D 2–2,Leicester City,Nott'ham Forest,Y,GK,90,0,0,0,0,0,0,0,0,41,0,0,0,0.0,0.0,0.0,0,0,22,39,56.4,0,24,0,0,0,Match Report,22,39,56.4,440,279,10,10,100.0,9,9,100.0,3,20,15.0,0,0.0,0.0,0,0,0,0,0,39,28,11,3,0,0,0,0,0,0,0,0,22,0,0,0,0,0,0,0,0,0,0,0,0,0,0,0,0,41,29,41,0,0,0,41,0,0,,0,,24,97,53,0,0,0,0,0,21,0,0,0,0,0,0,0,0,,0,0,0,0,0,0,1,0,Leicester City,Jakub-Stolarczyk,a4a76b3d
2025-05-18,Sun,Matchweek 37,Home,W 2–0,Leicester City,Ipswich Town,Y,GK,90,0,0,0,0,0,0,0,0,42,0,0,0,0.0,0.0,0.0,0,0,19,41,46.3,0,17,0,0,0,Match Report,19,41,46.3,497,354,1,1,100.0,13,15,86.7,5,24,20.8,0,0.0,0.0,0,0,0,0,0,41,29,12,3,0,0,0,0,0,0,0,0,19,0,1,0,0,0,0,0,0,0,0,0,0,0,0,0,0,42,38,42,0,0,0,42,0,0,,0,,17,49,28,0,0,0,0,0,23,0,0,0,0,0,0,0,0,,0,0,0,0,0,0,0,1,Leicester City,Jakub-Stolarczyk,a4a76b3d
2025-05-25,Sun,Matchweek 38,Away,L 0–2,Leicester City,Bournemouth,Y,GK,90,0,0,0,0,0,0,0,0,51,0,0,0,0.0,0.0,0.0,0,0,20,47,42.6,0,23,0,0,0,Match Report,20,47,42.6,508,332,6,6,100.0,7,7,100.0,7,34,20.6,0,0.0,0.0,0,0,0,0,0,47,30,17,10,0,1,0,0,0,0,0,0,20,0,0,0,0,0,0,0,0,0,0,0,0,0,0,0,0,51,34,51,0,0,0,51,0,0,,0,,23,151,84,0,0,0,0,0,23,0,0,0,0,0,0,0,0,,0,0,0,0,0,0,0,0,Leicester City,Jakub-Stolarczyk,a4a76b3d
2024-08-19,Mon,Matchweek 1,Home,D 1–1,Leicester City,Tottenham,N,LW,5,0,0,0,0,1,0,0,0,12,2,0,4,0.0,0.0,0.0,0,0,2,4,50.0,0,3,0,0,0,Match Report,2,4,50.0,19,9,2,3,66.7,0,0,,0,1,0.0,0,0.0,0.0,0,1,0,0,0,4,4,0,0,0,0,0,0,0,0,0,0,2,0,0,0,0,0,0,0,0,0,0,0,0,0,0,0,0,12,2,8,4,1,1,12,0,0,,0,,3,9,4,0,0,0,0,0,3,1,2,1,2,0,0,1,2,50.0,1,4,0,4,0,2,2,0,Leicester City,Kasey-McAteer,b2c66859
2024-08-24,Sat,Matchweek 2,Away,L 1–2,Leicester City,Fulham,N,LB,6,0,0,0,0,0,0,0,0,9,0,0,0,0.0,0.0,0.0,1,0,4,7,57.1,0,2,0,0,0,Match Report,4,7,57.1,70,0,2,4,50.0,2,3,66.7,0,0,,0,0.0,0.0,0,0,0,0,0,7,5,2,0,0,0,1,2,0,0,0,0,4,0,0,1,1,0,0,0,0,0,0,0,0,0,0,0,0,9,0,2,4,3,0,9,0,0,,0,,2,18,17,0,1,0,0,1,4,1,0,0,0,0,0,0,0,,0,0,0,0,0,0,1,0,Leicester City,Kasey-McAteer,b2c66859
2024-08-31,Sat,Matchweek 3,Home,L 1–2,Leicester City,Aston Villa,N,"WB,CB",1,0,0,0,0,0,0,0,0,2,0,0,0,0.0,0.0,0.0,0,0,1,2,50.0,0,0,0,0,0,Match Report,1,2,50.0,8,5,1,1,100.0,0,0,,0,0,,0,0.0,0.0,0,0,0,0,0,2,2,0,0,0,0,0,0,0,0,0,0,1,0,0,0,0,0,0,0,0,0,0,0,0,0,0,0,0,2,0,0,1,1,1,2,0,0,,0,,0,0,0,0,0,0,0,0,0,0,0,0,0,0,0,0,0,,0,0,0,0,0,0,0,0,Leicester City,Kasey-McAteer,b2c66859
2024-11-02,Sat,Matchweek 10,Away,D 1–1,Leicester City,Ipswich Town,N,"LW,WB",20,0,0,0,0,1,0,0,0,20,2,0,0,0.0,0.0,0.0,1,0,13,15,86.7,0,12,1,1,0,Match Report,13,15,86.7,178,24,7,9,77.8,5,5,100.0,0,0,,0,0.0,0.0,0,0,0,0,0,15,14,1,0,0,0,1,1,0,0,0,0,13,0,0,1,1,0,0,0,0,0,0,0,0,0,0,0,0,20,2,8,6,7,1,20,1,0,0.0,0,0.0,12,65,37,1,1,0,0,0,10,1,2,1,2,0,0,1,1,100.0,0,0,0,0,0,2,0,0,Leicester City,Kasey-McAteer,b2c66859
2024-11-10,Sun,Matchweek 11,Away,L 0–3,Leicester City,Manchester Utd,N,"LW,RB",8,0,0,0,0,0,0,0,0,5,0,0,0,0.0,0.0,0.0,0,0,4,5,80.0,0,3,0,0,0,Match Report,4,5,80.0,37,9,3,3,100.0,0,0,,0,0,,0,0.0,0.0,0,0,0,0,0,5,5,0,0,0,0,0,0,0,0,0,0,4,0,1,0,0,0,0,0,0,0,0,0,0,0,0,0,0,5,1,1,0,4,0,5,0,0,,0,,3,11,4,0,1,0,0,0,4,2,0,0,0,0,0,0,0,,0,0,0,0,0,0,0,0,Leicester City,Kasey-McAteer,b2c66859
2024-11-23,Sat,Matchweek 12,Home,L 1–2,Leicester City,Chelsea,Y,RM,70,0,0,0,0,1,0,0,0,21,0,0,0,0.0,0.0,0.0,0,0,9,12,75.0,1,14,2,2,1,Match Report,9,12,75.0,97,16,8,8,100.0,1,2,50.0,0,0,,0,0.0,0.0,0,1,0,0,1,12,11,0,0,0,0,1,0,0,0,0,0,9,1,1,0,0,0,0,0,0,0,0,0,0,0,0,0,0,21,1,2,11,8,1,21,2,1,50.0,1,50.0,14,85,29,2,1,1,3,0,15,5,0,0,0,0,0,0,0,,0,0,0,0,0,0,1,0,Leicester City,Kasey-McAteer,b2c66859
2024-12-03,Tue,Matchweek 14,Home,W 3–1,Leicester City,West Ham,Y,"RW,LW",73,0,1,0,0,2,1,0,0,32,5,0,2,0.4,0.4,0.1,2,1,14,21,66.7,2,19,5,0,0,Match Report,14,21,66.7,238,65,9,11,81.8,3,4,75.0,2,4,50.0,1,0.1,0.0,1,2,0,0,2,21,21,0,0,0,0,2,0,0,0,0,0,14,0,1,2,2,0,0,0,0,0,1,1,0,0,0,0,0,32,4,10,14,11,4,32,0,0,,0,,19,183,114,5,1,3,0,1,17,6,5,4,2,2,1,3,6,50.0,3,2,1,1,0,5,2,0,Leicester City,Kasey-McAteer,b2c66859
2024-12-08,Sun,Matchweek 15,Home,D 2–2,Leicester City,Brighton,Y,RW,61,0,0,0,0,0,0,0,0,24,0,0,0,0.0,0.0,0.0,2,0,13,20,65.0,0,22,0,4,0,Match Report,13,20,65.0,201,55,8,8,100.0,4,7,57.1,1,1,100.0,0,0.0,0.0,1,0,0,0,0,20,19,1,0,0,0,2,1,0,0,0,0,13,0,4,2,1,0,0,0,1,0,0,0,0,0,0,0,0,24,0,1,7,16,1,24,4,0,0.0,3,75.0,22,160,30,0,0,0,0,2,25,8,0,0,0,0,0,0,0,,0,0,0,0,0,0,0,0,Leicester City,Kasey-McAteer,b2c66859
2024-12-14,Sat,Matchweek 16,Away,L 0–4,Leicester City,Newcastle Utd,Y,"LW,RW",90,0,0,0,0,1,1,0,0,32,1,1,1,0.1,0.1,0.0,2,0,15,23,65.2,1,19,4,1,0,Match Report,15,23,65.2,172,31,12,14,85.7,3,6,50.0,0,1,0.0,0,0.0,0.0,0,1,0,0,1,23,22,0,0,0,0,3,0,0,0,0,0,15,1,0,2,2,0,0,0,0,0,0,0,0,0,0,0,0,32,3,6,10,16,4,32,1,0,0.0,1,100.0,19,136,88,4,1,2,0,0,22,6,1,1,0,1,0,0,3,0.0,3,1,0,1,1,2,2,0,Leicester City,Kasey-McAteer,b2c66859
2025-01-15,Wed,Matchweek 21,Home,L 0–2,Leicester City,Crystal Palace,N,"RB,RM",25,0,0,0,0,0,0,0,0,19,0,0,0,0.0,0.0,0.2,4,0,11,16,68.8,2,12,1,1,0,Match Report,11,16,68.8,184,60,6,8,75.0,4,5,80.0,1,1,100.0,0,0.2,0.1,3,0,2,1,2,16,15,1,0,0,0,1,1,0,0,0,0,11,0,1,4,4,0,0,0,0,0,0,0,0,0,0,0,0,19,0,4,10,5,1,19,1,0,0.0,0,0.0,12,74,34,1,1,0,1,0,14,4,0,0,0,0,0,0,1,0.0,1,0,0,0,0,0,0,0,Leicester City,Kasey-McAteer,b2c66859
2025-01-18,Sat,Matchweek 22,Home,L 0–2,Leicester City,Fulham,N,RW,27,0,0,0,0,0,0,1,0,13,1,1,1,0.0,0.0,0.0,0,0,5,6,83.3,2,5,0,0,0,Match Report,5,6,83.3,81,34,2,2,100.0,3,3,100.0,0,0,,0,0.0,0.0,0,1,1,0,2,6,6,0,0,0,0,0,0,0,0,0,0,5,0,1,0,0,0,0,0,0,0,0,0,0,0,0,0,0,13,2,3,7,4,1,13,0,0,,0,,5,8,7,0,0,0,1,0,9,2,1,1,0,1,0,1,1,100.0,0,1,0,1,1,2,2,0,Leicester City,Kasey-McAteer,b2c66859
2025-01-26,Sun,Matchweek 23,Away,W 2–1,Leicester City,Tottenham,N,"On matchday squad, but did not play","On matchday squad, but did not play","On matchday squad, but did not play","On matchday squad, but did not play","On matchday squad, but did not play","On matchday squad, but did not play","On matchday squad, but did not play","On matchday squad, but did not play","On matchday squad, but did not play","On matchday squad, but did not play","On matchday squad, but did not play","On matchday squad, but did not play","On matchday squad, but did not play","On matchday squad, but did not play","On matchday squad, but did not play","On matchday squad, but did not play","On matchday squad, but did not play","On matchday squad, but did not play","On matchday squad, but did not play","On matchday squad, but did not play","On matchday squad, but did not play","On matchday squad, but did not play","On matchday squad, but did not play","On matchday squad, but did not play","On matchday squad, but did not play","On matchday squad, but did not play","On matchday squad, but did not play",Match Report,"On matchday squad, but did not play","On matchday squad, but did not play","On matchday squad, but did not play","On matchday squad, but did not play","On matchday squad, but did not play","On matchday squad, but did not play","On matchday squad, but did not play","On matchday squad, but did not play","On matchday squad, but did not play","On matchday squad, but did not play","On matchday squad, but did not play","On matchday squad, but did not play","On matchday squad, but did not play","On matchday squad, but did not play","On matchday squad, but did not play","On matchday squad, but did not play","On matchday squad, but did not play","On matchday squad, but did not play","On matchday squad, but did not play","On matchday squad, but did not play","On matchday squad, but did not play","On matchday squad, but did not play","On matchday squad, but did not play","On matchday squad, but did not play","On matchday squad, but did not play","On matchday squad, but did not play","On matchday squad, but did not play","On matchday squad, but did not play","On matchday squad, but did not play","On matchday squad, but did not play","On matchday squad, but did not play","On matchday squad, but did not play","On matchday squad, but did not play","On matchday squad, but did not play","On matchday squad, but did not play","On matchday squad, but did not play","On matchday squad, but did not play","On matchday squad, but did not play","On matchday squad, but did not play","On matchday squad, but did not play","On matchday squad, but did not play","On matchday squad, but did not play","On matchday squad, but did not play","On matchday squad, but did not play","On matchday squad, but did not play","On matchday squad, but did not play","On matchday squad, but did not play","On matchday squad, but did not play","On matchday squad, but did not play","On matchday squad, but did not play","On matchday squad, but did not play","On matchday squad, but did not play","On matchday squad, but did not play","On matchday squad, but did not play","On matchday squad, but did not play","On matchday squad, but did not play","On matchday squad, but did not play","On matchday squad, but did not play","On matchday squad, but did not play","On matchday squad, but did not play","On matchday squad, but did not play","On matchday squad, but did not play","On matchday squad, but did not play","On matchday squad, but did not play","On matchday squad, but did not play","On matchday squad, but did not play","On matchday squad, but did not play","On matchday squad, but did not play","On matchday squad, but did not play","On matchday squad, but did not play","On matchday squad, but did not play","On matchday squad, but did not play","On matchday squad, but did not play","On matchday squad, but did not play","On matchday squad, but did not play","On matchday squad, but did not play","On matchday squad, but did not play","On matchday squad, but did not play","On matchday squad, but did not play","On matchday squad, but did not play","On matchday squad, but did not play","On matchday squad, but did not play","On matchday squad, but did not play","On matchday squad, but did not play","On matchday squad, but did not play","On matchday squad, but did not play","On matchday squad, but did not play","On matchday squad, but did not play","On matchday squad, but did not play",Leicester City,Kasey-McAteer,b2c66859
2025-02-01,Sat,Matchweek 24,Away,L 0–4,Leicester City,Everton,N,"On matchday squad, but did not play","On matchday squad, but did not play","On matchday squad, but did not play","On matchday squad, but did not play","On matchday squad, but did not play","On matchday squad, but did not play","On matchday squad, but did not play","On matchday squad, but did not play","On matchday squad, but did not play","On matchday squad, but did not play","On matchday squad, but did not play","On matchday squad, but did not play","On matchday squad, but did not play","On matchday squad, but did not play","On matchday squad, but did not play","On matchday squad, but did not play","On matchday squad, but did not play","On matchday squad, but did not play","On matchday squad, but did not play","On matchday squad, but did not play","On matchday squad, but did not play","On matchday squad, but did not play","On matchday squad, but did not play","On matchday squad, but did not play","On matchday squad, but did not play","On matchday squad, but did not play","On matchday squad, but did not play",Match Report,"On matchday squad, but did not play","On matchday squad, but did not play","On matchday squad, but did not play","On matchday squad, but did not play","On matchday squad, but did not play","On matchday squad, but did not play","On matchday squad, but did not play","On matchday squad, but did not play","On matchday squad, but did not play","On matchday squad, but did not play","On matchday squad, but did not play","On matchday squad, but did not play","On matchday squad, but did not play","On matchday squad, but did not play","On matchday squad, but did not play","On matchday squad, but did not play","On matchday squad, but did not play","On matchday squad, but did not play","On matchday squad, but did not play","On matchday squad, but did not play","On matchday squad, but did not play","On matchday squad, but did not play","On matchday squad, but did not play","On matchday squad, but did not play","On matchday squad, but did not play","On matchday squad, but did not play","On matchday squad, but did not play","On matchday squad, but did not play","On matchday squad, but did not play","On matchday squad, but did not play","On matchday squad, but did not play","On matchday squad, but did not play","On matchday squad, but did not play","On matchday squad, but did not play","On matchday squad, but did not play","On matchday squad, but did not play","On matchday squad, but did not play","On matchday squad, but did not play","On matchday squad, but did not play","On matchday squad, but did not play","On matchday squad, but did not play","On matchday squad, but did not play","On matchday squad, but did not play","On matchday squad, but did not play","On matchday squad, but did not play","On matchday squad, but did not play","On matchday squad, but did not play","On matchday squad, but did not play","On matchday squad, but did not play","On matchday squad, but did not play","On matchday squad, but did not play","On matchday squad, but did not play","On matchday squad, but did not play","On matchday squad, but did not play","On matchday squad, but did not play","On matchday squad, but did not play","On matchday squad, but did not play","On matchday squad, but did not play","On matchday squad, but did not play","On matchday squad, but did not play","On matchday squad, but did not play","On matchday squad, but did not play","On matchday squad, but did not play","On matchday squad, but did not play","On matchday squad, but did not play","On matchday squad, but did not play","On matchday squad, but did not play","On matchday squad, but did not play","On matchday squad, but did not play","On matchday squad, but did not play","On matchday squad, but did not play","On matchday squad, but did not play","On matchday squad, but did not play","On matchday squad, but did not play","On matchday squad, but did not play","On matchday squad, but did not play","On matchday squad, but did not play","On matchday squad, but did not play","On matchday squad, but did not play","On matchday squad, but did not play","On matchday squad, but did not play","On matchday squad, but did not play","On matchday squad, but did not play","On matchday squad, but did not play","On matchday squad, but did not play","On matchday squad, but did not play","On matchday squad, but did not play","On matchday squad, but did not play","On matchday squad, but did not play",Leicester City,Kasey-McAteer,b2c66859
2025-03-16,Sun,Matchweek 29,Home,L 0–3,Leicester City,Manchester Utd,N,WB,9,0,0,0,0,0,0,0,0,11,0,0,0,0.0,0.0,0.0,0,0,7,10,70.0,0,5,0,0,0,Match Report,7,10,70.0,80,13,5,5,100.0,2,5,40.0,0,0,,0,0.0,0.0,0,0,0,0,0,10,10,0,0,0,0,2,0,0,0,0,0,7,0,0,0,0,0,0,0,0,0,0,0,0,0,0,0,0,11,0,2,3,6,1,11,0,0,,0,,5,46,23,0,1,0,1,0,9,0,0,0,0,0,0,0,0,,0,0,0,0,0,0,0,0,Leicester City,Kasey-McAteer,b2c66859
2025-04-12,Sat,Matchweek 32,Away,D 2–2,Leicester City,Brighton,Y,RW,89,0,0,0,0,2,1,0,0,37,0,1,2,0.1,0.1,0.1,3,1,17,24,70.8,1,30,0,4,0,Match Report,17,24,70.8,222,79,12,15,80.0,5,6,83.3,0,0,,0,0.1,0.1,1,0,2,1,1,24,23,1,0,0,0,1,1,0,0,0,0,17,0,1,3,2,0,0,0,1,0,1,0,0,0,0,1,0,37,1,2,15,20,3,37,4,0,0.0,3,75.0,30,149,26,0,1,1,3,2,30,6,0,0,0,0,0,0,4,0.0,4,2,0,2,1,1,1,0,Leicester City,Kasey-McAteer,b2c66859
2025-04-26,Sat,Matchweek 34,Away,L 0–3,Leicester City,Wolves,N,RW,45,0,0,0,0,0,0,1,0,20,1,0,2,0.0,0.0,0.0,1,0,11,14,78.6,1,11,1,3,1,Match Report,11,14,78.6,163,26,7,9,77.8,3,3,100.0,1,1,100.0,0,0.0,0.0,0,0,1,0,1,14,13,0,0,0,0,0,0,0,0,0,0,11,1,0,1,1,0,0,0,0,0,0,0,0,0,0,0,0,20,0,0,8,12,0,20,3,1,33.3,2,66.7,11,85,20,1,0,0,2,1,12,6,1,1,0,0,1,1,1,100.0,0,2,0,2,0,1,0,0,Leicester City,Kasey-McAteer,b2c66859
2025-05-03,Sat,Matchweek 35,Home,W 2–0,Leicester City,Southampton,Y,RW,83,0,0,0,0,1,1,0,0,31,2,0,1,0.1,0.1,0.1,2,0,17,21,81.0,1,17,2,0,0,Match Report,17,21,81.0,239,47,10,11,90.9,6,7,85.7,0,2,0.0,0,0.1,0.0,2,2,0,0,1,21,20,1,0,0,0,2,1,0,0,0,0,17,0,0,2,2,0,0,0,0,0,0,0,0,0,0,0,0,31,1,5,12,14,2,31,0,0,,0,,17,119,40,2,0,1,3,3,19,4,2,2,1,0,1,2,2,100.0,0,1,0,1,0,2,0,0,Leicester City,Kasey-McAteer,b2c66859
2025-05-11,Sun,Matchweek 36,Away,D 2–2,Leicester City,Nott'ham Forest,Y,"RW,LW",76,0,0,0,0,1,1,0,0,34,4,0,2,0.2,0.2,0.1,2,0,12,15,80.0,0,20,0,5,2,Match Report,12,15,80.0,161,31,7,9,77.8,2,3,66.7,1,1,100.0,0,0.1,0.0,1,2,0,0,0,15,15,0,0,0,0,2,0,0,0,0,0,12,0,0,2,2,0,0,0,0,0,0,0,0,0,0,0,0,34,1,9,9,16,4,34,5,2,40.0,3,60.0,20,82,14,0,2,0,2,3,20,7,4,3,3,1,0,1,2,50.0,1,2,0,2,0,4,4,0,Leicester City,Kasey-McAteer,b2c66859
2025-05-18,Sun,Matchweek 37,Home,W 2–0,Leicester City,Ipswich Town,Y,RW,79,1,0,0,0,3,2,1,0,28,1,1,3,0.2,0.2,0.0,0,0,13,18,72.2,2,14,2,1,0,Match Report,13,18,72.2,190,40,8,9,88.9,5,7,71.4,0,0,,0,0.0,0.0,0,1,0,0,2,18,18,0,0,0,0,2,0,0,0,0,0,13,0,2,0,0,0,0,0,0,0,0,0,0,0,0,0,0,28,2,6,7,15,2,28,1,0,0.0,1,100.0,14,97,46,2,0,0,1,3,16,10,1,1,0,1,0,1,2,50.0,1,3,1,2,1,2,0,0,Leicester City,Kasey-McAteer,b2c66859
2025-05-25,Sun,Matchweek 38,Away,L 0–2,Leicester City,Bournemouth,Y,RW,85,0,0,0,0,0,0,0,0,29,4,1,0,0.0,0.0,0.0,0,0,15,19,78.9,1,16,1,3,2,Match Report,15,19,78.9,216,69,9,11,81.8,6,6,100.0,0,0,,0,0.0,0.2,0,2,0,0,1,19,18,0,0,0,0,1,0,0,0,0,0,15,1,1,0,0,0,0,0,0,0,0,0,0,0,0,0,0,29,1,7,13,10,3,29,3,2,66.7,1,33.3,16,128,42,1,0,1,3,0,14,2,4,1,1,3,0,3,4,75.0,1,0,0,0,1,5,0,0,Leicester City,Kasey-McAteer,b2c66859
2024-08-19,Mon,Matchweek 1,Home,D 1–1,Leicester City,Tottenham,Y,LW,85,0,0,0,0,1,0,0,0,31,0,0,1,0.1,0.1,0.0,1,0,15,24,62.5,0,17,1,0,0,Match Report,15,24,62.5,195,26,10,14,71.4,4,5,80.0,0,2,0.0,0,0.0,0.0,0,0,0,0,0,24,24,0,0,0,0,1,0,0,0,0,0,15,0,2,1,1,0,0,0,0,0,0,0,0,0,0,0,0,31,6,12,11,8,1,31,0,0,,0,,17,81,26,1,0,1,0,4,22,4,0,0,0,0,0,0,3,0.0,3,1,1,0,0,0,3,0,Leicester City,Bobby-De-Cordova-Reid,0f7533cd
2024-08-24,Sat,Matchweek 2,Away,L 1–2,Leicester City,Fulham,Y,LW,62,0,0,0,0,1,1,0,0,25,1,0,3,0.0,0.0,0.0,1,0,14,16,87.5,2,14,1,1,0,Match Report,14,16,87.5,196,61,9,10,90.0,5,6,83.3,0,0,,0,0.0,0.0,0,1,0,0,2,16,16,0,0,0,0,0,0,0,0,0,0,14,0,0,1,0,0,0,1,0,0,0,0,0,0,0,0,0,25,0,6,14,5,0,25,1,0,0.0,1,100.0,14,75,33,1,0,0,1,0,13,2,1,1,0,1,0,0,0,,0,3,0,3,0,1,0,0,Leicester City,Bobby-De-Cordova-Reid,0f7533cd
2024-08-31,Sat,Matchweek 3,Home,L 1–2,Leicester City,Aston Villa,N,"AM,CM",2,0,0,0,0,0,0,0,0,2,0,0,0,0.0,0.0,0.0,0,0,1,2,50.0,0,1,0,0,0,Match Report,1,2,50.0,4,0,0,0,,0,1,0.0,0,0,,0,0.0,0.0,0,0,0,0,0,2,2,0,0,0,0,0,0,0,0,0,0,1,0,0,0,0,0,0,0,0,0,0,0,0,0,0,0,0,2,0,0,2,0,0,2,0,0,,0,,1,2,0,0,0,0,0,0,2,0,0,0,0,0,0,0,0,,0,0,0,0,0,0,0,0,Leicester City,Bobby-De-Cordova-Reid,0f7533cd
2024-09-14,Sat,Matchweek 4,Away,D 2–2,Leicester City,Crystal Palace,N,"On matchday squad, but did not play","On matchday squad, but did not play","On matchday squad, but did not play","On matchday squad, but did not play","On matchday squad, but did not play","On matchday squad, but did not play","On matchday squad, but did not play","On matchday squad, but did not play","On matchday squad, but did not play","On matchday squad, but did not play","On matchday squad, but did not play","On matchday squad, but did not play","On matchday squad, but did not play","On matchday squad, but did not play","On matchday squad, but did not play","On matchday squad, but did not play","On matchday squad, but did not play","On matchday squad, but did not play","On matchday squad, but did not play","On matchday squad, but did not play","On matchday squad, but did not play","On matchday squad, but did not play","On matchday squad, but did not play","On matchday squad, but did not play","On matchday squad, but did not play","On matchday squad, but did not play","On matchday squad, but did not play",Match Report,"On matchday squad, but did not play","On matchday squad, but did not play","On matchday squad, but did not play","On matchday squad, but did not play","On matchday squad, but did not play","On matchday squad, but did not play","On matchday squad, but did not play","On matchday squad, but did not play","On matchday squad, but did not play","On matchday squad, but did not play","On matchday squad, but did not play","On matchday squad, but did not play","On matchday squad, but did not play","On matchday squad, but did not play","On matchday squad, but did not play","On matchday squad, but did not play","On matchday squad, but did not play","On matchday squad, but did not play","On matchday squad, but did not play","On matchday squad, but did not play","On matchday squad, but did not play","On matchday squad, but did not play","On matchday squad, but did not play","On matchday squad, but did not play","On matchday squad, but did not play","On matchday squad, but did not play","On matchday squad, but did not play","On matchday squad, but did not play","On matchday squad, but did not play","On matchday squad, but did not play","On matchday squad, but did not play","On matchday squad, but did not play","On matchday squad, but did not play","On matchday squad, but did not play","On matchday squad, but did not play","On matchday squad, but did not play","On matchday squad, but did not play","On matchday squad, but did not play","On matchday squad, but did not play","On matchday squad, but did not play","On matchday squad, but did not play","On matchday squad, but did not play","On matchday squad, but did not play","On matchday squad, but did not play","On matchday squad, but did not play","On matchday squad, but did not play","On matchday squad, but did not play","On matchday squad, but did not play","On matchday squad, but did not play","On matchday squad, but did not play","On matchday squad, but did not play","On matchday squad, but did not play","On matchday squad, but did not play","On matchday squad, but did not play","On matchday squad, but did not play","On matchday squad, but did not play","On matchday squad, but did not play","On matchday squad, but did not play","On matchday squad, but did not play","On matchday squad, but did not play","On matchday squad, but did not play","On matchday squad, but did not play","On matchday squad, but did not play","On matchday squad, but did not play","On matchday squad, but did not play","On matchday squad, but did not play","On matchday squad, but did not play","On matchday squad, but did not play","On matchday squad, but did not play","On matchday squad, but did not play","On matchday squad, but did not play","On matchday squad, but did not play","On matchday squad, but did not play","On matchday squad, but did not play","On matchday squad, but did not play","On matchday squad, but did not play","On matchday squad, but did not play","On matchday squad, but did not play","On matchday squad, but did not play","On matchday squad, but did not play","On matchday squad, but did not play","On matchday squad, but did not play","On matchday squad, but did not play","On matchday squad, but did not play","On matchday squad, but did not play","On matchday squad, but did not play","On matchday squad, but did not play","On matchday squad, but did not play","On matchday squad, but did not play",Leicester City,Bobby-De-Cordova-Reid,0f7533cd
2024-09-21,Sat,Matchweek 5,Home,D 1–1,Leicester City,Everton,N,"On matchday squad, but did not play","On matchday squad, but did not play","On matchday squad, but did not play","On matchday squad, but did not play","On matchday squad, but did not play","On matchday squad, but did not play","On matchday squad, but did not play","On matchday squad, but did not play","On matchday squad, but did not play","On matchday squad, but did not play","On matchday squad, but did not play","On matchday squad, but did not play","On matchday squad, but did not play","On matchday squad, but did not play","On matchday squad, but did not play","On matchday squad, but did not play","On matchday squad, but did not play","On matchday squad, but did not play","On matchday squad, but did not play","On matchday squad, but did not play","On matchday squad, but did not play","On matchday squad, but did not play","On matchday squad, but did not play","On matchday squad, but did not play","On matchday squad, but did not play","On matchday squad, but did not play","On matchday squad, but did not play",Match Report,"On matchday squad, but did not play","On matchday squad, but did not play","On matchday squad, but did not play","On matchday squad, but did not play","On matchday squad, but did not play","On matchday squad, but did not play","On matchday squad, but did not play","On matchday squad, but did not play","On matchday squad, but did not play","On matchday squad, but did not play","On matchday squad, but did not play","On matchday squad, but did not play","On matchday squad, but did not play","On matchday squad, but did not play","On matchday squad, but did not play","On matchday squad, but did not play","On matchday squad, but did not play","On matchday squad, but did not play","On matchday squad, but did not play","On matchday squad, but did not play","On matchday squad, but did not play","On matchday squad, but did not play","On matchday squad, but did not play","On matchday squad, but did not play","On matchday squad, but did not play","On matchday squad, but did not play","On matchday squad, but did not play","On matchday squad, but did not play","On matchday squad, but did not play","On matchday squad, but did not play","On matchday squad, but did not play","On matchday squad, but did not play","On matchday squad, but did not play","On matchday squad, but did not play","On matchday squad, but did not play","On matchday squad, but did not play","On matchday squad, but did not play","On matchday squad, but did not play","On matchday squad, but did not play","On matchday squad, but did not play","On matchday squad, but did not play","On matchday squad, but did not play","On matchday squad, but did not play","On matchday squad, but did not play","On matchday squad, but did not play","On matchday squad, but did not play","On matchday squad, but did not play","On matchday squad, but did not play","On matchday squad, but did not play","On matchday squad, but did not play","On matchday squad, but did not play","On matchday squad, but did not play","On matchday squad, but did not play","On matchday squad, but did not play","On matchday squad, but did not play","On matchday squad, but did not play","On matchday squad, but did not play","On matchday squad, but did not play","On matchday squad, but did not play","On matchday squad, but did not play","On matchday squad, but did not play","On matchday squad, but did not play","On matchday squad, but did not play","On matchday squad, but did not play","On matchday squad, but did not play","On matchday squad, but did not play","On matchday squad, but did not play","On matchday squad, but did not play","On matchday squad, but did not play","On matchday squad, but did not play","On matchday squad, but did not play","On matchday squad, but did not play","On matchday squad, but did not play","On matchday squad, but did not play","On matchday squad, but did not play","On matchday squad, but did not play","On matchday squad, but did not play","On matchday squad, but did not play","On matchday squad, but did not play","On matchday squad, but did not play","On matchday squad, but did not play","On matchday squad, but did not play","On matchday squad, but did not play","On matchday squad, but did not play","On matchday squad, but did not play","On matchday squad, but did not play","On matchday squad, but did not play","On matchday squad, but did not play","On matchday squad, but did not play",Leicester City,Bobby-De-Cordova-Reid,0f7533cd
2024-09-28,Sat,Matchweek 6,Away,L 2–4,Leicester City,Arsenal,N,LW,1,0,0,0,0,0,0,0,0,2,0,0,0,0.0,0.0,0.0,0,0,2,2,100.0,0,0,0,0,0,Match Report,2,2,100.0,30,3,1,1,100.0,1,1,100.0,0,0,,0,0.0,0.0,0,0,0,0,0,2,1,1,0,0,0,0,0,0,0,0,0,2,0,0,0,0,0,0,0,0,0,0,0,0,0,0,0,0,2,0,1,1,0,0,2,0,0,,0,,0,0,0,0,0,0,0,0,0,0,0,0,0,0,0,0,0,,0,0,0,0,0,0,0,0,Leicester City,Bobby-De-Cordova-Reid,0f7533cd
2024-10-05,Sat,Matchweek 7,Home,W 1–0,Leicester City,Bournemouth,N,RW,9,0,0,0,0,0,0,0,0,7,0,0,0,0.0,0.0,0.0,0,0,2,4,50.0,0,3,0,1,0,Match Report,2,4,50.0,43,42,1,1,100.0,0,0,,1,1,100.0,0,0.0,0.0,0,0,0,0,0,4,4,0,0,0,0,0,0,0,0,0,0,2,0,1,0,0,0,0,0,0,0,0,0,0,0,0,0,0,7,0,3,2,2,0,7,1,0,0.0,1,100.0,3,20,19,0,0,0,1,0,2,0,0,0,0,0,0,0,0,,0,0,0,0,0,0,0,0,Leicester City,Bobby-De-Cordova-Reid,0f7533cd
2024-10-19,Sat,Matchweek 8,Away,W 3–2,Leicester City,Southampton,N,LW,3,0,0,0,0,1,0,0,0,8,0,0,0,0.0,0.0,0.1,1,0,5,6,83.3,1,8,3,0,0,Match Report,5,6,83.3,60,27,3,3,100.0,2,2,100.0,0,0,,0,0.1,0.0,1,0,1,0,1,6,6,0,0,0,0,1,0,0,0,0,0,5,0,1,1,1,0,0,0,0,0,0,0,0,0,0,0,0,8,0,0,0,8,3,8,0,0,,0,,8,47,33,3,1,1,0,0,8,3,0,0,0,0,0,0,0,,0,0,0,0,0,0,0,0,Leicester City,Bobby-De-Cordova-Reid,0f7533cd
2024-10-25,Fri,Matchweek 9,Home,L 1–3,Leicester City,Nott'ham Forest,N,"On matchday squad, but did not play","On matchday squad, but did not play","On matchday squad, but did not play","On matchday squad, but did not play","On matchday squad, but did not play","On matchday squad, but did not play","On matchday squad, but did not play","On matchday squad, but did not play","On matchday squad, but did not play","On matchday squad, but did not play","On matchday squad, but did not play","On matchday squad, but did not play","On matchday squad, but did not play","On matchday squad, but did not play","On matchday squad, but did not play","On matchday squad, but did not play","On matchday squad, but did not play","On matchday squad, but did not play","On matchday squad, but did not play","On matchday squad, but did not play","On matchday squad, but did not play","On matchday squad, but did not play","On matchday squad, but did not play","On matchday squad, but did not play","On matchday squad, but did not play","On matchday squad, but did not play","On matchday squad, but did not play",Match Report,"On matchday squad, but did not play","On matchday squad, but did not play","On matchday squad, but did not play","On matchday squad, but did not play","On matchday squad, but did not play","On matchday squad, but did not play","On matchday squad, but did not play","On matchday squad, but did not play","On matchday squad, but did not play","On matchday squad, but did not play","On matchday squad, but did not play","On matchday squad, but did not play","On matchday squad, but did not play","On matchday squad, but did not play","On matchday squad, but did not play","On matchday squad, but did not play","On matchday squad, but did not play","On matchday squad, but did not play","On matchday squad, but did not play","On matchday squad, but did not play","On matchday squad, but did not play","On matchday squad, but did not play","On matchday squad, but did not play","On matchday squad, but did not play","On matchday squad, but did not play","On matchday squad, but did not play","On matchday squad, but did not play","On matchday squad, but did not play","On matchday squad, but did not play","On matchday squad, but did not play","On matchday squad, but did not play","On matchday squad, but did not play","On matchday squad, but did not play","On matchday squad, but did not play","On matchday squad, but did not play","On matchday squad, but did not play","On matchday squad, but did not play","On matchday squad, but did not play","On matchday squad, but did not play","On matchday squad, but did not play","On matchday squad, but did not play","On matchday squad, but did not play","On matchday squad, but did not play","On matchday squad, but did not play","On matchday squad, but did not play","On matchday squad, but did not play","On matchday squad, but did not play","On matchday squad, but did not play","On matchday squad, but did not play","On matchday squad, but did not play","On matchday squad, but did not play","On matchday squad, but did not play","On matchday squad, but did not play","On matchday squad, but did not play","On matchday squad, but did not play","On matchday squad, but did not play","On matchday squad, but did not play","On matchday squad, but did not play","On matchday squad, but did not play","On matchday squad, but did not play","On matchday squad, but did not play","On matchday squad, but did not play","On matchday squad, but did not play","On matchday squad, but did not play","On matchday squad, but did not play","On matchday squad, but did not play","On matchday squad, but did not play","On matchday squad, but did not play","On matchday squad, but did not play","On matchday squad, but did not play","On matchday squad, but did not play","On matchday squad, but did not play","On matchday squad, but did not play","On matchday squad, but did not play","On matchday squad, but did not play","On matchday squad, but did not play","On matchday squad, but did not play","On matchday squad, but did not play","On matchday squad, but did not play","On matchday squad, but did not play","On matchday squad, but did not play","On matchday squad, but did not play","On matchday squad, but did not play","On matchday squad, but did not play","On matchday squad, but did not play","On matchday squad, but did not play","On matchday squad, but did not play","On matchday squad, but did not play","On matchday squad, but did not play",Leicester City,Bobby-De-Cordova-Reid,0f7533cd
2024-11-23,Sat,Matchweek 12,Home,L 1–2,Leicester City,Chelsea,N,RM,12,0,0,0,0,0,0,0,0,7,1,0,0,0.0,0.0,0.0,1,1,4,6,66.7,0,5,1,0,0,Match Report,4,6,66.7,45,0,2,4,50.0,1,1,100.0,0,0,,0,0.0,0.0,0,0,0,0,0,6,6,0,0,0,0,0,0,0,0,0,0,4,0,0,1,0,0,0,0,1,0,1,0,0,0,0,1,0,7,0,0,5,2,0,7,0,0,,0,,5,33,16,1,0,0,0,0,6,1,1,1,0,1,0,1,1,100.0,0,0,0,0,0,1,0,0,Leicester City,Bobby-De-Cordova-Reid,0f7533cd
2024-11-30,Sat,Matchweek 13,Away,L 1–4,Leicester City,Brentford,N,AM,11,0,0,0,0,0,0,0,0,9,1,0,0,0.0,0.0,0.0,0,0,5,8,62.5,1,4,0,0,0,Match Report,5,8,62.5,90,41,2,2,100.0,3,3,100.0,0,3,0.0,0,0.0,0.0,0,1,0,0,1,8,8,0,0,0,0,1,0,0,0,0,0,5,0,0,0,0,0,0,0,0,0,0,0,0,0,0,0,0,9,1,3,3,3,0,9,0,0,,0,,4,20,13,0,1,0,0,0,6,0,1,0,0,1,0,1,1,100.0,0,0,0,0,0,1,0,0,Leicester City,Bobby-De-Cordova-Reid,0f7533cd
2024-12-03,Tue,Matchweek 14,Home,W 3–1,Leicester City,West Ham,N,"AM,RW",17,0,0,0,0,0,0,0,0,5,0,0,0,0.0,0.0,0.0,0,0,2,3,66.7,1,3,0,0,0,Match Report,2,3,66.7,31,25,1,2,50.0,1,1,100.0,0,0,,0,0.0,0.0,0,1,1,0,1,3,3,0,0,0,0,0,0,0,0,0,0,2,0,0,0,0,0,0,0,0,0,0,0,0,0,0,0,0,5,1,1,4,0,0,5,0,0,,0,,3,9,0,0,0,0,0,0,2,1,0,0,0,0,0,0,0,,0,0,0,0,0,0,1,0,Leicester City,Bobby-De-Cordova-Reid,0f7533cd
2024-12-08,Sun,Matchweek 15,Home,D 2–2,Leicester City,Brighton,N,RW,29,1,0,0,0,2,1,0,0,11,0,0,0,0.6,0.6,0.0,1,1,6,7,85.7,1,6,0,0,0,Match Report,6,7,85.7,96,19,3,3,100.0,3,3,100.0,0,0,,0,0.0,0.0,0,0,0,0,1,7,5,2,0,0,0,0,2,0,0,0,0,6,0,1,1,0,0,0,1,0,0,1,0,0,0,1,0,0,11,0,1,4,6,1,11,0,0,,0,,6,22,9,0,0,0,1,0,5,1,0,0,0,0,0,0,1,0.0,1,0,0,0,0,0,0,0,Leicester City,Bobby-De-Cordova-Reid,0f7533cd
2024-12-14,Sat,Matchweek 16,Away,L 0–4,Leicester City,Newcastle Utd,N,AM,9,0,0,0,0,0,0,0,0,3,0,0,0,0.0,0.0,0.0,0,0,3,3,100.0,1,3,0,0,0,Match Report,3,3,100.0,32,16,1,1,100.0,1,1,100.0,0,0,,0,0.0,0.0,0,1,0,0,1,3,3,0,0,0,0,0,0,0,0,0,0,3,0,0,0,0,0,0,0,0,0,0,0,0,0,0,0,0,3,0,0,3,0,0,3,0,0,,0,,3,11,3,0,0,0,0,0,3,1,0,0,0,0,0,0,0,,0,0,0,0,0,0,0,0,Leicester City,Bobby-De-Cordova-Reid,0f7533cd
2024-12-22,Sun,Matchweek 17,Home,L 0–3,Leicester City,Wolves,N,RW,37,0,0,0,0,0,0,0,0,16,1,0,0,0.0,0.0,0.0,1,0,9,13,69.2,2,13,0,2,0,Match Report,9,13,69.2,127,63,5,6,83.3,2,5,40.0,1,1,100.0,0,0.0,0.0,0,1,1,0,2,13,12,1,0,0,0,2,1,0,0,0,0,9,0,0,1,0,0,0,0,1,0,0,0,0,0,0,0,0,16,0,0,6,10,2,16,2,0,0.0,1,50.0,13,69,42,0,1,0,0,0,13,3,1,1,0,1,0,1,1,100.0,0,0,0,0,0,1,0,0,Leicester City,Bobby-De-Cordova-Reid,0f7533cd
2024-12-26,Thu,Matchweek 18,Away,L 1–3,Leicester City,Liverpool,N,LW,4,0,0,0,0,0,0,0,0,3,0,0,0,0.0,0.0,0.0,0,0,2,2,100.0,0,1,0,1,0,Match Report,2,2,100.0,34,3,1,1,100.0,1,1,100.0,0,0,,0,0.0,0.0,0,0,0,0,0,2,1,1,1,0,0,0,0,0,0,0,0,2,0,0,0,0,0,0,0,0,0,0,0,0,0,0,0,0,3,0,1,1,1,0,3,1,0,0.0,0,0.0,1,6,6,0,0,0,0,0,2,0,0,0,0,0,0,0,0,,0,0,0,0,0,0,0,0,Leicester City,Bobby-De-Cordova-Reid,0f7533cd
2024-12-29,Sun,Matchweek 19,Home,L 0–2,Leicester City,Manchester City,N,"On matchday squad, but did not play","On matchday squad, but did not play","On matchday squad, but did not play","On matchday squad, but did not play","On matchday squad, but did not play","On matchday squad, but did not play","On matchday squad, but did not play","On matchday squad, but did not play","On matchday squad, but did not play","On matchday squad, but did not play","On matchday squad, but did not play","On matchday squad, but did not play","On matchday squad, but did not play","On matchday squad, but did not play","On matchday squad, but did not play","On matchday squad, but did not play","On matchday squad, but did not play","On matchday squad, but did not play","On matchday squad, but did not play","On matchday squad, but did not play","On matchday squad, but did not play","On matchday squad, but did not play","On matchday squad, but did not play","On matchday squad, but did not play","On matchday squad, but did not play","On matchday squad, but did not play","On matchday squad, but did not play",Match Report,"On matchday squad, but did not play","On matchday squad, but did not play","On matchday squad, but did not play","On matchday squad, but did not play","On matchday squad, but did not play","On matchday squad, but did not play","On matchday squad, but did not play","On matchday squad, but did not play","On matchday squad, but did not play","On matchday squad, but did not play","On matchday squad, but did not play","On matchday squad, but did not play","On matchday squad, but did not play","On matchday squad, but did not play","On matchday squad, but did not play","On matchday squad, but did not play","On matchday squad, but did not play","On matchday squad, but did not play","On matchday squad, but did not play","On matchday squad, but did not play","On matchday squad, but did not play","On matchday squad, but did not play","On matchday squad, but did not play","On matchday squad, but did not play","On matchday squad, but did not play","On matchday squad, but did not play","On matchday squad, but did not play","On matchday squad, but did not play","On matchday squad, but did not play","On matchday squad, but did not play","On matchday squad, but did not play","On matchday squad, but did not play","On matchday squad, but did not play","On matchday squad, but did not play","On matchday squad, but did not play","On matchday squad, but did not play","On matchday squad, but did not play","On matchday squad, but did not play","On matchday squad, but did not play","On matchday squad, but did not play","On matchday squad, but did not play","On matchday squad, but did not play","On matchday squad, but did not play","On matchday squad, but did not play","On matchday squad, but did not play","On matchday squad, but did not play","On matchday squad, but did not play","On matchday squad, but did not play","On matchday squad, but did not play","On matchday squad, but did not play","On matchday squad, but did not play","On matchday squad, but did not play","On matchday squad, but did not play","On matchday squad, but did not play","On matchday squad, but did not play","On matchday squad, but did not play","On matchday squad, but did not play","On matchday squad, but did not play","On matchday squad, but did not play","On matchday squad, but did not play","On matchday squad, but did not play","On matchday squad, but did not play","On matchday squad, but did not play","On matchday squad, but did not play","On matchday squad, but did not play","On matchday squad, but did not play","On matchday squad, but did not play","On matchday squad, but did not play","On matchday squad, but did not play","On matchday squad, but did not play","On matchday squad, but did not play","On matchday squad, but did not play","On matchday squad, but did not play","On matchday squad, but did not play","On matchday squad, but did not play","On matchday squad, but did not play","On matchday squad, but did not play","On matchday squad, but did not play","On matchday squad, but did not play","On matchday squad, but did not play","On matchday squad, but did not play","On matchday squad, but did not play","On matchday squad, but did not play","On matchday squad, but did not play","On matchday squad, but did not play","On matchday squad, but did not play","On matchday squad, but did not play","On matchday squad, but did not play","On matchday squad, but did not play",Leicester City,Bobby-De-Cordova-Reid,0f7533cd
2025-01-04,Sat,Matchweek 20,Away,L 1–2,Leicester City,Aston Villa,N,RB,1,0,0,0,0,0,0,0,0,2,0,0,0,0.0,0.0,0.0,0,0,0,2,0.0,0,2,1,0,0,Match Report,0,2,0.0,0,0,0,0,,0,1,0.0,0,0,,0,0.0,0.0,0,0,0,0,0,2,2,0,0,0,0,0,0,0,0,0,0,0,0,1,0,0,0,0,0,0,0,0,0,0,0,0,0,0,2,0,0,1,1,1,2,0,0,,0,,2,14,14,1,0,1,0,0,2,2,0,0,0,0,0,0,0,,0,0,0,0,0,0,0,0,Leicester City,Bobby-De-Cordova-Reid,0f7533cd
2025-01-15,Wed,Matchweek 21,Home,L 0–2,Leicester City,Crystal Palace,N,"On matchday squad, but did not play","On matchday squad, but did not play","On matchday squad, but did not play","On matchday squad, but did not play","On matchday squad, but did not play","On matchday squad, but did not play","On matchday squad, but did not play","On matchday squad, but did not play","On matchday squad, but did not play","On matchday squad, but did not play","On matchday squad, but did not play","On matchday squad, but did not play","On matchday squad, but did not play","On matchday squad, but did not play","On matchday squad, but did not play","On matchday squad, but did not play","On matchday squad, but did not play","On matchday squad, but did not play","On matchday squad, but did not play","On matchday squad, but did not play","On matchday squad, but did not play","On matchday squad, but did not play","On matchday squad, but did not play","On matchday squad, but did not play","On matchday squad, but did not play","On matchday squad, but did not play","On matchday squad, but did not play",Match Report,"On matchday squad, but did not play","On matchday squad, but did not play","On matchday squad, but did not play","On matchday squad, but did not play","On matchday squad, but did not play","On matchday squad, but did not play","On matchday squad, but did not play","On matchday squad, but did not play","On matchday squad, but did not play","On matchday squad, but did not play","On matchday squad, but did not play","On matchday squad, but did not play","On matchday squad, but did not play","On matchday squad, but did not play","On matchday squad, but did not play","On matchday squad, but did not play","On matchday squad, but did not play","On matchday squad, but did not play","On matchday squad, but did not play","On matchday squad, but did not play","On matchday squad, but did not play","On matchday squad, but did not play","On matchday squad, but did not play","On matchday squad, but did not play","On matchday squad, but did not play","On matchday squad, but did not play","On matchday squad, but did not play","On matchday squad, but did not play","On matchday squad, but did not play","On matchday squad, but did not play","On matchday squad, but did not play","On matchday squad, but did not play","On matchday squad, but did not play","On matchday squad, but did not play","On matchday squad, but did not play","On matchday squad, but did not play","On matchday squad, but did not play","On matchday squad, but did not play","On matchday squad, but did not play","On matchday squad, but did not play","On matchday squad, but did not play","On matchday squad, but did not play","On matchday squad, but did not play","On matchday squad, but did not play","On matchday squad, but did not play","On matchday squad, but did not play","On matchday squad, but did not play","On matchday squad, but did not play","On matchday squad, but did not play","On matchday squad, but did not play","On matchday squad, but did not play","On matchday squad, but did not play","On matchday squad, but did not play","On matchday squad, but did not play","On matchday squad, but did not play","On matchday squad, but did not play","On matchday squad, but did not play","On matchday squad, but did not play","On matchday squad, but did not play","On matchday squad, but did not play","On matchday squad, but did not play","On matchday squad, but did not play","On matchday squad, but did not play","On matchday squad, but did not play","On matchday squad, but did not play","On matchday squad, but did not play","On matchday squad, but did not play","On matchday squad, but did not play","On matchday squad, but did not play","On matchday squad, but did not play","On matchday squad, but did not play","On matchday squad, but did not play","On matchday squad, but did not play","On matchday squad, but did not play","On matchday squad, but did not play","On matchday squad, but did not play","On matchday squad, but did not play","On matchday squad, but did not play","On matchday squad, but did not play","On matchday squad, but did not play","On matchday squad, but did not play","On matchday squad, but did not play","On matchday squad, but did not play","On matchday squad, but did not play","On matchday squad, but did not play","On matchday squad, but did not play","On matchday squad, but did not play","On matchday squad, but did not play","On matchday squad, but did not play",Leicester City,Bobby-De-Cordova-Reid,0f7533cd
2025-01-18,Sat,Matchweek 22,Home,L 0–2,Leicester City,Fulham,N,"On matchday squad, but did not play","On matchday squad, but did not play","On matchday squad, but did not play","On matchday squad, but did not play","On matchday squad, but did not play","On matchday squad, but did not play","On matchday squad, but did not play","On matchday squad, but did not play","On matchday squad, but did not play","On matchday squad, but did not play","On matchday squad, but did not play","On matchday squad, but did not play","On matchday squad, but did not play","On matchday squad, but did not play","On matchday squad, but did not play","On matchday squad, but did not play","On matchday squad, but did not play","On matchday squad, but did not play","On matchday squad, but did not play","On matchday squad, but did not play","On matchday squad, but did not play","On matchday squad, but did not play","On matchday squad, but did not play","On matchday squad, but did not play","On matchday squad, but did not play","On matchday squad, but did not play","On matchday squad, but did not play",Match Report,"On matchday squad, but did not play","On matchday squad, but did not play","On matchday squad, but did not play","On matchday squad, but did not play","On matchday squad, but did not play","On matchday squad, but did not play","On matchday squad, but did not play","On matchday squad, but did not play","On matchday squad, but did not play","On matchday squad, but did not play","On matchday squad, but did not play","On matchday squad, but did not play","On matchday squad, but did not play","On matchday squad, but did not play","On matchday squad, but did not play","On matchday squad, but did not play","On matchday squad, but did not play","On matchday squad, but did not play","On matchday squad, but did not play","On matchday squad, but did not play","On matchday squad, but did not play","On matchday squad, but did not play","On matchday squad, but did not play","On matchday squad, but did not play","On matchday squad, but did not play","On matchday squad, but did not play","On matchday squad, but did not play","On matchday squad, but did not play","On matchday squad, but did not play","On matchday squad, but did not play","On matchday squad, but did not play","On matchday squad, but did not play","On matchday squad, but did not play","On matchday squad, but did not play","On matchday squad, but did not play","On matchday squad, but did not play","On matchday squad, but did not play","On matchday squad, but did not play","On matchday squad, but did not play","On matchday squad, but did not play","On matchday squad, but did not play","On matchday squad, but did not play","On matchday squad, but did not play","On matchday squad, but did not play","On matchday squad, but did not play","On matchday squad, but did not play","On matchday squad, but did not play","On matchday squad, but did not play","On matchday squad, but did not play","On matchday squad, but did not play","On matchday squad, but did not play","On matchday squad, but did not play","On matchday squad, but did not play","On matchday squad, but did not play","On matchday squad, but did not play","On matchday squad, but did not play","On matchday squad, but did not play","On matchday squad, but did not play","On matchday squad, but did not play","On matchday squad, but did not play","On matchday squad, but did not play","On matchday squad, but did not play","On matchday squad, but did not play","On matchday squad, but did not play","On matchday squad, but did not play","On matchday squad, but did not play","On matchday squad, but did not play","On matchday squad, but did not play","On matchday squad, but did not play","On matchday squad, but did not play","On matchday squad, but did not play","On matchday squad, but did not play","On matchday squad, but did not play","On matchday squad, but did not play","On matchday squad, but did not play","On matchday squad, but did not play","On matchday squad, but did not play","On matchday squad, but did not play","On matchday squad, but did not play","On matchday squad, but did not play","On matchday squad, but did not play","On matchday squad, but did not play","On matchday squad, but did not play","On matchday squad, but did not play","On matchday squad, but did not play","On matchday squad, but did not play","On matchday squad, but did not play","On matchday squad, but did not play","On matchday squad, but did not play",Leicester City,Bobby-De-Cordova-Reid,0f7533cd
2025-01-26,Sun,Matchweek 23,Away,W 2–1,Leicester City,Tottenham,Y,LW,85,0,2,0,0,0,0,1,0,28,1,0,1,0.0,0.0,1.0,3,1,15,21,71.4,0,18,1,1,0,Match Report,15,21,71.4,120,27,9,13,69.2,1,1,100.0,0,0,,2,1.0,0.0,4,1,0,0,0,21,21,0,0,0,0,1,0,0,0,0,0,15,0,2,3,3,0,0,0,0,0,1,1,0,0,0,0,0,28,1,1,12,15,4,28,1,0,0.0,1,100.0,18,69,36,1,1,1,3,0,19,3,1,0,1,0,0,0,1,0.0,1,1,0,1,0,1,0,0,Leicester City,Bobby-De-Cordova-Reid,0f7533cd
2025-02-01,Sat,Matchweek 24,Away,L 0–4,Leicester City,Everton,Y,LW,75,0,0,0,0,0,0,0,0,27,0,0,1,0.0,0.0,0.0,2,0,14,23,60.9,2,16,0,1,0,Match Report,14,23,60.9,204,49,10,12,83.3,4,7,57.1,0,2,0.0,0,0.0,0.0,1,2,0,0,2,23,23,0,0,0,0,4,0,0,0,0,0,14,0,2,2,2,0,0,0,0,0,0,0,0,0,0,0,0,27,0,2,11,14,1,27,1,0,0.0,1,100.0,16,52,20,0,0,0,1,1,24,6,0,0,0,0,0,0,0,,0,1,0,1,0,0,0,0,Leicester City,Bobby-De-Cordova-Reid,0f7533cd
2025-02-15,Sat,Matchweek 25,Home,L 0–2,Leicester City,Arsenal,Y,RW,84,0,0,0,0,1,1,0,0,17,1,0,0,0.0,0.0,0.0,0,0,10,11,90.9,2,13,0,0,0,Match Report,10,11,90.9,100,56,7,7,100.0,2,3,66.7,0,0,,0,0.0,0.0,0,0,1,0,2,11,11,0,0,0,0,0,0,0,0,0,0,10,0,0,0,0,0,0,0,0,0,0,0,0,0,0,0,0,17,1,5,6,6,0,17,0,0,,0,,13,41,11,0,0,0,2,2,12,2,1,0,1,0,0,0,3,0.0,3,0,0,0,0,1,1,0,Leicester City,Bobby-De-Cordova-Reid,0f7533cd
2025-02-21,Fri,Matchweek 26,Home,L 0–4,Leicester City,Brentford,Y,RW,45,0,0,0,0,0,0,1,0,20,0,0,0,0.0,0.0,0.0,1,0,10,16,62.5,1,13,2,0,0,Match Report,10,16,62.5,148,42,7,8,87.5,2,2,100.0,1,4,25.0,0,0.0,0.0,0,0,1,0,1,16,14,2,0,0,0,3,2,0,0,0,0,10,0,2,1,1,0,0,0,0,0,0,0,0,0,0,0,0,20,2,3,8,9,0,20,0,0,,0,,13,77,31,2,0,0,0,0,13,6,0,0,0,0,0,0,1,0.0,1,0,0,0,0,0,3,0,Leicester City,Bobby-De-Cordova-Reid,0f7533cd
2025-02-27,Thu,Matchweek 27,Away,L 0–2,Leicester City,West Ham,Y,LW,60,0,0,0,0,0,0,0,0,19,2,0,0,0.0,0.0,0.0,0,0,11,16,68.8,0,11,2,0,0,Match Report,11,16,68.8,143,26,7,10,70.0,2,2,100.0,1,1,100.0,0,0.0,0.0,0,0,0,0,0,16,16,0,0,0,0,2,0,0,0,0,0,11,0,2,0,0,0,0,0,0,0,0,0,0,0,0,0,0,19,1,5,8,6,0,19,0,0,,0,,11,50,18,2,0,0,1,2,15,3,2,0,1,1,0,0,1,0.0,1,0,0,0,0,2,0,0,Leicester City,Bobby-De-Cordova-Reid,0f7533cd
2025-03-09,Sun,Matchweek 28,Away,L 0–1,Leicester City,Chelsea,N,RW,8,0,0,0,0,0,0,0,0,8,0,0,0,0.0,0.0,0.0,0,0,4,5,80.0,0,5,0,1,0,Match Report,4,5,80.0,38,1,3,3,100.0,1,1,100.0,0,0,,0,0.0,0.0,0,0,0,0,0,5,5,0,0,0,0,0,0,0,0,0,0,4,0,0,0,0,0,0,0,0,0,0,0,0,0,0,0,0,8,0,0,3,5,0,8,1,0,0.0,1,100.0,5,8,2,0,0,0,1,0,6,2,0,0,0,0,0,0,0,,0,0,0,0,0,0,0,0,Leicester City,Bobby-De-Cordova-Reid,0f7533cd
2025-03-16,Sun,Matchweek 29,Home,L 0–3,Leicester City,Manchester Utd,N,"On matchday squad, but did not play","On matchday squad, but did not play","On matchday squad, but did not play","On matchday squad, but did not play","On matchday squad, but did not play","On matchday squad, but did not play","On matchday squad, but did not play","On matchday squad, but did not play","On matchday squad, but did not play","On matchday squad, but did not play","On matchday squad, but did not play","On matchday squad, but did not play","On matchday squad, but did not play","On matchday squad, but did not play","On matchday squad, but did not play","On matchday squad, but did not play","On matchday squad, but did not play","On matchday squad, but did not play","On matchday squad, but did not play","On matchday squad, but did not play","On matchday squad, but did not play","On matchday squad, but did not play","On matchday squad, but did not play","On matchday squad, but did not play","On matchday squad, but did not play","On matchday squad, but did not play","On matchday squad, but did not play",Match Report,"On matchday squad, but did not play","On matchday squad, but did not play","On matchday squad, but did not play","On matchday squad, but did not play","On matchday squad, but did not play","On matchday squad, but did not play","On matchday squad, but did not play","On matchday squad, but did not play","On matchday squad, but did not play","On matchday squad, but did not play","On matchday squad, but did not play","On matchday squad, but did not play","On matchday squad, but did not play","On matchday squad, but did not play","On matchday squad, but did not play","On matchday squad, but did not play","On matchday squad, but did not play","On matchday squad, but did not play","On matchday squad, but did not play","On matchday squad, but did not play","On matchday squad, but did not play","On matchday squad, but did not play","On matchday squad, but did not play","On matchday squad, but did not play","On matchday squad, but did not play","On matchday squad, but did not play","On matchday squad, but did not play","On matchday squad, but did not play","On matchday squad, but did not play","On matchday squad, but did not play","On matchday squad, but did not play","On matchday squad, but did not play","On matchday squad, but did not play","On matchday squad, but did not play","On matchday squad, but did not play","On matchday squad, but did not play","On matchday squad, but did not play","On matchday squad, but did not play","On matchday squad, but did not play","On matchday squad, but did not play","On matchday squad, but did not play","On matchday squad, but did not play","On matchday squad, but did not play","On matchday squad, but did not play","On matchday squad, but did not play","On matchday squad, but did not play","On matchday squad, but did not play","On matchday squad, but did not play","On matchday squad, but did not play","On matchday squad, but did not play","On matchday squad, but did not play","On matchday squad, but did not play","On matchday squad, but did not play","On matchday squad, but did not play","On matchday squad, but did not play","On matchday squad, but did not play","On matchday squad, but did not play","On matchday squad, but did not play","On matchday squad, but did not play","On matchday squad, but did not play","On matchday squad, but did not play","On matchday squad, but did not play","On matchday squad, but did not play","On matchday squad, but did not play","On matchday squad, but did not play","On matchday squad, but did not play","On matchday squad, but did not play","On matchday squad, but did not play","On matchday squad, but did not play","On matchday squad, but did not play","On matchday squad, but did not play","On matchday squad, but did not play","On matchday squad, but did not play","On matchday squad, but did not play","On matchday squad, but did not play","On matchday squad, but did not play","On matchday squad, but did not play","On matchday squad, but did not play","On matchday squad, but did not play","On matchday squad, but did not play","On matchday squad, but did not play","On matchday squad, but did not play","On matchday squad, but did not play","On matchday squad, but did not play","On matchday squad, but did not play","On matchday squad, but did not play","On matchday squad, but did not play","On matchday squad, but did not play","On matchday squad, but did not play",Leicester City,Bobby-De-Cordova-Reid,0f7533cd
2025-04-02,Wed,Matchweek 30,Away,L 0–2,Leicester City,Manchester City,N,"On matchday squad, but did not play","On matchday squad, but did not play","On matchday squad, but did not play","On matchday squad, but did not play","On matchday squad, but did not play","On matchday squad, but did not play","On matchday squad, but did not play","On matchday squad, but did not play","On matchday squad, but did not play","On matchday squad, but did not play","On matchday squad, but did not play","On matchday squad, but did not play","On matchday squad, but did not play","On matchday squad, but did not play","On matchday squad, but did not play","On matchday squad, but did not play","On matchday squad, but did not play","On matchday squad, but did not play","On matchday squad, but did not play","On matchday squad, but did not play","On matchday squad, but did not play","On matchday squad, but did not play","On matchday squad, but did not play","On matchday squad, but did not play","On matchday squad, but did not play","On matchday squad, but did not play","On matchday squad, but did not play",Match Report,"On matchday squad, but did not play","On matchday squad, but did not play","On matchday squad, but did not play","On matchday squad, but did not play","On matchday squad, but did not play","On matchday squad, but did not play","On matchday squad, but did not play","On matchday squad, but did not play","On matchday squad, but did not play","On matchday squad, but did not play","On matchday squad, but did not play","On matchday squad, but did not play","On matchday squad, but did not play","On matchday squad, but did not play","On matchday squad, but did not play","On matchday squad, but did not play","On matchday squad, but did not play","On matchday squad, but did not play","On matchday squad, but did not play","On matchday squad, but did not play","On matchday squad, but did not play","On matchday squad, but did not play","On matchday squad, but did not play","On matchday squad, but did not play","On matchday squad, but did not play","On matchday squad, but did not play","On matchday squad, but did not play","On matchday squad, but did not play","On matchday squad, but did not play","On matchday squad, but did not play","On matchday squad, but did not play","On matchday squad, but did not play","On matchday squad, but did not play","On matchday squad, but did not play","On matchday squad, but did not play","On matchday squad, but did not play","On matchday squad, but did not play","On matchday squad, but did not play","On matchday squad, but did not play","On matchday squad, but did not play","On matchday squad, but did not play","On matchday squad, but did not play","On matchday squad, but did not play","On matchday squad, but did not play","On matchday squad, but did not play","On matchday squad, but did not play","On matchday squad, but did not play","On matchday squad, but did not play","On matchday squad, but did not play","On matchday squad, but did not play","On matchday squad, but did not play","On matchday squad, but did not play","On matchday squad, but did not play","On matchday squad, but did not play","On matchday squad, but did not play","On matchday squad, but did not play","On matchday squad, but did not play","On matchday squad, but did not play","On matchday squad, but did not play","On matchday squad, but did not play","On matchday squad, but did not play","On matchday squad, but did not play","On matchday squad, but did not play","On matchday squad, but did not play","On matchday squad, but did not play","On matchday squad, but did not play","On matchday squad, but did not play","On matchday squad, but did not play","On matchday squad, but did not play","On matchday squad, but did not play","On matchday squad, but did not play","On matchday squad, but did not play","On matchday squad, but did not play","On matchday squad, but did not play","On matchday squad, but did not play","On matchday squad, but did not play","On matchday squad, but did not play","On matchday squad, but did not play","On matchday squad, but did not play","On matchday squad, but did not play","On matchday squad, but did not play","On matchday squad, but did not play","On matchday squad, but did not play","On matchday squad, but did not play","On matchday squad, but did not play","On matchday squad, but did not play","On matchday squad, but did not play","On matchday squad, but did not play","On matchday squad, but did not play",Leicester City,Bobby-De-Cordova-Reid,0f7533cd
2025-04-07,Mon,Matchweek 31,Home,L 0–3,Leicester City,Newcastle Utd,N,"On matchday squad, but did not play","On matchday squad, but did not play","On matchday squad, but did not play","On matchday squad, but did not play","On matchday squad, but did not play","On matchday squad, but did not play","On matchday squad, but did not play","On matchday squad, but did not play","On matchday squad, but did not play","On matchday squad, but did not play","On matchday squad, but did not play","On matchday squad, but did not play","On matchday squad, but did not play","On matchday squad, but did not play","On matchday squad, but did not play","On matchday squad, but did not play","On matchday squad, but did not play","On matchday squad, but did not play","On matchday squad, but did not play","On matchday squad, but did not play","On matchday squad, but did not play","On matchday squad, but did not play","On matchday squad, but did not play","On matchday squad, but did not play","On matchday squad, but did not play","On matchday squad, but did not play","On matchday squad, but did not play",Match Report,"On matchday squad, but did not play","On matchday squad, but did not play","On matchday squad, but did not play","On matchday squad, but did not play","On matchday squad, but did not play","On matchday squad, but did not play","On matchday squad, but did not play","On matchday squad, but did not play","On matchday squad, but did not play","On matchday squad, but did not play","On matchday squad, but did not play","On matchday squad, but did not play","On matchday squad, but did not play","On matchday squad, but did not play","On matchday squad, but did not play","On matchday squad, but did not play","On matchday squad, but did not play","On matchday squad, but did not play","On matchday squad, but did not play","On matchday squad, but did not play","On matchday squad, but did not play","On matchday squad, but did not play","On matchday squad, but did not play","On matchday squad, but did not play","On matchday squad, but did not play","On matchday squad, but did not play","On matchday squad, but did not play","On matchday squad, but did not play","On matchday squad, but did not play","On matchday squad, but did not play","On matchday squad, but did not play","On matchday squad, but did not play","On matchday squad, but did not play","On matchday squad, but did not play","On matchday squad, but did not play","On matchday squad, but did not play","On matchday squad, but did not play","On matchday squad, but did not play","On matchday squad, but did not play","On matchday squad, but did not play","On matchday squad, but did not play","On matchday squad, but did not play","On matchday squad, but did not play","On matchday squad, but did not play","On matchday squad, but did not play","On matchday squad, but did not play","On matchday squad, but did not play","On matchday squad, but did not play","On matchday squad, but did not play","On matchday squad, but did not play","On matchday squad, but did not play","On matchday squad, but did not play","On matchday squad, but did not play","On matchday squad, but did not play","On matchday squad, but did not play","On matchday squad, but did not play","On matchday squad, but did not play","On matchday squad, but did not play","On matchday squad, but did not play","On matchday squad, but did not play","On matchday squad, but did not play","On matchday squad, but did not play","On matchday squad, but did not play","On matchday squad, but did not play","On matchday squad, but did not play","On matchday squad, but did not play","On matchday squad, but did not play","On matchday squad, but did not play","On matchday squad, but did not play","On matchday squad, but did not play","On matchday squad, but did not play","On matchday squad, but did not play","On matchday squad, but did not play","On matchday squad, but did not play","On matchday squad, but did not play","On matchday squad, but did not play","On matchday squad, but did not play","On matchday squad, but did not play","On matchday squad, but did not play","On matchday squad, but did not play","On matchday squad, but did not play","On matchday squad, but did not play","On matchday squad, but did not play","On matchday squad, but did not play","On matchday squad, but did not play","On matchday squad, but did not play","On matchday squad, but did not play","On matchday squad, but did not play","On matchday squad, but did not play",Leicester City,Bobby-De-Cordova-Reid,0f7533cd
2025-04-12,Sat,Matchweek 32,Away,D 2–2,Leicester City,Brighton,N,LW,1,0,0,0,0,0,0,0,0,2,1,0,0,0.0,0.0,0.0,0,0,0,1,0.0,0,1,0,0,0,Match Report,0,1,0.0,0,0,0,0,,0,0,,0,0,,0,0.0,0.0,0,0,0,0,0,1,1,0,0,0,0,0,0,0,0,0,0,0,0,1,0,0,0,0,0,0,0,0,0,0,0,0,0,0,2,0,0,1,1,1,2,0,0,,0,,1,4,4,0,0,0,0,0,1,1,1,1,0,1,0,1,1,100.0,0,0,0,0,0,1,0,0,Leicester City,Bobby-De-Cordova-Reid,0f7533cd
2025-04-20,Sun,Matchweek 33,Home,L 0–1,Leicester City,Liverpool,Y,RW,60,0,0,0,0,0,0,0,0,9,0,0,0,0.0,0.0,0.0,0,0,5,7,71.4,0,8,1,1,0,Match Report,5,7,71.4,59,25,4,5,80.0,1,2,50.0,0,0,,0,0.0,0.0,0,0,0,0,0,7,6,1,0,0,0,0,1,0,0,0,0,5,0,0,0,0,0,0,0,0,0,0,0,0,0,0,0,0,9,1,3,2,4,1,9,1,0,0.0,1,100.0,8,42,15,1,0,1,0,1,5,3,0,0,0,0,0,0,0,,0,0,0,0,0,0,1,0,Leicester City,Bobby-De-Cordova-Reid,0f7533cd
2025-04-26,Sat,Matchweek 34,Away,L 0–3,Leicester City,Wolves,Y,LW,44,0,0,0,0,1,0,0,0,11,0,0,0,0.0,0.0,0.0,1,0,6,8,75.0,1,9,1,1,0,Match Report,6,8,75.0,88,35,2,2,100.0,2,4,50.0,1,1,100.0,0,0.0,0.0,0,1,0,0,1,8,8,0,0,0,0,0,0,0,0,0,0,6,0,0,1,0,0,0,1,0,0,0,0,0,0,0,0,0,11,1,2,6,3,1,11,1,0,0.0,1,100.0,9,64,38,1,1,1,0,0,7,4,0,0,0,0,0,0,0,,0,0,0,0,0,0,1,0,Leicester City,Bobby-De-Cordova-Reid,0f7533cd
2024-11-23,Sat,Matchweek 12,Home,L 1–2,Leicester City,Chelsea,N,FW,12,0,0,0,0,1,0,0,0,3,0,0,0,0.1,0.1,0.0,0,0,1,2,50.0,0,3,0,0,0,Match Report,1,2,50.0,6,0,1,1,100.0,0,0,,0,0,,0,0.0,0.0,0,0,0,0,0,2,2,0,0,0,0,0,0,0,0,0,0,1,0,1,0,0,0,0,0,0,0,0,0,0,0,0,0,0,3,0,0,1,2,1,3,0,0,,0,,3,9,3,0,1,0,0,0,3,0,0,0,0,0,0,0,0,,0,0,0,0,0,0,0,0,Leicester City,Patson-Daka,ca45605e
2024-11-30,Sat,Matchweek 13,Away,L 1–4,Leicester City,Brentford,N,FW,27,0,0,0,0,1,0,0,0,11,1,0,0,0.0,0.0,0.0,0,0,4,8,50.0,0,10,2,0,0,Match Report,4,8,50.0,43,4,4,6,66.7,0,2,0.0,0,0,,0,0.0,0.0,0,0,0,0,0,8,8,0,0,0,0,0,0,0,0,0,0,4,0,0,0,0,0,0,0,0,0,0,0,0,0,0,0,0,11,0,1,6,5,2,11,0,0,,0,,10,35,20,2,1,0,1,1,9,4,1,0,0,0,1,1,3,33.3,2,0,0,0,0,1,0,0,Leicester City,Patson-Daka,ca45605e
2024-12-03,Tue,Matchweek 14,Home,W 3–1,Leicester City,West Ham,N,FW,31,1,0,0,0,1,1,0,0,10,2,0,0,0.1,0.1,0.0,1,1,1,4,25.0,0,6,1,3,1,Match Report,1,4,25.0,27,0,0,1,0.0,1,1,100.0,0,0,,0,0.0,0.0,0,0,0,0,0,4,3,1,0,1,0,0,0,0,0,0,0,1,0,2,1,0,0,1,0,0,0,1,0,0,1,0,0,0,10,0,0,6,5,4,10,3,1,33.3,0,0.0,6,61,56,1,1,1,0,0,4,1,2,1,0,2,0,2,3,66.7,1,0,0,0,0,2,0,0,Leicester City,Patson-Daka,ca45605e
2024-12-08,Sun,Matchweek 15,Home,D 2–2,Leicester City,Brighton,N,AM,10,0,0,0,0,0,0,0,0,4,0,0,0,0.0,0.0,0.0,0,0,4,4,100.0,0,1,0,0,0,Match Report,4,4,100.0,71,1,0,0,,3,3,100.0,0,0,,0,0.0,0.0,0,0,0,0,0,4,2,2,0,0,0,0,1,0,0,0,0,4,0,0,0,0,0,0,0,0,0,0,0,0,0,0,0,0,4,0,0,3,1,0,4,0,0,,0,,1,0,0,0,0,0,0,0,2,0,0,0,0,0,0,0,1,0.0,1,0,0,0,0,0,0,0,Leicester City,Patson-Daka,ca45605e
2024-12-14,Sat,Matchweek 16,Away,L 0–4,Leicester City,Newcastle Utd,N,FW,32,0,0,0,0,0,0,0,0,12,2,0,1,0.0,0.0,0.0,0,0,0,3,0.0,0,4,0,1,0,Match Report,0,3,0.0,0,0,0,2,0.0,0,0,,0,0,,0,0.0,0.0,0,0,0,0,0,3,3,0,0,0,0,0,0,0,0,0,0,0,0,1,0,0,0,0,0,0,0,0,0,0,0,0,0,0,12,2,5,5,2,0,12,1,0,0.0,1,100.0,4,22,0,0,0,0,0,1,5,0,2,0,0,1,1,1,1,100.0,0,1,1,0,0,2,2,0,Leicester City,Patson-Daka,ca45605e
2024-12-22,Sun,Matchweek 17,Home,L 0–3,Leicester City,Wolves,N,"On matchday squad, but did not play","On matchday squad, but did not play","On matchday squad, but did not play","On matchday squad, but did not play","On matchday squad, but did not play","On matchday squad, but did not play","On matchday squad, but did not play","On matchday squad, but did not play","On matchday squad, but did not play","On matchday squad, but did not play","On matchday squad, but did not play","On matchday squad, but did not play","On matchday squad, but did not play","On matchday squad, but did not play","On matchday squad, but did not play","On matchday squad, but did not play","On matchday squad, but did not play","On matchday squad, but did not play","On matchday squad, but did not play","On matchday squad, but did not play","On matchday squad, but did not play","On matchday squad, but did not play","On matchday squad, but did not play","On matchday squad, but did not play","On matchday squad, but did not play","On matchday squad, but did not play","On matchday squad, but did not play",Match Report,"On matchday squad, but did not play","On matchday squad, but did not play","On matchday squad, but did not play","On matchday squad, but did not play","On matchday squad, but did not play","On matchday squad, but did not play","On matchday squad, but did not play","On matchday squad, but did not play","On matchday squad, but did not play","On matchday squad, but did not play","On matchday squad, but did not play","On matchday squad, but did not play","On matchday squad, but did not play","On matchday squad, but did not play","On matchday squad, but did not play","On matchday squad, but did not play","On matchday squad, but did not play","On matchday squad, but did not play","On matchday squad, but did not play","On matchday squad, but did not play","On matchday squad, but did not play","On matchday squad, but did not play","On matchday squad, but did not play","On matchday squad, but did not play","On matchday squad, but did not play","On matchday squad, but did not play","On matchday squad, but did not play","On matchday squad, but did not play","On matchday squad, but did not play","On matchday squad, but did not play","On matchday squad, but did not play","On matchday squad, but did not play","On matchday squad, but did not play","On matchday squad, but did not play","On matchday squad, but did not play","On matchday squad, but did not play","On matchday squad, but did not play","On matchday squad, but did not play","On matchday squad, but did not play","On matchday squad, but did not play","On matchday squad, but did not play","On matchday squad, but did not play","On matchday squad, but did not play","On matchday squad, but did not play","On matchday squad, but did not play","On matchday squad, but did not play","On matchday squad, but did not play","On matchday squad, but did not play","On matchday squad, but did not play","On matchday squad, but did not play","On matchday squad, but did not play","On matchday squad, but did not play","On matchday squad, but did not play","On matchday squad, but did not play","On matchday squad, but did not play","On matchday squad, but did not play","On matchday squad, but did not play","On matchday squad, but did not play","On matchday squad, but did not play","On matchday squad, but did not play","On matchday squad, but did not play","On matchday squad, but did not play","On matchday squad, but did not play","On matchday squad, but did not play","On matchday squad, but did not play","On matchday squad, but did not play","On matchday squad, but did not play","On matchday squad, but did not play","On matchday squad, but did not play","On matchday squad, but did not play","On matchday squad, but did not play","On matchday squad, but did not play","On matchday squad, but did not play","On matchday squad, but did not play","On matchday squad, but did not play","On matchday squad, but did not play","On matchday squad, but did not play","On matchday squad, but did not play","On matchday squad, but did not play","On matchday squad, but did not play","On matchday squad, but did not play","On matchday squad, but did not play","On matchday squad, but did not play","On matchday squad, but did not play","On matchday squad, but did not play","On matchday squad, but did not play","On matchday squad, but did not play","On matchday squad, but did not play","On matchday squad, but did not play",Leicester City,Patson-Daka,ca45605e
2024-12-26,Thu,Matchweek 18,Away,L 1–3,Leicester City,Liverpool,Y,FW,90,0,0,0,0,0,0,0,0,18,0,0,1,0.0,0.0,0.0,0,0,7,10,70.0,0,7,0,1,0,Match Report,7,10,70.0,96,37,5,6,83.3,2,3,66.7,0,0,,0,0.0,0.0,0,0,0,0,0,10,9,1,0,1,0,0,1,0,0,0,0,7,0,1,0,0,0,0,0,0,0,0,0,0,0,0,0,0,18,3,7,8,3,1,18,1,0,0.0,1,100.0,7,50,5,0,0,0,2,2,11,4,0,0,0,0,0,0,0,,0,1,0,1,0,0,3,0,Leicester City,Patson-Daka,ca45605e
2024-12-29,Sun,Matchweek 19,Home,L 0–2,Leicester City,Manchester City,N,DM,6,0,0,0,0,0,0,0,0,2,0,0,1,0.0,0.0,0.0,0,0,0,0,,0,0,0,0,0,Match Report,0,0,,0,0,0,0,,0,0,,0,0,,0,0.0,0.0,0,0,0,0,0,0,0,0,0,0,0,0,0,0,0,0,0,0,0,0,0,0,0,0,0,0,0,0,0,0,0,0,0,0,2,0,0,1,1,1,2,0,0,,0,,0,0,0,0,0,0,1,1,1,0,0,0,0,0,0,0,0,,0,1,0,1,0,0,0,0,Leicester City,Patson-Daka,ca45605e
2025-01-04,Sat,Matchweek 20,Away,L 1–2,Leicester City,Aston Villa,N,AM,9,0,0,0,0,0,0,0,0,9,0,0,0,0.0,0.0,0.0,0,0,4,7,57.1,1,4,0,0,0,Match Report,4,7,57.1,58,14,2,2,100.0,2,4,50.0,0,0,,0,0.0,0.0,0,0,0,0,1,7,6,1,0,0,0,0,1,0,0,0,0,4,0,0,0,0,0,0,0,0,0,0,0,0,0,0,0,0,9,0,0,1,8,0,9,0,0,,0,,4,14,2,0,0,0,0,0,4,1,0,0,0,0,0,0,0,,0,0,0,0,0,0,0,0,Leicester City,Patson-Daka,ca45605e
2025-01-15,Wed,Matchweek 21,Home,L 0–2,Leicester City,Crystal Palace,N,FW,25,0,0,0,0,4,0,0,0,16,1,0,1,0.2,0.2,0.0,2,0,10,10,100.0,2,8,0,0,0,Match Report,10,10,100.0,199,39,2,2,100.0,5,5,100.0,2,2,100.0,0,0.0,0.0,0,1,1,0,2,10,9,1,0,0,0,0,1,0,0,0,0,10,0,0,2,2,0,0,0,0,0,0,0,0,0,0,0,0,16,0,0,8,8,4,16,0,0,,0,,8,26,11,0,0,0,0,2,11,4,1,1,0,1,0,1,1,100.0,0,1,0,1,0,1,0,0,Leicester City,Patson-Daka,ca45605e
2025-01-18,Sat,Matchweek 22,Home,L 0–2,Leicester City,Fulham,N,LW,20,0,0,0,0,0,0,0,0,6,0,0,0,0.0,0.0,0.0,1,0,5,6,83.3,0,6,0,0,0,Match Report,5,6,83.3,72,11,3,4,75.0,2,2,100.0,0,0,,0,0.0,0.0,0,0,0,0,0,6,6,0,0,0,0,0,0,0,0,0,0,5,0,0,1,1,0,0,0,0,0,0,0,0,0,0,0,0,6,0,0,1,5,1,6,0,0,,0,,6,18,8,0,1,0,0,0,6,2,0,0,0,0,0,0,0,,0,0,0,0,0,0,0,0,Leicester City,Patson-Daka,ca45605e
2025-01-26,Sun,Matchweek 23,Away,W 2–1,Leicester City,Tottenham,N,FW,14,0,0,0,0,0,0,0,0,5,1,0,0,0.0,0.0,0.0,0,0,1,2,50.0,0,2,0,0,0,Match Report,1,2,50.0,13,0,1,2,50.0,0,0,,0,0,,0,0.0,0.0,0,0,0,0,0,2,2,0,0,0,0,0,0,0,0,0,0,1,0,0,0,0,0,0,0,0,0,0,0,0,0,0,0,0,5,1,2,1,3,0,5,0,0,,0,,2,3,2,0,0,0,0,0,3,0,1,1,1,0,0,0,0,,0,0,0,0,0,1,1,0,Leicester City,Patson-Daka,ca45605e
2025-02-01,Sat,Matchweek 24,Away,L 0–4,Leicester City,Everton,N,FW,31,0,0,0,0,1,1,0,0,7,1,0,0,0.0,0.0,0.0,1,0,4,4,100.0,1,4,0,0,0,Match Report,4,4,100.0,63,15,1,1,100.0,3,3,100.0,0,0,,0,0.0,0.0,0,1,0,0,1,4,4,0,0,0,0,0,0,0,0,0,0,4,0,0,1,1,0,0,0,0,0,0,0,0,0,0,0,0,7,0,0,2,5,1,7,0,0,,0,,4,13,0,0,0,0,0,0,5,1,1,1,0,0,1,0,0,,0,0,0,0,0,1,0,0,Leicester City,Patson-Daka,ca45605e
2025-02-15,Sat,Matchweek 25,Home,L 0–2,Leicester City,Arsenal,N,FW,6,0,0,0,0,0,0,0,0,4,0,0,0,0.0,0.0,0.0,0,0,3,4,75.0,0,2,0,0,0,Match Report,3,4,75.0,41,0,0,1,0.0,2,2,100.0,0,0,,0,0.0,0.0,0,0,0,0,0,4,3,1,0,0,0,0,1,0,0,0,0,3,0,0,0,0,0,0,0,0,0,0,0,0,0,0,0,0,4,0,0,3,1,0,4,0,0,,0,,2,11,0,0,0,0,0,0,2,0,0,0,0,0,0,0,0,,0,0,0,0,0,0,0,0,Leicester City,Patson-Daka,ca45605e
2025-02-21,Fri,Matchweek 26,Home,L 0–4,Leicester City,Brentford,N,"On matchday squad, but did not play","On matchday squad, but did not play","On matchday squad, but did not play","On matchday squad, but did not play","On matchday squad, but did not play","On matchday squad, but did not play","On matchday squad, but did not play","On matchday squad, but did not play","On matchday squad, but did not play","On matchday squad, but did not play","On matchday squad, but did not play","On matchday squad, but did not play","On matchday squad, but did not play","On matchday squad, but did not play","On matchday squad, but did not play","On matchday squad, but did not play","On matchday squad, but did not play","On matchday squad, but did not play","On matchday squad, but did not play","On matchday squad, but did not play","On matchday squad, but did not play","On matchday squad, but did not play","On matchday squad, but did not play","On matchday squad, but did not play","On matchday squad, but did not play","On matchday squad, but did not play","On matchday squad, but did not play",Match Report,"On matchday squad, but did not play","On matchday squad, but did not play","On matchday squad, but did not play","On matchday squad, but did not play","On matchday squad, but did not play","On matchday squad, but did not play","On matchday squad, but did not play","On matchday squad, but did not play","On matchday squad, but did not play","On matchday squad, but did not play","On matchday squad, but did not play","On matchday squad, but did not play","On matchday squad, but did not play","On matchday squad, but did not play","On matchday squad, but did not play","On matchday squad, but did not play","On matchday squad, but did not play","On matchday squad, but did not play","On matchday squad, but did not play","On matchday squad, but did not play","On matchday squad, but did not play","On matchday squad, but did not play","On matchday squad, but did not play","On matchday squad, but did not play","On matchday squad, but did not play","On matchday squad, but did not play","On matchday squad, but did not play","On matchday squad, but did not play","On matchday squad, but did not play","On matchday squad, but did not play","On matchday squad, but did not play","On matchday squad, but did not play","On matchday squad, but did not play","On matchday squad, but did not play","On matchday squad, but did not play","On matchday squad, but did not play","On matchday squad, but did not play","On matchday squad, but did not play","On matchday squad, but did not play","On matchday squad, but did not play","On matchday squad, but did not play","On matchday squad, but did not play","On matchday squad, but did not play","On matchday squad, but did not play","On matchday squad, but did not play","On matchday squad, but did not play","On matchday squad, but did not play","On matchday squad, but did not play","On matchday squad, but did not play","On matchday squad, but did not play","On matchday squad, but did not play","On matchday squad, but did not play","On matchday squad, but did not play","On matchday squad, but did not play","On matchday squad, but did not play","On matchday squad, but did not play","On matchday squad, but did not play","On matchday squad, but did not play","On matchday squad, but did not play","On matchday squad, but did not play","On matchday squad, but did not play","On matchday squad, but did not play","On matchday squad, but did not play","On matchday squad, but did not play","On matchday squad, but did not play","On matchday squad, but did not play","On matchday squad, but did not play","On matchday squad, but did not play","On matchday squad, but did not play","On matchday squad, but did not play","On matchday squad, but did not play","On matchday squad, but did not play","On matchday squad, but did not play","On matchday squad, but did not play","On matchday squad, but did not play","On matchday squad, but did not play","On matchday squad, but did not play","On matchday squad, but did not play","On matchday squad, but did not play","On matchday squad, but did not play","On matchday squad, but did not play","On matchday squad, but did not play","On matchday squad, but did not play","On matchday squad, but did not play","On matchday squad, but did not play","On matchday squad, but did not play","On matchday squad, but did not play","On matchday squad, but did not play","On matchday squad, but did not play",Leicester City,Patson-Daka,ca45605e
2025-02-27,Thu,Matchweek 27,Away,L 0–2,Leicester City,West Ham,N,"FW,CB",4,0,0,0,0,0,0,0,0,3,0,0,0,0.0,0.0,0.0,0,0,2,3,66.7,0,2,0,0,0,Match Report,2,3,66.7,17,0,2,2,100.0,0,1,0.0,0,0,,0,0.0,0.0,0,0,0,0,0,3,3,0,0,0,0,1,0,0,0,0,0,2,0,0,0,0,0,0,0,0,0,0,0,0,0,0,0,0,3,0,0,2,1,0,3,0,0,,0,,2,2,2,0,0,0,0,0,3,2,0,0,0,0,0,0,0,,0,0,0,0,0,0,0,0,Leicester City,Patson-Daka,ca45605e
2025-03-09,Sun,Matchweek 28,Away,L 0–1,Leicester City,Chelsea,Y,AM,83,0,0,0,0,0,0,0,0,27,0,1,1,0.0,0.0,0.0,0,0,15,20,75.0,3,18,1,3,0,Match Report,15,20,75.0,203,46,13,16,81.3,2,3,66.7,0,0,,0,0.0,0.0,0,2,0,0,3,20,20,0,0,0,0,0,0,0,0,0,0,15,0,1,0,0,0,0,0,0,0,0,0,0,0,0,0,0,27,0,3,19,5,0,27,3,0,0.0,2,66.7,18,59,21,1,0,0,2,0,23,2,0,0,0,0,0,0,3,0.0,3,1,0,1,1,1,0,0,Leicester City,Patson-Daka,ca45605e
2025-03-16,Sun,Matchweek 29,Home,L 0–3,Leicester City,Manchester Utd,Y,AM,63,0,0,0,0,3,0,0,0,31,4,0,1,0.3,0.3,0.0,3,0,10,11,90.9,0,16,0,5,1,Match Report,10,11,90.9,105,22,7,7,100.0,2,3,66.7,0,0,,0,0.0,0.0,0,0,0,0,0,11,10,1,0,0,0,1,1,0,0,0,0,10,0,0,3,1,0,1,1,0,0,0,0,0,0,0,0,0,31,1,3,15,13,3,31,5,1,20.0,4,80.0,16,57,13,0,1,0,6,2,19,3,4,3,1,2,1,1,3,33.3,2,1,0,1,0,4,0,0,Leicester City,Patson-Daka,ca45605e
2025-04-02,Wed,Matchweek 30,Away,L 0–2,Leicester City,Manchester City,Y,"AM,FW",79,0,0,0,0,0,0,0,0,23,1,0,0,0.0,0.0,0.0,0,0,11,13,84.6,1,9,1,2,0,Match Report,11,13,84.6,135,6,9,9,100.0,2,2,100.0,0,0,,0,0.0,0.0,0,1,0,0,1,13,13,0,0,0,0,0,0,0,0,0,0,11,0,2,0,0,0,0,0,0,0,0,0,0,0,0,0,0,23,1,10,7,6,1,23,2,0,0.0,2,100.0,9,52,26,1,0,0,2,0,13,3,1,0,1,0,0,1,2,50.0,1,0,0,0,0,1,2,0,Leicester City,Patson-Daka,ca45605e
2025-04-07,Mon,Matchweek 31,Home,L 0–3,Leicester City,Newcastle Utd,Y,AM,45,0,0,0,0,0,0,0,0,21,1,0,0,0.0,0.0,0.0,0,0,9,16,56.3,0,17,3,0,0,Match Report,9,16,56.3,123,7,5,7,71.4,4,7,57.1,0,0,,0,0.0,0.0,0,0,0,0,0,16,16,0,0,0,0,1,0,0,0,0,0,9,0,2,0,0,0,0,0,0,0,0,0,0,0,0,0,0,21,0,5,10,7,1,21,0,0,,0,,17,157,86,3,1,1,2,1,17,3,1,0,0,1,0,0,0,,0,0,0,0,0,1,0,0,Leicester City,Patson-Daka,ca45605e
2025-04-12,Sat,Matchweek 32,Away,D 2–2,Leicester City,Brighton,N,FW,30,0,0,0,0,4,2,0,0,12,1,0,1,0.5,0.5,0.0,1,0,4,5,80.0,0,7,1,0,0,Match Report,4,5,80.0,81,52,2,2,100.0,1,2,50.0,1,1,100.0,0,0.0,0.0,0,1,0,0,0,5,5,0,0,0,0,0,0,0,0,0,0,4,0,0,1,1,0,0,0,0,0,0,0,0,0,0,0,0,12,0,0,4,8,5,12,0,0,,0,,7,29,18,1,0,1,1,0,8,3,1,0,0,1,0,0,0,,0,1,0,1,0,1,0,0,Leicester City,Patson-Daka,ca45605e
2025-04-20,Sun,Matchweek 33,Home,L 0–1,Leicester City,Liverpool,N,FW,30,0,0,0,0,0,0,0,0,10,2,0,0,0.0,0.0,0.1,1,0,5,7,71.4,0,6,0,0,0,Match Report,5,7,71.4,43,0,4,5,80.0,0,0,,0,0,,0,0.1,0.0,1,0,0,0,0,7,7,0,0,0,0,0,0,0,0,0,0,5,0,0,1,1,0,0,0,0,0,0,0,0,0,0,0,0,10,0,2,5,3,2,10,0,0,,0,,6,33,7,0,0,1,1,0,7,0,2,2,1,1,0,0,0,,0,0,0,0,0,2,0,0,Leicester City,Patson-Daka,ca45605e
2025-04-26,Sat,Matchweek 34,Away,L 0–3,Leicester City,Wolves,N,"On matchday squad, but did not play","On matchday squad, but did not play","On matchday squad, but did not play","On matchday squad, but did not play","On matchday squad, but did not play","On matchday squad, but did not play","On matchday squad, but did not play","On matchday squad, but did not play","On matchday squad, but did not play","On matchday squad, but did not play","On matchday squad, but did not play","On matchday squad, but did not play","On matchday squad, but did not play","On matchday squad, but did not play","On matchday squad, but did not play","On matchday squad, but did not play","On matchday squad, but did not play","On matchday squad, but did not play","On matchday squad, but did not play","On matchday squad, but did not play","On matchday squad, but did not play","On matchday squad, but did not play","On matchday squad, but did not play","On matchday squad, but did not play","On matchday squad, but did not play","On matchday squad, but did not play","On matchday squad, but did not play",Match Report,"On matchday squad, but did not play","On matchday squad, but did not play","On matchday squad, but did not play","On matchday squad, but did not play","On matchday squad, but did not play","On matchday squad, but did not play","On matchday squad, but did not play","On matchday squad, but did not play","On matchday squad, but did not play","On matchday squad, but did not play","On matchday squad, but did not play","On matchday squad, but did not play","On matchday squad, but did not play","On matchday squad, but did not play","On matchday squad, but did not play","On matchday squad, but did not play","On matchday squad, but did not play","On matchday squad, but did not play","On matchday squad, but did not play","On matchday squad, but did not play","On matchday squad, but did not play","On matchday squad, but did not play","On matchday squad, but did not play","On matchday squad, but did not play","On matchday squad, but did not play","On matchday squad, but did not play","On matchday squad, but did not play","On matchday squad, but did not play","On matchday squad, but did not play","On matchday squad, but did not play","On matchday squad, but did not play","On matchday squad, but did not play","On matchday squad, but did not play","On matchday squad, but did not play","On matchday squad, but did not play","On matchday squad, but did not play","On matchday squad, but did not play","On matchday squad, but did not play","On matchday squad, but did not play","On matchday squad, but did not play","On matchday squad, but did not play","On matchday squad, but did not play","On matchday squad, but did not play","On matchday squad, but did not play","On matchday squad, but did not play","On matchday squad, but did not play","On matchday squad, but did not play","On matchday squad, but did not play","On matchday squad, but did not play","On matchday squad, but did not play","On matchday squad, but did not play","On matchday squad, but did not play","On matchday squad, but did not play","On matchday squad, but did not play","On matchday squad, but did not play","On matchday squad, but did not play","On matchday squad, but did not play","On matchday squad, but did not play","On matchday squad, but did not play","On matchday squad, but did not play","On matchday squad, but did not play","On matchday squad, but did not play","On matchday squad, but did not play","On matchday squad, but did not play","On matchday squad, but did not play","On matchday squad, but did not play","On matchday squad, but did not play","On matchday squad, but did not play","On matchday squad, but did not play","On matchday squad, but did not play","On matchday squad, but did not play","On matchday squad, but did not play","On matchday squad, but did not play","On matchday squad, but did not play","On matchday squad, but did not play","On matchday squad, but did not play","On matchday squad, but did not play","On matchday squad, but did not play","On matchday squad, but did not play","On matchday squad, but did not play","On matchday squad, but did not play","On matchday squad, but did not play","On matchday squad, but did not play","On matchday squad, but did not play","On matchday squad, but did not play","On matchday squad, but did not play","On matchday squad, but did not play","On matchday squad, but did not play","On matchday squad, but did not play",Leicester City,Patson-Daka,ca45605e
2025-05-03,Sat,Matchweek 35,Home,W 2–0,Leicester City,Southampton,N,FW,7,0,0,0,0,0,0,0,0,5,0,0,0,0.0,0.0,0.0,0,0,1,2,50.0,0,2,1,0,0,Match Report,1,2,50.0,4,0,0,0,,0,0,,0,0,,0,0.0,0.0,0,0,0,0,0,2,2,0,0,0,0,0,0,0,0,0,0,1,0,1,0,0,0,0,0,0,0,0,0,0,0,0,0,0,5,1,3,1,2,1,5,0,0,,0,,2,36,29,1,1,1,1,0,2,1,0,0,0,0,0,0,0,,0,0,0,0,0,0,2,0,Leicester City,Patson-Daka,ca45605e
2025-05-11,Sun,Matchweek 36,Away,D 2–2,Leicester City,Nott'ham Forest,N,"On matchday squad, but did not play","On matchday squad, but did not play","On matchday squad, but did not play","On matchday squad, but did not play","On matchday squad, but did not play","On matchday squad, but did not play","On matchday squad, but did not play","On matchday squad, but did not play","On matchday squad, but did not play","On matchday squad, but did not play","On matchday squad, but did not play","On matchday squad, but did not play","On matchday squad, but did not play","On matchday squad, but did not play","On matchday squad, but did not play","On matchday squad, but did not play","On matchday squad, but did not play","On matchday squad, but did not play","On matchday squad, but did not play","On matchday squad, but did not play","On matchday squad, but did not play","On matchday squad, but did not play","On matchday squad, but did not play","On matchday squad, but did not play","On matchday squad, but did not play","On matchday squad, but did not play","On matchday squad, but did not play",Match Report,"On matchday squad, but did not play","On matchday squad, but did not play","On matchday squad, but did not play","On matchday squad, but did not play","On matchday squad, but did not play","On matchday squad, but did not play","On matchday squad, but did not play","On matchday squad, but did not play","On matchday squad, but did not play","On matchday squad, but did not play","On matchday squad, but did not play","On matchday squad, but did not play","On matchday squad, but did not play","On matchday squad, but did not play","On matchday squad, but did not play","On matchday squad, but did not play","On matchday squad, but did not play","On matchday squad, but did not play","On matchday squad, but did not play","On matchday squad, but did not play","On matchday squad, but did not play","On matchday squad, but did not play","On matchday squad, but did not play","On matchday squad, but did not play","On matchday squad, but did not play","On matchday squad, but did not play","On matchday squad, but did not play","On matchday squad, but did not play","On matchday squad, but did not play","On matchday squad, but did not play","On matchday squad, but did not play","On matchday squad, but did not play","On matchday squad, but did not play","On matchday squad, but did not play","On matchday squad, but did not play","On matchday squad, but did not play","On matchday squad, but did not play","On matchday squad, but did not play","On matchday squad, but did not play","On matchday squad, but did not play","On matchday squad, but did not play","On matchday squad, but did not play","On matchday squad, but did not play","On matchday squad, but did not play","On matchday squad, but did not play","On matchday squad, but did not play","On matchday squad, but did not play","On matchday squad, but did not play","On matchday squad, but did not play","On matchday squad, but did not play","On matchday squad, but did not play","On matchday squad, but did not play","On matchday squad, but did not play","On matchday squad, but did not play","On matchday squad, but did not play","On matchday squad, but did not play","On matchday squad, but did not play","On matchday squad, but did not play","On matchday squad, but did not play","On matchday squad, but did not play","On matchday squad, but did not play","On matchday squad, but did not play","On matchday squad, but did not play","On matchday squad, but did not play","On matchday squad, but did not play","On matchday squad, but did not play","On matchday squad, but did not play","On matchday squad, but did not play","On matchday squad, but did not play","On matchday squad, but did not play","On matchday squad, but did not play","On matchday squad, but did not play","On matchday squad, but did not play","On matchday squad, but did not play","On matchday squad, but did not play","On matchday squad, but did not play","On matchday squad, but did not play","On matchday squad, but did not play","On matchday squad, but did not play","On matchday squad, but did not play","On matchday squad, but did not play","On matchday squad, but did not play","On matchday squad, but did not play","On matchday squad, but did not play","On matchday squad, but did not play","On matchday squad, but did not play","On matchday squad, but did not play","On matchday squad, but did not play","On matchday squad, but did not play",Leicester City,Patson-Daka,ca45605e
2025-05-18,Sun,Matchweek 37,Home,W 2–0,Leicester City,Ipswich Town,N,FW,11,0,0,0,0,0,0,0,0,1,1,0,0,0.0,0.0,0.0,0,0,0,0,,0,1,0,0,0,Match Report,0,0,,0,0,0,0,,0,0,,0,0,,0,0.0,0.0,0,0,0,0,0,0,0,0,0,0,0,0,0,0,0,0,0,0,0,0,0,0,0,0,0,0,0,0,0,0,0,0,0,0,1,0,1,0,0,0,1,0,0,,0,,1,4,0,0,0,0,0,0,1,0,1,0,1,0,0,0,0,,0,0,0,0,0,1,0,0,Leicester City,Patson-Daka,ca45605e
2025-05-25,Sun,Matchweek 38,Away,L 0–2,Leicester City,Bournemouth,Y,FW,71,0,0,0,0,0,0,0,0,12,1,0,0,0.0,0.0,0.0,0,0,5,6,83.3,0,6,1,0,0,Match Report,5,6,83.3,75,3,3,4,75.0,2,2,100.0,0,0,,0,0.0,0.0,0,0,0,0,0,6,5,1,0,0,0,0,0,0,0,0,0,5,0,0,0,0,0,0,0,0,0,0,0,0,0,0,0,0,12,2,4,5,3,1,12,0,0,,0,,6,23,12,1,0,1,1,2,8,2,1,1,1,0,0,0,1,0.0,1,0,0,0,0,1,2,0,Leicester City,Patson-Daka,ca45605e
2024-08-19,Mon,Matchweek 1,Home,D 1–1,Leicester City,Tottenham,Y,RW,90,0,1,0,0,0,0,0,0,49,6,0,1,0.0,0.0,0.5,3,1,18,25,72.0,2,27,5,8,3,Match Report,18,25,72.0,362,137,9,10,90.0,5,8,62.5,4,7,57.1,1,0.5,0.6,2,2,2,1,2,25,23,2,0,1,0,4,2,0,0,0,0,18,0,1,3,2,0,0,0,1,0,1,1,0,0,0,0,0,49,7,20,14,16,1,49,8,3,37.5,3,37.5,27,215,98,5,2,1,6,1,27,7,6,6,5,0,1,4,7,57.1,3,1,0,1,0,6,5,0,Leicester City,Abdul-Fatawu-Issahaku,bceda5ff
2024-08-24,Sat,Matchweek 2,Away,L 1–2,Leicester City,Fulham,Y,RW,90,0,0,0,0,3,1,0,0,44,5,2,2,0.1,0.1,0.0,2,0,12,24,50.0,2,27,3,6,1,Match Report,12,24,50.0,234,36,5,7,71.4,5,8,62.5,2,6,33.3,0,0.0,0.0,0,1,0,0,2,24,24,0,0,1,1,1,0,0,0,0,0,12,0,3,2,1,0,0,0,1,0,0,0,0,0,0,0,0,44,2,17,16,13,2,44,6,1,16.7,3,50.0,27,164,60,3,0,2,3,0,28,3,5,3,3,0,2,3,3,100.0,0,2,0,2,2,7,1,0,Leicester City,Abdul-Fatawu-Issahaku,bceda5ff
2024-08-31,Sat,Matchweek 3,Home,L 1–2,Leicester City,Aston Villa,Y,RW,67,0,0,0,0,2,1,0,0,32,3,1,0,0.0,0.0,0.0,0,0,14,18,77.8,4,24,1,6,1,Match Report,14,18,77.8,279,72,4,6,66.7,6,6,100.0,3,4,75.0,0,0.0,0.0,0,2,2,0,4,18,17,1,0,0,0,1,1,0,0,0,0,14,0,0,0,0,0,0,0,0,0,0,0,0,0,0,0,0,32,1,4,14,15,1,32,6,1,16.7,3,50.0,24,152,45,1,2,0,1,4,24,5,3,3,1,0,2,0,1,0.0,1,0,0,0,1,4,0,0,Leicester City,Abdul-Fatawu-Issahaku,bceda5ff
2024-09-14,Sat,Matchweek 4,Away,D 2–2,Leicester City,Crystal Palace,N,"FW,LW",19,0,0,0,0,1,0,0,0,8,1,0,0,0.0,0.0,0.0,1,0,2,4,50.0,0,3,0,2,1,Match Report,2,4,50.0,14,9,1,2,50.0,0,1,0.0,0,0,,0,0.0,0.0,0,0,0,0,0,4,4,0,0,0,0,0,0,0,0,0,0,2,0,0,1,0,0,1,0,0,0,0,0,0,0,0,0,0,8,0,3,4,2,0,8,2,1,50.0,1,50.0,3,22,20,0,0,0,0,1,6,1,1,0,1,0,0,0,0,,0,0,0,0,0,1,0,0,Leicester City,Abdul-Fatawu-Issahaku,bceda5ff
2024-09-21,Sat,Matchweek 5,Home,D 1–1,Leicester City,Everton,N,LW,1,0,0,0,0,0,0,0,0,2,0,0,0,0.0,0.0,0.0,0,0,1,2,50.0,0,1,0,0,0,Match Report,1,2,50.0,13,0,1,2,50.0,0,0,,0,0,,0,0.0,0.0,0,0,0,0,0,2,2,0,0,0,0,0,0,0,0,0,0,1,0,0,0,0,0,0,0,0,0,0,0,0,0,0,0,0,2,0,0,0,2,0,2,0,0,,0,,1,1,0,0,0,0,0,0,1,1,0,0,0,0,0,0,0,,0,0,0,0,0,0,0,0,Leicester City,Abdul-Fatawu-Issahaku,bceda5ff
2024-09-28,Sat,Matchweek 6,Away,L 2–4,Leicester City,Arsenal,N,"RW,CB",1,0,0,0,0,0,0,0,0,0,0,0,0,0.0,0.0,0.0,0,0,0,0,,0,0,0,0,0,Match Report,0,0,,0,0,0,0,,0,0,,0,0,,0,0.0,0.0,0,0,0,0,0,0,0,0,0,0,0,0,0,0,0,0,0,0,0,0,0,0,0,0,0,0,0,0,0,0,0,0,0,0,0,0,0,0,0,0,0,0,0,,0,,0,0,0,0,0,0,0,0,0,0,0,0,0,0,0,0,0,,0,0,0,0,0,0,0,0,Leicester City,Abdul-Fatawu-Issahaku,bceda5ff
2024-10-05,Sat,Matchweek 7,Home,W 1–0,Leicester City,Bournemouth,N,LW,9,0,0,0,0,1,0,0,0,7,0,0,0,0.0,0.0,0.0,0,0,0,3,0.0,0,5,3,4,1,Match Report,0,3,0.0,0,0,0,2,0.0,0,0,,0,0,,0,0.0,0.0,0,0,0,0,0,3,3,0,0,0,0,0,0,0,0,0,0,0,0,1,0,0,0,0,0,0,0,0,0,0,0,0,0,0,7,0,1,4,3,0,7,4,1,25.0,2,50.0,5,86,71,3,1,0,0,0,4,0,0,0,0,0,0,0,0,,0,0,0,0,0,0,0,0,Leicester City,Abdul-Fatawu-Issahaku,bceda5ff
2024-10-19,Sat,Matchweek 8,Away,W 3–2,Leicester City,Southampton,N,RB,32,0,1,0,0,2,1,0,0,28,1,0,0,0.2,0.2,0.9,2,2,13,19,68.4,2,19,6,5,2,Match Report,13,19,68.4,243,76,4,6,66.7,7,8,87.5,2,4,50.0,1,0.9,0.3,1,0,0,0,2,19,17,2,1,0,0,3,1,0,0,0,0,13,0,0,2,1,0,0,1,0,0,2,1,0,0,1,0,0,28,1,4,5,19,5,28,5,2,40.0,3,60.0,19,201,168,6,2,3,0,0,17,9,1,1,0,0,1,1,1,100.0,0,0,0,0,0,1,1,0,Leicester City,Abdul-Fatawu-Issahaku,bceda5ff
2024-10-25,Fri,Matchweek 9,Home,L 1–3,Leicester City,Nott'ham Forest,Y,"RW,RM",90,0,0,0,0,1,0,0,0,66,1,0,1,0.0,0.0,0.0,2,0,29,45,64.4,4,45,12,10,3,Match Report,29,45,64.4,383,121,18,22,81.8,10,15,66.7,0,3,0.0,0,0.0,0.1,1,2,1,1,4,45,41,4,0,0,0,11,3,1,0,0,0,29,0,4,2,2,0,0,0,0,0,0,0,0,0,0,0,0,66,3,8,19,40,6,66,10,3,30.0,4,40.0,45,433,256,12,6,3,3,2,46,15,1,1,1,0,0,1,4,25.0,3,1,0,1,0,1,3,0,Leicester City,Abdul-Fatawu-Issahaku,bceda5ff
2024-11-02,Sat,Matchweek 10,Away,D 1–1,Leicester City,Ipswich Town,Y,"RW,WB",90,0,0,0,0,2,1,0,0,50,3,1,1,0.1,0.1,0.1,3,0,18,31,58.1,0,35,5,12,5,Match Report,18,31,58.1,386,96,6,9,66.7,8,9,88.9,4,8,50.0,0,0.1,0.3,2,0,0,0,0,31,30,1,0,0,1,7,1,0,0,0,0,18,0,5,3,3,0,0,0,0,0,0,0,0,0,0,0,0,50,4,11,19,24,11,50,12,5,41.7,6,50.0,35,302,133,5,2,6,3,1,34,10,3,1,2,1,0,2,3,66.7,1,1,0,1,1,4,1,0,Leicester City,Abdul-Fatawu-Issahaku,bceda5ff
2024-11-10,Sun,Matchweek 11,Away,L 0–3,Leicester City,Manchester Utd,Y,"LW,RB",90,0,0,0,0,1,1,0,0,40,1,0,2,0.0,0.0,0.0,4,0,16,26,61.5,3,31,7,16,12,Match Report,16,26,61.5,236,54,11,15,73.3,4,4,100.0,1,1,100.0,0,0.0,0.0,0,0,2,0,3,26,25,1,0,0,0,3,1,0,0,0,0,16,0,4,4,1,0,1,0,2,0,0,0,0,0,0,0,0,40,1,5,19,23,0,40,16,12,75.0,3,18.8,31,293,204,7,9,0,2,3,29,9,1,0,0,1,0,0,0,,0,2,0,2,0,1,1,0,Leicester City,Abdul-Fatawu-Issahaku,bceda5ff
2024-08-19,Mon,Matchweek 1,Home,D 1–1,Leicester City,Tottenham,N,"On matchday squad, but did not play","On matchday squad, but did not play","On matchday squad, but did not play","On matchday squad, but did not play","On matchday squad, but did not play","On matchday squad, but did not play","On matchday squad, but did not play","On matchday squad, but did not play","On matchday squad, but did not play","On matchday squad, but did not play","On matchday squad, but did not play","On matchday squad, but did not play","On matchday squad, but did not play","On matchday squad, but did not play","On matchday squad, but did not play","On matchday squad, but did not play","On matchday squad, but did not play","On matchday squad, but did not play","On matchday squad, but did not play","On matchday squad, but did not play","On matchday squad, but did not play","On matchday squad, but did not play","On matchday squad, but did not play","On matchday squad, but did not play","On matchday squad, but did not play","On matchday squad, but did not play","On matchday squad, but did not play",Match Report,"On matchday squad, but did not play","On matchday squad, but did not play","On matchday squad, but did not play","On matchday squad, but did not play","On matchday squad, but did not play","On matchday squad, but did not play","On matchday squad, but did not play","On matchday squad, but did not play","On matchday squad, but did not play","On matchday squad, but did not play","On matchday squad, but did not play","On matchday squad, but did not play","On matchday squad, but did not play","On matchday squad, but did not play","On matchday squad, but did not play","On matchday squad, but did not play","On matchday squad, but did not play","On matchday squad, but did not play","On matchday squad, but did not play","On matchday squad, but did not play","On matchday squad, but did not play","On matchday squad, but did not play","On matchday squad, but did not play","On matchday squad, but did not play","On matchday squad, but did not play","On matchday squad, but did not play","On matchday squad, but did not play","On matchday squad, but did not play","On matchday squad, but did not play","On matchday squad, but did not play","On matchday squad, but did not play","On matchday squad, but did not play","On matchday squad, but did not play","On matchday squad, but did not play","On matchday squad, but did not play","On matchday squad, but did not play","On matchday squad, but did not play","On matchday squad, but did not play","On matchday squad, but did not play","On matchday squad, but did not play","On matchday squad, but did not play","On matchday squad, but did not play","On matchday squad, but did not play","On matchday squad, but did not play","On matchday squad, but did not play","On matchday squad, but did not play","On matchday squad, but did not play","On matchday squad, but did not play","On matchday squad, but did not play","On matchday squad, but did not play","On matchday squad, but did not play","On matchday squad, but did not play","On matchday squad, but did not play","On matchday squad, but did not play","On matchday squad, but did not play","On matchday squad, but did not play","On matchday squad, but did not play","On matchday squad, but did not play","On matchday squad, but did not play","On matchday squad, but did not play","On matchday squad, but did not play","On matchday squad, but did not play","On matchday squad, but did not play","On matchday squad, but did not play","On matchday squad, but did not play","On matchday squad, but did not play","On matchday squad, but did not play","On matchday squad, but did not play","On matchday squad, but did not play","On matchday squad, but did not play","On matchday squad, but did not play","On matchday squad, but did not play","On matchday squad, but did not play","On matchday squad, but did not play","On matchday squad, but did not play","On matchday squad, but did not play","On matchday squad, but did not play","On matchday squad, but did not play","On matchday squad, but did not play","On matchday squad, but did not play","On matchday squad, but did not play","On matchday squad, but did not play","On matchday squad, but did not play","On matchday squad, but did not play","On matchday squad, but did not play","On matchday squad, but did not play","On matchday squad, but did not play","On matchday squad, but did not play","On matchday squad, but did not play",Leicester City,Ricardo-Pereira,75a72a99
2024-08-24,Sat,Matchweek 2,Away,L 1–2,Leicester City,Fulham,N,"On matchday squad, but did not play","On matchday squad, but did not play","On matchday squad, but did not play","On matchday squad, but did not play","On matchday squad, but did not play","On matchday squad, but did not play","On matchday squad, but did not play","On matchday squad, but did not play","On matchday squad, but did not play","On matchday squad, but did not play","On matchday squad, but did not play","On matchday squad, but did not play","On matchday squad, but did not play","On matchday squad, but did not play","On matchday squad, but did not play","On matchday squad, but did not play","On matchday squad, but did not play","On matchday squad, but did not play","On matchday squad, but did not play","On matchday squad, but did not play","On matchday squad, but did not play","On matchday squad, but did not play","On matchday squad, but did not play","On matchday squad, but did not play","On matchday squad, but did not play","On matchday squad, but did not play","On matchday squad, but did not play",Match Report,"On matchday squad, but did not play","On matchday squad, but did not play","On matchday squad, but did not play","On matchday squad, but did not play","On matchday squad, but did not play","On matchday squad, but did not play","On matchday squad, but did not play","On matchday squad, but did not play","On matchday squad, but did not play","On matchday squad, but did not play","On matchday squad, but did not play","On matchday squad, but did not play","On matchday squad, but did not play","On matchday squad, but did not play","On matchday squad, but did not play","On matchday squad, but did not play","On matchday squad, but did not play","On matchday squad, but did not play","On matchday squad, but did not play","On matchday squad, but did not play","On matchday squad, but did not play","On matchday squad, but did not play","On matchday squad, but did not play","On matchday squad, but did not play","On matchday squad, but did not play","On matchday squad, but did not play","On matchday squad, but did not play","On matchday squad, but did not play","On matchday squad, but did not play","On matchday squad, but did not play","On matchday squad, but did not play","On matchday squad, but did not play","On matchday squad, but did not play","On matchday squad, but did not play","On matchday squad, but did not play","On matchday squad, but did not play","On matchday squad, but did not play","On matchday squad, but did not play","On matchday squad, but did not play","On matchday squad, but did not play","On matchday squad, but did not play","On matchday squad, but did not play","On matchday squad, but did not play","On matchday squad, but did not play","On matchday squad, but did not play","On matchday squad, but did not play","On matchday squad, but did not play","On matchday squad, but did not play","On matchday squad, but did not play","On matchday squad, but did not play","On matchday squad, but did not play","On matchday squad, but did not play","On matchday squad, but did not play","On matchday squad, but did not play","On matchday squad, but did not play","On matchday squad, but did not play","On matchday squad, but did not play","On matchday squad, but did not play","On matchday squad, but did not play","On matchday squad, but did not play","On matchday squad, but did not play","On matchday squad, but did not play","On matchday squad, but did not play","On matchday squad, but did not play","On matchday squad, but did not play","On matchday squad, but did not play","On matchday squad, but did not play","On matchday squad, but did not play","On matchday squad, but did not play","On matchday squad, but did not play","On matchday squad, but did not play","On matchday squad, but did not play","On matchday squad, but did not play","On matchday squad, but did not play","On matchday squad, but did not play","On matchday squad, but did not play","On matchday squad, but did not play","On matchday squad, but did not play","On matchday squad, but did not play","On matchday squad, but did not play","On matchday squad, but did not play","On matchday squad, but did not play","On matchday squad, but did not play","On matchday squad, but did not play","On matchday squad, but did not play","On matchday squad, but did not play","On matchday squad, but did not play","On matchday squad, but did not play","On matchday squad, but did not play",Leicester City,Ricardo-Pereira,75a72a99
2024-08-31,Sat,Matchweek 3,Home,L 1–2,Leicester City,Aston Villa,N,"On matchday squad, but did not play","On matchday squad, but did not play","On matchday squad, but did not play","On matchday squad, but did not play","On matchday squad, but did not play","On matchday squad, but did not play","On matchday squad, but did not play","On matchday squad, but did not play","On matchday squad, but did not play","On matchday squad, but did not play","On matchday squad, but did not play","On matchday squad, but did not play","On matchday squad, but did not play","On matchday squad, but did not play","On matchday squad, but did not play","On matchday squad, but did not play","On matchday squad, but did not play","On matchday squad, but did not play","On matchday squad, but did not play","On matchday squad, but did not play","On matchday squad, but did not play","On matchday squad, but did not play","On matchday squad, but did not play","On matchday squad, but did not play","On matchday squad, but did not play","On matchday squad, but did not play","On matchday squad, but did not play",Match Report,"On matchday squad, but did not play","On matchday squad, but did not play","On matchday squad, but did not play","On matchday squad, but did not play","On matchday squad, but did not play","On matchday squad, but did not play","On matchday squad, but did not play","On matchday squad, but did not play","On matchday squad, but did not play","On matchday squad, but did not play","On matchday squad, but did not play","On matchday squad, but did not play","On matchday squad, but did not play","On matchday squad, but did not play","On matchday squad, but did not play","On matchday squad, but did not play","On matchday squad, but did not play","On matchday squad, but did not play","On matchday squad, but did not play","On matchday squad, but did not play","On matchday squad, but did not play","On matchday squad, but did not play","On matchday squad, but did not play","On matchday squad, but did not play","On matchday squad, but did not play","On matchday squad, but did not play","On matchday squad, but did not play","On matchday squad, but did not play","On matchday squad, but did not play","On matchday squad, but did not play","On matchday squad, but did not play","On matchday squad, but did not play","On matchday squad, but did not play","On matchday squad, but did not play","On matchday squad, but did not play","On matchday squad, but did not play","On matchday squad, but did not play","On matchday squad, but did not play","On matchday squad, but did not play","On matchday squad, but did not play","On matchday squad, but did not play","On matchday squad, but did not play","On matchday squad, but did not play","On matchday squad, but did not play","On matchday squad, but did not play","On matchday squad, but did not play","On matchday squad, but did not play","On matchday squad, but did not play","On matchday squad, but did not play","On matchday squad, but did not play","On matchday squad, but did not play","On matchday squad, but did not play","On matchday squad, but did not play","On matchday squad, but did not play","On matchday squad, but did not play","On matchday squad, but did not play","On matchday squad, but did not play","On matchday squad, but did not play","On matchday squad, but did not play","On matchday squad, but did not play","On matchday squad, but did not play","On matchday squad, but did not play","On matchday squad, but did not play","On matchday squad, but did not play","On matchday squad, but did not play","On matchday squad, but did not play","On matchday squad, but did not play","On matchday squad, but did not play","On matchday squad, but did not play","On matchday squad, but did not play","On matchday squad, but did not play","On matchday squad, but did not play","On matchday squad, but did not play","On matchday squad, but did not play","On matchday squad, but did not play","On matchday squad, but did not play","On matchday squad, but did not play","On matchday squad, but did not play","On matchday squad, but did not play","On matchday squad, but did not play","On matchday squad, but did not play","On matchday squad, but did not play","On matchday squad, but did not play","On matchday squad, but did not play","On matchday squad, but did not play","On matchday squad, but did not play","On matchday squad, but did not play","On matchday squad, but did not play","On matchday squad, but did not play",Leicester City,Ricardo-Pereira,75a72a99
2024-09-14,Sat,Matchweek 4,Away,D 2–2,Leicester City,Crystal Palace,N,"On matchday squad, but did not play","On matchday squad, but did not play","On matchday squad, but did not play","On matchday squad, but did not play","On matchday squad, but did not play","On matchday squad, but did not play","On matchday squad, but did not play","On matchday squad, but did not play","On matchday squad, but did not play","On matchday squad, but did not play","On matchday squad, but did not play","On matchday squad, but did not play","On matchday squad, but did not play","On matchday squad, but did not play","On matchday squad, but did not play","On matchday squad, but did not play","On matchday squad, but did not play","On matchday squad, but did not play","On matchday squad, but did not play","On matchday squad, but did not play","On matchday squad, but did not play","On matchday squad, but did not play","On matchday squad, but did not play","On matchday squad, but did not play","On matchday squad, but did not play","On matchday squad, but did not play","On matchday squad, but did not play",Match Report,"On matchday squad, but did not play","On matchday squad, but did not play","On matchday squad, but did not play","On matchday squad, but did not play","On matchday squad, but did not play","On matchday squad, but did not play","On matchday squad, but did not play","On matchday squad, but did not play","On matchday squad, but did not play","On matchday squad, but did not play","On matchday squad, but did not play","On matchday squad, but did not play","On matchday squad, but did not play","On matchday squad, but did not play","On matchday squad, but did not play","On matchday squad, but did not play","On matchday squad, but did not play","On matchday squad, but did not play","On matchday squad, but did not play","On matchday squad, but did not play","On matchday squad, but did not play","On matchday squad, but did not play","On matchday squad, but did not play","On matchday squad, but did not play","On matchday squad, but did not play","On matchday squad, but did not play","On matchday squad, but did not play","On matchday squad, but did not play","On matchday squad, but did not play","On matchday squad, but did not play","On matchday squad, but did not play","On matchday squad, but did not play","On matchday squad, but did not play","On matchday squad, but did not play","On matchday squad, but did not play","On matchday squad, but did not play","On matchday squad, but did not play","On matchday squad, but did not play","On matchday squad, but did not play","On matchday squad, but did not play","On matchday squad, but did not play","On matchday squad, but did not play","On matchday squad, but did not play","On matchday squad, but did not play","On matchday squad, but did not play","On matchday squad, but did not play","On matchday squad, but did not play","On matchday squad, but did not play","On matchday squad, but did not play","On matchday squad, but did not play","On matchday squad, but did not play","On matchday squad, but did not play","On matchday squad, but did not play","On matchday squad, but did not play","On matchday squad, but did not play","On matchday squad, but did not play","On matchday squad, but did not play","On matchday squad, but did not play","On matchday squad, but did not play","On matchday squad, but did not play","On matchday squad, but did not play","On matchday squad, but did not play","On matchday squad, but did not play","On matchday squad, but did not play","On matchday squad, but did not play","On matchday squad, but did not play","On matchday squad, but did not play","On matchday squad, but did not play","On matchday squad, but did not play","On matchday squad, but did not play","On matchday squad, but did not play","On matchday squad, but did not play","On matchday squad, but did not play","On matchday squad, but did not play","On matchday squad, but did not play","On matchday squad, but did not play","On matchday squad, but did not play","On matchday squad, but did not play","On matchday squad, but did not play","On matchday squad, but did not play","On matchday squad, but did not play","On matchday squad, but did not play","On matchday squad, but did not play","On matchday squad, but did not play","On matchday squad, but did not play","On matchday squad, but did not play","On matchday squad, but did not play","On matchday squad, but did not play","On matchday squad, but did not play",Leicester City,Ricardo-Pereira,75a72a99
2024-09-21,Sat,Matchweek 5,Home,D 1–1,Leicester City,Everton,N,"On matchday squad, but did not play","On matchday squad, but did not play","On matchday squad, but did not play","On matchday squad, but did not play","On matchday squad, but did not play","On matchday squad, but did not play","On matchday squad, but did not play","On matchday squad, but did not play","On matchday squad, but did not play","On matchday squad, but did not play","On matchday squad, but did not play","On matchday squad, but did not play","On matchday squad, but did not play","On matchday squad, but did not play","On matchday squad, but did not play","On matchday squad, but did not play","On matchday squad, but did not play","On matchday squad, but did not play","On matchday squad, but did not play","On matchday squad, but did not play","On matchday squad, but did not play","On matchday squad, but did not play","On matchday squad, but did not play","On matchday squad, but did not play","On matchday squad, but did not play","On matchday squad, but did not play","On matchday squad, but did not play",Match Report,"On matchday squad, but did not play","On matchday squad, but did not play","On matchday squad, but did not play","On matchday squad, but did not play","On matchday squad, but did not play","On matchday squad, but did not play","On matchday squad, but did not play","On matchday squad, but did not play","On matchday squad, but did not play","On matchday squad, but did not play","On matchday squad, but did not play","On matchday squad, but did not play","On matchday squad, but did not play","On matchday squad, but did not play","On matchday squad, but did not play","On matchday squad, but did not play","On matchday squad, but did not play","On matchday squad, but did not play","On matchday squad, but did not play","On matchday squad, but did not play","On matchday squad, but did not play","On matchday squad, but did not play","On matchday squad, but did not play","On matchday squad, but did not play","On matchday squad, but did not play","On matchday squad, but did not play","On matchday squad, but did not play","On matchday squad, but did not play","On matchday squad, but did not play","On matchday squad, but did not play","On matchday squad, but did not play","On matchday squad, but did not play","On matchday squad, but did not play","On matchday squad, but did not play","On matchday squad, but did not play","On matchday squad, but did not play","On matchday squad, but did not play","On matchday squad, but did not play","On matchday squad, but did not play","On matchday squad, but did not play","On matchday squad, but did not play","On matchday squad, but did not play","On matchday squad, but did not play","On matchday squad, but did not play","On matchday squad, but did not play","On matchday squad, but did not play","On matchday squad, but did not play","On matchday squad, but did not play","On matchday squad, but did not play","On matchday squad, but did not play","On matchday squad, but did not play","On matchday squad, but did not play","On matchday squad, but did not play","On matchday squad, but did not play","On matchday squad, but did not play","On matchday squad, but did not play","On matchday squad, but did not play","On matchday squad, but did not play","On matchday squad, but did not play","On matchday squad, but did not play","On matchday squad, but did not play","On matchday squad, but did not play","On matchday squad, but did not play","On matchday squad, but did not play","On matchday squad, but did not play","On matchday squad, but did not play","On matchday squad, but did not play","On matchday squad, but did not play","On matchday squad, but did not play","On matchday squad, but did not play","On matchday squad, but did not play","On matchday squad, but did not play","On matchday squad, but did not play","On matchday squad, but did not play","On matchday squad, but did not play","On matchday squad, but did not play","On matchday squad, but did not play","On matchday squad, but did not play","On matchday squad, but did not play","On matchday squad, but did not play","On matchday squad, but did not play","On matchday squad, but did not play","On matchday squad, but did not play","On matchday squad, but did not play","On matchday squad, but did not play","On matchday squad, but did not play","On matchday squad, but did not play","On matchday squad, but did not play","On matchday squad, but did not play",Leicester City,Ricardo-Pereira,75a72a99
2024-09-28,Sat,Matchweek 6,Away,L 2–4,Leicester City,Arsenal,N,"On matchday squad, but did not play","On matchday squad, but did not play","On matchday squad, but did not play","On matchday squad, but did not play","On matchday squad, but did not play","On matchday squad, but did not play","On matchday squad, but did not play","On matchday squad, but did not play","On matchday squad, but did not play","On matchday squad, but did not play","On matchday squad, but did not play","On matchday squad, but did not play","On matchday squad, but did not play","On matchday squad, but did not play","On matchday squad, but did not play","On matchday squad, but did not play","On matchday squad, but did not play","On matchday squad, but did not play","On matchday squad, but did not play","On matchday squad, but did not play","On matchday squad, but did not play","On matchday squad, but did not play","On matchday squad, but did not play","On matchday squad, but did not play","On matchday squad, but did not play","On matchday squad, but did not play","On matchday squad, but did not play",Match Report,"On matchday squad, but did not play","On matchday squad, but did not play","On matchday squad, but did not play","On matchday squad, but did not play","On matchday squad, but did not play","On matchday squad, but did not play","On matchday squad, but did not play","On matchday squad, but did not play","On matchday squad, but did not play","On matchday squad, but did not play","On matchday squad, but did not play","On matchday squad, but did not play","On matchday squad, but did not play","On matchday squad, but did not play","On matchday squad, but did not play","On matchday squad, but did not play","On matchday squad, but did not play","On matchday squad, but did not play","On matchday squad, but did not play","On matchday squad, but did not play","On matchday squad, but did not play","On matchday squad, but did not play","On matchday squad, but did not play","On matchday squad, but did not play","On matchday squad, but did not play","On matchday squad, but did not play","On matchday squad, but did not play","On matchday squad, but did not play","On matchday squad, but did not play","On matchday squad, but did not play","On matchday squad, but did not play","On matchday squad, but did not play","On matchday squad, but did not play","On matchday squad, but did not play","On matchday squad, but did not play","On matchday squad, but did not play","On matchday squad, but did not play","On matchday squad, but did not play","On matchday squad, but did not play","On matchday squad, but did not play","On matchday squad, but did not play","On matchday squad, but did not play","On matchday squad, but did not play","On matchday squad, but did not play","On matchday squad, but did not play","On matchday squad, but did not play","On matchday squad, but did not play","On matchday squad, but did not play","On matchday squad, but did not play","On matchday squad, but did not play","On matchday squad, but did not play","On matchday squad, but did not play","On matchday squad, but did not play","On matchday squad, but did not play","On matchday squad, but did not play","On matchday squad, but did not play","On matchday squad, but did not play","On matchday squad, but did not play","On matchday squad, but did not play","On matchday squad, but did not play","On matchday squad, but did not play","On matchday squad, but did not play","On matchday squad, but did not play","On matchday squad, but did not play","On matchday squad, but did not play","On matchday squad, but did not play","On matchday squad, but did not play","On matchday squad, but did not play","On matchday squad, but did not play","On matchday squad, but did not play","On matchday squad, but did not play","On matchday squad, but did not play","On matchday squad, but did not play","On matchday squad, but did not play","On matchday squad, but did not play","On matchday squad, but did not play","On matchday squad, but did not play","On matchday squad, but did not play","On matchday squad, but did not play","On matchday squad, but did not play","On matchday squad, but did not play","On matchday squad, but did not play","On matchday squad, but did not play","On matchday squad, but did not play","On matchday squad, but did not play","On matchday squad, but did not play","On matchday squad, but did not play","On matchday squad, but did not play","On matchday squad, but did not play",Leicester City,Ricardo-Pereira,75a72a99
2024-10-05,Sat,Matchweek 7,Home,W 1–0,Leicester City,Bournemouth,N,"On matchday squad, but did not play","On matchday squad, but did not play","On matchday squad, but did not play","On matchday squad, but did not play","On matchday squad, but did not play","On matchday squad, but did not play","On matchday squad, but did not play","On matchday squad, but did not play","On matchday squad, but did not play","On matchday squad, but did not play","On matchday squad, but did not play","On matchday squad, but did not play","On matchday squad, but did not play","On matchday squad, but did not play","On matchday squad, but did not play","On matchday squad, but did not play","On matchday squad, but did not play","On matchday squad, but did not play","On matchday squad, but did not play","On matchday squad, but did not play","On matchday squad, but did not play","On matchday squad, but did not play","On matchday squad, but did not play","On matchday squad, but did not play","On matchday squad, but did not play","On matchday squad, but did not play","On matchday squad, but did not play",Match Report,"On matchday squad, but did not play","On matchday squad, but did not play","On matchday squad, but did not play","On matchday squad, but did not play","On matchday squad, but did not play","On matchday squad, but did not play","On matchday squad, but did not play","On matchday squad, but did not play","On matchday squad, but did not play","On matchday squad, but did not play","On matchday squad, but did not play","On matchday squad, but did not play","On matchday squad, but did not play","On matchday squad, but did not play","On matchday squad, but did not play","On matchday squad, but did not play","On matchday squad, but did not play","On matchday squad, but did not play","On matchday squad, but did not play","On matchday squad, but did not play","On matchday squad, but did not play","On matchday squad, but did not play","On matchday squad, but did not play","On matchday squad, but did not play","On matchday squad, but did not play","On matchday squad, but did not play","On matchday squad, but did not play","On matchday squad, but did not play","On matchday squad, but did not play","On matchday squad, but did not play","On matchday squad, but did not play","On matchday squad, but did not play","On matchday squad, but did not play","On matchday squad, but did not play","On matchday squad, but did not play","On matchday squad, but did not play","On matchday squad, but did not play","On matchday squad, but did not play","On matchday squad, but did not play","On matchday squad, but did not play","On matchday squad, but did not play","On matchday squad, but did not play","On matchday squad, but did not play","On matchday squad, but did not play","On matchday squad, but did not play","On matchday squad, but did not play","On matchday squad, but did not play","On matchday squad, but did not play","On matchday squad, but did not play","On matchday squad, but did not play","On matchday squad, but did not play","On matchday squad, but did not play","On matchday squad, but did not play","On matchday squad, but did not play","On matchday squad, but did not play","On matchday squad, but did not play","On matchday squad, but did not play","On matchday squad, but did not play","On matchday squad, but did not play","On matchday squad, but did not play","On matchday squad, but did not play","On matchday squad, but did not play","On matchday squad, but did not play","On matchday squad, but did not play","On matchday squad, but did not play","On matchday squad, but did not play","On matchday squad, but did not play","On matchday squad, but did not play","On matchday squad, but did not play","On matchday squad, but did not play","On matchday squad, but did not play","On matchday squad, but did not play","On matchday squad, but did not play","On matchday squad, but did not play","On matchday squad, but did not play","On matchday squad, but did not play","On matchday squad, but did not play","On matchday squad, but did not play","On matchday squad, but did not play","On matchday squad, but did not play","On matchday squad, but did not play","On matchday squad, but did not play","On matchday squad, but did not play","On matchday squad, but did not play","On matchday squad, but did not play","On matchday squad, but did not play","On matchday squad, but did not play","On matchday squad, but did not play","On matchday squad, but did not play",Leicester City,Ricardo-Pereira,75a72a99
2024-10-19,Sat,Matchweek 8,Away,W 3–2,Leicester City,Southampton,N,"On matchday squad, but did not play","On matchday squad, but did not play","On matchday squad, but did not play","On matchday squad, but did not play","On matchday squad, but did not play","On matchday squad, but did not play","On matchday squad, but did not play","On matchday squad, but did not play","On matchday squad, but did not play","On matchday squad, but did not play","On matchday squad, but did not play","On matchday squad, but did not play","On matchday squad, but did not play","On matchday squad, but did not play","On matchday squad, but did not play","On matchday squad, but did not play","On matchday squad, but did not play","On matchday squad, but did not play","On matchday squad, but did not play","On matchday squad, but did not play","On matchday squad, but did not play","On matchday squad, but did not play","On matchday squad, but did not play","On matchday squad, but did not play","On matchday squad, but did not play","On matchday squad, but did not play","On matchday squad, but did not play",Match Report,"On matchday squad, but did not play","On matchday squad, but did not play","On matchday squad, but did not play","On matchday squad, but did not play","On matchday squad, but did not play","On matchday squad, but did not play","On matchday squad, but did not play","On matchday squad, but did not play","On matchday squad, but did not play","On matchday squad, but did not play","On matchday squad, but did not play","On matchday squad, but did not play","On matchday squad, but did not play","On matchday squad, but did not play","On matchday squad, but did not play","On matchday squad, but did not play","On matchday squad, but did not play","On matchday squad, but did not play","On matchday squad, but did not play","On matchday squad, but did not play","On matchday squad, but did not play","On matchday squad, but did not play","On matchday squad, but did not play","On matchday squad, but did not play","On matchday squad, but did not play","On matchday squad, but did not play","On matchday squad, but did not play","On matchday squad, but did not play","On matchday squad, but did not play","On matchday squad, but did not play","On matchday squad, but did not play","On matchday squad, but did not play","On matchday squad, but did not play","On matchday squad, but did not play","On matchday squad, but did not play","On matchday squad, but did not play","On matchday squad, but did not play","On matchday squad, but did not play","On matchday squad, but did not play","On matchday squad, but did not play","On matchday squad, but did not play","On matchday squad, but did not play","On matchday squad, but did not play","On matchday squad, but did not play","On matchday squad, but did not play","On matchday squad, but did not play","On matchday squad, but did not play","On matchday squad, but did not play","On matchday squad, but did not play","On matchday squad, but did not play","On matchday squad, but did not play","On matchday squad, but did not play","On matchday squad, but did not play","On matchday squad, but did not play","On matchday squad, but did not play","On matchday squad, but did not play","On matchday squad, but did not play","On matchday squad, but did not play","On matchday squad, but did not play","On matchday squad, but did not play","On matchday squad, but did not play","On matchday squad, but did not play","On matchday squad, but did not play","On matchday squad, but did not play","On matchday squad, but did not play","On matchday squad, but did not play","On matchday squad, but did not play","On matchday squad, but did not play","On matchday squad, but did not play","On matchday squad, but did not play","On matchday squad, but did not play","On matchday squad, but did not play","On matchday squad, but did not play","On matchday squad, but did not play","On matchday squad, but did not play","On matchday squad, but did not play","On matchday squad, but did not play","On matchday squad, but did not play","On matchday squad, but did not play","On matchday squad, but did not play","On matchday squad, but did not play","On matchday squad, but did not play","On matchday squad, but did not play","On matchday squad, but did not play","On matchday squad, but did not play","On matchday squad, but did not play","On matchday squad, but did not play","On matchday squad, but did not play","On matchday squad, but did not play",Leicester City,Ricardo-Pereira,75a72a99
2024-10-25,Fri,Matchweek 9,Home,L 1–3,Leicester City,Nott'ham Forest,Y,RB,67,0,0,0,0,0,0,1,0,54,2,1,1,0.0,0.0,0.0,0,0,43,48,89.6,3,33,0,0,0,Match Report,43,48,89.6,629,159,26,30,86.7,13,14,92.9,2,2,100.0,0,0.0,0.0,0,4,0,0,3,48,40,8,1,0,0,0,7,0,0,0,0,43,0,0,0,0,0,0,0,0,0,0,0,0,0,0,0,0,54,2,14,33,7,0,54,0,0,,0,,33,58,6,0,0,0,1,0,29,2,2,2,0,1,1,1,3,33.3,2,1,1,0,1,3,0,0,Leicester City,Ricardo-Pereira,75a72a99
2024-11-02,Sat,Matchweek 10,Away,D 1–1,Leicester City,Ipswich Town,Y,RB,79,0,0,0,0,0,0,0,0,43,1,0,2,0.0,0.0,0.0,2,0,33,40,82.5,2,24,1,0,0,Match Report,33,40,82.5,491,208,21,22,95.5,10,15,66.7,2,2,100.0,0,0.0,0.0,0,4,0,0,2,40,34,6,1,0,0,1,5,0,0,0,0,33,0,1,2,2,0,0,0,0,0,0,0,0,0,0,0,0,43,1,14,23,6,1,43,0,0,,0,,24,65,27,1,0,1,0,0,26,1,1,0,0,0,1,0,1,0.0,1,2,0,2,0,1,0,0,Leicester City,Ricardo-Pereira,75a72a99
2025-03-09,Sun,Matchweek 28,Away,L 0–1,Leicester City,Chelsea,N,RB,7,0,0,0,0,1,1,0,0,20,0,0,0,0.0,0.0,0.0,0,0,14,15,93.3,2,11,0,1,0,Match Report,14,15,93.3,241,28,6,6,100.0,5,5,100.0,2,2,100.0,0,0.0,0.0,0,1,0,0,2,15,14,1,0,0,0,0,1,0,0,0,0,14,0,0,0,0,0,0,0,0,0,0,0,0,0,0,0,0,20,2,3,10,7,1,20,1,0,0.0,1,100.0,11,50,26,0,2,0,0,0,15,0,0,0,0,0,0,0,0,,0,0,0,0,0,0,3,0,Leicester City,Ricardo-Pereira,75a72a99
2025-04-02,Wed,Matchweek 30,Away,L 0–2,Leicester City,Manchester City,N,CM,15,0,0,0,0,1,0,0,0,8,0,0,1,0.1,0.1,0.0,0,0,2,6,33.3,0,5,1,3,2,Match Report,2,6,33.3,58,19,0,2,0.0,1,2,50.0,1,1,100.0,0,0.0,0.0,0,0,0,0,0,6,4,1,1,0,0,1,0,0,0,0,0,2,1,0,0,0,0,0,0,0,0,0,0,0,0,0,0,0,8,0,0,3,5,1,8,3,2,66.7,0,0.0,5,46,26,1,0,0,0,0,6,1,0,0,0,0,0,0,1,0.0,1,1,0,1,0,0,0,0,Leicester City,Ricardo-Pereira,75a72a99
2025-04-07,Mon,Matchweek 31,Home,L 0–3,Leicester City,Newcastle Utd,N,RB,17,0,0,0,0,0,0,0,0,25,2,0,0,0.0,0.0,0.0,0,0,16,21,76.2,2,11,1,3,3,Match Report,16,21,76.2,288,104,6,7,85.7,9,10,90.0,1,1,100.0,0,0.0,0.0,0,5,0,0,2,21,17,4,0,0,0,0,4,0,0,0,0,16,0,0,0,0,0,0,0,0,0,0,0,0,0,0,0,0,25,1,6,16,4,2,25,3,3,100.0,0,0.0,11,58,40,1,1,1,0,0,16,1,2,0,1,0,1,1,2,50.0,1,0,0,0,0,2,1,0,Leicester City,Ricardo-Pereira,75a72a99
2025-04-12,Sat,Matchweek 32,Away,D 2–2,Leicester City,Brighton,N,RB,30,0,0,0,0,0,0,0,0,19,1,0,0,0.0,0.0,0.0,0,0,14,17,82.4,0,5,0,0,0,Match Report,14,17,82.4,271,28,1,2,50.0,13,14,92.9,0,1,0.0,0,0.0,0.0,0,0,0,0,0,17,9,8,2,0,0,1,6,0,0,0,0,14,0,0,0,0,0,0,0,0,0,0,0,0,0,0,0,0,19,0,4,10,5,0,19,0,0,,0,,5,15,4,0,0,0,0,0,5,0,1,1,0,1,0,1,2,50.0,1,0,0,0,0,1,0,0,Leicester City,Ricardo-Pereira,75a72a99
2025-04-20,Sun,Matchweek 33,Home,L 0–1,Leicester City,Liverpool,Y,RB,82,0,0,0,0,0,0,0,0,47,1,1,2,0.0,0.0,0.0,1,0,27,34,79.4,4,21,0,1,0,Match Report,27,34,79.4,424,131,13,15,86.7,13,16,81.3,1,1,100.0,0,0.0,0.0,0,2,0,0,4,34,27,7,0,0,0,0,7,0,0,0,0,27,0,1,1,1,0,0,0,0,0,0,0,0,0,0,0,0,47,6,18,26,3,0,47,1,0,0.0,1,100.0,21,44,8,0,0,0,1,0,22,0,1,1,0,1,0,1,1,100.0,0,2,1,1,1,2,5,0,Leicester City,Ricardo-Pereira,75a72a99
2025-04-26,Sat,Matchweek 34,Away,L 0–3,Leicester City,Wolves,Y,RB,45,0,0,0,0,0,0,0,0,39,4,0,0,0.0,0.0,0.0,0,0,29,35,82.9,1,22,0,0,0,Match Report,29,35,82.9,497,144,12,14,85.7,13,16,81.3,3,4,75.0,0,0.0,0.0,0,2,0,0,1,35,31,4,1,0,0,0,3,0,0,0,0,29,0,0,0,0,0,0,0,0,0,0,0,0,0,0,0,0,39,2,19,20,0,0,39,0,0,,0,,22,53,10,0,0,0,0,0,24,0,4,2,3,1,0,2,2,100.0,0,0,0,0,0,4,1,0,Leicester City,Ricardo-Pereira,75a72a99
2025-05-18,Sun,Matchweek 37,Home,W 2–0,Leicester City,Ipswich Town,N,RB,27,0,0,0,0,0,0,0,0,29,1,2,2,0.0,0.0,0.0,0,0,20,22,90.9,1,13,0,1,1,Match Report,20,22,90.9,332,76,11,11,100.0,8,9,88.9,1,1,100.0,0,0.0,0.0,0,1,0,0,1,22,21,1,0,0,1,0,1,0,0,0,0,20,0,1,0,0,0,0,0,0,0,0,0,0,0,0,0,0,29,3,11,18,0,0,29,1,1,100.0,0,0.0,13,44,28,0,0,0,0,0,19,0,1,1,0,1,0,1,1,100.0,0,2,1,1,2,3,1,0,Leicester City,Ricardo-Pereira,75a72a99
2025-05-25,Sun,Matchweek 38,Away,L 0–2,Leicester City,Bournemouth,N,DM,19,0,0,0,0,0,0,0,0,12,1,0,0,0.0,0.0,0.0,0,0,9,10,90.0,3,6,0,0,0,Match Report,9,10,90.0,137,59,2,2,100.0,6,7,85.7,0,0,,0,0.0,0.0,0,0,1,0,3,10,10,0,0,0,0,0,0,0,0,0,0,9,0,0,0,0,0,0,0,0,0,0,0,0,0,0,0,0,12,0,1,7,4,0,12,0,0,,0,,6,20,11,0,0,0,1,1,10,0,1,1,0,1,0,0,1,0.0,1,0,0,0,0,1,0,0,Leicester City,Ricardo-Pereira,75a72a99
2024-08-19,Mon,Matchweek 1,Home,D 1–1,Leicester City,Tottenham,N,"On matchday squad, but did not play","On matchday squad, but did not play","On matchday squad, but did not play","On matchday squad, but did not play","On matchday squad, but did not play","On matchday squad, but did not play","On matchday squad, but did not play","On matchday squad, but did not play","On matchday squad, but did not play","On matchday squad, but did not play","On matchday squad, but did not play","On matchday squad, but did not play","On matchday squad, but did not play","On matchday squad, but did not play","On matchday squad, but did not play","On matchday squad, but did not play","On matchday squad, but did not play","On matchday squad, but did not play","On matchday squad, but did not play","On matchday squad, but did not play","On matchday squad, but did not play","On matchday squad, but did not play","On matchday squad, but did not play","On matchday squad, but did not play","On matchday squad, but did not play","On matchday squad, but did not play","On matchday squad, but did not play",Match Report,"On matchday squad, but did not play","On matchday squad, but did not play","On matchday squad, but did not play","On matchday squad, but did not play","On matchday squad, but did not play","On matchday squad, but did not play","On matchday squad, but did not play","On matchday squad, but did not play","On matchday squad, but did not play","On matchday squad, but did not play","On matchday squad, but did not play","On matchday squad, but did not play","On matchday squad, but did not play","On matchday squad, but did not play","On matchday squad, but did not play","On matchday squad, but did not play","On matchday squad, but did not play","On matchday squad, but did not play","On matchday squad, but did not play","On matchday squad, but did not play","On matchday squad, but did not play","On matchday squad, but did not play","On matchday squad, but did not play","On matchday squad, but did not play","On matchday squad, but did not play","On matchday squad, but did not play","On matchday squad, but did not play","On matchday squad, but did not play","On matchday squad, but did not play","On matchday squad, but did not play","On matchday squad, but did not play","On matchday squad, but did not play","On matchday squad, but did not play","On matchday squad, but did not play","On matchday squad, but did not play","On matchday squad, but did not play","On matchday squad, but did not play","On matchday squad, but did not play","On matchday squad, but did not play","On matchday squad, but did not play","On matchday squad, but did not play","On matchday squad, but did not play","On matchday squad, but did not play","On matchday squad, but did not play","On matchday squad, but did not play","On matchday squad, but did not play","On matchday squad, but did not play","On matchday squad, but did not play","On matchday squad, but did not play","On matchday squad, but did not play","On matchday squad, but did not play","On matchday squad, but did not play","On matchday squad, but did not play","On matchday squad, but did not play","On matchday squad, but did not play","On matchday squad, but did not play","On matchday squad, but did not play","On matchday squad, but did not play","On matchday squad, but did not play","On matchday squad, but did not play","On matchday squad, but did not play","On matchday squad, but did not play","On matchday squad, but did not play","On matchday squad, but did not play","On matchday squad, but did not play","On matchday squad, but did not play","On matchday squad, but did not play","On matchday squad, but did not play","On matchday squad, but did not play","On matchday squad, but did not play","On matchday squad, but did not play","On matchday squad, but did not play","On matchday squad, but did not play","On matchday squad, but did not play","On matchday squad, but did not play","On matchday squad, but did not play","On matchday squad, but did not play","On matchday squad, but did not play","On matchday squad, but did not play","On matchday squad, but did not play","On matchday squad, but did not play","On matchday squad, but did not play","On matchday squad, but did not play","On matchday squad, but did not play","On matchday squad, but did not play","On matchday squad, but did not play","On matchday squad, but did not play","On matchday squad, but did not play","On matchday squad, but did not play",Leicester City,Danny-Ward,d3ce0e89
2024-08-24,Sat,Matchweek 2,Away,L 1–2,Leicester City,Fulham,N,"On matchday squad, but did not play","On matchday squad, but did not play","On matchday squad, but did not play","On matchday squad, but did not play","On matchday squad, but did not play","On matchday squad, but did not play","On matchday squad, but did not play","On matchday squad, but did not play","On matchday squad, but did not play","On matchday squad, but did not play","On matchday squad, but did not play","On matchday squad, but did not play","On matchday squad, but did not play","On matchday squad, but did not play","On matchday squad, but did not play","On matchday squad, but did not play","On matchday squad, but did not play","On matchday squad, but did not play","On matchday squad, but did not play","On matchday squad, but did not play","On matchday squad, but did not play","On matchday squad, but did not play","On matchday squad, but did not play","On matchday squad, but did not play","On matchday squad, but did not play","On matchday squad, but did not play","On matchday squad, but did not play",Match Report,"On matchday squad, but did not play","On matchday squad, but did not play","On matchday squad, but did not play","On matchday squad, but did not play","On matchday squad, but did not play","On matchday squad, but did not play","On matchday squad, but did not play","On matchday squad, but did not play","On matchday squad, but did not play","On matchday squad, but did not play","On matchday squad, but did not play","On matchday squad, but did not play","On matchday squad, but did not play","On matchday squad, but did not play","On matchday squad, but did not play","On matchday squad, but did not play","On matchday squad, but did not play","On matchday squad, but did not play","On matchday squad, but did not play","On matchday squad, but did not play","On matchday squad, but did not play","On matchday squad, but did not play","On matchday squad, but did not play","On matchday squad, but did not play","On matchday squad, but did not play","On matchday squad, but did not play","On matchday squad, but did not play","On matchday squad, but did not play","On matchday squad, but did not play","On matchday squad, but did not play","On matchday squad, but did not play","On matchday squad, but did not play","On matchday squad, but did not play","On matchday squad, but did not play","On matchday squad, but did not play","On matchday squad, but did not play","On matchday squad, but did not play","On matchday squad, but did not play","On matchday squad, but did not play","On matchday squad, but did not play","On matchday squad, but did not play","On matchday squad, but did not play","On matchday squad, but did not play","On matchday squad, but did not play","On matchday squad, but did not play","On matchday squad, but did not play","On matchday squad, but did not play","On matchday squad, but did not play","On matchday squad, but did not play","On matchday squad, but did not play","On matchday squad, but did not play","On matchday squad, but did not play","On matchday squad, but did not play","On matchday squad, but did not play","On matchday squad, but did not play","On matchday squad, but did not play","On matchday squad, but did not play","On matchday squad, but did not play","On matchday squad, but did not play","On matchday squad, but did not play","On matchday squad, but did not play","On matchday squad, but did not play","On matchday squad, but did not play","On matchday squad, but did not play","On matchday squad, but did not play","On matchday squad, but did not play","On matchday squad, but did not play","On matchday squad, but did not play","On matchday squad, but did not play","On matchday squad, but did not play","On matchday squad, but did not play","On matchday squad, but did not play","On matchday squad, but did not play","On matchday squad, but did not play","On matchday squad, but did not play","On matchday squad, but did not play","On matchday squad, but did not play","On matchday squad, but did not play","On matchday squad, but did not play","On matchday squad, but did not play","On matchday squad, but did not play","On matchday squad, but did not play","On matchday squad, but did not play","On matchday squad, but did not play","On matchday squad, but did not play","On matchday squad, but did not play","On matchday squad, but did not play","On matchday squad, but did not play","On matchday squad, but did not play",Leicester City,Danny-Ward,d3ce0e89
2024-09-14,Sat,Matchweek 4,Away,D 2–2,Leicester City,Crystal Palace,N,"On matchday squad, but did not play","On matchday squad, but did not play","On matchday squad, but did not play","On matchday squad, but did not play","On matchday squad, but did not play","On matchday squad, but did not play","On matchday squad, but did not play","On matchday squad, but did not play","On matchday squad, but did not play","On matchday squad, but did not play","On matchday squad, but did not play","On matchday squad, but did not play","On matchday squad, but did not play","On matchday squad, but did not play","On matchday squad, but did not play","On matchday squad, but did not play","On matchday squad, but did not play","On matchday squad, but did not play","On matchday squad, but did not play","On matchday squad, but did not play","On matchday squad, but did not play","On matchday squad, but did not play","On matchday squad, but did not play","On matchday squad, but did not play","On matchday squad, but did not play","On matchday squad, but did not play","On matchday squad, but did not play",Match Report,"On matchday squad, but did not play","On matchday squad, but did not play","On matchday squad, but did not play","On matchday squad, but did not play","On matchday squad, but did not play","On matchday squad, but did not play","On matchday squad, but did not play","On matchday squad, but did not play","On matchday squad, but did not play","On matchday squad, but did not play","On matchday squad, but did not play","On matchday squad, but did not play","On matchday squad, but did not play","On matchday squad, but did not play","On matchday squad, but did not play","On matchday squad, but did not play","On matchday squad, but did not play","On matchday squad, but did not play","On matchday squad, but did not play","On matchday squad, but did not play","On matchday squad, but did not play","On matchday squad, but did not play","On matchday squad, but did not play","On matchday squad, but did not play","On matchday squad, but did not play","On matchday squad, but did not play","On matchday squad, but did not play","On matchday squad, but did not play","On matchday squad, but did not play","On matchday squad, but did not play","On matchday squad, but did not play","On matchday squad, but did not play","On matchday squad, but did not play","On matchday squad, but did not play","On matchday squad, but did not play","On matchday squad, but did not play","On matchday squad, but did not play","On matchday squad, but did not play","On matchday squad, but did not play","On matchday squad, but did not play","On matchday squad, but did not play","On matchday squad, but did not play","On matchday squad, but did not play","On matchday squad, but did not play","On matchday squad, but did not play","On matchday squad, but did not play","On matchday squad, but did not play","On matchday squad, but did not play","On matchday squad, but did not play","On matchday squad, but did not play","On matchday squad, but did not play","On matchday squad, but did not play","On matchday squad, but did not play","On matchday squad, but did not play","On matchday squad, but did not play","On matchday squad, but did not play","On matchday squad, but did not play","On matchday squad, but did not play","On matchday squad, but did not play","On matchday squad, but did not play","On matchday squad, but did not play","On matchday squad, but did not play","On matchday squad, but did not play","On matchday squad, but did not play","On matchday squad, but did not play","On matchday squad, but did not play","On matchday squad, but did not play","On matchday squad, but did not play","On matchday squad, but did not play","On matchday squad, but did not play","On matchday squad, but did not play","On matchday squad, but did not play","On matchday squad, but did not play","On matchday squad, but did not play","On matchday squad, but did not play","On matchday squad, but did not play","On matchday squad, but did not play","On matchday squad, but did not play","On matchday squad, but did not play","On matchday squad, but did not play","On matchday squad, but did not play","On matchday squad, but did not play","On matchday squad, but did not play","On matchday squad, but did not play","On matchday squad, but did not play","On matchday squad, but did not play","On matchday squad, but did not play","On matchday squad, but did not play","On matchday squad, but did not play",Leicester City,Danny-Ward,d3ce0e89
2024-09-21,Sat,Matchweek 5,Home,D 1–1,Leicester City,Everton,N,"On matchday squad, but did not play","On matchday squad, but did not play","On matchday squad, but did not play","On matchday squad, but did not play","On matchday squad, but did not play","On matchday squad, but did not play","On matchday squad, but did not play","On matchday squad, but did not play","On matchday squad, but did not play","On matchday squad, but did not play","On matchday squad, but did not play","On matchday squad, but did not play","On matchday squad, but did not play","On matchday squad, but did not play","On matchday squad, but did not play","On matchday squad, but did not play","On matchday squad, but did not play","On matchday squad, but did not play","On matchday squad, but did not play","On matchday squad, but did not play","On matchday squad, but did not play","On matchday squad, but did not play","On matchday squad, but did not play","On matchday squad, but did not play","On matchday squad, but did not play","On matchday squad, but did not play","On matchday squad, but did not play",Match Report,"On matchday squad, but did not play","On matchday squad, but did not play","On matchday squad, but did not play","On matchday squad, but did not play","On matchday squad, but did not play","On matchday squad, but did not play","On matchday squad, but did not play","On matchday squad, but did not play","On matchday squad, but did not play","On matchday squad, but did not play","On matchday squad, but did not play","On matchday squad, but did not play","On matchday squad, but did not play","On matchday squad, but did not play","On matchday squad, but did not play","On matchday squad, but did not play","On matchday squad, but did not play","On matchday squad, but did not play","On matchday squad, but did not play","On matchday squad, but did not play","On matchday squad, but did not play","On matchday squad, but did not play","On matchday squad, but did not play","On matchday squad, but did not play","On matchday squad, but did not play","On matchday squad, but did not play","On matchday squad, but did not play","On matchday squad, but did not play","On matchday squad, but did not play","On matchday squad, but did not play","On matchday squad, but did not play","On matchday squad, but did not play","On matchday squad, but did not play","On matchday squad, but did not play","On matchday squad, but did not play","On matchday squad, but did not play","On matchday squad, but did not play","On matchday squad, but did not play","On matchday squad, but did not play","On matchday squad, but did not play","On matchday squad, but did not play","On matchday squad, but did not play","On matchday squad, but did not play","On matchday squad, but did not play","On matchday squad, but did not play","On matchday squad, but did not play","On matchday squad, but did not play","On matchday squad, but did not play","On matchday squad, but did not play","On matchday squad, but did not play","On matchday squad, but did not play","On matchday squad, but did not play","On matchday squad, but did not play","On matchday squad, but did not play","On matchday squad, but did not play","On matchday squad, but did not play","On matchday squad, but did not play","On matchday squad, but did not play","On matchday squad, but did not play","On matchday squad, but did not play","On matchday squad, but did not play","On matchday squad, but did not play","On matchday squad, but did not play","On matchday squad, but did not play","On matchday squad, but did not play","On matchday squad, but did not play","On matchday squad, but did not play","On matchday squad, but did not play","On matchday squad, but did not play","On matchday squad, but did not play","On matchday squad, but did not play","On matchday squad, but did not play","On matchday squad, but did not play","On matchday squad, but did not play","On matchday squad, but did not play","On matchday squad, but did not play","On matchday squad, but did not play","On matchday squad, but did not play","On matchday squad, but did not play","On matchday squad, but did not play","On matchday squad, but did not play","On matchday squad, but did not play","On matchday squad, but did not play","On matchday squad, but did not play","On matchday squad, but did not play","On matchday squad, but did not play","On matchday squad, but did not play","On matchday squad, but did not play","On matchday squad, but did not play",Leicester City,Danny-Ward,d3ce0e89
2024-09-28,Sat,Matchweek 6,Away,L 2–4,Leicester City,Arsenal,N,"On matchday squad, but did not play","On matchday squad, but did not play","On matchday squad, but did not play","On matchday squad, but did not play","On matchday squad, but did not play","On matchday squad, but did not play","On matchday squad, but did not play","On matchday squad, but did not play","On matchday squad, but did not play","On matchday squad, but did not play","On matchday squad, but did not play","On matchday squad, but did not play","On matchday squad, but did not play","On matchday squad, but did not play","On matchday squad, but did not play","On matchday squad, but did not play","On matchday squad, but did not play","On matchday squad, but did not play","On matchday squad, but did not play","On matchday squad, but did not play","On matchday squad, but did not play","On matchday squad, but did not play","On matchday squad, but did not play","On matchday squad, but did not play","On matchday squad, but did not play","On matchday squad, but did not play","On matchday squad, but did not play",Match Report,"On matchday squad, but did not play","On matchday squad, but did not play","On matchday squad, but did not play","On matchday squad, but did not play","On matchday squad, but did not play","On matchday squad, but did not play","On matchday squad, but did not play","On matchday squad, but did not play","On matchday squad, but did not play","On matchday squad, but did not play","On matchday squad, but did not play","On matchday squad, but did not play","On matchday squad, but did not play","On matchday squad, but did not play","On matchday squad, but did not play","On matchday squad, but did not play","On matchday squad, but did not play","On matchday squad, but did not play","On matchday squad, but did not play","On matchday squad, but did not play","On matchday squad, but did not play","On matchday squad, but did not play","On matchday squad, but did not play","On matchday squad, but did not play","On matchday squad, but did not play","On matchday squad, but did not play","On matchday squad, but did not play","On matchday squad, but did not play","On matchday squad, but did not play","On matchday squad, but did not play","On matchday squad, but did not play","On matchday squad, but did not play","On matchday squad, but did not play","On matchday squad, but did not play","On matchday squad, but did not play","On matchday squad, but did not play","On matchday squad, but did not play","On matchday squad, but did not play","On matchday squad, but did not play","On matchday squad, but did not play","On matchday squad, but did not play","On matchday squad, but did not play","On matchday squad, but did not play","On matchday squad, but did not play","On matchday squad, but did not play","On matchday squad, but did not play","On matchday squad, but did not play","On matchday squad, but did not play","On matchday squad, but did not play","On matchday squad, but did not play","On matchday squad, but did not play","On matchday squad, but did not play","On matchday squad, but did not play","On matchday squad, but did not play","On matchday squad, but did not play","On matchday squad, but did not play","On matchday squad, but did not play","On matchday squad, but did not play","On matchday squad, but did not play","On matchday squad, but did not play","On matchday squad, but did not play","On matchday squad, but did not play","On matchday squad, but did not play","On matchday squad, but did not play","On matchday squad, but did not play","On matchday squad, but did not play","On matchday squad, but did not play","On matchday squad, but did not play","On matchday squad, but did not play","On matchday squad, but did not play","On matchday squad, but did not play","On matchday squad, but did not play","On matchday squad, but did not play","On matchday squad, but did not play","On matchday squad, but did not play","On matchday squad, but did not play","On matchday squad, but did not play","On matchday squad, but did not play","On matchday squad, but did not play","On matchday squad, but did not play","On matchday squad, but did not play","On matchday squad, but did not play","On matchday squad, but did not play","On matchday squad, but did not play","On matchday squad, but did not play","On matchday squad, but did not play","On matchday squad, but did not play","On matchday squad, but did not play","On matchday squad, but did not play",Leicester City,Danny-Ward,d3ce0e89
2024-10-05,Sat,Matchweek 7,Home,W 1–0,Leicester City,Bournemouth,N,"On matchday squad, but did not play","On matchday squad, but did not play","On matchday squad, but did not play","On matchday squad, but did not play","On matchday squad, but did not play","On matchday squad, but did not play","On matchday squad, but did not play","On matchday squad, but did not play","On matchday squad, but did not play","On matchday squad, but did not play","On matchday squad, but did not play","On matchday squad, but did not play","On matchday squad, but did not play","On matchday squad, but did not play","On matchday squad, but did not play","On matchday squad, but did not play","On matchday squad, but did not play","On matchday squad, but did not play","On matchday squad, but did not play","On matchday squad, but did not play","On matchday squad, but did not play","On matchday squad, but did not play","On matchday squad, but did not play","On matchday squad, but did not play","On matchday squad, but did not play","On matchday squad, but did not play","On matchday squad, but did not play",Match Report,"On matchday squad, but did not play","On matchday squad, but did not play","On matchday squad, but did not play","On matchday squad, but did not play","On matchday squad, but did not play","On matchday squad, but did not play","On matchday squad, but did not play","On matchday squad, but did not play","On matchday squad, but did not play","On matchday squad, but did not play","On matchday squad, but did not play","On matchday squad, but did not play","On matchday squad, but did not play","On matchday squad, but did not play","On matchday squad, but did not play","On matchday squad, but did not play","On matchday squad, but did not play","On matchday squad, but did not play","On matchday squad, but did not play","On matchday squad, but did not play","On matchday squad, but did not play","On matchday squad, but did not play","On matchday squad, but did not play","On matchday squad, but did not play","On matchday squad, but did not play","On matchday squad, but did not play","On matchday squad, but did not play","On matchday squad, but did not play","On matchday squad, but did not play","On matchday squad, but did not play","On matchday squad, but did not play","On matchday squad, but did not play","On matchday squad, but did not play","On matchday squad, but did not play","On matchday squad, but did not play","On matchday squad, but did not play","On matchday squad, but did not play","On matchday squad, but did not play","On matchday squad, but did not play","On matchday squad, but did not play","On matchday squad, but did not play","On matchday squad, but did not play","On matchday squad, but did not play","On matchday squad, but did not play","On matchday squad, but did not play","On matchday squad, but did not play","On matchday squad, but did not play","On matchday squad, but did not play","On matchday squad, but did not play","On matchday squad, but did not play","On matchday squad, but did not play","On matchday squad, but did not play","On matchday squad, but did not play","On matchday squad, but did not play","On matchday squad, but did not play","On matchday squad, but did not play","On matchday squad, but did not play","On matchday squad, but did not play","On matchday squad, but did not play","On matchday squad, but did not play","On matchday squad, but did not play","On matchday squad, but did not play","On matchday squad, but did not play","On matchday squad, but did not play","On matchday squad, but did not play","On matchday squad, but did not play","On matchday squad, but did not play","On matchday squad, but did not play","On matchday squad, but did not play","On matchday squad, but did not play","On matchday squad, but did not play","On matchday squad, but did not play","On matchday squad, but did not play","On matchday squad, but did not play","On matchday squad, but did not play","On matchday squad, but did not play","On matchday squad, but did not play","On matchday squad, but did not play","On matchday squad, but did not play","On matchday squad, but did not play","On matchday squad, but did not play","On matchday squad, but did not play","On matchday squad, but did not play","On matchday squad, but did not play","On matchday squad, but did not play","On matchday squad, but did not play","On matchday squad, but did not play","On matchday squad, but did not play","On matchday squad, but did not play",Leicester City,Danny-Ward,d3ce0e89
2024-10-19,Sat,Matchweek 8,Away,W 3–2,Leicester City,Southampton,N,"On matchday squad, but did not play","On matchday squad, but did not play","On matchday squad, but did not play","On matchday squad, but did not play","On matchday squad, but did not play","On matchday squad, but did not play","On matchday squad, but did not play","On matchday squad, but did not play","On matchday squad, but did not play","On matchday squad, but did not play","On matchday squad, but did not play","On matchday squad, but did not play","On matchday squad, but did not play","On matchday squad, but did not play","On matchday squad, but did not play","On matchday squad, but did not play","On matchday squad, but did not play","On matchday squad, but did not play","On matchday squad, but did not play","On matchday squad, but did not play","On matchday squad, but did not play","On matchday squad, but did not play","On matchday squad, but did not play","On matchday squad, but did not play","On matchday squad, but did not play","On matchday squad, but did not play","On matchday squad, but did not play",Match Report,"On matchday squad, but did not play","On matchday squad, but did not play","On matchday squad, but did not play","On matchday squad, but did not play","On matchday squad, but did not play","On matchday squad, but did not play","On matchday squad, but did not play","On matchday squad, but did not play","On matchday squad, but did not play","On matchday squad, but did not play","On matchday squad, but did not play","On matchday squad, but did not play","On matchday squad, but did not play","On matchday squad, but did not play","On matchday squad, but did not play","On matchday squad, but did not play","On matchday squad, but did not play","On matchday squad, but did not play","On matchday squad, but did not play","On matchday squad, but did not play","On matchday squad, but did not play","On matchday squad, but did not play","On matchday squad, but did not play","On matchday squad, but did not play","On matchday squad, but did not play","On matchday squad, but did not play","On matchday squad, but did not play","On matchday squad, but did not play","On matchday squad, but did not play","On matchday squad, but did not play","On matchday squad, but did not play","On matchday squad, but did not play","On matchday squad, but did not play","On matchday squad, but did not play","On matchday squad, but did not play","On matchday squad, but did not play","On matchday squad, but did not play","On matchday squad, but did not play","On matchday squad, but did not play","On matchday squad, but did not play","On matchday squad, but did not play","On matchday squad, but did not play","On matchday squad, but did not play","On matchday squad, but did not play","On matchday squad, but did not play","On matchday squad, but did not play","On matchday squad, but did not play","On matchday squad, but did not play","On matchday squad, but did not play","On matchday squad, but did not play","On matchday squad, but did not play","On matchday squad, but did not play","On matchday squad, but did not play","On matchday squad, but did not play","On matchday squad, but did not play","On matchday squad, but did not play","On matchday squad, but did not play","On matchday squad, but did not play","On matchday squad, but did not play","On matchday squad, but did not play","On matchday squad, but did not play","On matchday squad, but did not play","On matchday squad, but did not play","On matchday squad, but did not play","On matchday squad, but did not play","On matchday squad, but did not play","On matchday squad, but did not play","On matchday squad, but did not play","On matchday squad, but did not play","On matchday squad, but did not play","On matchday squad, but did not play","On matchday squad, but did not play","On matchday squad, but did not play","On matchday squad, but did not play","On matchday squad, but did not play","On matchday squad, but did not play","On matchday squad, but did not play","On matchday squad, but did not play","On matchday squad, but did not play","On matchday squad, but did not play","On matchday squad, but did not play","On matchday squad, but did not play","On matchday squad, but did not play","On matchday squad, but did not play","On matchday squad, but did not play","On matchday squad, but did not play","On matchday squad, but did not play","On matchday squad, but did not play","On matchday squad, but did not play",Leicester City,Danny-Ward,d3ce0e89
2024-10-25,Fri,Matchweek 9,Home,L 1–3,Leicester City,Nott'ham Forest,N,"On matchday squad, but did not play","On matchday squad, but did not play","On matchday squad, but did not play","On matchday squad, but did not play","On matchday squad, but did not play","On matchday squad, but did not play","On matchday squad, but did not play","On matchday squad, but did not play","On matchday squad, but did not play","On matchday squad, but did not play","On matchday squad, but did not play","On matchday squad, but did not play","On matchday squad, but did not play","On matchday squad, but did not play","On matchday squad, but did not play","On matchday squad, but did not play","On matchday squad, but did not play","On matchday squad, but did not play","On matchday squad, but did not play","On matchday squad, but did not play","On matchday squad, but did not play","On matchday squad, but did not play","On matchday squad, but did not play","On matchday squad, but did not play","On matchday squad, but did not play","On matchday squad, but did not play","On matchday squad, but did not play",Match Report,"On matchday squad, but did not play","On matchday squad, but did not play","On matchday squad, but did not play","On matchday squad, but did not play","On matchday squad, but did not play","On matchday squad, but did not play","On matchday squad, but did not play","On matchday squad, but did not play","On matchday squad, but did not play","On matchday squad, but did not play","On matchday squad, but did not play","On matchday squad, but did not play","On matchday squad, but did not play","On matchday squad, but did not play","On matchday squad, but did not play","On matchday squad, but did not play","On matchday squad, but did not play","On matchday squad, but did not play","On matchday squad, but did not play","On matchday squad, but did not play","On matchday squad, but did not play","On matchday squad, but did not play","On matchday squad, but did not play","On matchday squad, but did not play","On matchday squad, but did not play","On matchday squad, but did not play","On matchday squad, but did not play","On matchday squad, but did not play","On matchday squad, but did not play","On matchday squad, but did not play","On matchday squad, but did not play","On matchday squad, but did not play","On matchday squad, but did not play","On matchday squad, but did not play","On matchday squad, but did not play","On matchday squad, but did not play","On matchday squad, but did not play","On matchday squad, but did not play","On matchday squad, but did not play","On matchday squad, but did not play","On matchday squad, but did not play","On matchday squad, but did not play","On matchday squad, but did not play","On matchday squad, but did not play","On matchday squad, but did not play","On matchday squad, but did not play","On matchday squad, but did not play","On matchday squad, but did not play","On matchday squad, but did not play","On matchday squad, but did not play","On matchday squad, but did not play","On matchday squad, but did not play","On matchday squad, but did not play","On matchday squad, but did not play","On matchday squad, but did not play","On matchday squad, but did not play","On matchday squad, but did not play","On matchday squad, but did not play","On matchday squad, but did not play","On matchday squad, but did not play","On matchday squad, but did not play","On matchday squad, but did not play","On matchday squad, but did not play","On matchday squad, but did not play","On matchday squad, but did not play","On matchday squad, but did not play","On matchday squad, but did not play","On matchday squad, but did not play","On matchday squad, but did not play","On matchday squad, but did not play","On matchday squad, but did not play","On matchday squad, but did not play","On matchday squad, but did not play","On matchday squad, but did not play","On matchday squad, but did not play","On matchday squad, but did not play","On matchday squad, but did not play","On matchday squad, but did not play","On matchday squad, but did not play","On matchday squad, but did not play","On matchday squad, but did not play","On matchday squad, but did not play","On matchday squad, but did not play","On matchday squad, but did not play","On matchday squad, but did not play","On matchday squad, but did not play","On matchday squad, but did not play","On matchday squad, but did not play","On matchday squad, but did not play",Leicester City,Danny-Ward,d3ce0e89
2024-11-02,Sat,Matchweek 10,Away,D 1–1,Leicester City,Ipswich Town,N,"On matchday squad, but did not play","On matchday squad, but did not play","On matchday squad, but did not play","On matchday squad, but did not play","On matchday squad, but did not play","On matchday squad, but did not play","On matchday squad, but did not play","On matchday squad, but did not play","On matchday squad, but did not play","On matchday squad, but did not play","On matchday squad, but did not play","On matchday squad, but did not play","On matchday squad, but did not play","On matchday squad, but did not play","On matchday squad, but did not play","On matchday squad, but did not play","On matchday squad, but did not play","On matchday squad, but did not play","On matchday squad, but did not play","On matchday squad, but did not play","On matchday squad, but did not play","On matchday squad, but did not play","On matchday squad, but did not play","On matchday squad, but did not play","On matchday squad, but did not play","On matchday squad, but did not play","On matchday squad, but did not play",Match Report,"On matchday squad, but did not play","On matchday squad, but did not play","On matchday squad, but did not play","On matchday squad, but did not play","On matchday squad, but did not play","On matchday squad, but did not play","On matchday squad, but did not play","On matchday squad, but did not play","On matchday squad, but did not play","On matchday squad, but did not play","On matchday squad, but did not play","On matchday squad, but did not play","On matchday squad, but did not play","On matchday squad, but did not play","On matchday squad, but did not play","On matchday squad, but did not play","On matchday squad, but did not play","On matchday squad, but did not play","On matchday squad, but did not play","On matchday squad, but did not play","On matchday squad, but did not play","On matchday squad, but did not play","On matchday squad, but did not play","On matchday squad, but did not play","On matchday squad, but did not play","On matchday squad, but did not play","On matchday squad, but did not play","On matchday squad, but did not play","On matchday squad, but did not play","On matchday squad, but did not play","On matchday squad, but did not play","On matchday squad, but did not play","On matchday squad, but did not play","On matchday squad, but did not play","On matchday squad, but did not play","On matchday squad, but did not play","On matchday squad, but did not play","On matchday squad, but did not play","On matchday squad, but did not play","On matchday squad, but did not play","On matchday squad, but did not play","On matchday squad, but did not play","On matchday squad, but did not play","On matchday squad, but did not play","On matchday squad, but did not play","On matchday squad, but did not play","On matchday squad, but did not play","On matchday squad, but did not play","On matchday squad, but did not play","On matchday squad, but did not play","On matchday squad, but did not play","On matchday squad, but did not play","On matchday squad, but did not play","On matchday squad, but did not play","On matchday squad, but did not play","On matchday squad, but did not play","On matchday squad, but did not play","On matchday squad, but did not play","On matchday squad, but did not play","On matchday squad, but did not play","On matchday squad, but did not play","On matchday squad, but did not play","On matchday squad, but did not play","On matchday squad, but did not play","On matchday squad, but did not play","On matchday squad, but did not play","On matchday squad, but did not play","On matchday squad, but did not play","On matchday squad, but did not play","On matchday squad, but did not play","On matchday squad, but did not play","On matchday squad, but did not play","On matchday squad, but did not play","On matchday squad, but did not play","On matchday squad, but did not play","On matchday squad, but did not play","On matchday squad, but did not play","On matchday squad, but did not play","On matchday squad, but did not play","On matchday squad, but did not play","On matchday squad, but did not play","On matchday squad, but did not play","On matchday squad, but did not play","On matchday squad, but did not play","On matchday squad, but did not play","On matchday squad, but did not play","On matchday squad, but did not play","On matchday squad, but did not play","On matchday squad, but did not play",Leicester City,Danny-Ward,d3ce0e89
2024-11-10,Sun,Matchweek 11,Away,L 0–3,Leicester City,Manchester Utd,N,"On matchday squad, but did not play","On matchday squad, but did not play","On matchday squad, but did not play","On matchday squad, but did not play","On matchday squad, but did not play","On matchday squad, but did not play","On matchday squad, but did not play","On matchday squad, but did not play","On matchday squad, but did not play","On matchday squad, but did not play","On matchday squad, but did not play","On matchday squad, but did not play","On matchday squad, but did not play","On matchday squad, but did not play","On matchday squad, but did not play","On matchday squad, but did not play","On matchday squad, but did not play","On matchday squad, but did not play","On matchday squad, but did not play","On matchday squad, but did not play","On matchday squad, but did not play","On matchday squad, but did not play","On matchday squad, but did not play","On matchday squad, but did not play","On matchday squad, but did not play","On matchday squad, but did not play","On matchday squad, but did not play",Match Report,"On matchday squad, but did not play","On matchday squad, but did not play","On matchday squad, but did not play","On matchday squad, but did not play","On matchday squad, but did not play","On matchday squad, but did not play","On matchday squad, but did not play","On matchday squad, but did not play","On matchday squad, but did not play","On matchday squad, but did not play","On matchday squad, but did not play","On matchday squad, but did not play","On matchday squad, but did not play","On matchday squad, but did not play","On matchday squad, but did not play","On matchday squad, but did not play","On matchday squad, but did not play","On matchday squad, but did not play","On matchday squad, but did not play","On matchday squad, but did not play","On matchday squad, but did not play","On matchday squad, but did not play","On matchday squad, but did not play","On matchday squad, but did not play","On matchday squad, but did not play","On matchday squad, but did not play","On matchday squad, but did not play","On matchday squad, but did not play","On matchday squad, but did not play","On matchday squad, but did not play","On matchday squad, but did not play","On matchday squad, but did not play","On matchday squad, but did not play","On matchday squad, but did not play","On matchday squad, but did not play","On matchday squad, but did not play","On matchday squad, but did not play","On matchday squad, but did not play","On matchday squad, but did not play","On matchday squad, but did not play","On matchday squad, but did not play","On matchday squad, but did not play","On matchday squad, but did not play","On matchday squad, but did not play","On matchday squad, but did not play","On matchday squad, but did not play","On matchday squad, but did not play","On matchday squad, but did not play","On matchday squad, but did not play","On matchday squad, but did not play","On matchday squad, but did not play","On matchday squad, but did not play","On matchday squad, but did not play","On matchday squad, but did not play","On matchday squad, but did not play","On matchday squad, but did not play","On matchday squad, but did not play","On matchday squad, but did not play","On matchday squad, but did not play","On matchday squad, but did not play","On matchday squad, but did not play","On matchday squad, but did not play","On matchday squad, but did not play","On matchday squad, but did not play","On matchday squad, but did not play","On matchday squad, but did not play","On matchday squad, but did not play","On matchday squad, but did not play","On matchday squad, but did not play","On matchday squad, but did not play","On matchday squad, but did not play","On matchday squad, but did not play","On matchday squad, but did not play","On matchday squad, but did not play","On matchday squad, but did not play","On matchday squad, but did not play","On matchday squad, but did not play","On matchday squad, but did not play","On matchday squad, but did not play","On matchday squad, but did not play","On matchday squad, but did not play","On matchday squad, but did not play","On matchday squad, but did not play","On matchday squad, but did not play","On matchday squad, but did not play","On matchday squad, but did not play","On matchday squad, but did not play","On matchday squad, but did not play","On matchday squad, but did not play",Leicester City,Danny-Ward,d3ce0e89
2024-11-23,Sat,Matchweek 12,Home,L 1–2,Leicester City,Chelsea,N,"On matchday squad, but did not play","On matchday squad, but did not play","On matchday squad, but did not play","On matchday squad, but did not play","On matchday squad, but did not play","On matchday squad, but did not play","On matchday squad, but did not play","On matchday squad, but did not play","On matchday squad, but did not play","On matchday squad, but did not play","On matchday squad, but did not play","On matchday squad, but did not play","On matchday squad, but did not play","On matchday squad, but did not play","On matchday squad, but did not play","On matchday squad, but did not play","On matchday squad, but did not play","On matchday squad, but did not play","On matchday squad, but did not play","On matchday squad, but did not play","On matchday squad, but did not play","On matchday squad, but did not play","On matchday squad, but did not play","On matchday squad, but did not play","On matchday squad, but did not play","On matchday squad, but did not play","On matchday squad, but did not play",Match Report,"On matchday squad, but did not play","On matchday squad, but did not play","On matchday squad, but did not play","On matchday squad, but did not play","On matchday squad, but did not play","On matchday squad, but did not play","On matchday squad, but did not play","On matchday squad, but did not play","On matchday squad, but did not play","On matchday squad, but did not play","On matchday squad, but did not play","On matchday squad, but did not play","On matchday squad, but did not play","On matchday squad, but did not play","On matchday squad, but did not play","On matchday squad, but did not play","On matchday squad, but did not play","On matchday squad, but did not play","On matchday squad, but did not play","On matchday squad, but did not play","On matchday squad, but did not play","On matchday squad, but did not play","On matchday squad, but did not play","On matchday squad, but did not play","On matchday squad, but did not play","On matchday squad, but did not play","On matchday squad, but did not play","On matchday squad, but did not play","On matchday squad, but did not play","On matchday squad, but did not play","On matchday squad, but did not play","On matchday squad, but did not play","On matchday squad, but did not play","On matchday squad, but did not play","On matchday squad, but did not play","On matchday squad, but did not play","On matchday squad, but did not play","On matchday squad, but did not play","On matchday squad, but did not play","On matchday squad, but did not play","On matchday squad, but did not play","On matchday squad, but did not play","On matchday squad, but did not play","On matchday squad, but did not play","On matchday squad, but did not play","On matchday squad, but did not play","On matchday squad, but did not play","On matchday squad, but did not play","On matchday squad, but did not play","On matchday squad, but did not play","On matchday squad, but did not play","On matchday squad, but did not play","On matchday squad, but did not play","On matchday squad, but did not play","On matchday squad, but did not play","On matchday squad, but did not play","On matchday squad, but did not play","On matchday squad, but did not play","On matchday squad, but did not play","On matchday squad, but did not play","On matchday squad, but did not play","On matchday squad, but did not play","On matchday squad, but did not play","On matchday squad, but did not play","On matchday squad, but did not play","On matchday squad, but did not play","On matchday squad, but did not play","On matchday squad, but did not play","On matchday squad, but did not play","On matchday squad, but did not play","On matchday squad, but did not play","On matchday squad, but did not play","On matchday squad, but did not play","On matchday squad, but did not play","On matchday squad, but did not play","On matchday squad, but did not play","On matchday squad, but did not play","On matchday squad, but did not play","On matchday squad, but did not play","On matchday squad, but did not play","On matchday squad, but did not play","On matchday squad, but did not play","On matchday squad, but did not play","On matchday squad, but did not play","On matchday squad, but did not play","On matchday squad, but did not play","On matchday squad, but did not play","On matchday squad, but did not play","On matchday squad, but did not play",Leicester City,Danny-Ward,d3ce0e89
2024-11-30,Sat,Matchweek 13,Away,L 1–4,Leicester City,Brentford,N,"On matchday squad, but did not play","On matchday squad, but did not play","On matchday squad, but did not play","On matchday squad, but did not play","On matchday squad, but did not play","On matchday squad, but did not play","On matchday squad, but did not play","On matchday squad, but did not play","On matchday squad, but did not play","On matchday squad, but did not play","On matchday squad, but did not play","On matchday squad, but did not play","On matchday squad, but did not play","On matchday squad, but did not play","On matchday squad, but did not play","On matchday squad, but did not play","On matchday squad, but did not play","On matchday squad, but did not play","On matchday squad, but did not play","On matchday squad, but did not play","On matchday squad, but did not play","On matchday squad, but did not play","On matchday squad, but did not play","On matchday squad, but did not play","On matchday squad, but did not play","On matchday squad, but did not play","On matchday squad, but did not play",Match Report,"On matchday squad, but did not play","On matchday squad, but did not play","On matchday squad, but did not play","On matchday squad, but did not play","On matchday squad, but did not play","On matchday squad, but did not play","On matchday squad, but did not play","On matchday squad, but did not play","On matchday squad, but did not play","On matchday squad, but did not play","On matchday squad, but did not play","On matchday squad, but did not play","On matchday squad, but did not play","On matchday squad, but did not play","On matchday squad, but did not play","On matchday squad, but did not play","On matchday squad, but did not play","On matchday squad, but did not play","On matchday squad, but did not play","On matchday squad, but did not play","On matchday squad, but did not play","On matchday squad, but did not play","On matchday squad, but did not play","On matchday squad, but did not play","On matchday squad, but did not play","On matchday squad, but did not play","On matchday squad, but did not play","On matchday squad, but did not play","On matchday squad, but did not play","On matchday squad, but did not play","On matchday squad, but did not play","On matchday squad, but did not play","On matchday squad, but did not play","On matchday squad, but did not play","On matchday squad, but did not play","On matchday squad, but did not play","On matchday squad, but did not play","On matchday squad, but did not play","On matchday squad, but did not play","On matchday squad, but did not play","On matchday squad, but did not play","On matchday squad, but did not play","On matchday squad, but did not play","On matchday squad, but did not play","On matchday squad, but did not play","On matchday squad, but did not play","On matchday squad, but did not play","On matchday squad, but did not play","On matchday squad, but did not play","On matchday squad, but did not play","On matchday squad, but did not play","On matchday squad, but did not play","On matchday squad, but did not play","On matchday squad, but did not play","On matchday squad, but did not play","On matchday squad, but did not play","On matchday squad, but did not play","On matchday squad, but did not play","On matchday squad, but did not play","On matchday squad, but did not play","On matchday squad, but did not play","On matchday squad, but did not play","On matchday squad, but did not play","On matchday squad, but did not play","On matchday squad, but did not play","On matchday squad, but did not play","On matchday squad, but did not play","On matchday squad, but did not play","On matchday squad, but did not play","On matchday squad, but did not play","On matchday squad, but did not play","On matchday squad, but did not play","On matchday squad, but did not play","On matchday squad, but did not play","On matchday squad, but did not play","On matchday squad, but did not play","On matchday squad, but did not play","On matchday squad, but did not play","On matchday squad, but did not play","On matchday squad, but did not play","On matchday squad, but did not play","On matchday squad, but did not play","On matchday squad, but did not play","On matchday squad, but did not play","On matchday squad, but did not play","On matchday squad, but did not play","On matchday squad, but did not play","On matchday squad, but did not play","On matchday squad, but did not play",Leicester City,Danny-Ward,d3ce0e89
2024-12-03,Tue,Matchweek 14,Home,W 3–1,Leicester City,West Ham,N,"On matchday squad, but did not play","On matchday squad, but did not play","On matchday squad, but did not play","On matchday squad, but did not play","On matchday squad, but did not play","On matchday squad, but did not play","On matchday squad, but did not play","On matchday squad, but did not play","On matchday squad, but did not play","On matchday squad, but did not play","On matchday squad, but did not play","On matchday squad, but did not play","On matchday squad, but did not play","On matchday squad, but did not play","On matchday squad, but did not play","On matchday squad, but did not play","On matchday squad, but did not play","On matchday squad, but did not play","On matchday squad, but did not play","On matchday squad, but did not play","On matchday squad, but did not play","On matchday squad, but did not play","On matchday squad, but did not play","On matchday squad, but did not play","On matchday squad, but did not play","On matchday squad, but did not play","On matchday squad, but did not play",Match Report,"On matchday squad, but did not play","On matchday squad, but did not play","On matchday squad, but did not play","On matchday squad, but did not play","On matchday squad, but did not play","On matchday squad, but did not play","On matchday squad, but did not play","On matchday squad, but did not play","On matchday squad, but did not play","On matchday squad, but did not play","On matchday squad, but did not play","On matchday squad, but did not play","On matchday squad, but did not play","On matchday squad, but did not play","On matchday squad, but did not play","On matchday squad, but did not play","On matchday squad, but did not play","On matchday squad, but did not play","On matchday squad, but did not play","On matchday squad, but did not play","On matchday squad, but did not play","On matchday squad, but did not play","On matchday squad, but did not play","On matchday squad, but did not play","On matchday squad, but did not play","On matchday squad, but did not play","On matchday squad, but did not play","On matchday squad, but did not play","On matchday squad, but did not play","On matchday squad, but did not play","On matchday squad, but did not play","On matchday squad, but did not play","On matchday squad, but did not play","On matchday squad, but did not play","On matchday squad, but did not play","On matchday squad, but did not play","On matchday squad, but did not play","On matchday squad, but did not play","On matchday squad, but did not play","On matchday squad, but did not play","On matchday squad, but did not play","On matchday squad, but did not play","On matchday squad, but did not play","On matchday squad, but did not play","On matchday squad, but did not play","On matchday squad, but did not play","On matchday squad, but did not play","On matchday squad, but did not play","On matchday squad, but did not play","On matchday squad, but did not play","On matchday squad, but did not play","On matchday squad, but did not play","On matchday squad, but did not play","On matchday squad, but did not play","On matchday squad, but did not play","On matchday squad, but did not play","On matchday squad, but did not play","On matchday squad, but did not play","On matchday squad, but did not play","On matchday squad, but did not play","On matchday squad, but did not play","On matchday squad, but did not play","On matchday squad, but did not play","On matchday squad, but did not play","On matchday squad, but did not play","On matchday squad, but did not play","On matchday squad, but did not play","On matchday squad, but did not play","On matchday squad, but did not play","On matchday squad, but did not play","On matchday squad, but did not play","On matchday squad, but did not play","On matchday squad, but did not play","On matchday squad, but did not play","On matchday squad, but did not play","On matchday squad, but did not play","On matchday squad, but did not play","On matchday squad, but did not play","On matchday squad, but did not play","On matchday squad, but did not play","On matchday squad, but did not play","On matchday squad, but did not play","On matchday squad, but did not play","On matchday squad, but did not play","On matchday squad, but did not play","On matchday squad, but did not play","On matchday squad, but did not play","On matchday squad, but did not play","On matchday squad, but did not play",Leicester City,Danny-Ward,d3ce0e89
2024-12-08,Sun,Matchweek 15,Home,D 2–2,Leicester City,Brighton,N,"On matchday squad, but did not play","On matchday squad, but did not play","On matchday squad, but did not play","On matchday squad, but did not play","On matchday squad, but did not play","On matchday squad, but did not play","On matchday squad, but did not play","On matchday squad, but did not play","On matchday squad, but did not play","On matchday squad, but did not play","On matchday squad, but did not play","On matchday squad, but did not play","On matchday squad, but did not play","On matchday squad, but did not play","On matchday squad, but did not play","On matchday squad, but did not play","On matchday squad, but did not play","On matchday squad, but did not play","On matchday squad, but did not play","On matchday squad, but did not play","On matchday squad, but did not play","On matchday squad, but did not play","On matchday squad, but did not play","On matchday squad, but did not play","On matchday squad, but did not play","On matchday squad, but did not play","On matchday squad, but did not play",Match Report,"On matchday squad, but did not play","On matchday squad, but did not play","On matchday squad, but did not play","On matchday squad, but did not play","On matchday squad, but did not play","On matchday squad, but did not play","On matchday squad, but did not play","On matchday squad, but did not play","On matchday squad, but did not play","On matchday squad, but did not play","On matchday squad, but did not play","On matchday squad, but did not play","On matchday squad, but did not play","On matchday squad, but did not play","On matchday squad, but did not play","On matchday squad, but did not play","On matchday squad, but did not play","On matchday squad, but did not play","On matchday squad, but did not play","On matchday squad, but did not play","On matchday squad, but did not play","On matchday squad, but did not play","On matchday squad, but did not play","On matchday squad, but did not play","On matchday squad, but did not play","On matchday squad, but did not play","On matchday squad, but did not play","On matchday squad, but did not play","On matchday squad, but did not play","On matchday squad, but did not play","On matchday squad, but did not play","On matchday squad, but did not play","On matchday squad, but did not play","On matchday squad, but did not play","On matchday squad, but did not play","On matchday squad, but did not play","On matchday squad, but did not play","On matchday squad, but did not play","On matchday squad, but did not play","On matchday squad, but did not play","On matchday squad, but did not play","On matchday squad, but did not play","On matchday squad, but did not play","On matchday squad, but did not play","On matchday squad, but did not play","On matchday squad, but did not play","On matchday squad, but did not play","On matchday squad, but did not play","On matchday squad, but did not play","On matchday squad, but did not play","On matchday squad, but did not play","On matchday squad, but did not play","On matchday squad, but did not play","On matchday squad, but did not play","On matchday squad, but did not play","On matchday squad, but did not play","On matchday squad, but did not play","On matchday squad, but did not play","On matchday squad, but did not play","On matchday squad, but did not play","On matchday squad, but did not play","On matchday squad, but did not play","On matchday squad, but did not play","On matchday squad, but did not play","On matchday squad, but did not play","On matchday squad, but did not play","On matchday squad, but did not play","On matchday squad, but did not play","On matchday squad, but did not play","On matchday squad, but did not play","On matchday squad, but did not play","On matchday squad, but did not play","On matchday squad, but did not play","On matchday squad, but did not play","On matchday squad, but did not play","On matchday squad, but did not play","On matchday squad, but did not play","On matchday squad, but did not play","On matchday squad, but did not play","On matchday squad, but did not play","On matchday squad, but did not play","On matchday squad, but did not play","On matchday squad, but did not play","On matchday squad, but did not play","On matchday squad, but did not play","On matchday squad, but did not play","On matchday squad, but did not play","On matchday squad, but did not play","On matchday squad, but did not play",Leicester City,Danny-Ward,d3ce0e89
2024-12-14,Sat,Matchweek 16,Away,L 0–4,Leicester City,Newcastle Utd,N,GK,45,0,0,0,0,0,0,0,0,24,0,0,0,0.0,0.0,0.0,0,0,15,23,65.2,0,17,0,0,0,Match Report,15,23,65.2,467,414,2,2,100.0,5,5,100.0,8,16,50.0,0,0.0,0.0,0,0,0,0,0,23,18,5,0,0,0,0,0,0,0,0,0,15,0,0,0,0,0,0,0,0,0,0,0,0,0,0,0,0,24,18,24,0,0,0,24,0,0,,0,,17,93,62,0,0,0,0,0,11,0,0,0,0,0,0,0,0,,0,0,0,0,0,0,1,0,Leicester City,Danny-Ward,d3ce0e89
2024-12-22,Sun,Matchweek 17,Home,L 0–3,Leicester City,Wolves,Y,GK,90,0,0,0,0,0,0,0,0,31,0,0,0,0.0,0.0,0.0,0,0,26,30,86.7,0,27,0,1,0,Match Report,26,30,86.7,695,535,4,4,100.0,15,15,100.0,7,11,63.6,0,0.0,0.0,0,2,0,0,0,30,28,2,0,0,0,0,0,0,0,0,0,26,0,0,0,0,0,0,0,0,0,0,0,0,0,0,0,0,31,22,31,0,0,0,31,1,0,0.0,1,100.0,27,83,45,0,0,0,0,0,24,0,0,0,0,0,0,0,0,,0,0,0,0,0,0,0,0,Leicester City,Danny-Ward,d3ce0e89
2024-08-19,Mon,Matchweek 1,Home,D 1–1,Leicester City,Tottenham,N,"On matchday squad, but did not play","On matchday squad, but did not play","On matchday squad, but did not play","On matchday squad, but did not play","On matchday squad, but did not play","On matchday squad, but did not play","On matchday squad, but did not play","On matchday squad, but did not play","On matchday squad, but did not play","On matchday squad, but did not play","On matchday squad, but did not play","On matchday squad, but did not play","On matchday squad, but did not play","On matchday squad, but did not play","On matchday squad, but did not play","On matchday squad, but did not play","On matchday squad, but did not play","On matchday squad, but did not play","On matchday squad, but did not play","On matchday squad, but did not play","On matchday squad, but did not play","On matchday squad, but did not play","On matchday squad, but did not play","On matchday squad, but did not play","On matchday squad, but did not play","On matchday squad, but did not play","On matchday squad, but did not play",Match Report,"On matchday squad, but did not play","On matchday squad, but did not play","On matchday squad, but did not play","On matchday squad, but did not play","On matchday squad, but did not play","On matchday squad, but did not play","On matchday squad, but did not play","On matchday squad, but did not play","On matchday squad, but did not play","On matchday squad, but did not play","On matchday squad, but did not play","On matchday squad, but did not play","On matchday squad, but did not play","On matchday squad, but did not play","On matchday squad, but did not play","On matchday squad, but did not play","On matchday squad, but did not play","On matchday squad, but did not play","On matchday squad, but did not play","On matchday squad, but did not play","On matchday squad, but did not play","On matchday squad, but did not play","On matchday squad, but did not play","On matchday squad, but did not play","On matchday squad, but did not play","On matchday squad, but did not play","On matchday squad, but did not play","On matchday squad, but did not play","On matchday squad, but did not play","On matchday squad, but did not play","On matchday squad, but did not play","On matchday squad, but did not play","On matchday squad, but did not play","On matchday squad, but did not play","On matchday squad, but did not play","On matchday squad, but did not play","On matchday squad, but did not play","On matchday squad, but did not play","On matchday squad, but did not play","On matchday squad, but did not play","On matchday squad, but did not play","On matchday squad, but did not play","On matchday squad, but did not play","On matchday squad, but did not play","On matchday squad, but did not play","On matchday squad, but did not play","On matchday squad, but did not play","On matchday squad, but did not play","On matchday squad, but did not play","On matchday squad, but did not play","On matchday squad, but did not play","On matchday squad, but did not play","On matchday squad, but did not play","On matchday squad, but did not play","On matchday squad, but did not play","On matchday squad, but did not play","On matchday squad, but did not play","On matchday squad, but did not play","On matchday squad, but did not play","On matchday squad, but did not play","On matchday squad, but did not play","On matchday squad, but did not play","On matchday squad, but did not play","On matchday squad, but did not play","On matchday squad, but did not play","On matchday squad, but did not play","On matchday squad, but did not play","On matchday squad, but did not play","On matchday squad, but did not play","On matchday squad, but did not play","On matchday squad, but did not play","On matchday squad, but did not play","On matchday squad, but did not play","On matchday squad, but did not play","On matchday squad, but did not play","On matchday squad, but did not play","On matchday squad, but did not play","On matchday squad, but did not play","On matchday squad, but did not play","On matchday squad, but did not play","On matchday squad, but did not play","On matchday squad, but did not play","On matchday squad, but did not play","On matchday squad, but did not play","On matchday squad, but did not play","On matchday squad, but did not play","On matchday squad, but did not play","On matchday squad, but did not play","On matchday squad, but did not play",Leicester City,Hamza-Choudhury,7d2d3329
2024-08-24,Sat,Matchweek 2,Away,L 1–2,Leicester City,Fulham,N,"On matchday squad, but did not play","On matchday squad, but did not play","On matchday squad, but did not play","On matchday squad, but did not play","On matchday squad, but did not play","On matchday squad, but did not play","On matchday squad, but did not play","On matchday squad, but did not play","On matchday squad, but did not play","On matchday squad, but did not play","On matchday squad, but did not play","On matchday squad, but did not play","On matchday squad, but did not play","On matchday squad, but did not play","On matchday squad, but did not play","On matchday squad, but did not play","On matchday squad, but did not play","On matchday squad, but did not play","On matchday squad, but did not play","On matchday squad, but did not play","On matchday squad, but did not play","On matchday squad, but did not play","On matchday squad, but did not play","On matchday squad, but did not play","On matchday squad, but did not play","On matchday squad, but did not play","On matchday squad, but did not play",Match Report,"On matchday squad, but did not play","On matchday squad, but did not play","On matchday squad, but did not play","On matchday squad, but did not play","On matchday squad, but did not play","On matchday squad, but did not play","On matchday squad, but did not play","On matchday squad, but did not play","On matchday squad, but did not play","On matchday squad, but did not play","On matchday squad, but did not play","On matchday squad, but did not play","On matchday squad, but did not play","On matchday squad, but did not play","On matchday squad, but did not play","On matchday squad, but did not play","On matchday squad, but did not play","On matchday squad, but did not play","On matchday squad, but did not play","On matchday squad, but did not play","On matchday squad, but did not play","On matchday squad, but did not play","On matchday squad, but did not play","On matchday squad, but did not play","On matchday squad, but did not play","On matchday squad, but did not play","On matchday squad, but did not play","On matchday squad, but did not play","On matchday squad, but did not play","On matchday squad, but did not play","On matchday squad, but did not play","On matchday squad, but did not play","On matchday squad, but did not play","On matchday squad, but did not play","On matchday squad, but did not play","On matchday squad, but did not play","On matchday squad, but did not play","On matchday squad, but did not play","On matchday squad, but did not play","On matchday squad, but did not play","On matchday squad, but did not play","On matchday squad, but did not play","On matchday squad, but did not play","On matchday squad, but did not play","On matchday squad, but did not play","On matchday squad, but did not play","On matchday squad, but did not play","On matchday squad, but did not play","On matchday squad, but did not play","On matchday squad, but did not play","On matchday squad, but did not play","On matchday squad, but did not play","On matchday squad, but did not play","On matchday squad, but did not play","On matchday squad, but did not play","On matchday squad, but did not play","On matchday squad, but did not play","On matchday squad, but did not play","On matchday squad, but did not play","On matchday squad, but did not play","On matchday squad, but did not play","On matchday squad, but did not play","On matchday squad, but did not play","On matchday squad, but did not play","On matchday squad, but did not play","On matchday squad, but did not play","On matchday squad, but did not play","On matchday squad, but did not play","On matchday squad, but did not play","On matchday squad, but did not play","On matchday squad, but did not play","On matchday squad, but did not play","On matchday squad, but did not play","On matchday squad, but did not play","On matchday squad, but did not play","On matchday squad, but did not play","On matchday squad, but did not play","On matchday squad, but did not play","On matchday squad, but did not play","On matchday squad, but did not play","On matchday squad, but did not play","On matchday squad, but did not play","On matchday squad, but did not play","On matchday squad, but did not play","On matchday squad, but did not play","On matchday squad, but did not play","On matchday squad, but did not play","On matchday squad, but did not play","On matchday squad, but did not play",Leicester City,Hamza-Choudhury,7d2d3329
2024-09-14,Sat,Matchweek 4,Away,D 2–2,Leicester City,Crystal Palace,N,"CM,AM",15,0,0,0,0,0,0,0,0,5,0,1,0,0.0,0.0,0.0,0,0,0,3,0.0,0,0,0,0,0,Match Report,0,3,0.0,0,0,0,1,0.0,0,1,0.0,0,0,,0,0.0,0.0,0,0,0,0,0,3,3,0,0,0,0,1,0,0,0,0,0,0,0,1,0,0,0,0,0,0,0,0,0,0,0,0,0,0,5,1,1,2,2,0,5,0,0,,0,,0,0,0,0,0,0,0,0,1,0,0,0,0,0,0,0,0,,0,0,0,0,1,1,1,0,Leicester City,Hamza-Choudhury,7d2d3329
2024-09-21,Sat,Matchweek 5,Home,D 1–1,Leicester City,Everton,N,"On matchday squad, but did not play","On matchday squad, but did not play","On matchday squad, but did not play","On matchday squad, but did not play","On matchday squad, but did not play","On matchday squad, but did not play","On matchday squad, but did not play","On matchday squad, but did not play","On matchday squad, but did not play","On matchday squad, but did not play","On matchday squad, but did not play","On matchday squad, but did not play","On matchday squad, but did not play","On matchday squad, but did not play","On matchday squad, but did not play","On matchday squad, but did not play","On matchday squad, but did not play","On matchday squad, but did not play","On matchday squad, but did not play","On matchday squad, but did not play","On matchday squad, but did not play","On matchday squad, but did not play","On matchday squad, but did not play","On matchday squad, but did not play","On matchday squad, but did not play","On matchday squad, but did not play","On matchday squad, but did not play",Match Report,"On matchday squad, but did not play","On matchday squad, but did not play","On matchday squad, but did not play","On matchday squad, but did not play","On matchday squad, but did not play","On matchday squad, but did not play","On matchday squad, but did not play","On matchday squad, but did not play","On matchday squad, but did not play","On matchday squad, but did not play","On matchday squad, but did not play","On matchday squad, but did not play","On matchday squad, but did not play","On matchday squad, but did not play","On matchday squad, but did not play","On matchday squad, but did not play","On matchday squad, but did not play","On matchday squad, but did not play","On matchday squad, but did not play","On matchday squad, but did not play","On matchday squad, but did not play","On matchday squad, but did not play","On matchday squad, but did not play","On matchday squad, but did not play","On matchday squad, but did not play","On matchday squad, but did not play","On matchday squad, but did not play","On matchday squad, but did not play","On matchday squad, but did not play","On matchday squad, but did not play","On matchday squad, but did not play","On matchday squad, but did not play","On matchday squad, but did not play","On matchday squad, but did not play","On matchday squad, but did not play","On matchday squad, but did not play","On matchday squad, but did not play","On matchday squad, but did not play","On matchday squad, but did not play","On matchday squad, but did not play","On matchday squad, but did not play","On matchday squad, but did not play","On matchday squad, but did not play","On matchday squad, but did not play","On matchday squad, but did not play","On matchday squad, but did not play","On matchday squad, but did not play","On matchday squad, but did not play","On matchday squad, but did not play","On matchday squad, but did not play","On matchday squad, but did not play","On matchday squad, but did not play","On matchday squad, but did not play","On matchday squad, but did not play","On matchday squad, but did not play","On matchday squad, but did not play","On matchday squad, but did not play","On matchday squad, but did not play","On matchday squad, but did not play","On matchday squad, but did not play","On matchday squad, but did not play","On matchday squad, but did not play","On matchday squad, but did not play","On matchday squad, but did not play","On matchday squad, but did not play","On matchday squad, but did not play","On matchday squad, but did not play","On matchday squad, but did not play","On matchday squad, but did not play","On matchday squad, but did not play","On matchday squad, but did not play","On matchday squad, but did not play","On matchday squad, but did not play","On matchday squad, but did not play","On matchday squad, but did not play","On matchday squad, but did not play","On matchday squad, but did not play","On matchday squad, but did not play","On matchday squad, but did not play","On matchday squad, but did not play","On matchday squad, but did not play","On matchday squad, but did not play","On matchday squad, but did not play","On matchday squad, but did not play","On matchday squad, but did not play","On matchday squad, but did not play","On matchday squad, but did not play","On matchday squad, but did not play","On matchday squad, but did not play",Leicester City,Hamza-Choudhury,7d2d3329
2024-09-28,Sat,Matchweek 6,Away,L 2–4,Leicester City,Arsenal,N,"On matchday squad, but did not play","On matchday squad, but did not play","On matchday squad, but did not play","On matchday squad, but did not play","On matchday squad, but did not play","On matchday squad, but did not play","On matchday squad, but did not play","On matchday squad, but did not play","On matchday squad, but did not play","On matchday squad, but did not play","On matchday squad, but did not play","On matchday squad, but did not play","On matchday squad, but did not play","On matchday squad, but did not play","On matchday squad, but did not play","On matchday squad, but did not play","On matchday squad, but did not play","On matchday squad, but did not play","On matchday squad, but did not play","On matchday squad, but did not play","On matchday squad, but did not play","On matchday squad, but did not play","On matchday squad, but did not play","On matchday squad, but did not play","On matchday squad, but did not play","On matchday squad, but did not play","On matchday squad, but did not play",Match Report,"On matchday squad, but did not play","On matchday squad, but did not play","On matchday squad, but did not play","On matchday squad, but did not play","On matchday squad, but did not play","On matchday squad, but did not play","On matchday squad, but did not play","On matchday squad, but did not play","On matchday squad, but did not play","On matchday squad, but did not play","On matchday squad, but did not play","On matchday squad, but did not play","On matchday squad, but did not play","On matchday squad, but did not play","On matchday squad, but did not play","On matchday squad, but did not play","On matchday squad, but did not play","On matchday squad, but did not play","On matchday squad, but did not play","On matchday squad, but did not play","On matchday squad, but did not play","On matchday squad, but did not play","On matchday squad, but did not play","On matchday squad, but did not play","On matchday squad, but did not play","On matchday squad, but did not play","On matchday squad, but did not play","On matchday squad, but did not play","On matchday squad, but did not play","On matchday squad, but did not play","On matchday squad, but did not play","On matchday squad, but did not play","On matchday squad, but did not play","On matchday squad, but did not play","On matchday squad, but did not play","On matchday squad, but did not play","On matchday squad, but did not play","On matchday squad, but did not play","On matchday squad, but did not play","On matchday squad, but did not play","On matchday squad, but did not play","On matchday squad, but did not play","On matchday squad, but did not play","On matchday squad, but did not play","On matchday squad, but did not play","On matchday squad, but did not play","On matchday squad, but did not play","On matchday squad, but did not play","On matchday squad, but did not play","On matchday squad, but did not play","On matchday squad, but did not play","On matchday squad, but did not play","On matchday squad, but did not play","On matchday squad, but did not play","On matchday squad, but did not play","On matchday squad, but did not play","On matchday squad, but did not play","On matchday squad, but did not play","On matchday squad, but did not play","On matchday squad, but did not play","On matchday squad, but did not play","On matchday squad, but did not play","On matchday squad, but did not play","On matchday squad, but did not play","On matchday squad, but did not play","On matchday squad, but did not play","On matchday squad, but did not play","On matchday squad, but did not play","On matchday squad, but did not play","On matchday squad, but did not play","On matchday squad, but did not play","On matchday squad, but did not play","On matchday squad, but did not play","On matchday squad, but did not play","On matchday squad, but did not play","On matchday squad, but did not play","On matchday squad, but did not play","On matchday squad, but did not play","On matchday squad, but did not play","On matchday squad, but did not play","On matchday squad, but did not play","On matchday squad, but did not play","On matchday squad, but did not play","On matchday squad, but did not play","On matchday squad, but did not play","On matchday squad, but did not play","On matchday squad, but did not play","On matchday squad, but did not play","On matchday squad, but did not play",Leicester City,Hamza-Choudhury,7d2d3329
2024-11-10,Sun,Matchweek 11,Away,L 0–3,Leicester City,Manchester Utd,N,"On matchday squad, but did not play","On matchday squad, but did not play","On matchday squad, but did not play","On matchday squad, but did not play","On matchday squad, but did not play","On matchday squad, but did not play","On matchday squad, but did not play","On matchday squad, but did not play","On matchday squad, but did not play","On matchday squad, but did not play","On matchday squad, but did not play","On matchday squad, but did not play","On matchday squad, but did not play","On matchday squad, but did not play","On matchday squad, but did not play","On matchday squad, but did not play","On matchday squad, but did not play","On matchday squad, but did not play","On matchday squad, but did not play","On matchday squad, but did not play","On matchday squad, but did not play","On matchday squad, but did not play","On matchday squad, but did not play","On matchday squad, but did not play","On matchday squad, but did not play","On matchday squad, but did not play","On matchday squad, but did not play",Match Report,"On matchday squad, but did not play","On matchday squad, but did not play","On matchday squad, but did not play","On matchday squad, but did not play","On matchday squad, but did not play","On matchday squad, but did not play","On matchday squad, but did not play","On matchday squad, but did not play","On matchday squad, but did not play","On matchday squad, but did not play","On matchday squad, but did not play","On matchday squad, but did not play","On matchday squad, but did not play","On matchday squad, but did not play","On matchday squad, but did not play","On matchday squad, but did not play","On matchday squad, but did not play","On matchday squad, but did not play","On matchday squad, but did not play","On matchday squad, but did not play","On matchday squad, but did not play","On matchday squad, but did not play","On matchday squad, but did not play","On matchday squad, but did not play","On matchday squad, but did not play","On matchday squad, but did not play","On matchday squad, but did not play","On matchday squad, but did not play","On matchday squad, but did not play","On matchday squad, but did not play","On matchday squad, but did not play","On matchday squad, but did not play","On matchday squad, but did not play","On matchday squad, but did not play","On matchday squad, but did not play","On matchday squad, but did not play","On matchday squad, but did not play","On matchday squad, but did not play","On matchday squad, but did not play","On matchday squad, but did not play","On matchday squad, but did not play","On matchday squad, but did not play","On matchday squad, but did not play","On matchday squad, but did not play","On matchday squad, but did not play","On matchday squad, but did not play","On matchday squad, but did not play","On matchday squad, but did not play","On matchday squad, but did not play","On matchday squad, but did not play","On matchday squad, but did not play","On matchday squad, but did not play","On matchday squad, but did not play","On matchday squad, but did not play","On matchday squad, but did not play","On matchday squad, but did not play","On matchday squad, but did not play","On matchday squad, but did not play","On matchday squad, but did not play","On matchday squad, but did not play","On matchday squad, but did not play","On matchday squad, but did not play","On matchday squad, but did not play","On matchday squad, but did not play","On matchday squad, but did not play","On matchday squad, but did not play","On matchday squad, but did not play","On matchday squad, but did not play","On matchday squad, but did not play","On matchday squad, but did not play","On matchday squad, but did not play","On matchday squad, but did not play","On matchday squad, but did not play","On matchday squad, but did not play","On matchday squad, but did not play","On matchday squad, but did not play","On matchday squad, but did not play","On matchday squad, but did not play","On matchday squad, but did not play","On matchday squad, but did not play","On matchday squad, but did not play","On matchday squad, but did not play","On matchday squad, but did not play","On matchday squad, but did not play","On matchday squad, but did not play","On matchday squad, but did not play","On matchday squad, but did not play","On matchday squad, but did not play","On matchday squad, but did not play",Leicester City,Hamza-Choudhury,7d2d3329
2024-11-23,Sat,Matchweek 12,Home,L 1–2,Leicester City,Chelsea,N,"On matchday squad, but did not play","On matchday squad, but did not play","On matchday squad, but did not play","On matchday squad, but did not play","On matchday squad, but did not play","On matchday squad, but did not play","On matchday squad, but did not play","On matchday squad, but did not play","On matchday squad, but did not play","On matchday squad, but did not play","On matchday squad, but did not play","On matchday squad, but did not play","On matchday squad, but did not play","On matchday squad, but did not play","On matchday squad, but did not play","On matchday squad, but did not play","On matchday squad, but did not play","On matchday squad, but did not play","On matchday squad, but did not play","On matchday squad, but did not play","On matchday squad, but did not play","On matchday squad, but did not play","On matchday squad, but did not play","On matchday squad, but did not play","On matchday squad, but did not play","On matchday squad, but did not play","On matchday squad, but did not play",Match Report,"On matchday squad, but did not play","On matchday squad, but did not play","On matchday squad, but did not play","On matchday squad, but did not play","On matchday squad, but did not play","On matchday squad, but did not play","On matchday squad, but did not play","On matchday squad, but did not play","On matchday squad, but did not play","On matchday squad, but did not play","On matchday squad, but did not play","On matchday squad, but did not play","On matchday squad, but did not play","On matchday squad, but did not play","On matchday squad, but did not play","On matchday squad, but did not play","On matchday squad, but did not play","On matchday squad, but did not play","On matchday squad, but did not play","On matchday squad, but did not play","On matchday squad, but did not play","On matchday squad, but did not play","On matchday squad, but did not play","On matchday squad, but did not play","On matchday squad, but did not play","On matchday squad, but did not play","On matchday squad, but did not play","On matchday squad, but did not play","On matchday squad, but did not play","On matchday squad, but did not play","On matchday squad, but did not play","On matchday squad, but did not play","On matchday squad, but did not play","On matchday squad, but did not play","On matchday squad, but did not play","On matchday squad, but did not play","On matchday squad, but did not play","On matchday squad, but did not play","On matchday squad, but did not play","On matchday squad, but did not play","On matchday squad, but did not play","On matchday squad, but did not play","On matchday squad, but did not play","On matchday squad, but did not play","On matchday squad, but did not play","On matchday squad, but did not play","On matchday squad, but did not play","On matchday squad, but did not play","On matchday squad, but did not play","On matchday squad, but did not play","On matchday squad, but did not play","On matchday squad, but did not play","On matchday squad, but did not play","On matchday squad, but did not play","On matchday squad, but did not play","On matchday squad, but did not play","On matchday squad, but did not play","On matchday squad, but did not play","On matchday squad, but did not play","On matchday squad, but did not play","On matchday squad, but did not play","On matchday squad, but did not play","On matchday squad, but did not play","On matchday squad, but did not play","On matchday squad, but did not play","On matchday squad, but did not play","On matchday squad, but did not play","On matchday squad, but did not play","On matchday squad, but did not play","On matchday squad, but did not play","On matchday squad, but did not play","On matchday squad, but did not play","On matchday squad, but did not play","On matchday squad, but did not play","On matchday squad, but did not play","On matchday squad, but did not play","On matchday squad, but did not play","On matchday squad, but did not play","On matchday squad, but did not play","On matchday squad, but did not play","On matchday squad, but did not play","On matchday squad, but did not play","On matchday squad, but did not play","On matchday squad, but did not play","On matchday squad, but did not play","On matchday squad, but did not play","On matchday squad, but did not play","On matchday squad, but did not play","On matchday squad, but did not play",Leicester City,Hamza-Choudhury,7d2d3329
2024-11-30,Sat,Matchweek 13,Away,L 1–4,Leicester City,Brentford,N,"On matchday squad, but did not play","On matchday squad, but did not play","On matchday squad, but did not play","On matchday squad, but did not play","On matchday squad, but did not play","On matchday squad, but did not play","On matchday squad, but did not play","On matchday squad, but did not play","On matchday squad, but did not play","On matchday squad, but did not play","On matchday squad, but did not play","On matchday squad, but did not play","On matchday squad, but did not play","On matchday squad, but did not play","On matchday squad, but did not play","On matchday squad, but did not play","On matchday squad, but did not play","On matchday squad, but did not play","On matchday squad, but did not play","On matchday squad, but did not play","On matchday squad, but did not play","On matchday squad, but did not play","On matchday squad, but did not play","On matchday squad, but did not play","On matchday squad, but did not play","On matchday squad, but did not play","On matchday squad, but did not play",Match Report,"On matchday squad, but did not play","On matchday squad, but did not play","On matchday squad, but did not play","On matchday squad, but did not play","On matchday squad, but did not play","On matchday squad, but did not play","On matchday squad, but did not play","On matchday squad, but did not play","On matchday squad, but did not play","On matchday squad, but did not play","On matchday squad, but did not play","On matchday squad, but did not play","On matchday squad, but did not play","On matchday squad, but did not play","On matchday squad, but did not play","On matchday squad, but did not play","On matchday squad, but did not play","On matchday squad, but did not play","On matchday squad, but did not play","On matchday squad, but did not play","On matchday squad, but did not play","On matchday squad, but did not play","On matchday squad, but did not play","On matchday squad, but did not play","On matchday squad, but did not play","On matchday squad, but did not play","On matchday squad, but did not play","On matchday squad, but did not play","On matchday squad, but did not play","On matchday squad, but did not play","On matchday squad, but did not play","On matchday squad, but did not play","On matchday squad, but did not play","On matchday squad, but did not play","On matchday squad, but did not play","On matchday squad, but did not play","On matchday squad, but did not play","On matchday squad, but did not play","On matchday squad, but did not play","On matchday squad, but did not play","On matchday squad, but did not play","On matchday squad, but did not play","On matchday squad, but did not play","On matchday squad, but did not play","On matchday squad, but did not play","On matchday squad, but did not play","On matchday squad, but did not play","On matchday squad, but did not play","On matchday squad, but did not play","On matchday squad, but did not play","On matchday squad, but did not play","On matchday squad, but did not play","On matchday squad, but did not play","On matchday squad, but did not play","On matchday squad, but did not play","On matchday squad, but did not play","On matchday squad, but did not play","On matchday squad, but did not play","On matchday squad, but did not play","On matchday squad, but did not play","On matchday squad, but did not play","On matchday squad, but did not play","On matchday squad, but did not play","On matchday squad, but did not play","On matchday squad, but did not play","On matchday squad, but did not play","On matchday squad, but did not play","On matchday squad, but did not play","On matchday squad, but did not play","On matchday squad, but did not play","On matchday squad, but did not play","On matchday squad, but did not play","On matchday squad, but did not play","On matchday squad, but did not play","On matchday squad, but did not play","On matchday squad, but did not play","On matchday squad, but did not play","On matchday squad, but did not play","On matchday squad, but did not play","On matchday squad, but did not play","On matchday squad, but did not play","On matchday squad, but did not play","On matchday squad, but did not play","On matchday squad, but did not play","On matchday squad, but did not play","On matchday squad, but did not play","On matchday squad, but did not play","On matchday squad, but did not play","On matchday squad, but did not play",Leicester City,Hamza-Choudhury,7d2d3329
2024-12-08,Sun,Matchweek 15,Home,D 2–2,Leicester City,Brighton,N,"On matchday squad, but did not play","On matchday squad, but did not play","On matchday squad, but did not play","On matchday squad, but did not play","On matchday squad, but did not play","On matchday squad, but did not play","On matchday squad, but did not play","On matchday squad, but did not play","On matchday squad, but did not play","On matchday squad, but did not play","On matchday squad, but did not play","On matchday squad, but did not play","On matchday squad, but did not play","On matchday squad, but did not play","On matchday squad, but did not play","On matchday squad, but did not play","On matchday squad, but did not play","On matchday squad, but did not play","On matchday squad, but did not play","On matchday squad, but did not play","On matchday squad, but did not play","On matchday squad, but did not play","On matchday squad, but did not play","On matchday squad, but did not play","On matchday squad, but did not play","On matchday squad, but did not play","On matchday squad, but did not play",Match Report,"On matchday squad, but did not play","On matchday squad, but did not play","On matchday squad, but did not play","On matchday squad, but did not play","On matchday squad, but did not play","On matchday squad, but did not play","On matchday squad, but did not play","On matchday squad, but did not play","On matchday squad, but did not play","On matchday squad, but did not play","On matchday squad, but did not play","On matchday squad, but did not play","On matchday squad, but did not play","On matchday squad, but did not play","On matchday squad, but did not play","On matchday squad, but did not play","On matchday squad, but did not play","On matchday squad, but did not play","On matchday squad, but did not play","On matchday squad, but did not play","On matchday squad, but did not play","On matchday squad, but did not play","On matchday squad, but did not play","On matchday squad, but did not play","On matchday squad, but did not play","On matchday squad, but did not play","On matchday squad, but did not play","On matchday squad, but did not play","On matchday squad, but did not play","On matchday squad, but did not play","On matchday squad, but did not play","On matchday squad, but did not play","On matchday squad, but did not play","On matchday squad, but did not play","On matchday squad, but did not play","On matchday squad, but did not play","On matchday squad, but did not play","On matchday squad, but did not play","On matchday squad, but did not play","On matchday squad, but did not play","On matchday squad, but did not play","On matchday squad, but did not play","On matchday squad, but did not play","On matchday squad, but did not play","On matchday squad, but did not play","On matchday squad, but did not play","On matchday squad, but did not play","On matchday squad, but did not play","On matchday squad, but did not play","On matchday squad, but did not play","On matchday squad, but did not play","On matchday squad, but did not play","On matchday squad, but did not play","On matchday squad, but did not play","On matchday squad, but did not play","On matchday squad, but did not play","On matchday squad, but did not play","On matchday squad, but did not play","On matchday squad, but did not play","On matchday squad, but did not play","On matchday squad, but did not play","On matchday squad, but did not play","On matchday squad, but did not play","On matchday squad, but did not play","On matchday squad, but did not play","On matchday squad, but did not play","On matchday squad, but did not play","On matchday squad, but did not play","On matchday squad, but did not play","On matchday squad, but did not play","On matchday squad, but did not play","On matchday squad, but did not play","On matchday squad, but did not play","On matchday squad, but did not play","On matchday squad, but did not play","On matchday squad, but did not play","On matchday squad, but did not play","On matchday squad, but did not play","On matchday squad, but did not play","On matchday squad, but did not play","On matchday squad, but did not play","On matchday squad, but did not play","On matchday squad, but did not play","On matchday squad, but did not play","On matchday squad, but did not play","On matchday squad, but did not play","On matchday squad, but did not play","On matchday squad, but did not play","On matchday squad, but did not play",Leicester City,Hamza-Choudhury,7d2d3329
2024-12-14,Sat,Matchweek 16,Away,L 0–4,Leicester City,Newcastle Utd,Y,DM,58,0,0,0,0,0,0,0,0,37,0,0,1,0.0,0.0,0.1,2,0,28,33,84.8,1,30,2,1,1,Match Report,28,33,84.8,324,79,23,24,95.8,5,8,62.5,0,1,0.0,0,0.1,0.0,1,4,0,0,1,33,33,0,0,0,0,0,0,0,0,0,0,28,0,0,2,1,0,1,0,0,0,0,0,0,0,0,0,0,37,2,6,28,3,0,37,1,1,100.0,0,0.0,30,124,73,2,2,0,0,0,31,1,0,0,0,0,0,0,1,0.0,1,1,1,0,0,0,1,0,Leicester City,Hamza-Choudhury,7d2d3329
2024-12-22,Sun,Matchweek 17,Home,L 0–3,Leicester City,Wolves,N,RB,37,0,0,0,0,0,0,0,0,36,1,2,1,0.0,0.0,0.3,1,0,30,30,100.0,2,20,0,2,1,Match Report,30,30,100.0,489,123,14,14,100.0,14,14,100.0,2,2,100.0,0,0.3,0.2,1,4,1,1,2,30,28,2,0,0,0,1,2,0,0,0,0,30,0,0,1,1,0,0,0,0,0,0,0,0,0,0,0,0,36,0,7,20,9,1,36,2,1,50.0,1,50.0,20,48,14,0,0,0,1,0,22,1,1,1,1,0,0,1,2,50.0,1,1,0,1,2,3,0,0,Leicester City,Hamza-Choudhury,7d2d3329
2024-12-26,Thu,Matchweek 18,Away,L 1–3,Leicester City,Liverpool,N,"On matchday squad, but did not play","On matchday squad, but did not play","On matchday squad, but did not play","On matchday squad, but did not play","On matchday squad, but did not play","On matchday squad, but did not play","On matchday squad, but did not play","On matchday squad, but did not play","On matchday squad, but did not play","On matchday squad, but did not play","On matchday squad, but did not play","On matchday squad, but did not play","On matchday squad, but did not play","On matchday squad, but did not play","On matchday squad, but did not play","On matchday squad, but did not play","On matchday squad, but did not play","On matchday squad, but did not play","On matchday squad, but did not play","On matchday squad, but did not play","On matchday squad, but did not play","On matchday squad, but did not play","On matchday squad, but did not play","On matchday squad, but did not play","On matchday squad, but did not play","On matchday squad, but did not play","On matchday squad, but did not play",Match Report,"On matchday squad, but did not play","On matchday squad, but did not play","On matchday squad, but did not play","On matchday squad, but did not play","On matchday squad, but did not play","On matchday squad, but did not play","On matchday squad, but did not play","On matchday squad, but did not play","On matchday squad, but did not play","On matchday squad, but did not play","On matchday squad, but did not play","On matchday squad, but did not play","On matchday squad, but did not play","On matchday squad, but did not play","On matchday squad, but did not play","On matchday squad, but did not play","On matchday squad, but did not play","On matchday squad, but did not play","On matchday squad, but did not play","On matchday squad, but did not play","On matchday squad, but did not play","On matchday squad, but did not play","On matchday squad, but did not play","On matchday squad, but did not play","On matchday squad, but did not play","On matchday squad, but did not play","On matchday squad, but did not play","On matchday squad, but did not play","On matchday squad, but did not play","On matchday squad, but did not play","On matchday squad, but did not play","On matchday squad, but did not play","On matchday squad, but did not play","On matchday squad, but did not play","On matchday squad, but did not play","On matchday squad, but did not play","On matchday squad, but did not play","On matchday squad, but did not play","On matchday squad, but did not play","On matchday squad, but did not play","On matchday squad, but did not play","On matchday squad, but did not play","On matchday squad, but did not play","On matchday squad, but did not play","On matchday squad, but did not play","On matchday squad, but did not play","On matchday squad, but did not play","On matchday squad, but did not play","On matchday squad, but did not play","On matchday squad, but did not play","On matchday squad, but did not play","On matchday squad, but did not play","On matchday squad, but did not play","On matchday squad, but did not play","On matchday squad, but did not play","On matchday squad, but did not play","On matchday squad, but did not play","On matchday squad, but did not play","On matchday squad, but did not play","On matchday squad, but did not play","On matchday squad, but did not play","On matchday squad, but did not play","On matchday squad, but did not play","On matchday squad, but did not play","On matchday squad, but did not play","On matchday squad, but did not play","On matchday squad, but did not play","On matchday squad, but did not play","On matchday squad, but did not play","On matchday squad, but did not play","On matchday squad, but did not play","On matchday squad, but did not play","On matchday squad, but did not play","On matchday squad, but did not play","On matchday squad, but did not play","On matchday squad, but did not play","On matchday squad, but did not play","On matchday squad, but did not play","On matchday squad, but did not play","On matchday squad, but did not play","On matchday squad, but did not play","On matchday squad, but did not play","On matchday squad, but did not play","On matchday squad, but did not play","On matchday squad, but did not play","On matchday squad, but did not play","On matchday squad, but did not play","On matchday squad, but did not play","On matchday squad, but did not play",Leicester City,Hamza-Choudhury,7d2d3329
2024-12-29,Sun,Matchweek 19,Home,L 0–2,Leicester City,Manchester City,N,RB,21,0,0,0,0,0,0,0,0,22,0,2,2,0.0,0.0,0.0,0,0,14,18,77.8,0,13,2,1,1,Match Report,14,18,77.8,178,47,10,11,90.9,4,6,66.7,0,1,0.0,0,0.0,0.0,0,2,0,0,0,18,17,1,0,0,0,3,1,0,0,0,0,14,0,0,0,0,0,0,0,0,0,0,0,0,0,0,0,0,22,1,5,11,6,2,22,1,1,100.0,0,0.0,13,74,43,2,0,2,0,0,17,4,0,0,0,0,0,0,0,,0,2,1,1,2,2,0,0,Leicester City,Hamza-Choudhury,7d2d3329
2025-01-04,Sat,Matchweek 20,Away,L 1–2,Leicester City,Aston Villa,N,"On matchday squad, but did not play","On matchday squad, but did not play","On matchday squad, but did not play","On matchday squad, but did not play","On matchday squad, but did not play","On matchday squad, but did not play","On matchday squad, but did not play","On matchday squad, but did not play","On matchday squad, but did not play","On matchday squad, but did not play","On matchday squad, but did not play","On matchday squad, but did not play","On matchday squad, but did not play","On matchday squad, but did not play","On matchday squad, but did not play","On matchday squad, but did not play","On matchday squad, but did not play","On matchday squad, but did not play","On matchday squad, but did not play","On matchday squad, but did not play","On matchday squad, but did not play","On matchday squad, but did not play","On matchday squad, but did not play","On matchday squad, but did not play","On matchday squad, but did not play","On matchday squad, but did not play","On matchday squad, but did not play",Match Report,"On matchday squad, but did not play","On matchday squad, but did not play","On matchday squad, but did not play","On matchday squad, but did not play","On matchday squad, but did not play","On matchday squad, but did not play","On matchday squad, but did not play","On matchday squad, but did not play","On matchday squad, but did not play","On matchday squad, but did not play","On matchday squad, but did not play","On matchday squad, but did not play","On matchday squad, but did not play","On matchday squad, but did not play","On matchday squad, but did not play","On matchday squad, but did not play","On matchday squad, but did not play","On matchday squad, but did not play","On matchday squad, but did not play","On matchday squad, but did not play","On matchday squad, but did not play","On matchday squad, but did not play","On matchday squad, but did not play","On matchday squad, but did not play","On matchday squad, but did not play","On matchday squad, but did not play","On matchday squad, but did not play","On matchday squad, but did not play","On matchday squad, but did not play","On matchday squad, but did not play","On matchday squad, but did not play","On matchday squad, but did not play","On matchday squad, but did not play","On matchday squad, but did not play","On matchday squad, but did not play","On matchday squad, but did not play","On matchday squad, but did not play","On matchday squad, but did not play","On matchday squad, but did not play","On matchday squad, but did not play","On matchday squad, but did not play","On matchday squad, but did not play","On matchday squad, but did not play","On matchday squad, but did not play","On matchday squad, but did not play","On matchday squad, but did not play","On matchday squad, but did not play","On matchday squad, but did not play","On matchday squad, but did not play","On matchday squad, but did not play","On matchday squad, but did not play","On matchday squad, but did not play","On matchday squad, but did not play","On matchday squad, but did not play","On matchday squad, but did not play","On matchday squad, but did not play","On matchday squad, but did not play","On matchday squad, but did not play","On matchday squad, but did not play","On matchday squad, but did not play","On matchday squad, but did not play","On matchday squad, but did not play","On matchday squad, but did not play","On matchday squad, but did not play","On matchday squad, but did not play","On matchday squad, but did not play","On matchday squad, but did not play","On matchday squad, but did not play","On matchday squad, but did not play","On matchday squad, but did not play","On matchday squad, but did not play","On matchday squad, but did not play","On matchday squad, but did not play","On matchday squad, but did not play","On matchday squad, but did not play","On matchday squad, but did not play","On matchday squad, but did not play","On matchday squad, but did not play","On matchday squad, but did not play","On matchday squad, but did not play","On matchday squad, but did not play","On matchday squad, but did not play","On matchday squad, but did not play","On matchday squad, but did not play","On matchday squad, but did not play","On matchday squad, but did not play","On matchday squad, but did not play","On matchday squad, but did not play","On matchday squad, but did not play",Leicester City,Hamza-Choudhury,7d2d3329
2025-01-15,Wed,Matchweek 21,Home,L 0–2,Leicester City,Crystal Palace,N,"On matchday squad, but did not play","On matchday squad, but did not play","On matchday squad, but did not play","On matchday squad, but did not play","On matchday squad, but did not play","On matchday squad, but did not play","On matchday squad, but did not play","On matchday squad, but did not play","On matchday squad, but did not play","On matchday squad, but did not play","On matchday squad, but did not play","On matchday squad, but did not play","On matchday squad, but did not play","On matchday squad, but did not play","On matchday squad, but did not play","On matchday squad, but did not play","On matchday squad, but did not play","On matchday squad, but did not play","On matchday squad, but did not play","On matchday squad, but did not play","On matchday squad, but did not play","On matchday squad, but did not play","On matchday squad, but did not play","On matchday squad, but did not play","On matchday squad, but did not play","On matchday squad, but did not play","On matchday squad, but did not play",Match Report,"On matchday squad, but did not play","On matchday squad, but did not play","On matchday squad, but did not play","On matchday squad, but did not play","On matchday squad, but did not play","On matchday squad, but did not play","On matchday squad, but did not play","On matchday squad, but did not play","On matchday squad, but did not play","On matchday squad, but did not play","On matchday squad, but did not play","On matchday squad, but did not play","On matchday squad, but did not play","On matchday squad, but did not play","On matchday squad, but did not play","On matchday squad, but did not play","On matchday squad, but did not play","On matchday squad, but did not play","On matchday squad, but did not play","On matchday squad, but did not play","On matchday squad, but did not play","On matchday squad, but did not play","On matchday squad, but did not play","On matchday squad, but did not play","On matchday squad, but did not play","On matchday squad, but did not play","On matchday squad, but did not play","On matchday squad, but did not play","On matchday squad, but did not play","On matchday squad, but did not play","On matchday squad, but did not play","On matchday squad, but did not play","On matchday squad, but did not play","On matchday squad, but did not play","On matchday squad, but did not play","On matchday squad, but did not play","On matchday squad, but did not play","On matchday squad, but did not play","On matchday squad, but did not play","On matchday squad, but did not play","On matchday squad, but did not play","On matchday squad, but did not play","On matchday squad, but did not play","On matchday squad, but did not play","On matchday squad, but did not play","On matchday squad, but did not play","On matchday squad, but did not play","On matchday squad, but did not play","On matchday squad, but did not play","On matchday squad, but did not play","On matchday squad, but did not play","On matchday squad, but did not play","On matchday squad, but did not play","On matchday squad, but did not play","On matchday squad, but did not play","On matchday squad, but did not play","On matchday squad, but did not play","On matchday squad, but did not play","On matchday squad, but did not play","On matchday squad, but did not play","On matchday squad, but did not play","On matchday squad, but did not play","On matchday squad, but did not play","On matchday squad, but did not play","On matchday squad, but did not play","On matchday squad, but did not play","On matchday squad, but did not play","On matchday squad, but did not play","On matchday squad, but did not play","On matchday squad, but did not play","On matchday squad, but did not play","On matchday squad, but did not play","On matchday squad, but did not play","On matchday squad, but did not play","On matchday squad, but did not play","On matchday squad, but did not play","On matchday squad, but did not play","On matchday squad, but did not play","On matchday squad, but did not play","On matchday squad, but did not play","On matchday squad, but did not play","On matchday squad, but did not play","On matchday squad, but did not play","On matchday squad, but did not play","On matchday squad, but did not play","On matchday squad, but did not play","On matchday squad, but did not play","On matchday squad, but did not play","On matchday squad, but did not play",Leicester City,Hamza-Choudhury,7d2d3329
2025-01-26,Sun,Matchweek 23,Away,W 2–1,Leicester City,Tottenham,N,RB,1,0,0,0,0,0,0,0,0,4,1,1,0,0.0,0.0,0.0,0,0,1,2,50.0,0,3,0,0,0,Match Report,1,2,50.0,14,11,1,1,100.0,0,1,0.0,0,0,,0,0.0,0.0,0,0,0,0,0,2,2,0,0,0,0,0,0,0,0,0,0,1,0,0,0,0,0,0,0,0,0,0,0,0,0,0,0,0,4,0,3,2,0,0,4,0,0,,0,,3,17,4,0,0,0,1,0,1,0,1,0,1,0,0,0,0,,0,0,0,0,1,2,0,0,Leicester City,Woyo-Coulibaly,beb6e3a6
2025-02-01,Sat,Matchweek 24,Away,L 0–4,Leicester City,Everton,N,RB,15,0,0,0,0,0,0,0,0,13,1,0,1,0.0,0.0,0.0,0,0,7,8,87.5,0,8,1,0,0,Match Report,7,8,87.5,142,9,3,4,75.0,3,3,100.0,1,1,100.0,0,0.0,0.0,0,0,0,0,0,8,7,1,0,0,0,0,1,0,0,0,0,7,0,0,0,0,0,0,0,0,0,0,0,0,0,0,0,0,13,1,4,7,2,0,13,0,0,,0,,8,58,40,1,1,0,2,0,6,1,1,1,0,1,0,0,0,,0,1,0,1,0,1,0,0,Leicester City,Woyo-Coulibaly,beb6e3a6
2025-02-15,Sat,Matchweek 25,Home,L 0–2,Leicester City,Arsenal,N,RB,48,0,0,0,0,0,0,0,0,26,3,3,0,0.0,0.0,0.0,0,0,18,20,90.0,0,15,3,1,0,Match Report,18,20,90.0,294,124,9,9,100.0,8,10,80.0,1,1,100.0,0,0.0,0.0,0,2,0,0,0,20,14,6,0,0,0,0,6,0,0,0,0,18,0,0,0,0,0,0,0,0,0,0,0,0,0,0,0,0,26,4,13,12,2,1,26,1,0,0.0,1,100.0,15,126,98,3,1,1,0,0,9,0,3,2,3,0,0,2,2,100.0,0,0,0,0,3,6,1,0,Leicester City,Woyo-Coulibaly,beb6e3a6
2025-02-21,Fri,Matchweek 26,Home,L 0–4,Leicester City,Brentford,Y,RB,45,0,0,0,0,2,1,1,0,33,1,1,2,0.0,0.0,0.0,0,0,22,27,81.5,3,22,0,0,0,Match Report,22,27,81.5,347,170,15,20,75.0,5,5,100.0,2,2,100.0,0,0.0,0.0,0,1,0,0,3,27,21,6,0,0,0,0,6,0,0,0,0,22,0,0,0,0,0,0,0,0,0,0,0,0,0,0,0,0,33,3,7,10,16,3,33,0,0,,0,,22,87,27,0,0,0,1,0,20,1,1,1,0,1,0,0,0,,0,2,1,1,1,2,0,0,Leicester City,Woyo-Coulibaly,beb6e3a6
2025-03-09,Sun,Matchweek 28,Away,L 0–1,Leicester City,Chelsea,N,"On matchday squad, but did not play","On matchday squad, but did not play","On matchday squad, but did not play","On matchday squad, but did not play","On matchday squad, but did not play","On matchday squad, but did not play","On matchday squad, but did not play","On matchday squad, but did not play","On matchday squad, but did not play","On matchday squad, but did not play","On matchday squad, but did not play","On matchday squad, but did not play","On matchday squad, but did not play","On matchday squad, but did not play","On matchday squad, but did not play","On matchday squad, but did not play","On matchday squad, but did not play","On matchday squad, but did not play","On matchday squad, but did not play","On matchday squad, but did not play","On matchday squad, but did not play","On matchday squad, but did not play","On matchday squad, but did not play","On matchday squad, but did not play","On matchday squad, but did not play","On matchday squad, but did not play","On matchday squad, but did not play",Match Report,"On matchday squad, but did not play","On matchday squad, but did not play","On matchday squad, but did not play","On matchday squad, but did not play","On matchday squad, but did not play","On matchday squad, but did not play","On matchday squad, but did not play","On matchday squad, but did not play","On matchday squad, but did not play","On matchday squad, but did not play","On matchday squad, but did not play","On matchday squad, but did not play","On matchday squad, but did not play","On matchday squad, but did not play","On matchday squad, but did not play","On matchday squad, but did not play","On matchday squad, but did not play","On matchday squad, but did not play","On matchday squad, but did not play","On matchday squad, but did not play","On matchday squad, but did not play","On matchday squad, but did not play","On matchday squad, but did not play","On matchday squad, but did not play","On matchday squad, but did not play","On matchday squad, but did not play","On matchday squad, but did not play","On matchday squad, but did not play","On matchday squad, but did not play","On matchday squad, but did not play","On matchday squad, but did not play","On matchday squad, but did not play","On matchday squad, but did not play","On matchday squad, but did not play","On matchday squad, but did not play","On matchday squad, but did not play","On matchday squad, but did not play","On matchday squad, but did not play","On matchday squad, but did not play","On matchday squad, but did not play","On matchday squad, but did not play","On matchday squad, but did not play","On matchday squad, but did not play","On matchday squad, but did not play","On matchday squad, but did not play","On matchday squad, but did not play","On matchday squad, but did not play","On matchday squad, but did not play","On matchday squad, but did not play","On matchday squad, but did not play","On matchday squad, but did not play","On matchday squad, but did not play","On matchday squad, but did not play","On matchday squad, but did not play","On matchday squad, but did not play","On matchday squad, but did not play","On matchday squad, but did not play","On matchday squad, but did not play","On matchday squad, but did not play","On matchday squad, but did not play","On matchday squad, but did not play","On matchday squad, but did not play","On matchday squad, but did not play","On matchday squad, but did not play","On matchday squad, but did not play","On matchday squad, but did not play","On matchday squad, but did not play","On matchday squad, but did not play","On matchday squad, but did not play","On matchday squad, but did not play","On matchday squad, but did not play","On matchday squad, but did not play","On matchday squad, but did not play","On matchday squad, but did not play","On matchday squad, but did not play","On matchday squad, but did not play","On matchday squad, but did not play","On matchday squad, but did not play","On matchday squad, but did not play","On matchday squad, but did not play","On matchday squad, but did not play","On matchday squad, but did not play","On matchday squad, but did not play","On matchday squad, but did not play","On matchday squad, but did not play","On matchday squad, but did not play","On matchday squad, but did not play","On matchday squad, but did not play","On matchday squad, but did not play",Leicester City,Woyo-Coulibaly,beb6e3a6
2025-03-16,Sun,Matchweek 29,Home,L 0–3,Leicester City,Manchester Utd,N,"On matchday squad, but did not play","On matchday squad, but did not play","On matchday squad, but did not play","On matchday squad, but did not play","On matchday squad, but did not play","On matchday squad, but did not play","On matchday squad, but did not play","On matchday squad, but did not play","On matchday squad, but did not play","On matchday squad, but did not play","On matchday squad, but did not play","On matchday squad, but did not play","On matchday squad, but did not play","On matchday squad, but did not play","On matchday squad, but did not play","On matchday squad, but did not play","On matchday squad, but did not play","On matchday squad, but did not play","On matchday squad, but did not play","On matchday squad, but did not play","On matchday squad, but did not play","On matchday squad, but did not play","On matchday squad, but did not play","On matchday squad, but did not play","On matchday squad, but did not play","On matchday squad, but did not play","On matchday squad, but did not play",Match Report,"On matchday squad, but did not play","On matchday squad, but did not play","On matchday squad, but did not play","On matchday squad, but did not play","On matchday squad, but did not play","On matchday squad, but did not play","On matchday squad, but did not play","On matchday squad, but did not play","On matchday squad, but did not play","On matchday squad, but did not play","On matchday squad, but did not play","On matchday squad, but did not play","On matchday squad, but did not play","On matchday squad, but did not play","On matchday squad, but did not play","On matchday squad, but did not play","On matchday squad, but did not play","On matchday squad, but did not play","On matchday squad, but did not play","On matchday squad, but did not play","On matchday squad, but did not play","On matchday squad, but did not play","On matchday squad, but did not play","On matchday squad, but did not play","On matchday squad, but did not play","On matchday squad, but did not play","On matchday squad, but did not play","On matchday squad, but did not play","On matchday squad, but did not play","On matchday squad, but did not play","On matchday squad, but did not play","On matchday squad, but did not play","On matchday squad, but did not play","On matchday squad, but did not play","On matchday squad, but did not play","On matchday squad, but did not play","On matchday squad, but did not play","On matchday squad, but did not play","On matchday squad, but did not play","On matchday squad, but did not play","On matchday squad, but did not play","On matchday squad, but did not play","On matchday squad, but did not play","On matchday squad, but did not play","On matchday squad, but did not play","On matchday squad, but did not play","On matchday squad, but did not play","On matchday squad, but did not play","On matchday squad, but did not play","On matchday squad, but did not play","On matchday squad, but did not play","On matchday squad, but did not play","On matchday squad, but did not play","On matchday squad, but did not play","On matchday squad, but did not play","On matchday squad, but did not play","On matchday squad, but did not play","On matchday squad, but did not play","On matchday squad, but did not play","On matchday squad, but did not play","On matchday squad, but did not play","On matchday squad, but did not play","On matchday squad, but did not play","On matchday squad, but did not play","On matchday squad, but did not play","On matchday squad, but did not play","On matchday squad, but did not play","On matchday squad, but did not play","On matchday squad, but did not play","On matchday squad, but did not play","On matchday squad, but did not play","On matchday squad, but did not play","On matchday squad, but did not play","On matchday squad, but did not play","On matchday squad, but did not play","On matchday squad, but did not play","On matchday squad, but did not play","On matchday squad, but did not play","On matchday squad, but did not play","On matchday squad, but did not play","On matchday squad, but did not play","On matchday squad, but did not play","On matchday squad, but did not play","On matchday squad, but did not play","On matchday squad, but did not play","On matchday squad, but did not play","On matchday squad, but did not play","On matchday squad, but did not play","On matchday squad, but did not play",Leicester City,Woyo-Coulibaly,beb6e3a6
2025-04-02,Wed,Matchweek 30,Away,L 0–2,Leicester City,Manchester City,N,"On matchday squad, but did not play","On matchday squad, but did not play","On matchday squad, but did not play","On matchday squad, but did not play","On matchday squad, but did not play","On matchday squad, but did not play","On matchday squad, but did not play","On matchday squad, but did not play","On matchday squad, but did not play","On matchday squad, but did not play","On matchday squad, but did not play","On matchday squad, but did not play","On matchday squad, but did not play","On matchday squad, but did not play","On matchday squad, but did not play","On matchday squad, but did not play","On matchday squad, but did not play","On matchday squad, but did not play","On matchday squad, but did not play","On matchday squad, but did not play","On matchday squad, but did not play","On matchday squad, but did not play","On matchday squad, but did not play","On matchday squad, but did not play","On matchday squad, but did not play","On matchday squad, but did not play","On matchday squad, but did not play",Match Report,"On matchday squad, but did not play","On matchday squad, but did not play","On matchday squad, but did not play","On matchday squad, but did not play","On matchday squad, but did not play","On matchday squad, but did not play","On matchday squad, but did not play","On matchday squad, but did not play","On matchday squad, but did not play","On matchday squad, but did not play","On matchday squad, but did not play","On matchday squad, but did not play","On matchday squad, but did not play","On matchday squad, but did not play","On matchday squad, but did not play","On matchday squad, but did not play","On matchday squad, but did not play","On matchday squad, but did not play","On matchday squad, but did not play","On matchday squad, but did not play","On matchday squad, but did not play","On matchday squad, but did not play","On matchday squad, but did not play","On matchday squad, but did not play","On matchday squad, but did not play","On matchday squad, but did not play","On matchday squad, but did not play","On matchday squad, but did not play","On matchday squad, but did not play","On matchday squad, but did not play","On matchday squad, but did not play","On matchday squad, but did not play","On matchday squad, but did not play","On matchday squad, but did not play","On matchday squad, but did not play","On matchday squad, but did not play","On matchday squad, but did not play","On matchday squad, but did not play","On matchday squad, but did not play","On matchday squad, but did not play","On matchday squad, but did not play","On matchday squad, but did not play","On matchday squad, but did not play","On matchday squad, but did not play","On matchday squad, but did not play","On matchday squad, but did not play","On matchday squad, but did not play","On matchday squad, but did not play","On matchday squad, but did not play","On matchday squad, but did not play","On matchday squad, but did not play","On matchday squad, but did not play","On matchday squad, but did not play","On matchday squad, but did not play","On matchday squad, but did not play","On matchday squad, but did not play","On matchday squad, but did not play","On matchday squad, but did not play","On matchday squad, but did not play","On matchday squad, but did not play","On matchday squad, but did not play","On matchday squad, but did not play","On matchday squad, but did not play","On matchday squad, but did not play","On matchday squad, but did not play","On matchday squad, but did not play","On matchday squad, but did not play","On matchday squad, but did not play","On matchday squad, but did not play","On matchday squad, but did not play","On matchday squad, but did not play","On matchday squad, but did not play","On matchday squad, but did not play","On matchday squad, but did not play","On matchday squad, but did not play","On matchday squad, but did not play","On matchday squad, but did not play","On matchday squad, but did not play","On matchday squad, but did not play","On matchday squad, but did not play","On matchday squad, but did not play","On matchday squad, but did not play","On matchday squad, but did not play","On matchday squad, but did not play","On matchday squad, but did not play","On matchday squad, but did not play","On matchday squad, but did not play","On matchday squad, but did not play","On matchday squad, but did not play",Leicester City,Woyo-Coulibaly,beb6e3a6
2025-04-12,Sat,Matchweek 32,Away,D 2–2,Leicester City,Brighton,N,"On matchday squad, but did not play","On matchday squad, but did not play","On matchday squad, but did not play","On matchday squad, but did not play","On matchday squad, but did not play","On matchday squad, but did not play","On matchday squad, but did not play","On matchday squad, but did not play","On matchday squad, but did not play","On matchday squad, but did not play","On matchday squad, but did not play","On matchday squad, but did not play","On matchday squad, but did not play","On matchday squad, but did not play","On matchday squad, but did not play","On matchday squad, but did not play","On matchday squad, but did not play","On matchday squad, but did not play","On matchday squad, but did not play","On matchday squad, but did not play","On matchday squad, but did not play","On matchday squad, but did not play","On matchday squad, but did not play","On matchday squad, but did not play","On matchday squad, but did not play","On matchday squad, but did not play","On matchday squad, but did not play",Match Report,"On matchday squad, but did not play","On matchday squad, but did not play","On matchday squad, but did not play","On matchday squad, but did not play","On matchday squad, but did not play","On matchday squad, but did not play","On matchday squad, but did not play","On matchday squad, but did not play","On matchday squad, but did not play","On matchday squad, but did not play","On matchday squad, but did not play","On matchday squad, but did not play","On matchday squad, but did not play","On matchday squad, but did not play","On matchday squad, but did not play","On matchday squad, but did not play","On matchday squad, but did not play","On matchday squad, but did not play","On matchday squad, but did not play","On matchday squad, but did not play","On matchday squad, but did not play","On matchday squad, but did not play","On matchday squad, but did not play","On matchday squad, but did not play","On matchday squad, but did not play","On matchday squad, but did not play","On matchday squad, but did not play","On matchday squad, but did not play","On matchday squad, but did not play","On matchday squad, but did not play","On matchday squad, but did not play","On matchday squad, but did not play","On matchday squad, but did not play","On matchday squad, but did not play","On matchday squad, but did not play","On matchday squad, but did not play","On matchday squad, but did not play","On matchday squad, but did not play","On matchday squad, but did not play","On matchday squad, but did not play","On matchday squad, but did not play","On matchday squad, but did not play","On matchday squad, but did not play","On matchday squad, but did not play","On matchday squad, but did not play","On matchday squad, but did not play","On matchday squad, but did not play","On matchday squad, but did not play","On matchday squad, but did not play","On matchday squad, but did not play","On matchday squad, but did not play","On matchday squad, but did not play","On matchday squad, but did not play","On matchday squad, but did not play","On matchday squad, but did not play","On matchday squad, but did not play","On matchday squad, but did not play","On matchday squad, but did not play","On matchday squad, but did not play","On matchday squad, but did not play","On matchday squad, but did not play","On matchday squad, but did not play","On matchday squad, but did not play","On matchday squad, but did not play","On matchday squad, but did not play","On matchday squad, but did not play","On matchday squad, but did not play","On matchday squad, but did not play","On matchday squad, but did not play","On matchday squad, but did not play","On matchday squad, but did not play","On matchday squad, but did not play","On matchday squad, but did not play","On matchday squad, but did not play","On matchday squad, but did not play","On matchday squad, but did not play","On matchday squad, but did not play","On matchday squad, but did not play","On matchday squad, but did not play","On matchday squad, but did not play","On matchday squad, but did not play","On matchday squad, but did not play","On matchday squad, but did not play","On matchday squad, but did not play","On matchday squad, but did not play","On matchday squad, but did not play","On matchday squad, but did not play","On matchday squad, but did not play","On matchday squad, but did not play",Leicester City,Woyo-Coulibaly,beb6e3a6
2025-05-03,Sat,Matchweek 35,Home,W 2–0,Leicester City,Southampton,N,"On matchday squad, but did not play","On matchday squad, but did not play","On matchday squad, but did not play","On matchday squad, but did not play","On matchday squad, but did not play","On matchday squad, but did not play","On matchday squad, but did not play","On matchday squad, but did not play","On matchday squad, but did not play","On matchday squad, but did not play","On matchday squad, but did not play","On matchday squad, but did not play","On matchday squad, but did not play","On matchday squad, but did not play","On matchday squad, but did not play","On matchday squad, but did not play","On matchday squad, but did not play","On matchday squad, but did not play","On matchday squad, but did not play","On matchday squad, but did not play","On matchday squad, but did not play","On matchday squad, but did not play","On matchday squad, but did not play","On matchday squad, but did not play","On matchday squad, but did not play","On matchday squad, but did not play","On matchday squad, but did not play",Match Report,"On matchday squad, but did not play","On matchday squad, but did not play","On matchday squad, but did not play","On matchday squad, but did not play","On matchday squad, but did not play","On matchday squad, but did not play","On matchday squad, but did not play","On matchday squad, but did not play","On matchday squad, but did not play","On matchday squad, but did not play","On matchday squad, but did not play","On matchday squad, but did not play","On matchday squad, but did not play","On matchday squad, but did not play","On matchday squad, but did not play","On matchday squad, but did not play","On matchday squad, but did not play","On matchday squad, but did not play","On matchday squad, but did not play","On matchday squad, but did not play","On matchday squad, but did not play","On matchday squad, but did not play","On matchday squad, but did not play","On matchday squad, but did not play","On matchday squad, but did not play","On matchday squad, but did not play","On matchday squad, but did not play","On matchday squad, but did not play","On matchday squad, but did not play","On matchday squad, but did not play","On matchday squad, but did not play","On matchday squad, but did not play","On matchday squad, but did not play","On matchday squad, but did not play","On matchday squad, but did not play","On matchday squad, but did not play","On matchday squad, but did not play","On matchday squad, but did not play","On matchday squad, but did not play","On matchday squad, but did not play","On matchday squad, but did not play","On matchday squad, but did not play","On matchday squad, but did not play","On matchday squad, but did not play","On matchday squad, but did not play","On matchday squad, but did not play","On matchday squad, but did not play","On matchday squad, but did not play","On matchday squad, but did not play","On matchday squad, but did not play","On matchday squad, but did not play","On matchday squad, but did not play","On matchday squad, but did not play","On matchday squad, but did not play","On matchday squad, but did not play","On matchday squad, but did not play","On matchday squad, but did not play","On matchday squad, but did not play","On matchday squad, but did not play","On matchday squad, but did not play","On matchday squad, but did not play","On matchday squad, but did not play","On matchday squad, but did not play","On matchday squad, but did not play","On matchday squad, but did not play","On matchday squad, but did not play","On matchday squad, but did not play","On matchday squad, but did not play","On matchday squad, but did not play","On matchday squad, but did not play","On matchday squad, but did not play","On matchday squad, but did not play","On matchday squad, but did not play","On matchday squad, but did not play","On matchday squad, but did not play","On matchday squad, but did not play","On matchday squad, but did not play","On matchday squad, but did not play","On matchday squad, but did not play","On matchday squad, but did not play","On matchday squad, but did not play","On matchday squad, but did not play","On matchday squad, but did not play","On matchday squad, but did not play","On matchday squad, but did not play","On matchday squad, but did not play","On matchday squad, but did not play","On matchday squad, but did not play","On matchday squad, but did not play",Leicester City,Woyo-Coulibaly,beb6e3a6
2025-05-11,Sun,Matchweek 36,Away,D 2–2,Leicester City,Nott'ham Forest,N,"On matchday squad, but did not play","On matchday squad, but did not play","On matchday squad, but did not play","On matchday squad, but did not play","On matchday squad, but did not play","On matchday squad, but did not play","On matchday squad, but did not play","On matchday squad, but did not play","On matchday squad, but did not play","On matchday squad, but did not play","On matchday squad, but did not play","On matchday squad, but did not play","On matchday squad, but did not play","On matchday squad, but did not play","On matchday squad, but did not play","On matchday squad, but did not play","On matchday squad, but did not play","On matchday squad, but did not play","On matchday squad, but did not play","On matchday squad, but did not play","On matchday squad, but did not play","On matchday squad, but did not play","On matchday squad, but did not play","On matchday squad, but did not play","On matchday squad, but did not play","On matchday squad, but did not play","On matchday squad, but did not play",Match Report,"On matchday squad, but did not play","On matchday squad, but did not play","On matchday squad, but did not play","On matchday squad, but did not play","On matchday squad, but did not play","On matchday squad, but did not play","On matchday squad, but did not play","On matchday squad, but did not play","On matchday squad, but did not play","On matchday squad, but did not play","On matchday squad, but did not play","On matchday squad, but did not play","On matchday squad, but did not play","On matchday squad, but did not play","On matchday squad, but did not play","On matchday squad, but did not play","On matchday squad, but did not play","On matchday squad, but did not play","On matchday squad, but did not play","On matchday squad, but did not play","On matchday squad, but did not play","On matchday squad, but did not play","On matchday squad, but did not play","On matchday squad, but did not play","On matchday squad, but did not play","On matchday squad, but did not play","On matchday squad, but did not play","On matchday squad, but did not play","On matchday squad, but did not play","On matchday squad, but did not play","On matchday squad, but did not play","On matchday squad, but did not play","On matchday squad, but did not play","On matchday squad, but did not play","On matchday squad, but did not play","On matchday squad, but did not play","On matchday squad, but did not play","On matchday squad, but did not play","On matchday squad, but did not play","On matchday squad, but did not play","On matchday squad, but did not play","On matchday squad, but did not play","On matchday squad, but did not play","On matchday squad, but did not play","On matchday squad, but did not play","On matchday squad, but did not play","On matchday squad, but did not play","On matchday squad, but did not play","On matchday squad, but did not play","On matchday squad, but did not play","On matchday squad, but did not play","On matchday squad, but did not play","On matchday squad, but did not play","On matchday squad, but did not play","On matchday squad, but did not play","On matchday squad, but did not play","On matchday squad, but did not play","On matchday squad, but did not play","On matchday squad, but did not play","On matchday squad, but did not play","On matchday squad, but did not play","On matchday squad, but did not play","On matchday squad, but did not play","On matchday squad, but did not play","On matchday squad, but did not play","On matchday squad, but did not play","On matchday squad, but did not play","On matchday squad, but did not play","On matchday squad, but did not play","On matchday squad, but did not play","On matchday squad, but did not play","On matchday squad, but did not play","On matchday squad, but did not play","On matchday squad, but did not play","On matchday squad, but did not play","On matchday squad, but did not play","On matchday squad, but did not play","On matchday squad, but did not play","On matchday squad, but did not play","On matchday squad, but did not play","On matchday squad, but did not play","On matchday squad, but did not play","On matchday squad, but did not play","On matchday squad, but did not play","On matchday squad, but did not play","On matchday squad, but did not play","On matchday squad, but did not play","On matchday squad, but did not play","On matchday squad, but did not play",Leicester City,Woyo-Coulibaly,beb6e3a6
2025-04-07,Mon,Matchweek 31,Home,L 0–3,Leicester City,Newcastle Utd,N,RW,17.0,0.0,0.0,0.0,0.0,0.0,0.0,0.0,0.0,9.0,0.0,0.0,0.0,0.0,0.0,0.0,1.0,0.0,4.0,7.0,57.1,1.0,7.0,0.0,2.0,0.0,Match Report,4.0,7.0,57.1,49.0,28.0,2.0,3.0,66.7,2.0,2.0,100.0,0.0,1.0,0.0,0.0,0.0,0.0,0.0,1.0,0.0,0.0,1.0,7.0,6.0,1.0,1.0,0.0,0.0,1.0,0.0,0.0,0.0,0.0,0.0,4.0,0.0,1.0,1.0,1.0,0.0,0.0,0.0,0.0,0.0,0.0,0.0,0.0,0.0,0.0,0.0,0.0,9.0,0.0,0.0,5.0,4.0,0.0,9.0,2.0,0.0,0.0,1.0,50.0,7.0,70.0,4.0,0.0,0.0,0.0,1.0,1.0,8.0,2.0,0.0,0.0,0.0,0.0,0.0,0.0,0.0,,0.0,0.0,0.0,0.0,0.0,0.0,0.0,0.0,Leicester City,Jeremy-Monga,4c168d3a
2025-04-20,Sun,Matchweek 33,Home,L 0–1,Leicester City,Liverpool,N,LW,6.0,0.0,0.0,0.0,0.0,0.0,0.0,0.0,0.0,3.0,0.0,0.0,0.0,0.0,0.0,0.0,0.0,0.0,1.0,1.0,100.0,0.0,3.0,0.0,1.0,0.0,Match Report,1.0,1.0,100.0,17.0,0.0,0.0,0.0,,1.0,1.0,100.0,0.0,0.0,,0.0,0.0,0.0,0.0,0.0,0.0,0.0,0.0,1.0,1.0,0.0,0.0,0.0,0.0,0.0,0.0,0.0,0.0,0.0,0.0,1.0,0.0,0.0,0.0,0.0,0.0,0.0,0.0,0.0,0.0,0.0,0.0,0.0,0.0,0.0,0.0,0.0,3.0,0.0,0.0,2.0,1.0,0.0,3.0,1.0,0.0,0.0,1.0,100.0,3.0,36.0,0.0,0.0,1.0,0.0,1.0,0.0,2.0,1.0,0.0,0.0,0.0,0.0,0.0,0.0,0.0,,0.0,0.0,0.0,0.0,0.0,0.0,0.0,0.0,Leicester City,Jeremy-Monga,4c168d3a
2025-04-26,Sat,Matchweek 34,Away,L 0–3,Leicester City,Wolves,N,LW,8.0,0.0,0.0,0.0,0.0,0.0,0.0,0.0,0.0,6.0,0.0,0.0,1.0,0.0,0.0,0.0,0.0,0.0,1.0,3.0,33.3,0.0,4.0,1.0,1.0,1.0,Match Report,1.0,3.0,33.3,13.0,1.0,1.0,1.0,100.0,0.0,0.0,,0.0,0.0,,0.0,0.0,0.0,0.0,0.0,0.0,0.0,0.0,3.0,3.0,0.0,0.0,0.0,0.0,0.0,0.0,0.0,0.0,0.0,0.0,1.0,0.0,2.0,0.0,0.0,0.0,0.0,0.0,0.0,0.0,0.0,0.0,0.0,0.0,0.0,0.0,0.0,6.0,1.0,2.0,1.0,3.0,1.0,6.0,1.0,1.0,100.0,0.0,0.0,4.0,18.0,13.0,1.0,0.0,1.0,0.0,1.0,2.0,1.0,0.0,0.0,0.0,0.0,0.0,0.0,0.0,,0.0,1.0,1.0,0.0,0.0,0.0,0.0,0.0,Leicester City,Jeremy-Monga,4c168d3a
2025-05-03,Sat,Matchweek 35,Home,W 2–0,Leicester City,Southampton,N,"AM,RW",21.0,0.0,0.0,0.0,0.0,0.0,0.0,0.0,0.0,10.0,1.0,0.0,2.0,0.0,0.0,0.0,0.0,0.0,4.0,6.0,66.7,1.0,5.0,2.0,1.0,1.0,Match Report,4.0,6.0,66.7,55.0,6.0,2.0,3.0,66.7,2.0,2.0,100.0,0.0,0.0,,0.0,0.0,0.0,0.0,1.0,0.0,0.0,1.0,6.0,6.0,0.0,0.0,0.0,0.0,1.0,0.0,0.0,0.0,0.0,0.0,4.0,0.0,1.0,0.0,0.0,0.0,0.0,0.0,0.0,0.0,0.0,0.0,0.0,0.0,0.0,0.0,0.0,10.0,0.0,3.0,2.0,5.0,1.0,10.0,1.0,1.0,100.0,0.0,0.0,5.0,56.0,40.0,2.0,0.0,1.0,0.0,0.0,5.0,1.0,1.0,1.0,0.0,1.0,0.0,1.0,1.0,100.0,0.0,2.0,1.0,1.0,0.0,1.0,1.0,0.0,Leicester City,Jeremy-Monga,4c168d3a
2025-05-11,Sun,Matchweek 36,Away,D 2–2,Leicester City,Nott'ham Forest,N,"RW,AM",14.0,0.0,0.0,0.0,0.0,2.0,1.0,0.0,0.0,6.0,0.0,0.0,0.0,0.1,0.1,0.0,0.0,0.0,1.0,2.0,50.0,0.0,5.0,1.0,0.0,0.0,Match Report,1.0,2.0,50.0,7.0,0.0,1.0,1.0,100.0,0.0,0.0,,0.0,0.0,,0.0,0.0,0.0,0.0,0.0,0.0,0.0,0.0,2.0,2.0,0.0,0.0,0.0,0.0,0.0,0.0,0.0,0.0,0.0,0.0,1.0,0.0,1.0,0.0,0.0,0.0,0.0,0.0,0.0,0.0,0.0,0.0,0.0,0.0,0.0,0.0,0.0,6.0,0.0,2.0,3.0,2.0,1.0,6.0,0.0,0.0,,0.0,,5.0,82.0,62.0,1.0,0.0,0.0,0.0,0.0,1.0,0.0,0.0,0.0,0.0,0.0,0.0,0.0,0.0,,0.0,0.0,0.0,0.0,0.0,0.0,0.0,0.0,Leicester City,Jeremy-Monga,4c168d3a
2025-05-18,Sun,Matchweek 37,Home,W 2–0,Leicester City,Ipswich Town,N,LW,27.0,0.0,0.0,0.0,0.0,1.0,0.0,0.0,0.0,15.0,1.0,0.0,0.0,0.0,0.0,0.0,0.0,0.0,6.0,8.0,75.0,1.0,12.0,2.0,2.0,0.0,Match Report,6.0,8.0,75.0,66.0,17.0,6.0,6.0,100.0,0.0,1.0,0.0,0.0,1.0,0.0,0.0,0.0,0.0,0.0,0.0,1.0,0.0,1.0,8.0,8.0,0.0,0.0,0.0,0.0,1.0,0.0,0.0,0.0,0.0,0.0,6.0,0.0,0.0,0.0,0.0,0.0,0.0,0.0,0.0,0.0,0.0,0.0,0.0,0.0,0.0,0.0,0.0,15.0,0.0,2.0,3.0,10.0,2.0,15.0,2.0,0.0,0.0,1.0,50.0,12.0,71.0,38.0,2.0,1.0,1.0,3.0,0.0,13.0,5.0,1.0,0.0,0.0,0.0,1.0,0.0,0.0,,0.0,0.0,0.0,0.0,0.0,1.0,0.0,0.0,Leicester City,Jeremy-Monga,4c168d3a
2025-05-25,Sun,Matchweek 38,Away,L 0–2,Leicester City,Bournemouth,N,LW,19.0,0.0,0.0,0.0,0.0,0.0,0.0,0.0,0.0,2.0,0.0,0.0,0.0,0.0,0.0,0.0,1.0,0.0,1.0,2.0,50.0,0.0,1.0,0.0,0.0,0.0,Match Report,1.0,2.0,50.0,8.0,1.0,1.0,1.0,100.0,0.0,0.0,,0.0,1.0,0.0,0.0,0.0,0.0,1.0,0.0,0.0,0.0,0.0,2.0,2.0,0.0,0.0,0.0,0.0,1.0,0.0,0.0,0.0,0.0,0.0,1.0,0.0,0.0,1.0,1.0,0.0,0.0,0.0,0.0,0.0,0.0,0.0,0.0,0.0,0.0,0.0,0.0,2.0,0.0,0.0,0.0,2.0,0.0,2.0,0.0,0.0,,0.0,,1.0,3.0,0.0,0.0,0.0,0.0,0.0,0.0,1.0,0.0,0.0,0.0,0.0,0.0,0.0,0.0,0.0,,0.0,0.0,0.0,0.0,0.0,0.0,0.0,0.0,Leicester City,Jeremy-Monga,4c168d3a
2024-08-18,Sun,Matchweek 1,Away,L 1–2,Crystal Palace,Brentford,N,"FW,AM",45,0,0,0,0,1,0,0,0,17,0,0,1,0.0,0.0,0.0,1,0,7,12,58.3,1,9,0,0,0,Match Report,7,12,58.3,81,14,4,6,66.7,2,2,100.0,0,0,,0,0.0,0.0,1,0,0,0,1,12,12,0,0,0,0,0,0,0,0,0,0,7,0,2,1,1,0,0,0,0,0,0,0,0,0,0,0,0,17,0,1,10,6,2,17,0,0,,0,,9,49,20,0,0,0,2,1,9,1,0,0,0,0,0,0,0,,0,1,0,1,0,0,0,0,Leicester City,Odsonne-Edouard,0562b7f1
2024-08-24,Sat,Matchweek 2,Home,L 0–2,Crystal Palace,West Ham,Y,AM,70,0,0,0,0,4,1,0,0,28,1,0,0,0.3,0.3,0.0,0,0,10,16,62.5,3,14,2,1,0,Match Report,10,16,62.5,149,32,7,10,70.0,2,5,40.0,1,1,100.0,0,0.0,0.0,0,2,0,0,3,16,16,0,0,0,0,1,0,0,0,0,0,10,0,0,0,0,0,0,0,0,0,0,0,0,0,0,0,0,28,1,3,13,12,6,28,1,0,0.0,1,100.0,14,58,30,2,1,2,2,0,17,6,1,0,0,1,0,0,2,0.0,2,0,0,0,0,1,1,0,Leicester City,Odsonne-Edouard,0562b7f1
Date,Day,Round,Venue,Result,Squad,Opponent,Start,Pos,Min,Gls,Ast,PK,PKatt,Sh,SoT,CrdY,CrdR,Touches,Tkl,Int,Blocks,xG,npxG,xAG,SCA,GCA,Cmp,Att,Cmp%,PrgP,Carries,PrgC,Att,Succ,Match Report,Cmp,Att,Cmp%,TotDist,PrgDist,Cmp,Att,Cmp%,Cmp,Att,Cmp%,Cmp,Att,Cmp%,Ast,xAG,xA,KP,1/3,PPA,CrsPA,PrgP,Att,Live,Dead,FK,TB,Sw,Crs,TI,CK,In,Out,Str,Cmp,Off,Blocks,SCA,PassLive,PassDead,TO,Sh,Fld,Def,GCA,PassLive,PassDead,TO,Sh,Fld,Def,Touches,Def Pen,Def 3rd,Mid 3rd,Att 3rd,Att Pen,Live,Att,Succ,Succ%,Tkld,Tkld%,Carries,TotDist,PrgDist,PrgC,1/3,CPA,Mis,Dis,Rec,PrgR,Tkl,TklW,Def 3rd,Mid 3rd,Att 3rd,Tkl,Att,Tkl%,Lost,Blocks,Sh,Pass,Int,Tkl+Int,Clr,Err,Leicester City,Odsonne-Edouard,0562b7f1
2024-09-21,Sat,Matchweek 5,Home,D 1–1,Leicester City,Everton,N,FW,8,0,0,0,0,0,0,0,0,5,0,0,0,0.0,0.0,0.0,1,0,2,3,66.7,1,3,0,0,0,Match Report,2,3,66.7,18,5,1,1,100.0,0,0,,0,0,,0,0.0,0.0,1,0,0,0,1,3,3,0,0,0,0,0,0,0,0,0,0,2,0,1,1,1,0,0,0,0,0,0,0,0,0,0,0,0,5,0,0,2,3,2,5,0,0,,0,,3,11,0,0,0,1,1,2,3,1,0,0,0,0,0,0,0,,0,0,0,0,0,0,0,0,Leicester City,Odsonne-Edouard,0562b7f1
2024-09-28,Sat,Matchweek 6,Away,L 2–4,Leicester City,Arsenal,N,DM,1,0,0,0,0,0,0,0,0,0,0,0,0,0.0,0.0,0.0,0,0,0,0,,0,0,0,0,0,Match Report,0,0,,0,0,0,0,,0,0,,0,0,,0,0.0,0.0,0,0,0,0,0,0,0,0,0,0,0,0,0,0,0,0,0,0,0,0,0,0,0,0,0,0,0,0,0,0,0,0,0,0,0,0,0,0,0,0,0,0,0,,0,,0,0,0,0,0,0,0,0,0,0,0,0,0,0,0,0,0,,0,0,0,0,0,0,0,0,Leicester City,Odsonne-Edouard,0562b7f1
2024-10-05,Sat,Matchweek 7,Home,W 1–0,Leicester City,Bournemouth,N,FW,17,0,0,0,0,0,0,0,0,13,0,0,0,0.0,0.0,0.0,1,0,4,5,80.0,0,6,0,2,1,Match Report,4,5,80.0,41,0,2,3,66.7,1,1,100.0,0,0,,0,0.0,0.0,0,0,0,0,0,5,5,0,0,0,0,0,0,0,0,0,0,4,0,0,1,1,0,0,0,0,0,0,0,0,0,0,0,0,13,1,1,4,8,4,13,2,1,50.0,1,50.0,6,14,2,0,0,0,4,0,8,1,0,0,0,0,0,0,0,,0,0,0,0,0,0,1,0,Leicester City,Odsonne-Edouard,0562b7f1
2024-10-19,Sat,Matchweek 8,Away,W 3–2,Leicester City,Southampton,N,"On matchday squad, but did not play","On matchday squad, but did not play","On matchday squad, but did not play","On matchday squad, but did not play","On matchday squad, but did not play","On matchday squad, but did not play","On matchday squad, but did not play","On matchday squad, but did not play","On matchday squad, but did not play","On matchday squad, but did not play","On matchday squad, but did not play","On matchday squad, but did not play","On matchday squad, but did not play","On matchday squad, but did not play","On matchday squad, but did not play","On matchday squad, but did not play","On matchday squad, but did not play","On matchday squad, but did not play","On matchday squad, but did not play","On matchday squad, but did not play","On matchday squad, but did not play","On matchday squad, but did not play","On matchday squad, but did not play","On matchday squad, but did not play","On matchday squad, but did not play","On matchday squad, but did not play","On matchday squad, but did not play",Match Report,"On matchday squad, but did not play","On matchday squad, but did not play","On matchday squad, but did not play","On matchday squad, but did not play","On matchday squad, but did not play","On matchday squad, but did not play","On matchday squad, but did not play","On matchday squad, but did not play","On matchday squad, but did not play","On matchday squad, but did not play","On matchday squad, but did not play","On matchday squad, but did not play","On matchday squad, but did not play","On matchday squad, but did not play","On matchday squad, but did not play","On matchday squad, but did not play","On matchday squad, but did not play","On matchday squad, but did not play","On matchday squad, but did not play","On matchday squad, but did not play","On matchday squad, but did not play","On matchday squad, but did not play","On matchday squad, but did not play","On matchday squad, but did not play","On matchday squad, but did not play","On matchday squad, but did not play","On matchday squad, but did not play","On matchday squad, but did not play","On matchday squad, but did not play","On matchday squad, but did not play","On matchday squad, but did not play","On matchday squad, but did not play","On matchday squad, but did not play","On matchday squad, but did not play","On matchday squad, but did not play","On matchday squad, but did not play","On matchday squad, but did not play","On matchday squad, but did not play","On matchday squad, but did not play","On matchday squad, but did not play","On matchday squad, but did not play","On matchday squad, but did not play","On matchday squad, but did not play","On matchday squad, but did not play","On matchday squad, but did not play","On matchday squad, but did not play","On matchday squad, but did not play","On matchday squad, but did not play","On matchday squad, but did not play","On matchday squad, but did not play","On matchday squad, but did not play","On matchday squad, but did not play","On matchday squad, but did not play","On matchday squad, but did not play","On matchday squad, but did not play","On matchday squad, but did not play","On matchday squad, but did not play","On matchday squad, but did not play","On matchday squad, but did not play","On matchday squad, but did not play","On matchday squad, but did not play","On matchday squad, but did not play","On matchday squad, but did not play","On matchday squad, but did not play","On matchday squad, but did not play","On matchday squad, but did not play","On matchday squad, but did not play","On matchday squad, but did not play","On matchday squad, but did not play","On matchday squad, but did not play","On matchday squad, but did not play","On matchday squad, but did not play","On matchday squad, but did not play","On matchday squad, but did not play","On matchday squad, but did not play","On matchday squad, but did not play","On matchday squad, but did not play","On matchday squad, but did not play","On matchday squad, but did not play","On matchday squad, but did not play","On matchday squad, but did not play","On matchday squad, but did not play","On matchday squad, but did not play","On matchday squad, but did not play","On matchday squad, but did not play","On matchday squad, but did not play","On matchday squad, but did not play","On matchday squad, but did not play","On matchday squad, but did not play",Leicester City,Odsonne-Edouard,0562b7f1
2024-10-25,Fri,Matchweek 9,Home,L 1–3,Leicester City,Nott'ham Forest,N,"On matchday squad, but did not play","On matchday squad, but did not play","On matchday squad, but did not play","On matchday squad, but did not play","On matchday squad, but did not play","On matchday squad, but did not play","On matchday squad, but did not play","On matchday squad, but did not play","On matchday squad, but did not play","On matchday squad, but did not play","On matchday squad, but did not play","On matchday squad, but did not play","On matchday squad, but did not play","On matchday squad, but did not play","On matchday squad, but did not play","On matchday squad, but did not play","On matchday squad, but did not play","On matchday squad, but did not play","On matchday squad, but did not play","On matchday squad, but did not play","On matchday squad, but did not play","On matchday squad, but did not play","On matchday squad, but did not play","On matchday squad, but did not play","On matchday squad, but did not play","On matchday squad, but did not play","On matchday squad, but did not play",Match Report,"On matchday squad, but did not play","On matchday squad, but did not play","On matchday squad, but did not play","On matchday squad, but did not play","On matchday squad, but did not play","On matchday squad, but did not play","On matchday squad, but did not play","On matchday squad, but did not play","On matchday squad, but did not play","On matchday squad, but did not play","On matchday squad, but did not play","On matchday squad, but did not play","On matchday squad, but did not play","On matchday squad, but did not play","On matchday squad, but did not play","On matchday squad, but did not play","On matchday squad, but did not play","On matchday squad, but did not play","On matchday squad, but did not play","On matchday squad, but did not play","On matchday squad, but did not play","On matchday squad, but did not play","On matchday squad, but did not play","On matchday squad, but did not play","On matchday squad, but did not play","On matchday squad, but did not play","On matchday squad, but did not play","On matchday squad, but did not play","On matchday squad, but did not play","On matchday squad, but did not play","On matchday squad, but did not play","On matchday squad, but did not play","On matchday squad, but did not play","On matchday squad, but did not play","On matchday squad, but did not play","On matchday squad, but did not play","On matchday squad, but did not play","On matchday squad, but did not play","On matchday squad, but did not play","On matchday squad, but did not play","On matchday squad, but did not play","On matchday squad, but did not play","On matchday squad, but did not play","On matchday squad, but did not play","On matchday squad, but did not play","On matchday squad, but did not play","On matchday squad, but did not play","On matchday squad, but did not play","On matchday squad, but did not play","On matchday squad, but did not play","On matchday squad, but did not play","On matchday squad, but did not play","On matchday squad, but did not play","On matchday squad, but did not play","On matchday squad, but did not play","On matchday squad, but did not play","On matchday squad, but did not play","On matchday squad, but did not play","On matchday squad, but did not play","On matchday squad, but did not play","On matchday squad, but did not play","On matchday squad, but did not play","On matchday squad, but did not play","On matchday squad, but did not play","On matchday squad, but did not play","On matchday squad, but did not play","On matchday squad, but did not play","On matchday squad, but did not play","On matchday squad, but did not play","On matchday squad, but did not play","On matchday squad, but did not play","On matchday squad, but did not play","On matchday squad, but did not play","On matchday squad, but did not play","On matchday squad, but did not play","On matchday squad, but did not play","On matchday squad, but did not play","On matchday squad, but did not play","On matchday squad, but did not play","On matchday squad, but did not play","On matchday squad, but did not play","On matchday squad, but did not play","On matchday squad, but did not play","On matchday squad, but did not play","On matchday squad, but did not play","On matchday squad, but did not play","On matchday squad, but did not play","On matchday squad, but did not play","On matchday squad, but did not play",Leicester City,Odsonne-Edouard,0562b7f1
2024-11-10,Sun,Matchweek 11,Away,L 0–3,Leicester City,Manchester Utd,N,FW,3,0,0,0,0,0,0,0,0,2,1,0,0,0.0,0.0,0.0,0,0,0,0,,0,2,0,0,0,Match Report,0,0,,0,0,0,0,,0,0,,0,0,,0,0.0,0.0,0,0,0,0,0,0,0,0,0,0,0,0,0,0,0,0,0,0,0,0,0,0,0,0,0,0,0,0,0,0,0,0,0,0,2,0,1,1,0,0,2,0,0,,0,,2,0,0,0,0,0,2,0,2,0,1,1,1,0,0,0,0,,0,0,0,0,0,1,0,0,Leicester City,Odsonne-Edouard,0562b7f1
2024-12-26,Thu,Matchweek 18,Away,L 1–3,Leicester City,Liverpool,N,"On matchday squad, but did not play","On matchday squad, but did not play","On matchday squad, but did not play","On matchday squad, but did not play","On matchday squad, but did not play","On matchday squad, but did not play","On matchday squad, but did not play","On matchday squad, but did not play","On matchday squad, but did not play","On matchday squad, but did not play","On matchday squad, but did not play","On matchday squad, but did not play","On matchday squad, but did not play","On matchday squad, but did not play","On matchday squad, but did not play","On matchday squad, but did not play","On matchday squad, but did not play","On matchday squad, but did not play","On matchday squad, but did not play","On matchday squad, but did not play","On matchday squad, but did not play","On matchday squad, but did not play","On matchday squad, but did not play","On matchday squad, but did not play","On matchday squad, but did not play","On matchday squad, but did not play","On matchday squad, but did not play",Match Report,"On matchday squad, but did not play","On matchday squad, but did not play","On matchday squad, but did not play","On matchday squad, but did not play","On matchday squad, but did not play","On matchday squad, but did not play","On matchday squad, but did not play","On matchday squad, but did not play","On matchday squad, but did not play","On matchday squad, but did not play","On matchday squad, but did not play","On matchday squad, but did not play","On matchday squad, but did not play","On matchday squad, but did not play","On matchday squad, but did not play","On matchday squad, but did not play","On matchday squad, but did not play","On matchday squad, but did not play","On matchday squad, but did not play","On matchday squad, but did not play","On matchday squad, but did not play","On matchday squad, but did not play","On matchday squad, but did not play","On matchday squad, but did not play","On matchday squad, but did not play","On matchday squad, but did not play","On matchday squad, but did not play","On matchday squad, but did not play","On matchday squad, but did not play","On matchday squad, but did not play","On matchday squad, but did not play","On matchday squad, but did not play","On matchday squad, but did not play","On matchday squad, but did not play","On matchday squad, but did not play","On matchday squad, but did not play","On matchday squad, but did not play","On matchday squad, but did not play","On matchday squad, but did not play","On matchday squad, but did not play","On matchday squad, but did not play","On matchday squad, but did not play","On matchday squad, but did not play","On matchday squad, but did not play","On matchday squad, but did not play","On matchday squad, but did not play","On matchday squad, but did not play","On matchday squad, but did not play","On matchday squad, but did not play","On matchday squad, but did not play","On matchday squad, but did not play","On matchday squad, but did not play","On matchday squad, but did not play","On matchday squad, but did not play","On matchday squad, but did not play","On matchday squad, but did not play","On matchday squad, but did not play","On matchday squad, but did not play","On matchday squad, but did not play","On matchday squad, but did not play","On matchday squad, but did not play","On matchday squad, but did not play","On matchday squad, but did not play","On matchday squad, but did not play","On matchday squad, but did not play","On matchday squad, but did not play","On matchday squad, but did not play","On matchday squad, but did not play","On matchday squad, but did not play","On matchday squad, but did not play","On matchday squad, but did not play","On matchday squad, but did not play","On matchday squad, but did not play","On matchday squad, but did not play","On matchday squad, but did not play","On matchday squad, but did not play","On matchday squad, but did not play","On matchday squad, but did not play","On matchday squad, but did not play","On matchday squad, but did not play","On matchday squad, but did not play","On matchday squad, but did not play","On matchday squad, but did not play","On matchday squad, but did not play","On matchday squad, but did not play","On matchday squad, but did not play","On matchday squad, but did not play","On matchday squad, but did not play","On matchday squad, but did not play",Leicester City,Odsonne-Edouard,0562b7f1
2025-04-12,Sat,Matchweek 32,Away,D 2–2,Leicester City,Brighton,N,RW,1,0,0,0,0,0,0,0,0,0,0,0,0,0.0,0.0,0.0,0,0,0,0,,0,0,0,0,0,Match Report,0,0,,0,0,0,0,,0,0,,0,0,,0,0.0,0.0,0,0,0,0,0,0,0,0,0,0,0,0,0,0,0,0,0,0,0,0,0,0,0,0,0,0,0,0,0,0,0,0,0,0,0,0,0,0,0,0,0,0,0,,0,,0,0,0,0,0,0,0,0,0,0,0,0,0,0,0,0,0,,0,0,0,0,0,0,0,0,Leicester City,Jake-Evans,cb7bcef0
2025-05-03,Sat,Matchweek 35,Home,W 2–0,Leicester City,Southampton,N,"LW,RW",7,0,0,0,0,0,0,0,0,2,0,0,0,0.0,0.0,0.0,0,0,1,1,100.0,0,0,0,0,0,Match Report,1,1,100.0,16,0,0,0,,1,1,100.0,0,0,,0,0.0,0.0,0,0,0,0,0,1,1,0,0,0,0,0,0,0,0,0,0,1,0,0,0,0,0,0,0,0,0,0,0,0,0,0,0,0,2,0,1,1,0,0,2,0,0,,0,,0,0,0,0,0,0,0,0,1,1,0,0,0,0,0,0,1,0.0,1,0,0,0,0,0,1,0,Leicester City,Jake-Evans,cb7bcef0
2025-05-11,Sun,Matchweek 36,Away,D 2–2,Leicester City,Nott'ham Forest,N,"On matchday squad, but did not play","On matchday squad, but did not play","On matchday squad, but did not play","On matchday squad, but did not play","On matchday squad, but did not play","On matchday squad, but did not play","On matchday squad, but did not play","On matchday squad, but did not play","On matchday squad, but did not play","On matchday squad, but did not play","On matchday squad, but did not play","On matchday squad, but did not play","On matchday squad, but did not play","On matchday squad, but did not play","On matchday squad, but did not play","On matchday squad, but did not play","On matchday squad, but did not play","On matchday squad, but did not play","On matchday squad, but did not play","On matchday squad, but did not play","On matchday squad, but did not play","On matchday squad, but did not play","On matchday squad, but did not play","On matchday squad, but did not play","On matchday squad, but did not play","On matchday squad, but did not play","On matchday squad, but did not play",Match Report,"On matchday squad, but did not play","On matchday squad, but did not play","On matchday squad, but did not play","On matchday squad, but did not play","On matchday squad, but did not play","On matchday squad, but did not play","On matchday squad, but did not play","On matchday squad, but did not play","On matchday squad, but did not play","On matchday squad, but did not play","On matchday squad, but did not play","On matchday squad, but did not play","On matchday squad, but did not play","On matchday squad, but did not play","On matchday squad, but did not play","On matchday squad, but did not play","On matchday squad, but did not play","On matchday squad, but did not play","On matchday squad, but did not play","On matchday squad, but did not play","On matchday squad, but did not play","On matchday squad, but did not play","On matchday squad, but did not play","On matchday squad, but did not play","On matchday squad, but did not play","On matchday squad, but did not play","On matchday squad, but did not play","On matchday squad, but did not play","On matchday squad, but did not play","On matchday squad, but did not play","On matchday squad, but did not play","On matchday squad, but did not play","On matchday squad, but did not play","On matchday squad, but did not play","On matchday squad, but did not play","On matchday squad, but did not play","On matchday squad, but did not play","On matchday squad, but did not play","On matchday squad, but did not play","On matchday squad, but did not play","On matchday squad, but did not play","On matchday squad, but did not play","On matchday squad, but did not play","On matchday squad, but did not play","On matchday squad, but did not play","On matchday squad, but did not play","On matchday squad, but did not play","On matchday squad, but did not play","On matchday squad, but did not play","On matchday squad, but did not play","On matchday squad, but did not play","On matchday squad, but did not play","On matchday squad, but did not play","On matchday squad, but did not play","On matchday squad, but did not play","On matchday squad, but did not play","On matchday squad, but did not play","On matchday squad, but did not play","On matchday squad, but did not play","On matchday squad, but did not play","On matchday squad, but did not play","On matchday squad, but did not play","On matchday squad, but did not play","On matchday squad, but did not play","On matchday squad, but did not play","On matchday squad, but did not play","On matchday squad, but did not play","On matchday squad, but did not play","On matchday squad, but did not play","On matchday squad, but did not play","On matchday squad, but did not play","On matchday squad, but did not play","On matchday squad, but did not play","On matchday squad, but did not play","On matchday squad, but did not play","On matchday squad, but did not play","On matchday squad, but did not play","On matchday squad, but did not play","On matchday squad, but did not play","On matchday squad, but did not play","On matchday squad, but did not play","On matchday squad, but did not play","On matchday squad, but did not play","On matchday squad, but did not play","On matchday squad, but did not play","On matchday squad, but did not play","On matchday squad, but did not play","On matchday squad, but did not play","On matchday squad, but did not play",Leicester City,Jake-Evans,cb7bcef0
2025-05-18,Sun,Matchweek 37,Home,W 2–0,Leicester City,Ipswich Town,N,RW,11,0,0,0,0,0,0,0,0,3,1,0,0,0.0,0.0,0.0,0,0,1,2,50.0,0,1,0,0,0,Match Report,1,2,50.0,8,9,1,1,100.0,0,1,0.0,0,0,,0,0.0,0.0,0,1,0,0,0,2,2,0,0,0,0,0,0,0,0,0,0,1,0,0,0,0,0,0,0,0,0,0,0,0,0,0,0,0,3,0,0,2,1,0,3,0,0,,0,,1,1,0,0,0,0,0,1,2,0,1,1,0,0,1,0,0,,0,0,0,0,0,1,0,0,Leicester City,Jake-Evans,cb7bcef0
2025-05-25,Sun,Matchweek 38,Away,L 0–2,Leicester City,Bournemouth,N,RW,5,0,0,0,0,0,0,0,0,0,0,0,0,0.0,0.0,0.0,0,0,0,0,,0,0,0,0,0,Match Report,0,0,,0,0,0,0,,0,0,,0,0,,0,0.0,0.0,0,0,0,0,0,0,0,0,0,0,0,0,0,0,0,0,0,0,0,0,0,0,0,0,0,0,0,0,0,0,0,0,0,0,0,0,0,0,0,0,0,0,0,,0,,0,0,0,0,0,0,0,0,0,0,0,0,0,0,0,0,0,,0,0,0,0,0,0,0,0,Leicester City,Jake-Evans,cb7bcef0
2025-04-12,Sat,Matchweek 32,Away,D 2–2,Leicester City,Brighton,N,"On matchday squad, but did not play","On matchday squad, but did not play","On matchday squad, but did not play","On matchday squad, but did not play","On matchday squad, but did not play","On matchday squad, but did not play","On matchday squad, but did not play","On matchday squad, but did not play","On matchday squad, but did not play","On matchday squad, but did not play","On matchday squad, but did not play","On matchday squad, but did not play","On matchday squad, but did not play","On matchday squad, but did not play","On matchday squad, but did not play","On matchday squad, but did not play","On matchday squad, but did not play","On matchday squad, but did not play","On matchday squad, but did not play","On matchday squad, but did not play","On matchday squad, but did not play","On matchday squad, but did not play","On matchday squad, but did not play","On matchday squad, but did not play","On matchday squad, but did not play","On matchday squad, but did not play","On matchday squad, but did not play",Match Report,"On matchday squad, but did not play","On matchday squad, but did not play","On matchday squad, but did not play","On matchday squad, but did not play","On matchday squad, but did not play","On matchday squad, but did not play","On matchday squad, but did not play","On matchday squad, but did not play","On matchday squad, but did not play","On matchday squad, but did not play","On matchday squad, but did not play","On matchday squad, but did not play","On matchday squad, but did not play","On matchday squad, but did not play","On matchday squad, but did not play","On matchday squad, but did not play","On matchday squad, but did not play","On matchday squad, but did not play","On matchday squad, but did not play","On matchday squad, but did not play","On matchday squad, but did not play","On matchday squad, but did not play","On matchday squad, but did not play","On matchday squad, but did not play","On matchday squad, but did not play","On matchday squad, but did not play","On matchday squad, but did not play","On matchday squad, but did not play","On matchday squad, but did not play","On matchday squad, but did not play","On matchday squad, but did not play","On matchday squad, but did not play","On matchday squad, but did not play","On matchday squad, but did not play","On matchday squad, but did not play","On matchday squad, but did not play","On matchday squad, but did not play","On matchday squad, but did not play","On matchday squad, but did not play","On matchday squad, but did not play","On matchday squad, but did not play","On matchday squad, but did not play","On matchday squad, but did not play","On matchday squad, but did not play","On matchday squad, but did not play","On matchday squad, but did not play","On matchday squad, but did not play","On matchday squad, but did not play","On matchday squad, but did not play","On matchday squad, but did not play","On matchday squad, but did not play","On matchday squad, but did not play","On matchday squad, but did not play","On matchday squad, but did not play","On matchday squad, but did not play","On matchday squad, but did not play","On matchday squad, but did not play","On matchday squad, but did not play","On matchday squad, but did not play","On matchday squad, but did not play","On matchday squad, but did not play","On matchday squad, but did not play","On matchday squad, but did not play","On matchday squad, but did not play","On matchday squad, but did not play","On matchday squad, but did not play","On matchday squad, but did not play","On matchday squad, but did not play","On matchday squad, but did not play","On matchday squad, but did not play","On matchday squad, but did not play","On matchday squad, but did not play","On matchday squad, but did not play","On matchday squad, but did not play","On matchday squad, but did not play","On matchday squad, but did not play","On matchday squad, but did not play","On matchday squad, but did not play","On matchday squad, but did not play","On matchday squad, but did not play","On matchday squad, but did not play","On matchday squad, but did not play","On matchday squad, but did not play","On matchday squad, but did not play","On matchday squad, but did not play","On matchday squad, but did not play","On matchday squad, but did not play","On matchday squad, but did not play","On matchday squad, but did not play",Leicester City,Olabade-Aluko,12bb637a
2025-05-25,Sun,Matchweek 38,Away,L 0–2,Leicester City,Bournemouth,N,LB,2,0,0,0,0,0,0,0,0,6,1,0,0,0.0,0.0,0.0,0,0,3,5,60.0,0,2,0,1,0,Match Report,3,5,60.0,39,0,2,3,66.7,1,2,50.0,0,0,,0,0.0,0.0,0,0,0,0,0,5,4,1,1,0,0,0,0,0,0,0,0,3,0,0,0,0,0,0,0,0,0,0,0,0,0,0,0,0,6,0,0,6,1,0,6,1,0,0.0,1,100.0,2,1,0,0,0,0,0,1,2,0,1,1,0,0,1,1,1,100.0,0,0,0,0,0,1,0,0,Leicester City,Olabade-Aluko,12bb637a
2024-12-26,Thu,Matchweek 18,Away,L 1–3,Leicester City,Liverpool,N,"On matchday squad, but did not play","On matchday squad, but did not play","On matchday squad, but did not play","On matchday squad, but did not play","On matchday squad, but did not play","On matchday squad, but did not play","On matchday squad, but did not play","On matchday squad, but did not play","On matchday squad, but did not play","On matchday squad, but did not play","On matchday squad, but did not play","On matchday squad, but did not play","On matchday squad, but did not play","On matchday squad, but did not play","On matchday squad, but did not play","On matchday squad, but did not play","On matchday squad, but did not play","On matchday squad, but did not play","On matchday squad, but did not play","On matchday squad, but did not play","On matchday squad, but did not play","On matchday squad, but did not play","On matchday squad, but did not play","On matchday squad, but did not play","On matchday squad, but did not play","On matchday squad, but did not play","On matchday squad, but did not play",Match Report,"On matchday squad, but did not play","On matchday squad, but did not play","On matchday squad, but did not play","On matchday squad, but did not play","On matchday squad, but did not play","On matchday squad, but did not play","On matchday squad, but did not play","On matchday squad, but did not play","On matchday squad, but did not play","On matchday squad, but did not play","On matchday squad, but did not play","On matchday squad, but did not play","On matchday squad, but did not play","On matchday squad, but did not play","On matchday squad, but did not play","On matchday squad, but did not play","On matchday squad, but did not play","On matchday squad, but did not play","On matchday squad, but did not play","On matchday squad, but did not play","On matchday squad, but did not play","On matchday squad, but did not play","On matchday squad, but did not play","On matchday squad, but did not play","On matchday squad, but did not play","On matchday squad, but did not play","On matchday squad, but did not play","On matchday squad, but did not play","On matchday squad, but did not play","On matchday squad, but did not play","On matchday squad, but did not play","On matchday squad, but did not play","On matchday squad, but did not play","On matchday squad, but did not play","On matchday squad, but did not play","On matchday squad, but did not play","On matchday squad, but did not play","On matchday squad, but did not play","On matchday squad, but did not play","On matchday squad, but did not play","On matchday squad, but did not play","On matchday squad, but did not play","On matchday squad, but did not play","On matchday squad, but did not play","On matchday squad, but did not play","On matchday squad, but did not play","On matchday squad, but did not play","On matchday squad, but did not play","On matchday squad, but did not play","On matchday squad, but did not play","On matchday squad, but did not play","On matchday squad, but did not play","On matchday squad, but did not play","On matchday squad, but did not play","On matchday squad, but did not play","On matchday squad, but did not play","On matchday squad, but did not play","On matchday squad, but did not play","On matchday squad, but did not play","On matchday squad, but did not play","On matchday squad, but did not play","On matchday squad, but did not play","On matchday squad, but did not play","On matchday squad, but did not play","On matchday squad, but did not play","On matchday squad, but did not play","On matchday squad, but did not play","On matchday squad, but did not play","On matchday squad, but did not play","On matchday squad, but did not play","On matchday squad, but did not play","On matchday squad, but did not play","On matchday squad, but did not play","On matchday squad, but did not play","On matchday squad, but did not play","On matchday squad, but did not play","On matchday squad, but did not play","On matchday squad, but did not play","On matchday squad, but did not play","On matchday squad, but did not play","On matchday squad, but did not play","On matchday squad, but did not play","On matchday squad, but did not play","On matchday squad, but did not play","On matchday squad, but did not play","On matchday squad, but did not play","On matchday squad, but did not play","On matchday squad, but did not play","On matchday squad, but did not play",Leicester City,Will-Alves,39ef5a7b
2024-12-29,Sun,Matchweek 19,Home,L 0–2,Leicester City,Manchester City,N,LW,1,0,0,0,0,0,0,0,0,1,0,0,0,0.0,0.0,0.0,0,0,1,1,100.0,0,1,0,0,0,Match Report,1,1,100.0,12,0,1,1,100.0,0,0,,0,0,,0,0.0,0.0,0,0,0,0,0,1,1,0,0,0,0,0,0,0,0,0,0,1,0,0,0,0,0,0,0,0,0,0,0,0,0,0,0,0,1,0,0,0,1,0,1,0,0,,0,,1,5,5,0,0,0,0,0,1,1,0,0,0,0,0,0,0,,0,0,0,0,0,0,0,0,Leicester City,Will-Alves,39ef5a7b
2025-01-04,Sat,Matchweek 20,Away,L 1–2,Leicester City,Aston Villa,N,"On matchday squad, but did not play","On matchday squad, but did not play","On matchday squad, but did not play","On matchday squad, but did not play","On matchday squad, but did not play","On matchday squad, but did not play","On matchday squad, but did not play","On matchday squad, but did not play","On matchday squad, but did not play","On matchday squad, but did not play","On matchday squad, but did not play","On matchday squad, but did not play","On matchday squad, but did not play","On matchday squad, but did not play","On matchday squad, but did not play","On matchday squad, but did not play","On matchday squad, but did not play","On matchday squad, but did not play","On matchday squad, but did not play","On matchday squad, but did not play","On matchday squad, but did not play","On matchday squad, but did not play","On matchday squad, but did not play","On matchday squad, but did not play","On matchday squad, but did not play","On matchday squad, but did not play","On matchday squad, but did not play",Match Report,"On matchday squad, but did not play","On matchday squad, but did not play","On matchday squad, but did not play","On matchday squad, but did not play","On matchday squad, but did not play","On matchday squad, but did not play","On matchday squad, but did not play","On matchday squad, but did not play","On matchday squad, but did not play","On matchday squad, but did not play","On matchday squad, but did not play","On matchday squad, but did not play","On matchday squad, but did not play","On matchday squad, but did not play","On matchday squad, but did not play","On matchday squad, but did not play","On matchday squad, but did not play","On matchday squad, but did not play","On matchday squad, but did not play","On matchday squad, but did not play","On matchday squad, but did not play","On matchday squad, but did not play","On matchday squad, but did not play","On matchday squad, but did not play","On matchday squad, but did not play","On matchday squad, but did not play","On matchday squad, but did not play","On matchday squad, but did not play","On matchday squad, but did not play","On matchday squad, but did not play","On matchday squad, but did not play","On matchday squad, but did not play","On matchday squad, but did not play","On matchday squad, but did not play","On matchday squad, but did not play","On matchday squad, but did not play","On matchday squad, but did not play","On matchday squad, but did not play","On matchday squad, but did not play","On matchday squad, but did not play","On matchday squad, but did not play","On matchday squad, but did not play","On matchday squad, but did not play","On matchday squad, but did not play","On matchday squad, but did not play","On matchday squad, but did not play","On matchday squad, but did not play","On matchday squad, but did not play","On matchday squad, but did not play","On matchday squad, but did not play","On matchday squad, but did not play","On matchday squad, but did not play","On matchday squad, but did not play","On matchday squad, but did not play","On matchday squad, but did not play","On matchday squad, but did not play","On matchday squad, but did not play","On matchday squad, but did not play","On matchday squad, but did not play","On matchday squad, but did not play","On matchday squad, but did not play","On matchday squad, but did not play","On matchday squad, but did not play","On matchday squad, but did not play","On matchday squad, but did not play","On matchday squad, but did not play","On matchday squad, but did not play","On matchday squad, but did not play","On matchday squad, but did not play","On matchday squad, but did not play","On matchday squad, but did not play","On matchday squad, but did not play","On matchday squad, but did not play","On matchday squad, but did not play","On matchday squad, but did not play","On matchday squad, but did not play","On matchday squad, but did not play","On matchday squad, but did not play","On matchday squad, but did not play","On matchday squad, but did not play","On matchday squad, but did not play","On matchday squad, but did not play","On matchday squad, but did not play","On matchday squad, but did not play","On matchday squad, but did not play","On matchday squad, but did not play","On matchday squad, but did not play","On matchday squad, but did not play","On matchday squad, but did not play",Leicester City,Will-Alves,39ef5a7b
2025-05-03,Sat,Matchweek 35,Home,W 2–0,Leicester City,Southampton,N,AM,1,0,0,0,0,0,0,0,0,0,0,0,0,0.0,0.0,0.0,0,0,0,0,,0,0,0,0,0,Match Report,0,0,,0,0,0,0,,0,0,,0,0,,0,0.0,0.0,0,0,0,0,0,0,0,0,0,0,0,0,0,0,0,0,0,0,0,0,0,0,0,0,0,0,0,0,0,0,0,0,0,0,0,0,0,0,0,0,0,0,0,,0,,0,0,0,0,0,0,0,0,0,0,0,0,0,0,0,0,0,,0,0,0,0,0,0,0,0,Leicester City,Michael-Golding,67c5e0e8
2025-05-25,Sun,Matchweek 38,Away,L 0–2,Leicester City,Bournemouth,N,"On matchday squad, but did not play","On matchday squad, but did not play","On matchday squad, but did not play","On matchday squad, but did not play","On matchday squad, but did not play","On matchday squad, but did not play","On matchday squad, but did not play","On matchday squad, but did not play","On matchday squad, but did not play","On matchday squad, but did not play","On matchday squad, but did not play","On matchday squad, but did not play","On matchday squad, but did not play","On matchday squad, but did not play","On matchday squad, but did not play","On matchday squad, but did not play","On matchday squad, but did not play","On matchday squad, but did not play","On matchday squad, but did not play","On matchday squad, but did not play","On matchday squad, but did not play","On matchday squad, but did not play","On matchday squad, but did not play","On matchday squad, but did not play","On matchday squad, but did not play","On matchday squad, but did not play","On matchday squad, but did not play",Match Report,"On matchday squad, but did not play","On matchday squad, but did not play","On matchday squad, but did not play","On matchday squad, but did not play","On matchday squad, but did not play","On matchday squad, but did not play","On matchday squad, but did not play","On matchday squad, but did not play","On matchday squad, but did not play","On matchday squad, but did not play","On matchday squad, but did not play","On matchday squad, but did not play","On matchday squad, but did not play","On matchday squad, but did not play","On matchday squad, but did not play","On matchday squad, but did not play","On matchday squad, but did not play","On matchday squad, but did not play","On matchday squad, but did not play","On matchday squad, but did not play","On matchday squad, but did not play","On matchday squad, but did not play","On matchday squad, but did not play","On matchday squad, but did not play","On matchday squad, but did not play","On matchday squad, but did not play","On matchday squad, but did not play","On matchday squad, but did not play","On matchday squad, but did not play","On matchday squad, but did not play","On matchday squad, but did not play","On matchday squad, but did not play","On matchday squad, but did not play","On matchday squad, but did not play","On matchday squad, but did not play","On matchday squad, but did not play","On matchday squad, but did not play","On matchday squad, but did not play","On matchday squad, but did not play","On matchday squad, but did not play","On matchday squad, but did not play","On matchday squad, but did not play","On matchday squad, but did not play","On matchday squad, but did not play","On matchday squad, but did not play","On matchday squad, but did not play","On matchday squad, but did not play","On matchday squad, but did not play","On matchday squad, but did not play","On matchday squad, but did not play","On matchday squad, but did not play","On matchday squad, but did not play","On matchday squad, but did not play","On matchday squad, but did not play","On matchday squad, but did not play","On matchday squad, but did not play","On matchday squad, but did not play","On matchday squad, but did not play","On matchday squad, but did not play","On matchday squad, but did not play","On matchday squad, but did not play","On matchday squad, but did not play","On matchday squad, but did not play","On matchday squad, but did not play","On matchday squad, but did not play","On matchday squad, but did not play","On matchday squad, but did not play","On matchday squad, but did not play","On matchday squad, but did not play","On matchday squad, but did not play","On matchday squad, but did not play","On matchday squad, but did not play","On matchday squad, but did not play","On matchday squad, but did not play","On matchday squad, but did not play","On matchday squad, but did not play","On matchday squad, but did not play","On matchday squad, but did not play","On matchday squad, but did not play","On matchday squad, but did not play","On matchday squad, but did not play","On matchday squad, but did not play","On matchday squad, but did not play","On matchday squad, but did not play","On matchday squad, but did not play","On matchday squad, but did not play","On matchday squad, but did not play","On matchday squad, but did not play","On matchday squad, but did not play",Leicester City,Michael-Golding,67c5e0e8
