Date,Day,Round,Venue,Result,Squad,Opponent,Start,Pos,Min,Performance Gls,Performance Ast,Performance PK,Performance PKatt,Performance Sh,Performance SoT,Performance CrdY_x,Performance CrdR_x,Performance Touches,Performance Tkl,Performance Int_x,Performance Blocks,Expected xG,Expected npxG,Expected xAG,SCA SCA,SCA GCA,Passes Cmp,Passes Att,Passes Cmp%,Passes PrgP,Carries Carries_x,Carries PrgC_x,Take-Ons Att_x,Take-Ons Succ_x,Report,Total Cmp,Total Att,Total Cmp%,Total TotDist,Total PrgDist,Short Cmp,Short Att,Short Cmp%,Medium Cmp,Medium Att,Medium Cmp%,Long Cmp,Long Att,Long Cmp%,Ast,xAG,xA,KP,1/3,PPA,CrsPA,PrgP,Att,Pass Types Live,Pass Types Dead,Pass Types FK,Pass Types TB,Pass Types Sw,Pass Types Crs,Pass Types TI,Pass Types CK,Corner Kicks In,Corner Kicks Out,Corner Kicks Str,Outcomes Cmp,Outcomes Off,Outcomes Blocks,SCA Types SCA,SCA Types PassLive,SCA Types PassDead,SCA Types TO,SCA Types Sh,SCA Types Fld,SCA Types Def,GCA Types GCA,GCA Types PassLive,GCA Types PassDead,GCA Types TO,GCA Types Sh,GCA Types Fld,GCA Types Def,Touches Touches,Touches Def Pen,Touches Def 3rd,Touches Mid 3rd,Touches Att 3rd,Touches Att Pen,Touches Live,Take-Ons Att_y,Take-Ons Succ_y,Take-Ons Succ%,Take-Ons Tkld,Take-Ons Tkld%,Carries Carries_y,Carries TotDist,Carries PrgDist,Carries PrgC_y,Carries 1/3,Carries CPA,Carries Mis,Carries Dis,Receiving Rec,Receiving PrgR,Tackles Tkl,Tackles TklW,Tackles Def 3rd,Tackles Mid 3rd,Tackles Att 3rd,Challenges Tkl,Challenges Att,Challenges Tkl%,Challenges Lost,Blocks Blocks,Blocks Sh,Blocks Pass,Int,Tkl+Int,Clr,Err,Performance CrdY_y,Performance CrdR_y,Performance 2CrdY,Performance Fls,Performance Fld,Performance Off,Performance Crs,Performance Int_y,Performance TklW,Performance PKwon,Performance PKcon,Performance OG,Performance Recov,Aerial Duels Won,Aerial Duels Lost,Aerial Duels Won%,team,player_name,player_id
2025-08-16,Sat,Matchweek 1,Away,D 1–1,Fulham,Brighton,Y*,GK,90.0,0.0,0.0,0.0,0.0,0.0,0.0,0.0,0.0,54.0,0.0,0.0,0.0,0.0,0.0,0.0,0.0,0.0,40.0,53.0,75.5,0.0,39.0,0.0,0.0,0.0,Match Report,40.0,53.0,75.5,1024.0,740.0,9.0,9.0,100.0,20.0,20.0,100.0,11.0,24.0,45.8,0.0,0.0,0.0,0.0,0.0,0.0,0.0,0.0,53.0,41.0,12.0,4.0,0.0,0.0,0.0,0.0,0.0,0.0,0.0,0.0,40.0,0.0,0.0,0.0,0.0,0.0,0.0,0.0,0.0,0.0,0.0,0.0,0.0,0.0,0.0,0.0,0.0,54.0,47.0,54.0,0.0,0.0,0.0,54.0,0.0,0.0,,0.0,,39.0,151.0,71.0,0.0,0.0,0.0,0.0,0.0,34.0,0.0,0.0,0.0,0.0,0.0,0.0,0.0,0.0,,0.0,0.0,0.0,0.0,0.0,0.0,1.0,0.0,0.0,0.0,0.0,0.0,1.0,0.0,0.0,0.0,0.0,0.0,0.0,0.0,0.0,0.0,0.0,,Fulham,Bernd-Leno,2628fd2b
2025-08-24,Sun,Matchweek 2,Home,D 1–1,Fulham,Manchester Utd,Y*,GK,90.0,0.0,0.0,0.0,0.0,0.0,0.0,0.0,0.0,44.0,0.0,0.0,0.0,0.0,0.0,0.0,0.0,0.0,29.0,40.0,72.5,0.0,32.0,0.0,0.0,0.0,Match Report,29.0,40.0,72.5,703.0,403.0,5.0,5.0,100.0,18.0,18.0,100.0,6.0,17.0,35.3,0.0,0.0,0.0,0.0,0.0,0.0,0.0,0.0,40.0,33.0,7.0,0.0,0.0,0.0,0.0,0.0,0.0,0.0,0.0,0.0,29.0,0.0,0.0,0.0,0.0,0.0,0.0,0.0,0.0,0.0,0.0,0.0,0.0,0.0,0.0,0.0,0.0,44.0,41.0,44.0,0.0,0.0,0.0,44.0,0.0,0.0,,0.0,,32.0,84.0,40.0,0.0,0.0,0.0,0.0,0.0,27.0,0.0,0.0,0.0,0.0,0.0,0.0,0.0,0.0,,0.0,0.0,0.0,0.0,0.0,0.0,0.0,0.0,0.0,0.0,0.0,0.0,0.0,0.0,0.0,0.0,0.0,0.0,0.0,0.0,2.0,1.0,0.0,100.0,Fulham,Bernd-Leno,2628fd2b
2025-08-30,Sat,Matchweek 3,Away,L 0–2,Fulham,Chelsea,Y*,GK,90.0,0.0,0.0,0.0,0.0,0.0,0.0,0.0,0.0,56.0,1.0,0.0,0.0,0.0,0.0,0.0,0.0,0.0,36.0,52.0,69.2,0.0,42.0,0.0,0.0,0.0,Match Report,36.0,52.0,69.2,838.0,506.0,11.0,11.0,100.0,18.0,18.0,100.0,7.0,23.0,30.4,0.0,0.0,0.0,0.0,0.0,0.0,0.0,0.0,52.0,43.0,9.0,3.0,0.0,0.0,0.0,0.0,0.0,0.0,0.0,0.0,36.0,0.0,0.0,0.0,0.0,0.0,0.0,0.0,0.0,0.0,0.0,0.0,0.0,0.0,0.0,0.0,0.0,56.0,50.0,56.0,0.0,0.0,0.0,56.0,0.0,0.0,,0.0,,42.0,192.0,110.0,0.0,0.0,0.0,0.0,0.0,31.0,0.0,1.0,0.0,1.0,0.0,0.0,1.0,1.0,100.0,0.0,0.0,0.0,0.0,0.0,1.0,0.0,0.0,0.0,0.0,0.0,0.0,0.0,0.0,0.0,0.0,0.0,0.0,0.0,0.0,3.0,0.0,0.0,,Fulham,Bernd-Leno,2628fd2b
2025-09-13,Sat,Matchweek 4,Home,W 1–0,Fulham,Leeds United,Y,GK,90.0,0.0,0.0,0.0,0.0,0.0,0.0,0.0,0.0,30.0,0.0,0.0,0.0,0.0,0.0,0.0,0.0,0.0,27.0,29.0,93.1,0.0,18.0,0.0,0.0,0.0,Match Report,27.0,29.0,93.1,470.0,392.0,9.0,9.0,100.0,17.0,17.0,100.0,1.0,2.0,50.0,0.0,0.0,0.0,0.0,0.0,0.0,0.0,0.0,29.0,22.0,6.0,1.0,0.0,0.0,0.0,0.0,0.0,0.0,0.0,0.0,27.0,1.0,0.0,0.0,0.0,0.0,0.0,0.0,0.0,0.0,0.0,0.0,0.0,0.0,0.0,0.0,0.0,30.0,27.0,30.0,0.0,0.0,0.0,30.0,0.0,0.0,,0.0,,18.0,65.0,41.0,0.0,0.0,0.0,0.0,0.0,16.0,0.0,0.0,0.0,0.0,0.0,0.0,0.0,0.0,,0.0,0.0,0.0,0.0,0.0,0.0,0.0,0.0,0.0,0.0,0.0,0.0,0.0,0.0,0.0,0.0,0.0,0.0,0.0,0.0,2.0,0.0,0.0,,Fulham,Bernd-Leno,2628fd2b
2025-09-20,Sat,Matchweek 5,Home,W 3–1,Fulham,Brentford,Y,GK,90.0,0.0,0.0,0.0,0.0,0.0,0.0,1.0,0.0,41.0,0.0,0.0,0.0,0.0,0.0,0.0,0.0,0.0,29.0,40.0,72.5,0.0,26.0,0.0,0.0,0.0,Match Report,29.0,40.0,72.5,740.0,468.0,4.0,4.0,100.0,19.0,19.0,100.0,6.0,17.0,35.3,0.0,0.0,0.0,0.0,0.0,0.0,0.0,0.0,40.0,30.0,10.0,6.0,0.0,0.0,0.0,0.0,0.0,0.0,0.0,0.0,29.0,0.0,0.0,0.0,0.0,0.0,0.0,0.0,0.0,0.0,0.0,0.0,0.0,0.0,0.0,0.0,0.0,41.0,34.0,41.0,0.0,0.0,0.0,41.0,0.0,0.0,,0.0,,26.0,97.0,64.0,0.0,0.0,0.0,0.0,0.0,24.0,0.0,0.0,0.0,0.0,0.0,0.0,0.0,0.0,,0.0,0.0,0.0,0.0,0.0,0.0,0.0,0.0,1.0,0.0,0.0,0.0,2.0,0.0,0.0,0.0,0.0,0.0,0.0,0.0,0.0,1.0,0.0,100.0,Fulham,Bernd-Leno,2628fd2b
2025-09-28,Sun,Matchweek 6,Away,L 1–3,Fulham,Aston Villa,Y,GK,90.0,0.0,0.0,0.0,0.0,0.0,0.0,0.0,0.0,34.0,0.0,0.0,0.0,0.0,0.0,0.0,0.0,0.0,29.0,33.0,87.9,0.0,27.0,0.0,0.0,0.0,Match Report,29.0,33.0,87.9,646.0,299.0,5.0,5.0,100.0,21.0,21.0,100.0,3.0,7.0,42.9,0.0,0.0,0.0,0.0,0.0,0.0,0.0,0.0,33.0,32.0,1.0,1.0,0.0,0.0,0.0,0.0,0.0,0.0,0.0,0.0,29.0,0.0,0.0,0.0,0.0,0.0,0.0,0.0,0.0,0.0,0.0,0.0,0.0,0.0,0.0,0.0,0.0,34.0,27.0,34.0,0.0,0.0,0.0,34.0,0.0,0.0,,0.0,,27.0,116.0,47.0,0.0,0.0,0.0,0.0,0.0,20.0,0.0,0.0,0.0,0.0,0.0,0.0,0.0,0.0,,0.0,0.0,0.0,0.0,0.0,0.0,1.0,0.0,0.0,0.0,0.0,0.0,0.0,0.0,0.0,0.0,0.0,0.0,0.0,0.0,3.0,0.0,0.0,,Fulham,Bernd-Leno,2628fd2b
2025-10-03,Fri,Matchweek 7,Away,L 1–3,Fulham,Bournemouth,Y,GK,90.0,0.0,0.0,0.0,0.0,0.0,0.0,0.0,0.0,31.0,0.0,0.0,0.0,0.0,0.0,0.0,0.0,0.0,24.0,29.0,82.8,0.0,17.0,0.0,0.0,0.0,Match Report,24.0,29.0,82.8,571.0,344.0,9.0,9.0,100.0,11.0,11.0,100.0,4.0,9.0,44.4,0.0,0.0,0.0,0.0,1.0,0.0,0.0,0.0,29.0,22.0,7.0,2.0,0.0,0.0,0.0,0.0,0.0,0.0,0.0,0.0,24.0,0.0,0.0,0.0,0.0,0.0,0.0,0.0,0.0,0.0,0.0,0.0,0.0,0.0,0.0,0.0,0.0,31.0,30.0,31.0,0.0,0.0,0.0,31.0,0.0,0.0,,0.0,,17.0,86.0,38.0,0.0,0.0,0.0,0.0,0.0,17.0,0.0,0.0,0.0,0.0,0.0,0.0,0.0,0.0,,0.0,0.0,0.0,0.0,0.0,0.0,0.0,0.0,0.0,0.0,0.0,0.0,0.0,0.0,0.0,0.0,0.0,0.0,0.0,0.0,1.0,0.0,0.0,,Fulham,Bernd-Leno,2628fd2b
2025-10-18,Sat,Matchweek 8,Home,L 0–1,Fulham,Arsenal,Y,GK,90.0,0.0,0.0,0.0,0.0,0.0,0.0,0.0,0.0,46.0,0.0,0.0,0.0,0.0,0.0,0.0,0.0,0.0,30.0,42.0,71.4,0.0,30.0,0.0,0.0,0.0,Match Report,30.0,42.0,71.4,876.0,686.0,6.0,6.0,100.0,14.0,14.0,100.0,10.0,22.0,45.5,0.0,0.0,0.0,0.0,0.0,0.0,0.0,0.0,42.0,34.0,8.0,1.0,0.0,0.0,0.0,0.0,0.0,0.0,0.0,0.0,30.0,0.0,0.0,0.0,0.0,0.0,0.0,0.0,0.0,0.0,0.0,0.0,0.0,0.0,0.0,0.0,0.0,46.0,42.0,46.0,0.0,0.0,0.0,46.0,0.0,0.0,,0.0,,30.0,140.0,61.0,0.0,0.0,0.0,0.0,0.0,21.0,0.0,0.0,0.0,0.0,0.0,0.0,0.0,0.0,,0.0,0.0,0.0,0.0,0.0,0.0,0.0,0.0,0.0,0.0,0.0,0.0,0.0,0.0,0.0,0.0,0.0,0.0,0.0,0.0,3.0,1.0,0.0,100.0,Fulham,Bernd-Leno,2628fd2b
2025-10-25,Sat,Matchweek 9,Away,L 1–2,Fulham,Newcastle Utd,Y*,GK,90.0,0.0,0.0,0.0,0.0,0.0,0.0,0.0,0.0,46.0,0.0,0.0,0.0,0.0,0.0,0.0,0.0,0.0,28.0,42.0,66.7,0.0,30.0,0.0,0.0,0.0,Match Report,28.0,42.0,66.7,732.0,416.0,1.0,1.0,100.0,18.0,18.0,100.0,9.0,23.0,39.1,0.0,0.0,0.0,0.0,0.0,0.0,0.0,0.0,42.0,34.0,8.0,2.0,0.0,0.0,0.0,0.0,0.0,0.0,0.0,0.0,28.0,0.0,0.0,0.0,0.0,0.0,0.0,0.0,0.0,0.0,0.0,0.0,0.0,0.0,0.0,0.0,0.0,46.0,36.0,46.0,0.0,0.0,0.0,46.0,0.0,0.0,,0.0,,30.0,110.0,64.0,0.0,0.0,0.0,0.0,0.0,28.0,0.0,0.0,0.0,0.0,0.0,0.0,0.0,0.0,,0.0,0.0,0.0,0.0,0.0,0.0,0.0,0.0,0.0,0.0,0.0,0.0,0.0,0.0,0.0,0.0,0.0,0.0,0.0,0.0,1.0,1.0,0.0,100.0,Fulham,Bernd-Leno,2628fd2b
2025-08-16,Sat,Matchweek 1,Away,D 1–1,Fulham,Brighton,Y,DM,65.0,0.0,0.0,0.0,0.0,0.0,0.0,0.0,0.0,27.0,1.0,0.0,1.0,0.0,0.0,0.0,1.0,0.0,21.0,23.0,91.3,4.0,15.0,1.0,0.0,0.0,Match Report,21.0,23.0,91.3,345.0,116.0,10.0,11.0,90.9,10.0,11.0,90.9,1.0,1.0,100.0,0.0,0.0,0.0,0.0,2.0,0.0,0.0,4.0,23.0,23.0,0.0,0.0,0.0,0.0,0.0,0.0,0.0,0.0,0.0,0.0,21.0,0.0,0.0,1.0,1.0,0.0,0.0,0.0,0.0,0.0,0.0,0.0,0.0,0.0,0.0,0.0,0.0,27.0,1.0,7.0,18.0,2.0,0.0,27.0,0.0,0.0,,0.0,,15.0,70.0,37.0,1.0,1.0,0.0,0.0,0.0,17.0,0.0,1.0,1.0,1.0,0.0,0.0,0.0,0.0,,0.0,1.0,1.0,0.0,0.0,1.0,0.0,0.0,0.0,0.0,0.0,2.0,0.0,0.0,0.0,0.0,1.0,0.0,1.0,0.0,0.0,0.0,0.0,,Fulham,Sander-Berge,d0b6129f
2025-08-24,Sun,Matchweek 2,Home,D 1–1,Fulham,Manchester Utd,Y,DM,90.0,0.0,0.0,0.0,0.0,0.0,0.0,0.0,0.0,55.0,0.0,1.0,1.0,0.0,0.0,0.0,2.0,0.0,42.0,48.0,87.5,7.0,36.0,1.0,2.0,0.0,Match Report,42.0,48.0,87.5,675.0,203.0,21.0,22.0,95.5,17.0,19.0,89.5,3.0,3.0,100.0,0.0,0.0,0.0,0.0,5.0,2.0,0.0,7.0,48.0,48.0,0.0,0.0,0.0,1.0,0.0,0.0,0.0,0.0,0.0,0.0,42.0,0.0,2.0,2.0,2.0,0.0,0.0,0.0,0.0,0.0,0.0,0.0,0.0,0.0,0.0,0.0,0.0,55.0,2.0,9.0,36.0,10.0,1.0,55.0,2.0,0.0,0.0,2.0,100.0,36.0,159.0,84.0,1.0,0.0,1.0,0.0,0.0,38.0,0.0,0.0,0.0,0.0,0.0,0.0,0.0,1.0,0.0,1.0,1.0,0.0,1.0,1.0,1.0,1.0,0.0,0.0,0.0,0.0,0.0,1.0,0.0,0.0,1.0,0.0,0.0,0.0,0.0,1.0,2.0,2.0,50.0,Fulham,Sander-Berge,d0b6129f
2025-08-30,Sat,Matchweek 3,Away,L 0–2,Fulham,Chelsea,Y,DM,90.0,0.0,0.0,0.0,0.0,1.0,0.0,0.0,0.0,47.0,2.0,1.0,1.0,0.4,0.4,0.0,1.0,0.0,33.0,39.0,84.6,3.0,25.0,0.0,1.0,0.0,Match Report,33.0,39.0,84.6,549.0,190.0,13.0,14.0,92.9,20.0,21.0,95.2,0.0,2.0,0.0,0.0,0.0,0.0,0.0,4.0,0.0,0.0,3.0,39.0,38.0,1.0,1.0,0.0,2.0,0.0,0.0,0.0,0.0,0.0,0.0,33.0,0.0,0.0,1.0,1.0,0.0,0.0,0.0,0.0,0.0,0.0,0.0,0.0,0.0,0.0,0.0,0.0,47.0,4.0,16.0,30.0,2.0,1.0,47.0,1.0,0.0,0.0,1.0,100.0,25.0,86.0,32.0,0.0,0.0,0.0,0.0,1.0,27.0,0.0,2.0,2.0,1.0,1.0,0.0,1.0,2.0,50.0,1.0,1.0,1.0,0.0,1.0,3.0,0.0,0.0,0.0,0.0,0.0,2.0,0.0,0.0,0.0,1.0,2.0,0.0,0.0,0.0,7.0,1.0,1.0,50.0,Fulham,Sander-Berge,d0b6129f
2025-09-13,Sat,Matchweek 4,Home,W 1–0,Fulham,Leeds United,Y,DM,83.0,0.0,0.0,0.0,0.0,0.0,0.0,1.0,0.0,62.0,3.0,1.0,2.0,0.0,0.0,0.2,1.0,0.0,49.0,52.0,94.2,3.0,33.0,0.0,0.0,0.0,Match Report,49.0,52.0,94.2,889.0,159.0,19.0,20.0,95.0,25.0,26.0,96.2,4.0,4.0,100.0,0.0,0.2,0.2,1.0,1.0,1.0,1.0,3.0,52.0,48.0,4.0,3.0,0.0,0.0,1.0,1.0,0.0,0.0,0.0,0.0,49.0,0.0,1.0,1.0,1.0,0.0,0.0,0.0,0.0,0.0,0.0,0.0,0.0,0.0,0.0,0.0,0.0,62.0,4.0,14.0,40.0,8.0,0.0,62.0,0.0,0.0,,0.0,,33.0,157.0,73.0,0.0,1.0,0.0,1.0,0.0,38.0,2.0,3.0,2.0,1.0,1.0,1.0,2.0,2.0,100.0,0.0,2.0,2.0,0.0,1.0,4.0,2.0,0.0,1.0,0.0,0.0,4.0,0.0,0.0,1.0,1.0,2.0,0.0,0.0,0.0,6.0,1.0,0.0,100.0,Fulham,Sander-Berge,d0b6129f
2025-09-20,Sat,Matchweek 5,Home,W 3–1,Fulham,Brentford,Y,DM,90.0,0.0,0.0,0.0,0.0,0.0,0.0,0.0,0.0,49.0,1.0,0.0,0.0,0.0,0.0,0.0,1.0,0.0,32.0,40.0,80.0,3.0,22.0,2.0,0.0,0.0,Match Report,32.0,40.0,80.0,502.0,107.0,17.0,22.0,77.3,14.0,15.0,93.3,1.0,1.0,100.0,0.0,0.0,0.0,1.0,3.0,0.0,0.0,3.0,40.0,40.0,0.0,0.0,0.0,0.0,1.0,0.0,0.0,0.0,0.0,0.0,32.0,0.0,1.0,1.0,1.0,0.0,0.0,0.0,0.0,0.0,0.0,0.0,0.0,0.0,0.0,0.0,0.0,49.0,4.0,19.0,24.0,6.0,1.0,49.0,0.0,0.0,,0.0,,22.0,111.0,66.0,2.0,1.0,0.0,1.0,1.0,27.0,2.0,1.0,1.0,0.0,1.0,0.0,0.0,0.0,,0.0,0.0,0.0,0.0,0.0,1.0,4.0,0.0,0.0,0.0,0.0,0.0,0.0,0.0,1.0,0.0,1.0,0.0,0.0,0.0,5.0,1.0,0.0,100.0,Fulham,Sander-Berge,d0b6129f
2025-09-28,Sun,Matchweek 6,Away,L 1–3,Fulham,Aston Villa,Y,DM,90.0,0.0,0.0,0.0,0.0,0.0,0.0,0.0,0.0,62.0,1.0,2.0,0.0,0.0,0.0,0.0,1.0,0.0,47.0,55.0,85.5,5.0,44.0,2.0,1.0,0.0,Match Report,47.0,55.0,85.5,784.0,171.0,19.0,21.0,90.5,27.0,28.0,96.4,1.0,2.0,50.0,0.0,0.0,0.0,0.0,2.0,0.0,0.0,5.0,55.0,54.0,1.0,1.0,0.0,0.0,0.0,0.0,0.0,0.0,0.0,0.0,47.0,0.0,2.0,1.0,1.0,0.0,0.0,0.0,0.0,0.0,0.0,0.0,0.0,0.0,0.0,0.0,0.0,62.0,0.0,15.0,41.0,6.0,0.0,62.0,1.0,0.0,0.0,1.0,100.0,44.0,255.0,121.0,2.0,3.0,0.0,1.0,0.0,44.0,0.0,1.0,1.0,1.0,0.0,0.0,0.0,0.0,,0.0,0.0,0.0,0.0,2.0,3.0,0.0,0.0,0.0,0.0,0.0,1.0,1.0,0.0,0.0,2.0,1.0,0.0,0.0,0.0,3.0,2.0,2.0,50.0,Fulham,Sander-Berge,d0b6129f
2025-10-03,Fri,Matchweek 7,Away,L 1–3,Fulham,Bournemouth,Y,"CM,DM",90.0,0.0,0.0,0.0,0.0,0.0,0.0,0.0,0.0,56.0,2.0,0.0,4.0,0.0,0.0,0.0,1.0,0.0,42.0,48.0,87.5,4.0,39.0,3.0,0.0,0.0,Match Report,42.0,48.0,87.5,676.0,198.0,24.0,27.0,88.9,15.0,17.0,88.2,3.0,3.0,100.0,0.0,0.0,0.0,0.0,3.0,1.0,0.0,4.0,48.0,47.0,1.0,1.0,0.0,0.0,0.0,0.0,0.0,0.0,0.0,0.0,42.0,0.0,1.0,1.0,1.0,0.0,0.0,0.0,0.0,0.0,0.0,0.0,0.0,0.0,0.0,0.0,0.0,56.0,0.0,14.0,29.0,13.0,0.0,56.0,0.0,0.0,,0.0,,39.0,209.0,150.0,3.0,2.0,0.0,0.0,2.0,38.0,0.0,2.0,1.0,1.0,1.0,0.0,2.0,3.0,66.7,1.0,4.0,0.0,4.0,0.0,2.0,0.0,0.0,0.0,0.0,0.0,0.0,0.0,0.0,0.0,0.0,1.0,0.0,0.0,0.0,8.0,1.0,2.0,33.3,Fulham,Sander-Berge,d0b6129f
2025-10-18,Sat,Matchweek 8,Home,L 0–1,Fulham,Arsenal,Y,DM,90.0,0.0,0.0,0.0,0.0,0.0,0.0,0.0,0.0,39.0,1.0,0.0,0.0,0.0,0.0,0.0,1.0,0.0,32.0,34.0,94.1,3.0,26.0,0.0,0.0,0.0,Match Report,32.0,34.0,94.1,552.0,194.0,13.0,13.0,100.0,18.0,19.0,94.7,1.0,1.0,100.0,0.0,0.0,0.0,1.0,3.0,1.0,0.0,3.0,34.0,34.0,0.0,0.0,0.0,0.0,0.0,0.0,0.0,0.0,0.0,0.0,32.0,0.0,1.0,1.0,1.0,0.0,0.0,0.0,0.0,0.0,0.0,0.0,0.0,0.0,0.0,0.0,0.0,39.0,4.0,17.0,20.0,2.0,0.0,39.0,0.0,0.0,,0.0,,26.0,119.0,25.0,0.0,1.0,0.0,0.0,0.0,29.0,0.0,1.0,0.0,1.0,0.0,0.0,0.0,0.0,,0.0,0.0,0.0,0.0,0.0,1.0,1.0,0.0,0.0,0.0,0.0,1.0,0.0,0.0,0.0,0.0,0.0,0.0,0.0,0.0,3.0,0.0,1.0,0.0,Fulham,Sander-Berge,d0b6129f
2025-10-25,Sat,Matchweek 9,Away,L 1–2,Fulham,Newcastle Utd,Y,DM,90.0,0.0,0.0,0.0,0.0,1.0,1.0,0.0,0.0,56.0,0.0,0.0,2.0,0.0,0.0,0.1,4.0,0.0,43.0,49.0,87.8,10.0,35.0,2.0,0.0,0.0,Match Report,43.0,49.0,87.8,820.0,224.0,16.0,19.0,84.2,20.0,21.0,95.2,5.0,7.0,71.4,0.0,0.1,0.0,1.0,11.0,0.0,0.0,10.0,49.0,49.0,0.0,0.0,0.0,2.0,1.0,0.0,0.0,0.0,0.0,0.0,43.0,0.0,0.0,4.0,3.0,0.0,0.0,1.0,0.0,0.0,0.0,0.0,0.0,0.0,0.0,0.0,0.0,56.0,3.0,12.0,37.0,7.0,1.0,56.0,0.0,0.0,,0.0,,35.0,225.0,103.0,2.0,1.0,1.0,0.0,0.0,39.0,0.0,0.0,0.0,0.0,0.0,0.0,0.0,0.0,,0.0,2.0,0.0,2.0,0.0,0.0,4.0,0.0,0.0,0.0,0.0,1.0,0.0,0.0,1.0,0.0,0.0,0.0,0.0,0.0,3.0,1.0,2.0,33.3,Fulham,Sander-Berge,d0b6129f
2025-08-16,Sat,Matchweek 1,Away,D 1–1,Fulham,Brighton,Y,LW,65.0,0.0,0.0,0.0,0.0,1.0,0.0,0.0,0.0,35.0,0.0,0.0,0.0,0.0,0.0,0.4,3.0,0.0,21.0,28.0,75.0,4.0,29.0,5.0,3.0,1.0,Match Report,21.0,28.0,75.0,405.0,180.0,9.0,11.0,81.8,9.0,12.0,75.0,3.0,3.0,100.0,0.0,0.4,0.3,3.0,3.0,6.0,2.0,4.0,28.0,26.0,2.0,1.0,0.0,0.0,3.0,1.0,0.0,0.0,0.0,0.0,21.0,0.0,0.0,3.0,3.0,0.0,0.0,0.0,0.0,0.0,0.0,0.0,0.0,0.0,0.0,0.0,0.0,35.0,2.0,3.0,14.0,19.0,0.0,35.0,3.0,1.0,33.3,1.0,33.3,29.0,202.0,100.0,5.0,3.0,0.0,2.0,1.0,29.0,9.0,0.0,0.0,0.0,0.0,0.0,0.0,0.0,,0.0,0.0,0.0,0.0,0.0,0.0,0.0,0.0,0.0,0.0,0.0,0.0,1.0,0.0,3.0,0.0,0.0,0.0,0.0,0.0,2.0,0.0,1.0,0.0,Fulham,Alex-Iwobi,6ca5ec4b
2025-08-24,Sun,Matchweek 2,Home,D 1–1,Fulham,Manchester Utd,Y,LW,90.0,0.0,1.0,0.0,0.0,3.0,1.0,0.0,0.0,64.0,0.0,1.0,1.0,0.1,0.1,0.7,4.0,1.0,43.0,56.0,76.8,9.0,44.0,8.0,2.0,0.0,Match Report,43.0,56.0,76.8,655.0,177.0,20.0,24.0,83.3,19.0,23.0,82.6,1.0,3.0,33.3,1.0,0.7,0.2,1.0,3.0,4.0,0.0,9.0,56.0,54.0,0.0,0.0,1.0,0.0,2.0,0.0,0.0,0.0,0.0,0.0,43.0,2.0,1.0,4.0,3.0,0.0,0.0,1.0,0.0,0.0,1.0,1.0,0.0,0.0,0.0,0.0,0.0,64.0,1.0,7.0,28.0,30.0,3.0,64.0,2.0,0.0,0.0,2.0,100.0,44.0,284.0,178.0,8.0,6.0,1.0,0.0,0.0,47.0,4.0,0.0,0.0,0.0,0.0,0.0,0.0,0.0,,0.0,1.0,0.0,1.0,1.0,1.0,1.0,0.0,0.0,0.0,0.0,0.0,0.0,0.0,2.0,1.0,0.0,0.0,0.0,0.0,2.0,0.0,1.0,0.0,Fulham,Alex-Iwobi,6ca5ec4b
2025-08-30,Sat,Matchweek 3,Away,L 0–2,Fulham,Chelsea,Y,LW,83.0,0.0,0.0,0.0,0.0,1.0,0.0,1.0,0.0,55.0,3.0,1.0,1.0,0.0,0.0,0.0,0.0,0.0,36.0,49.0,73.5,8.0,46.0,6.0,1.0,0.0,Match Report,36.0,49.0,73.5,713.0,202.0,12.0,16.0,75.0,17.0,23.0,73.9,6.0,8.0,75.0,0.0,0.0,0.1,0.0,3.0,2.0,0.0,8.0,49.0,49.0,0.0,0.0,1.0,0.0,0.0,0.0,0.0,0.0,0.0,0.0,36.0,0.0,0.0,0.0,0.0,0.0,0.0,0.0,0.0,0.0,0.0,0.0,0.0,0.0,0.0,0.0,0.0,55.0,1.0,11.0,33.0,14.0,0.0,55.0,1.0,0.0,0.0,1.0,100.0,46.0,246.0,151.0,6.0,4.0,0.0,1.0,1.0,46.0,3.0,3.0,1.0,2.0,1.0,0.0,1.0,2.0,50.0,1.0,1.0,0.0,1.0,1.0,4.0,0.0,0.0,1.0,0.0,0.0,2.0,1.0,0.0,0.0,1.0,1.0,0.0,0.0,0.0,5.0,0.0,1.0,0.0,Fulham,Alex-Iwobi,6ca5ec4b
2025-09-13,Sat,Matchweek 4,Home,W 1–0,Fulham,Leeds United,Y,LW,75.0,0.0,0.0,0.0,0.0,0.0,0.0,0.0,0.0,37.0,1.0,0.0,2.0,0.0,0.0,0.0,0.0,0.0,17.0,27.0,63.0,3.0,22.0,0.0,4.0,1.0,Match Report,17.0,27.0,63.0,318.0,84.0,5.0,9.0,55.6,10.0,12.0,83.3,2.0,6.0,33.3,0.0,0.0,0.0,0.0,3.0,1.0,0.0,3.0,27.0,25.0,2.0,0.0,0.0,1.0,2.0,2.0,0.0,0.0,0.0,0.0,17.0,0.0,3.0,0.0,0.0,0.0,0.0,0.0,0.0,0.0,0.0,0.0,0.0,0.0,0.0,0.0,0.0,37.0,0.0,4.0,18.0,16.0,0.0,37.0,4.0,1.0,25.0,3.0,75.0,22.0,135.0,55.0,0.0,0.0,0.0,2.0,0.0,25.0,5.0,1.0,1.0,1.0,0.0,0.0,0.0,1.0,0.0,1.0,2.0,0.0,2.0,0.0,1.0,0.0,0.0,0.0,0.0,0.0,1.0,0.0,0.0,2.0,0.0,1.0,0.0,0.0,0.0,3.0,0.0,1.0,0.0,Fulham,Alex-Iwobi,6ca5ec4b
2025-09-20,Sat,Matchweek 5,Home,W 3–1,Fulham,Brentford,Y,"LW,AM",79.0,1.0,1.0,0.0,0.0,2.0,1.0,0.0,0.0,51.0,0.0,0.0,2.0,0.2,0.2,0.2,5.0,1.0,40.0,45.0,88.9,7.0,41.0,5.0,3.0,2.0,Match Report,40.0,45.0,88.9,658.0,214.0,19.0,21.0,90.5,19.0,20.0,95.0,2.0,3.0,66.7,1.0,0.2,0.2,2.0,6.0,5.0,2.0,7.0,45.0,45.0,0.0,0.0,1.0,0.0,2.0,0.0,0.0,0.0,0.0,0.0,40.0,0.0,1.0,5.0,5.0,0.0,0.0,0.0,0.0,0.0,1.0,1.0,0.0,0.0,0.0,0.0,0.0,51.0,0.0,8.0,33.0,12.0,1.0,51.0,3.0,2.0,66.7,1.0,33.3,41.0,235.0,149.0,5.0,5.0,0.0,1.0,1.0,43.0,6.0,0.0,0.0,0.0,0.0,0.0,0.0,1.0,0.0,1.0,2.0,0.0,2.0,0.0,0.0,0.0,0.0,0.0,0.0,0.0,0.0,0.0,0.0,2.0,0.0,0.0,0.0,0.0,0.0,5.0,0.0,1.0,0.0,Fulham,Alex-Iwobi,6ca5ec4b
2025-09-28,Sun,Matchweek 6,Away,L 1–3,Fulham,Aston Villa,Y,LW,64.0,0.0,0.0,0.0,0.0,0.0,0.0,0.0,0.0,25.0,0.0,0.0,0.0,0.0,0.0,0.0,2.0,0.0,22.0,23.0,95.7,2.0,16.0,0.0,1.0,0.0,Match Report,22.0,23.0,95.7,443.0,150.0,9.0,9.0,100.0,9.0,10.0,90.0,4.0,4.0,100.0,0.0,0.0,0.2,0.0,2.0,1.0,1.0,2.0,23.0,23.0,0.0,0.0,1.0,0.0,1.0,0.0,0.0,0.0,0.0,0.0,22.0,0.0,0.0,2.0,2.0,0.0,0.0,0.0,0.0,0.0,0.0,0.0,0.0,0.0,0.0,0.0,0.0,25.0,0.0,10.0,12.0,3.0,0.0,25.0,1.0,0.0,0.0,1.0,100.0,16.0,88.0,21.0,0.0,0.0,0.0,1.0,0.0,18.0,0.0,0.0,0.0,0.0,0.0,0.0,0.0,0.0,,0.0,0.0,0.0,0.0,0.0,0.0,0.0,0.0,0.0,0.0,0.0,0.0,0.0,0.0,1.0,0.0,0.0,0.0,0.0,0.0,3.0,0.0,0.0,,Fulham,Alex-Iwobi,6ca5ec4b
2025-10-03,Fri,Matchweek 7,Away,L 1–3,Fulham,Bournemouth,Y,"AM,FW",85.0,0.0,0.0,0.0,0.0,3.0,1.0,0.0,0.0,55.0,0.0,0.0,0.0,0.1,0.1,0.1,5.0,0.0,35.0,47.0,74.5,5.0,44.0,2.0,1.0,1.0,Match Report,35.0,47.0,74.5,588.0,143.0,17.0,21.0,81.0,13.0,18.0,72.2,4.0,6.0,66.7,0.0,0.1,0.1,3.0,1.0,3.0,1.0,5.0,47.0,45.0,2.0,0.0,0.0,0.0,4.0,1.0,0.0,0.0,0.0,0.0,35.0,0.0,1.0,5.0,4.0,0.0,1.0,0.0,0.0,0.0,0.0,0.0,0.0,0.0,0.0,0.0,0.0,55.0,1.0,9.0,23.0,24.0,0.0,55.0,1.0,1.0,100.0,0.0,0.0,44.0,196.0,82.0,2.0,2.0,0.0,3.0,1.0,40.0,8.0,0.0,0.0,0.0,0.0,0.0,0.0,1.0,0.0,1.0,0.0,0.0,0.0,0.0,0.0,0.0,0.0,0.0,0.0,0.0,0.0,0.0,1.0,4.0,0.0,0.0,0.0,0.0,0.0,7.0,0.0,0.0,,Fulham,Alex-Iwobi,6ca5ec4b
2025-10-18,Sat,Matchweek 8,Home,L 0–1,Fulham,Arsenal,Y,"LW,CM",90.0,0.0,0.0,0.0,0.0,0.0,0.0,0.0,0.0,52.0,4.0,2.0,1.0,0.0,0.0,0.2,5.0,0.0,34.0,41.0,82.9,7.0,34.0,3.0,0.0,0.0,Match Report,34.0,41.0,82.9,746.0,173.0,7.0,7.0,100.0,21.0,24.0,87.5,5.0,8.0,62.5,0.0,0.2,0.1,4.0,8.0,0.0,0.0,7.0,41.0,40.0,1.0,0.0,0.0,1.0,4.0,0.0,1.0,0.0,0.0,1.0,34.0,0.0,1.0,5.0,4.0,1.0,0.0,0.0,0.0,0.0,0.0,0.0,0.0,0.0,0.0,0.0,0.0,52.0,2.0,17.0,21.0,15.0,3.0,52.0,0.0,0.0,,0.0,,34.0,265.0,134.0,3.0,2.0,0.0,3.0,1.0,37.0,5.0,4.0,3.0,3.0,1.0,0.0,0.0,2.0,0.0,2.0,1.0,0.0,1.0,2.0,6.0,3.0,0.0,0.0,0.0,0.0,0.0,0.0,0.0,4.0,2.0,3.0,0.0,0.0,0.0,3.0,0.0,1.0,0.0,Fulham,Alex-Iwobi,6ca5ec4b
2025-10-25,Sat,Matchweek 9,Away,L 1–2,Fulham,Newcastle Utd,Y,"LW,AM,RW",89.0,0.0,0.0,0.0,0.0,2.0,0.0,1.0,0.0,51.0,0.0,0.0,0.0,0.1,0.1,0.0,1.0,0.0,33.0,46.0,71.7,7.0,44.0,6.0,0.0,0.0,Match Report,33.0,46.0,71.7,590.0,158.0,16.0,20.0,80.0,13.0,17.0,76.5,3.0,5.0,60.0,0.0,0.0,0.0,0.0,6.0,0.0,0.0,7.0,46.0,45.0,1.0,0.0,0.0,1.0,2.0,1.0,0.0,0.0,0.0,0.0,33.0,0.0,2.0,1.0,1.0,0.0,0.0,0.0,0.0,0.0,0.0,0.0,0.0,0.0,0.0,0.0,0.0,51.0,2.0,8.0,24.0,19.0,4.0,51.0,0.0,0.0,,0.0,,44.0,266.0,184.0,6.0,4.0,3.0,1.0,0.0,43.0,5.0,0.0,0.0,0.0,0.0,0.0,0.0,0.0,,0.0,0.0,0.0,0.0,0.0,0.0,0.0,0.0,1.0,0.0,0.0,0.0,0.0,0.0,2.0,0.0,0.0,0.0,0.0,0.0,4.0,0.0,0.0,,Fulham,Alex-Iwobi,6ca5ec4b
2025-08-16,Sat,Matchweek 1,Away,D 1–1,Fulham,Brighton,Y,"LB,CB",90.0,0.0,0.0,0.0,0.0,0.0,0.0,1.0,0.0,75.0,2.0,0.0,0.0,0.0,0.0,0.0,1.0,0.0,56.0,70.0,80.0,1.0,45.0,1.0,2.0,1.0,Match Report,56.0,70.0,80.0,874.0,384.0,28.0,33.0,84.8,22.0,26.0,84.6,5.0,6.0,83.3,0.0,0.0,0.0,0.0,5.0,1.0,0.0,1.0,70.0,54.0,16.0,2.0,0.0,0.0,0.0,14.0,0.0,0.0,0.0,0.0,56.0,0.0,3.0,1.0,1.0,0.0,0.0,0.0,0.0,0.0,0.0,0.0,0.0,0.0,0.0,0.0,0.0,75.0,1.0,35.0,32.0,8.0,0.0,75.0,2.0,1.0,50.0,1.0,50.0,45.0,185.0,90.0,1.0,1.0,0.0,0.0,2.0,49.0,1.0,2.0,1.0,2.0,0.0,0.0,2.0,3.0,66.7,1.0,0.0,0.0,0.0,0.0,2.0,2.0,0.0,1.0,0.0,0.0,1.0,1.0,0.0,0.0,0.0,1.0,0.0,0.0,0.0,4.0,2.0,1.0,66.7,Fulham,Calvin-Bassey,a36524bf
2025-08-24,Sun,Matchweek 2,Home,D 1–1,Fulham,Manchester Utd,Y,CB,90.0,0.0,0.0,0.0,0.0,1.0,0.0,0.0,0.0,50.0,0.0,0.0,0.0,0.2,0.2,0.0,0.0,0.0,37.0,43.0,86.0,1.0,33.0,1.0,1.0,0.0,Match Report,37.0,43.0,86.0,616.0,149.0,15.0,17.0,88.2,19.0,20.0,95.0,2.0,5.0,40.0,0.0,0.0,0.0,0.0,2.0,0.0,0.0,1.0,43.0,37.0,6.0,3.0,0.0,0.0,2.0,1.0,0.0,0.0,0.0,0.0,37.0,0.0,0.0,0.0,0.0,0.0,0.0,0.0,0.0,0.0,0.0,0.0,0.0,0.0,0.0,0.0,0.0,50.0,8.0,27.0,22.0,2.0,1.0,50.0,1.0,0.0,0.0,0.0,0.0,33.0,165.0,64.0,1.0,0.0,0.0,0.0,1.0,30.0,0.0,0.0,0.0,0.0,0.0,0.0,0.0,0.0,,0.0,0.0,0.0,0.0,0.0,0.0,5.0,0.0,0.0,0.0,0.0,2.0,1.0,0.0,2.0,0.0,0.0,0.0,1.0,0.0,6.0,0.0,2.0,0.0,Fulham,Calvin-Bassey,a36524bf
2025-08-30,Sat,Matchweek 3,Away,L 0–2,Fulham,Chelsea,Y,CB,90.0,0.0,0.0,0.0,0.0,0.0,0.0,0.0,0.0,64.0,2.0,0.0,0.0,0.0,0.0,0.0,0.0,0.0,55.0,60.0,91.7,1.0,51.0,0.0,2.0,2.0,Match Report,55.0,60.0,91.7,914.0,338.0,27.0,29.0,93.1,25.0,26.0,96.2,2.0,4.0,50.0,0.0,0.0,0.0,0.0,1.0,0.0,0.0,1.0,60.0,57.0,3.0,1.0,0.0,2.0,0.0,0.0,0.0,0.0,0.0,0.0,55.0,0.0,0.0,0.0,0.0,0.0,0.0,0.0,0.0,0.0,0.0,0.0,0.0,0.0,0.0,0.0,0.0,64.0,8.0,40.0,21.0,3.0,0.0,64.0,2.0,2.0,100.0,0.0,0.0,51.0,207.0,95.0,0.0,1.0,0.0,0.0,1.0,53.0,0.0,2.0,0.0,2.0,0.0,0.0,1.0,5.0,20.0,4.0,0.0,0.0,0.0,0.0,2.0,2.0,1.0,0.0,0.0,0.0,0.0,1.0,0.0,0.0,0.0,0.0,0.0,0.0,0.0,4.0,2.0,0.0,100.0,Fulham,Calvin-Bassey,a36524bf
2025-09-13,Sat,Matchweek 4,Home,W 1–0,Fulham,Leeds United,Y,CB,90.0,0.0,0.0,0.0,0.0,0.0,0.0,0.0,0.0,96.0,2.0,0.0,1.0,0.0,0.0,0.0,1.0,0.0,83.0,88.0,94.3,11.0,76.0,5.0,1.0,0.0,Match Report,83.0,88.0,94.3,1723.0,468.0,16.0,18.0,88.9,60.0,61.0,98.4,7.0,9.0,77.8,0.0,0.0,0.0,0.0,15.0,1.0,0.0,11.0,88.0,83.0,5.0,2.0,0.0,0.0,0.0,1.0,0.0,0.0,0.0,0.0,83.0,0.0,0.0,1.0,1.0,0.0,0.0,0.0,0.0,0.0,0.0,0.0,0.0,0.0,0.0,0.0,0.0,96.0,12.0,36.0,60.0,1.0,0.0,96.0,1.0,0.0,0.0,0.0,0.0,76.0,521.0,317.0,5.0,0.0,0.0,0.0,2.0,75.0,1.0,2.0,2.0,2.0,0.0,0.0,1.0,1.0,100.0,0.0,1.0,1.0,0.0,0.0,2.0,5.0,0.0,0.0,0.0,0.0,0.0,3.0,0.0,0.0,0.0,2.0,0.0,0.0,0.0,6.0,1.0,1.0,50.0,Fulham,Calvin-Bassey,a36524bf
2025-09-20,Sat,Matchweek 5,Home,W 3–1,Fulham,Brentford,Y,"CB,LB",90.0,0.0,0.0,0.0,0.0,1.0,0.0,0.0,0.0,70.0,1.0,2.0,3.0,0.0,0.0,0.0,0.0,0.0,54.0,57.0,94.7,1.0,46.0,0.0,0.0,0.0,Match Report,54.0,57.0,94.7,937.0,292.0,24.0,25.0,96.0,24.0,25.0,96.0,5.0,5.0,100.0,0.0,0.0,0.0,0.0,1.0,0.0,0.0,1.0,57.0,53.0,3.0,3.0,0.0,0.0,0.0,0.0,0.0,0.0,0.0,0.0,54.0,1.0,0.0,0.0,0.0,0.0,0.0,0.0,0.0,0.0,0.0,0.0,0.0,0.0,0.0,0.0,0.0,70.0,5.0,37.0,33.0,1.0,0.0,70.0,0.0,0.0,,0.0,,46.0,247.0,138.0,0.0,0.0,0.0,2.0,1.0,48.0,0.0,1.0,1.0,1.0,0.0,0.0,1.0,1.0,100.0,0.0,3.0,2.0,1.0,2.0,3.0,5.0,0.0,0.0,0.0,0.0,0.0,1.0,0.0,0.0,2.0,1.0,0.0,0.0,0.0,4.0,1.0,0.0,100.0,Fulham,Calvin-Bassey,a36524bf
2025-09-28,Sun,Matchweek 6,Away,L 1–3,Fulham,Aston Villa,Y,CB,90.0,0.0,0.0,0.0,0.0,0.0,0.0,1.0,0.0,77.0,2.0,1.0,0.0,0.0,0.0,0.0,3.0,0.0,60.0,70.0,85.7,3.0,61.0,3.0,1.0,1.0,Match Report,60.0,70.0,85.7,1177.0,465.0,25.0,28.0,89.3,29.0,30.0,96.7,6.0,12.0,50.0,0.0,0.0,0.0,1.0,6.0,0.0,0.0,3.0,70.0,66.0,4.0,2.0,0.0,2.0,0.0,0.0,0.0,0.0,0.0,0.0,60.0,0.0,2.0,3.0,3.0,0.0,0.0,0.0,0.0,0.0,0.0,0.0,0.0,0.0,0.0,0.0,0.0,77.0,9.0,49.0,26.0,3.0,0.0,77.0,1.0,1.0,100.0,0.0,0.0,61.0,267.0,153.0,3.0,0.0,0.0,0.0,0.0,62.0,0.0,2.0,0.0,1.0,1.0,0.0,2.0,2.0,100.0,0.0,0.0,0.0,0.0,1.0,3.0,4.0,1.0,1.0,0.0,0.0,1.0,1.0,0.0,0.0,1.0,0.0,0.0,0.0,0.0,7.0,0.0,0.0,,Fulham,Calvin-Bassey,a36524bf
2025-10-03,Fri,Matchweek 7,Away,L 1–3,Fulham,Bournemouth,Y,CB,90.0,0.0,0.0,0.0,0.0,0.0,0.0,0.0,0.0,47.0,1.0,0.0,2.0,0.0,0.0,0.0,1.0,0.0,32.0,40.0,80.0,1.0,25.0,0.0,0.0,0.0,Match Report,32.0,40.0,80.0,559.0,267.0,12.0,13.0,92.3,18.0,20.0,90.0,2.0,6.0,33.3,0.0,0.0,0.0,0.0,2.0,0.0,0.0,1.0,40.0,33.0,7.0,2.0,0.0,0.0,1.0,2.0,0.0,0.0,0.0,0.0,32.0,0.0,2.0,1.0,1.0,0.0,0.0,0.0,0.0,0.0,0.0,0.0,0.0,0.0,0.0,0.0,0.0,47.0,9.0,29.0,15.0,3.0,0.0,47.0,0.0,0.0,,0.0,,25.0,125.0,55.0,0.0,0.0,0.0,0.0,0.0,30.0,0.0,1.0,1.0,0.0,1.0,0.0,1.0,1.0,100.0,0.0,2.0,1.0,1.0,0.0,1.0,4.0,0.0,0.0,0.0,0.0,2.0,1.0,0.0,1.0,0.0,1.0,0.0,0.0,0.0,1.0,0.0,1.0,0.0,Fulham,Calvin-Bassey,a36524bf
2025-10-18,Sat,Matchweek 8,Home,L 0–1,Fulham,Arsenal,N,CB,9.0,0.0,0.0,0.0,0.0,0.0,0.0,0.0,0.0,21.0,0.0,0.0,1.0,0.0,0.0,0.0,0.0,0.0,10.0,15.0,66.7,0.0,7.0,0.0,0.0,0.0,Match Report,10.0,15.0,66.7,160.0,43.0,4.0,4.0,100.0,5.0,5.0,100.0,1.0,6.0,16.7,0.0,0.0,0.0,0.0,1.0,0.0,0.0,0.0,15.0,15.0,0.0,0.0,0.0,1.0,0.0,0.0,0.0,0.0,0.0,0.0,10.0,0.0,0.0,0.0,0.0,0.0,0.0,0.0,0.0,0.0,0.0,0.0,0.0,0.0,0.0,0.0,0.0,21.0,2.0,15.0,5.0,1.0,1.0,21.0,0.0,0.0,,0.0,,7.0,46.0,22.0,0.0,0.0,0.0,0.0,1.0,8.0,0.0,0.0,0.0,0.0,0.0,0.0,0.0,0.0,,0.0,1.0,0.0,1.0,0.0,0.0,4.0,0.0,0.0,0.0,0.0,0.0,0.0,0.0,0.0,0.0,0.0,0.0,0.0,0.0,2.0,0.0,0.0,,Fulham,Calvin-Bassey,a36524bf
2025-10-25,Sat,Matchweek 9,Away,L 1–2,Fulham,Newcastle Utd,Y,CB,90.0,0.0,0.0,0.0,0.0,0.0,0.0,0.0,0.0,66.0,2.0,2.0,4.0,0.0,0.0,0.0,0.0,0.0,44.0,55.0,80.0,1.0,39.0,0.0,0.0,0.0,Match Report,44.0,55.0,80.0,785.0,206.0,18.0,18.0,100.0,22.0,24.0,91.7,3.0,11.0,27.3,0.0,0.0,0.0,0.0,0.0,0.0,0.0,1.0,55.0,50.0,5.0,3.0,0.0,1.0,0.0,0.0,0.0,0.0,0.0,0.0,44.0,0.0,1.0,0.0,0.0,0.0,0.0,0.0,0.0,0.0,0.0,0.0,0.0,0.0,0.0,0.0,0.0,66.0,11.0,36.0,29.0,1.0,0.0,66.0,0.0,0.0,,0.0,,39.0,210.0,96.0,0.0,0.0,0.0,1.0,0.0,42.0,0.0,2.0,1.0,1.0,1.0,0.0,2.0,2.0,100.0,0.0,4.0,2.0,2.0,2.0,4.0,2.0,2.0,0.0,0.0,0.0,4.0,1.0,0.0,0.0,2.0,1.0,0.0,0.0,0.0,4.0,0.0,0.0,,Fulham,Calvin-Bassey,a36524bf
2025-08-16,Sat,Matchweek 1,Away,D 1–1,Fulham,Brighton,Y,CB,90.0,0.0,0.0,0.0,0.0,0.0,0.0,0.0,0.0,63.0,3.0,1.0,1.0,0.0,0.0,0.0,0.0,0.0,43.0,52.0,82.7,3.0,31.0,0.0,1.0,1.0,Match Report,43.0,52.0,82.7,970.0,291.0,12.0,16.0,75.0,23.0,24.0,95.8,8.0,10.0,80.0,0.0,0.0,0.0,0.0,5.0,1.0,0.0,3.0,52.0,48.0,3.0,3.0,0.0,1.0,0.0,0.0,0.0,0.0,0.0,0.0,43.0,1.0,1.0,0.0,0.0,0.0,0.0,0.0,0.0,0.0,0.0,0.0,0.0,0.0,0.0,0.0,0.0,63.0,6.0,31.0,27.0,5.0,2.0,63.0,1.0,1.0,100.0,0.0,0.0,31.0,135.0,64.0,0.0,1.0,0.0,0.0,0.0,38.0,0.0,3.0,2.0,1.0,1.0,1.0,1.0,1.0,100.0,0.0,1.0,0.0,1.0,1.0,4.0,4.0,0.0,0.0,0.0,0.0,1.0,2.0,0.0,0.0,1.0,2.0,0.0,0.0,0.0,1.0,1.0,1.0,50.0,Fulham,Joachim-Andersen,e34fc66d
2025-08-24,Sun,Matchweek 2,Home,D 1–1,Fulham,Manchester Utd,Y,CB,90.0,0.0,0.0,0.0,0.0,0.0,0.0,0.0,0.0,80.0,1.0,2.0,0.0,0.0,0.0,0.3,1.0,0.0,60.0,67.0,89.6,6.0,52.0,0.0,0.0,0.0,Match Report,60.0,67.0,89.6,1247.0,509.0,21.0,22.0,95.5,29.0,30.0,96.7,9.0,14.0,64.3,0.0,0.3,0.6,1.0,10.0,1.0,0.0,6.0,67.0,63.0,4.0,4.0,0.0,2.0,1.0,0.0,0.0,0.0,0.0,0.0,60.0,0.0,0.0,1.0,1.0,0.0,0.0,0.0,0.0,0.0,0.0,0.0,0.0,0.0,0.0,0.0,0.0,80.0,10.0,35.0,40.0,5.0,3.0,80.0,0.0,0.0,,0.0,,52.0,229.0,161.0,0.0,0.0,0.0,0.0,0.0,57.0,0.0,1.0,1.0,1.0,0.0,0.0,1.0,1.0,100.0,0.0,0.0,0.0,0.0,2.0,3.0,8.0,0.0,0.0,0.0,0.0,2.0,0.0,0.0,1.0,2.0,1.0,0.0,0.0,0.0,2.0,3.0,1.0,75.0,Fulham,Joachim-Andersen,e34fc66d
2025-08-30,Sat,Matchweek 3,Away,L 0–2,Fulham,Chelsea,Y,CB,90.0,0.0,0.0,0.0,0.0,2.0,0.0,0.0,0.0,67.0,3.0,0.0,0.0,0.2,0.2,0.4,3.0,0.0,46.0,53.0,86.8,2.0,37.0,2.0,0.0,0.0,Match Report,46.0,53.0,86.8,911.0,225.0,16.0,16.0,100.0,21.0,24.0,87.5,8.0,12.0,66.7,0.0,0.4,0.0,1.0,4.0,1.0,0.0,2.0,53.0,49.0,4.0,3.0,0.0,1.0,1.0,1.0,0.0,0.0,0.0,0.0,46.0,0.0,0.0,3.0,2.0,0.0,0.0,1.0,0.0,0.0,0.0,0.0,0.0,0.0,0.0,0.0,0.0,67.0,6.0,39.0,22.0,6.0,2.0,67.0,0.0,0.0,,0.0,,37.0,156.0,82.0,2.0,0.0,0.0,2.0,0.0,42.0,1.0,3.0,2.0,3.0,0.0,0.0,2.0,3.0,66.7,1.0,0.0,0.0,0.0,0.0,3.0,7.0,0.0,0.0,0.0,0.0,2.0,0.0,0.0,1.0,0.0,2.0,0.0,0.0,0.0,4.0,1.0,0.0,100.0,Fulham,Joachim-Andersen,e34fc66d
2025-09-13,Sat,Matchweek 4,Home,W 1–0,Fulham,Leeds United,Y*,CB,90.0,0.0,0.0,0.0,0.0,0.0,0.0,0.0,0.0,114.0,3.0,1.0,0.0,0.0,0.0,0.0,1.0,0.0,89.0,102.0,87.3,11.0,82.0,3.0,0.0,0.0,Match Report,89.0,102.0,87.3,1927.0,709.0,21.0,22.0,95.5,51.0,56.0,91.1,15.0,22.0,68.2,0.0,0.0,0.0,0.0,17.0,1.0,0.0,11.0,102.0,98.0,4.0,4.0,0.0,1.0,0.0,0.0,0.0,0.0,0.0,0.0,89.0,0.0,0.0,1.0,1.0,0.0,0.0,0.0,0.0,0.0,0.0,0.0,0.0,0.0,0.0,0.0,0.0,114.0,8.0,41.0,72.0,1.0,0.0,114.0,0.0,0.0,,0.0,,82.0,576.0,412.0,3.0,1.0,0.0,0.0,0.0,87.0,0.0,3.0,2.0,3.0,0.0,0.0,2.0,3.0,66.7,1.0,0.0,0.0,0.0,1.0,4.0,8.0,0.0,0.0,0.0,0.0,1.0,1.0,0.0,0.0,1.0,2.0,0.0,0.0,0.0,7.0,1.0,0.0,100.0,Fulham,Joachim-Andersen,e34fc66d
2025-09-20,Sat,Matchweek 5,Home,W 3–1,Fulham,Brentford,Y*,CB,90.0,0.0,0.0,0.0,0.0,1.0,0.0,0.0,0.0,89.0,2.0,1.0,0.0,0.2,0.2,0.0,2.0,0.0,61.0,71.0,85.9,4.0,52.0,1.0,0.0,0.0,Match Report,61.0,71.0,85.9,1397.0,499.0,15.0,15.0,100.0,31.0,32.0,96.9,14.0,22.0,63.6,0.0,0.0,0.0,0.0,2.0,0.0,0.0,4.0,71.0,65.0,6.0,4.0,0.0,3.0,0.0,1.0,0.0,0.0,0.0,0.0,61.0,0.0,0.0,2.0,1.0,0.0,0.0,1.0,0.0,0.0,0.0,0.0,0.0,0.0,0.0,0.0,0.0,89.0,12.0,45.0,41.0,3.0,3.0,89.0,0.0,0.0,,0.0,,52.0,244.0,135.0,1.0,0.0,0.0,1.0,0.0,58.0,1.0,2.0,1.0,1.0,1.0,0.0,1.0,1.0,100.0,0.0,0.0,0.0,0.0,1.0,3.0,12.0,0.0,0.0,0.0,0.0,0.0,1.0,0.0,0.0,1.0,1.0,0.0,0.0,0.0,3.0,1.0,1.0,50.0,Fulham,Joachim-Andersen,e34fc66d
2025-09-28,Sun,Matchweek 6,Away,L 1–3,Fulham,Aston Villa,Y*,CB,90.0,0.0,0.0,0.0,0.0,0.0,0.0,0.0,0.0,61.0,2.0,2.0,0.0,0.0,0.0,0.0,2.0,0.0,39.0,48.0,81.3,2.0,37.0,1.0,0.0,0.0,Match Report,39.0,48.0,81.3,998.0,447.0,9.0,9.0,100.0,20.0,23.0,87.0,9.0,14.0,64.3,0.0,0.0,0.0,0.0,6.0,0.0,0.0,2.0,48.0,40.0,7.0,4.0,0.0,2.0,1.0,1.0,0.0,0.0,0.0,0.0,39.0,1.0,0.0,2.0,1.0,1.0,0.0,0.0,0.0,0.0,0.0,0.0,0.0,0.0,0.0,0.0,0.0,61.0,10.0,37.0,20.0,4.0,1.0,61.0,0.0,0.0,,0.0,,37.0,147.0,71.0,1.0,1.0,0.0,2.0,0.0,38.0,1.0,2.0,2.0,1.0,1.0,0.0,1.0,2.0,50.0,1.0,0.0,0.0,0.0,2.0,4.0,6.0,0.0,0.0,0.0,0.0,0.0,1.0,0.0,1.0,2.0,2.0,0.0,0.0,0.0,3.0,1.0,3.0,25.0,Fulham,Joachim-Andersen,e34fc66d
2025-10-03,Fri,Matchweek 7,Away,L 1–3,Fulham,Bournemouth,Y*,CB,90.0,0.0,0.0,0.0,0.0,0.0,0.0,0.0,0.0,69.0,1.0,1.0,2.0,0.0,0.0,0.0,0.0,0.0,39.0,54.0,72.2,0.0,31.0,0.0,1.0,1.0,Match Report,39.0,54.0,72.2,607.0,247.0,18.0,20.0,90.0,20.0,22.0,90.9,1.0,11.0,9.1,0.0,0.0,0.0,0.0,1.0,0.0,0.0,0.0,54.0,45.0,9.0,3.0,0.0,0.0,0.0,0.0,0.0,0.0,0.0,0.0,39.0,0.0,1.0,0.0,0.0,0.0,0.0,0.0,0.0,0.0,0.0,0.0,0.0,0.0,0.0,0.0,0.0,69.0,21.0,52.0,13.0,4.0,0.0,69.0,1.0,1.0,100.0,0.0,0.0,31.0,157.0,66.0,0.0,0.0,0.0,1.0,0.0,32.0,0.0,1.0,1.0,1.0,0.0,0.0,1.0,2.0,50.0,1.0,2.0,2.0,0.0,1.0,2.0,11.0,0.0,0.0,0.0,0.0,1.0,0.0,0.0,0.0,1.0,1.0,0.0,0.0,0.0,5.0,2.0,1.0,66.7,Fulham,Joachim-Andersen,e34fc66d
2025-10-18,Sat,Matchweek 8,Home,L 0–1,Fulham,Arsenal,Y,CB,41.0,0.0,0.0,0.0,0.0,0.0,0.0,0.0,0.0,24.0,0.0,0.0,1.0,0.0,0.0,0.0,0.0,0.0,16.0,20.0,80.0,0.0,14.0,0.0,0.0,0.0,Match Report,16.0,20.0,80.0,316.0,117.0,6.0,6.0,100.0,8.0,9.0,88.9,2.0,5.0,40.0,0.0,0.0,0.0,0.0,1.0,0.0,0.0,0.0,20.0,18.0,2.0,2.0,0.0,0.0,0.0,0.0,0.0,0.0,0.0,0.0,16.0,0.0,0.0,0.0,0.0,0.0,0.0,0.0,0.0,0.0,0.0,0.0,0.0,0.0,0.0,0.0,0.0,24.0,4.0,17.0,7.0,0.0,0.0,24.0,0.0,0.0,,0.0,,14.0,70.0,27.0,0.0,0.0,0.0,0.0,0.0,15.0,0.0,0.0,0.0,0.0,0.0,0.0,0.0,0.0,,0.0,1.0,1.0,0.0,0.0,0.0,3.0,0.0,0.0,0.0,0.0,0.0,0.0,0.0,0.0,0.0,0.0,0.0,0.0,0.0,3.0,0.0,0.0,,Fulham,Joachim-Andersen,e34fc66d
2025-08-24,Sun,Matchweek 2,Home,D 1–1,Fulham,Manchester Utd,Y,LB,61.0,0.0,0.0,0.0,0.0,0.0,0.0,0.0,0.0,31.0,2.0,1.0,1.0,0.0,0.0,0.2,3.0,0.0,17.0,25.0,68.0,4.0,18.0,2.0,0.0,0.0,Match Report,17.0,25.0,68.0,310.0,120.0,9.0,12.0,75.0,6.0,7.0,85.7,2.0,3.0,66.7,0.0,0.2,0.2,1.0,1.0,2.0,0.0,4.0,25.0,22.0,3.0,0.0,1.0,1.0,5.0,3.0,0.0,0.0,0.0,0.0,17.0,0.0,2.0,3.0,2.0,0.0,0.0,0.0,0.0,1.0,0.0,0.0,0.0,0.0,0.0,0.0,0.0,31.0,3.0,6.0,9.0,17.0,3.0,31.0,0.0,0.0,,0.0,,18.0,131.0,95.0,2.0,3.0,1.0,1.0,0.0,17.0,4.0,2.0,2.0,0.0,1.0,1.0,1.0,1.0,100.0,0.0,1.0,1.0,0.0,1.0,3.0,0.0,0.0,0.0,0.0,0.0,1.0,0.0,0.0,5.0,1.0,2.0,0.0,0.0,0.0,1.0,2.0,0.0,100.0,Fulham,Ryan-Sessegnon,6aa3e78b
2025-08-30,Sat,Matchweek 3,Away,L 0–2,Fulham,Chelsea,Y,LB,66.0,0.0,0.0,0.0,0.0,0.0,0.0,0.0,0.0,48.0,4.0,1.0,1.0,0.0,0.0,0.0,0.0,0.0,27.0,34.0,79.4,1.0,20.0,2.0,2.0,0.0,Match Report,27.0,34.0,79.4,424.0,114.0,11.0,14.0,78.6,15.0,17.0,88.2,0.0,1.0,0.0,0.0,0.0,0.0,0.0,3.0,0.0,0.0,1.0,34.0,24.0,9.0,1.0,0.0,0.0,0.0,8.0,0.0,0.0,0.0,0.0,27.0,1.0,0.0,0.0,0.0,0.0,0.0,0.0,0.0,0.0,0.0,0.0,0.0,0.0,0.0,0.0,0.0,48.0,5.0,18.0,24.0,7.0,1.0,48.0,2.0,0.0,0.0,2.0,100.0,20.0,115.0,25.0,2.0,2.0,0.0,1.0,0.0,21.0,4.0,4.0,1.0,1.0,2.0,1.0,2.0,2.0,100.0,0.0,1.0,1.0,0.0,1.0,5.0,3.0,0.0,0.0,0.0,0.0,2.0,0.0,0.0,0.0,1.0,1.0,0.0,1.0,0.0,1.0,0.0,1.0,0.0,Fulham,Ryan-Sessegnon,6aa3e78b
2025-09-13,Sat,Matchweek 4,Home,W 1–0,Fulham,Leeds United,Y,LB,90.0,0.0,0.0,0.0,0.0,0.0,0.0,0.0,0.0,71.0,2.0,1.0,0.0,0.0,0.0,0.5,2.0,0.0,33.0,53.0,62.3,3.0,30.0,2.0,4.0,2.0,Match Report,33.0,53.0,62.3,498.0,130.0,19.0,21.0,90.5,13.0,20.0,65.0,1.0,6.0,16.7,0.0,0.5,0.2,2.0,5.0,0.0,0.0,3.0,53.0,37.0,16.0,0.0,0.0,0.0,5.0,16.0,0.0,0.0,0.0,0.0,33.0,0.0,4.0,2.0,2.0,0.0,0.0,0.0,0.0,0.0,0.0,0.0,0.0,0.0,0.0,0.0,0.0,71.0,5.0,24.0,21.0,26.0,2.0,71.0,4.0,2.0,50.0,2.0,50.0,30.0,133.0,78.0,2.0,1.0,0.0,3.0,1.0,30.0,9.0,2.0,0.0,1.0,0.0,1.0,1.0,2.0,50.0,1.0,0.0,0.0,0.0,1.0,3.0,4.0,0.0,0.0,0.0,0.0,3.0,0.0,0.0,5.0,1.0,0.0,0.0,0.0,0.0,3.0,5.0,2.0,71.4,Fulham,Ryan-Sessegnon,6aa3e78b
2025-09-20,Sat,Matchweek 5,Home,W 3–1,Fulham,Brentford,Y,"LB,RM",90.0,0.0,0.0,0.0,0.0,1.0,1.0,0.0,0.0,53.0,4.0,0.0,2.0,0.1,0.1,0.0,3.0,0.0,32.0,41.0,78.0,4.0,30.0,1.0,0.0,0.0,Match Report,32.0,41.0,78.0,514.0,166.0,17.0,20.0,85.0,13.0,14.0,92.9,1.0,5.0,20.0,0.0,0.0,0.0,0.0,2.0,0.0,0.0,4.0,41.0,37.0,4.0,0.0,0.0,0.0,3.0,4.0,0.0,0.0,0.0,0.0,32.0,0.0,1.0,3.0,2.0,0.0,0.0,1.0,0.0,0.0,0.0,0.0,0.0,0.0,0.0,0.0,0.0,53.0,3.0,14.0,24.0,15.0,5.0,53.0,0.0,0.0,,0.0,,30.0,146.0,86.0,1.0,0.0,1.0,2.0,1.0,31.0,5.0,4.0,2.0,3.0,1.0,0.0,2.0,2.0,100.0,0.0,2.0,1.0,1.0,0.0,4.0,3.0,0.0,0.0,0.0,0.0,1.0,0.0,1.0,3.0,0.0,2.0,0.0,0.0,0.0,1.0,1.0,1.0,50.0,Fulham,Ryan-Sessegnon,6aa3e78b
2025-09-28,Sun,Matchweek 6,Away,L 1–3,Fulham,Aston Villa,Y,LB,79.0,0.0,0.0,0.0,0.0,0.0,0.0,0.0,0.0,59.0,4.0,1.0,1.0,0.0,0.0,0.0,0.0,0.0,28.0,45.0,62.2,1.0,28.0,2.0,0.0,0.0,Match Report,28.0,45.0,62.2,394.0,142.0,14.0,16.0,87.5,14.0,20.0,70.0,0.0,4.0,0.0,0.0,0.0,0.0,0.0,3.0,0.0,0.0,1.0,45.0,32.0,12.0,2.0,0.0,0.0,4.0,10.0,0.0,0.0,0.0,0.0,28.0,1.0,3.0,0.0,0.0,0.0,0.0,0.0,0.0,0.0,0.0,0.0,0.0,0.0,0.0,0.0,0.0,59.0,2.0,25.0,25.0,9.0,3.0,59.0,0.0,0.0,,0.0,,28.0,160.0,60.0,2.0,0.0,1.0,2.0,0.0,31.0,1.0,4.0,1.0,2.0,1.0,1.0,2.0,5.0,40.0,3.0,1.0,1.0,0.0,1.0,5.0,5.0,0.0,0.0,0.0,0.0,2.0,1.0,0.0,4.0,1.0,1.0,0.0,0.0,0.0,1.0,1.0,0.0,100.0,Fulham,Ryan-Sessegnon,6aa3e78b
2025-10-03,Fri,Matchweek 7,Away,L 1–3,Fulham,Bournemouth,Y,"WB,LB",90.0,1.0,0.0,0.0,0.0,1.0,1.0,0.0,0.0,65.0,1.0,0.0,1.0,0.4,0.4,0.1,3.0,1.0,40.0,53.0,75.5,5.0,37.0,5.0,1.0,0.0,Match Report,40.0,53.0,75.5,557.0,201.0,26.0,28.0,92.9,11.0,15.0,73.3,2.0,6.0,33.3,0.0,0.1,0.2,1.0,4.0,1.0,0.0,5.0,53.0,44.0,8.0,0.0,1.0,0.0,3.0,8.0,0.0,0.0,0.0,0.0,40.0,1.0,2.0,3.0,3.0,0.0,0.0,0.0,0.0,0.0,1.0,1.0,0.0,0.0,0.0,0.0,0.0,65.0,3.0,19.0,24.0,22.0,6.0,65.0,1.0,0.0,0.0,1.0,100.0,37.0,258.0,134.0,5.0,3.0,2.0,1.0,0.0,38.0,10.0,1.0,1.0,1.0,0.0,0.0,1.0,3.0,33.3,2.0,1.0,0.0,1.0,0.0,1.0,6.0,0.0,0.0,0.0,0.0,2.0,1.0,0.0,3.0,0.0,1.0,0.0,0.0,0.0,5.0,0.0,1.0,0.0,Fulham,Ryan-Sessegnon,6aa3e78b
2025-10-18,Sat,Matchweek 8,Home,L 0–1,Fulham,Arsenal,Y,LB,90.0,0.0,0.0,0.0,0.0,1.0,0.0,0.0,0.0,43.0,1.0,0.0,0.0,0.0,0.0,0.0,0.0,0.0,15.0,32.0,46.9,1.0,19.0,2.0,2.0,1.0,Match Report,15.0,32.0,46.9,206.0,36.0,9.0,12.0,75.0,4.0,10.0,40.0,1.0,9.0,11.1,0.0,0.0,0.0,0.0,0.0,0.0,0.0,1.0,32.0,22.0,10.0,1.0,0.0,0.0,2.0,9.0,0.0,0.0,0.0,0.0,15.0,0.0,0.0,0.0,0.0,0.0,0.0,0.0,0.0,0.0,0.0,0.0,0.0,0.0,0.0,0.0,0.0,43.0,5.0,23.0,11.0,10.0,1.0,43.0,2.0,1.0,50.0,1.0,50.0,19.0,131.0,28.0,2.0,3.0,1.0,2.0,1.0,18.0,1.0,1.0,1.0,0.0,1.0,0.0,0.0,1.0,0.0,1.0,0.0,0.0,0.0,0.0,1.0,3.0,0.0,0.0,0.0,0.0,4.0,0.0,0.0,2.0,0.0,1.0,0.0,0.0,0.0,4.0,0.0,2.0,0.0,Fulham,Ryan-Sessegnon,6aa3e78b
2025-10-25,Sat,Matchweek 9,Away,L 1–2,Fulham,Newcastle Utd,Y,LB,90.0,0.0,0.0,0.0,0.0,0.0,0.0,0.0,0.0,60.0,1.0,2.0,2.0,0.0,0.0,0.1,1.0,0.0,40.0,47.0,85.1,2.0,27.0,1.0,0.0,0.0,Match Report,40.0,47.0,85.1,604.0,244.0,21.0,24.0,87.5,17.0,17.0,100.0,1.0,3.0,33.3,0.0,0.1,0.0,1.0,4.0,1.0,0.0,2.0,47.0,37.0,10.0,0.0,0.0,0.0,1.0,10.0,0.0,0.0,0.0,0.0,40.0,0.0,1.0,1.0,1.0,0.0,0.0,0.0,0.0,0.0,0.0,0.0,0.0,0.0,0.0,0.0,0.0,60.0,8.0,27.0,26.0,7.0,0.0,60.0,0.0,0.0,,0.0,,27.0,93.0,41.0,1.0,0.0,0.0,1.0,2.0,27.0,1.0,1.0,1.0,1.0,0.0,0.0,0.0,1.0,0.0,1.0,2.0,1.0,1.0,2.0,3.0,3.0,0.0,0.0,0.0,0.0,2.0,0.0,0.0,1.0,2.0,1.0,0.0,0.0,0.0,7.0,0.0,1.0,0.0,Fulham,Ryan-Sessegnon,6aa3e78b
2025-08-16,Sat,Matchweek 1,Away,D 1–1,Fulham,Brighton,Y,DM,90.0,0.0,0.0,0.0,0.0,0.0,0.0,0.0,0.0,45.0,1.0,0.0,0.0,0.0,0.0,0.1,1.0,0.0,36.0,40.0,90.0,3.0,24.0,2.0,2.0,1.0,Match Report,36.0,40.0,90.0,536.0,92.0,18.0,19.0,94.7,13.0,13.0,100.0,3.0,6.0,50.0,0.0,0.1,0.0,1.0,1.0,0.0,0.0,3.0,40.0,32.0,8.0,5.0,0.0,0.0,2.0,0.0,1.0,1.0,0.0,0.0,36.0,0.0,0.0,1.0,1.0,0.0,0.0,0.0,0.0,0.0,0.0,0.0,0.0,0.0,0.0,0.0,0.0,45.0,4.0,13.0,24.0,9.0,1.0,45.0,2.0,1.0,50.0,0.0,0.0,24.0,114.0,64.0,2.0,1.0,0.0,0.0,2.0,31.0,2.0,1.0,0.0,1.0,0.0,0.0,0.0,0.0,,0.0,0.0,0.0,0.0,0.0,1.0,2.0,1.0,0.0,0.0,0.0,5.0,2.0,0.0,2.0,0.0,0.0,0.0,0.0,0.0,0.0,1.0,0.0,100.0,Fulham,Sasa-Lukic,c6e8cf1f
2025-08-24,Sun,Matchweek 2,Home,D 1–1,Fulham,Manchester Utd,Y,DM,90.0,0.0,0.0,0.0,0.0,0.0,0.0,1.0,0.0,53.0,1.0,2.0,0.0,0.0,0.0,0.3,6.0,0.0,35.0,47.0,74.5,1.0,32.0,2.0,0.0,0.0,Match Report,35.0,47.0,74.5,644.0,179.0,15.0,17.0,88.2,13.0,17.0,76.5,7.0,11.0,63.6,0.0,0.3,0.4,3.0,0.0,2.0,1.0,1.0,47.0,34.0,13.0,2.0,0.0,0.0,14.0,0.0,9.0,6.0,3.0,0.0,35.0,0.0,1.0,6.0,2.0,3.0,0.0,0.0,0.0,1.0,0.0,0.0,0.0,0.0,0.0,0.0,0.0,53.0,1.0,7.0,19.0,29.0,1.0,53.0,0.0,0.0,,0.0,,32.0,184.0,69.0,2.0,2.0,0.0,1.0,2.0,32.0,5.0,1.0,1.0,1.0,0.0,0.0,1.0,1.0,100.0,0.0,0.0,0.0,0.0,2.0,3.0,1.0,0.0,1.0,0.0,0.0,2.0,3.0,0.0,14.0,2.0,1.0,0.0,0.0,0.0,8.0,0.0,2.0,0.0,Fulham,Sasa-Lukic,c6e8cf1f
2025-08-30,Sat,Matchweek 3,Away,L 0–2,Fulham,Chelsea,Y,DM,90.0,0.0,0.0,0.0,0.0,0.0,0.0,1.0,0.0,35.0,5.0,0.0,2.0,0.0,0.0,0.2,4.0,0.0,22.0,29.0,75.9,3.0,14.0,1.0,0.0,0.0,Match Report,22.0,29.0,75.9,426.0,122.0,8.0,11.0,72.7,11.0,13.0,84.6,3.0,5.0,60.0,0.0,0.2,0.1,3.0,2.0,2.0,0.0,3.0,29.0,21.0,8.0,2.0,1.0,1.0,6.0,0.0,3.0,2.0,1.0,0.0,22.0,0.0,0.0,4.0,2.0,2.0,0.0,0.0,0.0,0.0,0.0,0.0,0.0,0.0,0.0,0.0,0.0,35.0,4.0,6.0,18.0,12.0,1.0,35.0,0.0,0.0,,0.0,,14.0,64.0,43.0,1.0,0.0,0.0,1.0,0.0,17.0,3.0,5.0,2.0,2.0,2.0,1.0,0.0,1.0,0.0,1.0,2.0,2.0,0.0,0.0,5.0,0.0,0.0,1.0,0.0,0.0,5.0,0.0,0.0,6.0,0.0,2.0,0.0,0.0,0.0,3.0,1.0,2.0,33.3,Fulham,Sasa-Lukic,c6e8cf1f
2025-09-13,Sat,Matchweek 4,Home,W 1–0,Fulham,Leeds United,Y,DM,90.0,0.0,0.0,0.0,0.0,1.0,0.0,0.0,0.0,46.0,4.0,1.0,4.0,0.5,0.5,0.0,0.0,0.0,28.0,34.0,82.4,2.0,21.0,2.0,0.0,0.0,Match Report,28.0,34.0,82.4,449.0,36.0,14.0,15.0,93.3,13.0,15.0,86.7,1.0,3.0,33.3,0.0,0.0,0.0,0.0,2.0,0.0,0.0,2.0,34.0,29.0,5.0,2.0,0.0,0.0,3.0,0.0,2.0,1.0,1.0,0.0,28.0,0.0,0.0,0.0,0.0,0.0,0.0,0.0,0.0,0.0,0.0,0.0,0.0,0.0,0.0,0.0,0.0,46.0,2.0,7.0,25.0,14.0,1.0,46.0,0.0,0.0,,0.0,,21.0,100.0,59.0,2.0,3.0,0.0,2.0,0.0,26.0,3.0,4.0,4.0,3.0,1.0,0.0,4.0,4.0,100.0,0.0,4.0,1.0,3.0,1.0,5.0,1.0,0.0,0.0,0.0,0.0,3.0,2.0,0.0,3.0,1.0,4.0,0.0,0.0,0.0,2.0,0.0,5.0,0.0,Fulham,Sasa-Lukic,c6e8cf1f
2025-09-20,Sat,Matchweek 5,Home,W 3–1,Fulham,Brentford,Y,DM,85.0,0.0,0.0,0.0,0.0,3.0,0.0,1.0,0.0,59.0,1.0,1.0,1.0,0.1,0.1,0.3,5.0,1.0,39.0,48.0,81.3,3.0,33.0,2.0,1.0,0.0,Match Report,39.0,48.0,81.3,508.0,128.0,28.0,33.0,84.8,9.0,10.0,90.0,1.0,2.0,50.0,0.0,0.3,0.3,2.0,3.0,1.0,0.0,3.0,48.0,44.0,4.0,0.0,0.0,0.0,2.0,0.0,2.0,2.0,0.0,0.0,39.0,0.0,2.0,5.0,2.0,1.0,0.0,1.0,1.0,0.0,1.0,0.0,0.0,0.0,1.0,0.0,0.0,59.0,3.0,8.0,33.0,18.0,2.0,59.0,1.0,0.0,0.0,1.0,100.0,33.0,134.0,73.0,2.0,1.0,0.0,0.0,0.0,38.0,3.0,1.0,0.0,1.0,0.0,0.0,0.0,0.0,,0.0,1.0,0.0,1.0,1.0,2.0,1.0,1.0,1.0,0.0,0.0,3.0,2.0,0.0,2.0,1.0,0.0,0.0,0.0,0.0,2.0,2.0,1.0,66.7,Fulham,Sasa-Lukic,c6e8cf1f
2025-09-28,Sun,Matchweek 6,Away,L 1–3,Fulham,Aston Villa,Y,DM,90.0,0.0,1.0,0.0,0.0,2.0,0.0,1.0,0.0,48.0,1.0,1.0,3.0,0.4,0.4,0.2,3.0,1.0,30.0,35.0,85.7,6.0,26.0,3.0,1.0,0.0,Match Report,30.0,35.0,85.7,591.0,152.0,11.0,12.0,91.7,14.0,15.0,93.3,5.0,6.0,83.3,1.0,0.2,0.1,2.0,6.0,0.0,0.0,6.0,35.0,26.0,8.0,1.0,0.0,0.0,3.0,0.0,3.0,2.0,0.0,0.0,30.0,1.0,2.0,3.0,2.0,1.0,0.0,0.0,0.0,0.0,1.0,0.0,1.0,0.0,0.0,0.0,0.0,48.0,2.0,11.0,22.0,15.0,5.0,48.0,1.0,0.0,0.0,0.0,0.0,26.0,120.0,68.0,3.0,0.0,1.0,0.0,0.0,27.0,2.0,1.0,0.0,0.0,1.0,0.0,0.0,0.0,,0.0,3.0,0.0,3.0,1.0,2.0,1.0,0.0,1.0,0.0,0.0,4.0,3.0,0.0,3.0,1.0,0.0,0.0,0.0,0.0,5.0,1.0,1.0,50.0,Fulham,Sasa-Lukic,c6e8cf1f
2025-10-03,Fri,Matchweek 7,Away,L 1–3,Fulham,Bournemouth,Y,CM,13.0,0.0,0.0,0.0,0.0,0.0,0.0,0.0,0.0,6.0,1.0,1.0,1.0,0.0,0.0,0.0,0.0,0.0,1.0,1.0,100.0,0.0,1.0,0.0,0.0,0.0,Match Report,1.0,1.0,100.0,5.0,0.0,1.0,1.0,100.0,0.0,0.0,,0.0,0.0,,0.0,0.0,0.0,0.0,0.0,0.0,0.0,0.0,1.0,1.0,0.0,0.0,0.0,0.0,0.0,0.0,0.0,0.0,0.0,0.0,1.0,0.0,0.0,0.0,0.0,0.0,0.0,0.0,0.0,0.0,0.0,0.0,0.0,0.0,0.0,0.0,0.0,6.0,3.0,4.0,2.0,0.0,0.0,6.0,0.0,0.0,,0.0,,1.0,5.0,0.0,0.0,0.0,0.0,0.0,0.0,0.0,0.0,1.0,0.0,1.0,0.0,0.0,0.0,0.0,,0.0,1.0,0.0,1.0,1.0,2.0,2.0,0.0,0.0,0.0,0.0,0.0,0.0,0.0,0.0,1.0,0.0,0.0,0.0,0.0,0.0,0.0,1.0,0.0,Fulham,Sasa-Lukic,c6e8cf1f
2025-10-25,Sat,Matchweek 9,Away,L 1–2,Fulham,Newcastle Utd,Y,DM,83.0,1.0,0.0,0.0,0.0,1.0,1.0,0.0,0.0,45.0,3.0,0.0,0.0,0.5,0.5,0.1,3.0,0.0,31.0,37.0,83.8,4.0,22.0,2.0,0.0,0.0,Match Report,31.0,37.0,83.8,448.0,109.0,21.0,23.0,91.3,8.0,10.0,80.0,2.0,3.0,66.7,0.0,0.1,0.1,2.0,2.0,0.0,0.0,4.0,37.0,32.0,5.0,0.0,0.0,0.0,3.0,0.0,3.0,2.0,1.0,0.0,31.0,0.0,0.0,3.0,2.0,1.0,0.0,0.0,0.0,0.0,0.0,0.0,0.0,0.0,0.0,0.0,0.0,45.0,2.0,10.0,21.0,15.0,2.0,45.0,0.0,0.0,,0.0,,22.0,147.0,96.0,2.0,2.0,0.0,1.0,0.0,21.0,3.0,3.0,2.0,2.0,0.0,1.0,2.0,2.0,100.0,0.0,0.0,0.0,0.0,0.0,3.0,2.0,0.0,0.0,0.0,0.0,4.0,0.0,0.0,3.0,0.0,2.0,0.0,0.0,0.0,3.0,1.0,0.0,100.0,Fulham,Sasa-Lukic,c6e8cf1f
2025-08-16,Sat,Matchweek 1,Away,D 1–1,Fulham,Brighton,Y,AM,76.0,0.0,0.0,0.0,0.0,1.0,1.0,0.0,0.0,32.0,3.0,0.0,0.0,0.2,0.2,0.0,4.0,0.0,22.0,26.0,84.6,9.0,21.0,3.0,1.0,0.0,Match Report,22.0,26.0,84.6,334.0,77.0,11.0,11.0,100.0,10.0,10.0,100.0,0.0,1.0,0.0,0.0,0.0,0.1,1.0,2.0,1.0,0.0,9.0,26.0,26.0,0.0,0.0,0.0,0.0,0.0,0.0,0.0,0.0,0.0,0.0,22.0,0.0,2.0,4.0,3.0,0.0,0.0,1.0,0.0,0.0,0.0,0.0,0.0,0.0,0.0,0.0,0.0,32.0,0.0,3.0,13.0,17.0,6.0,32.0,1.0,0.0,0.0,1.0,100.0,21.0,208.0,119.0,3.0,3.0,0.0,1.0,3.0,24.0,4.0,3.0,1.0,0.0,1.0,2.0,1.0,1.0,100.0,0.0,0.0,0.0,0.0,0.0,3.0,0.0,0.0,0.0,0.0,0.0,0.0,2.0,0.0,0.0,0.0,1.0,0.0,0.0,0.0,6.0,0.0,0.0,,Fulham,Joshua-King,86109b3b
2025-08-24,Sun,Matchweek 2,Home,D 1–1,Fulham,Manchester Utd,Y,AM,70.0,0.0,0.0,0.0,0.0,2.0,1.0,0.0,0.0,30.0,1.0,0.0,1.0,0.2,0.2,0.0,0.0,0.0,14.0,19.0,73.7,3.0,21.0,1.0,2.0,0.0,Match Report,14.0,19.0,73.7,178.0,36.0,9.0,11.0,81.8,4.0,4.0,100.0,0.0,0.0,,0.0,0.0,0.0,0.0,2.0,1.0,0.0,3.0,19.0,19.0,0.0,0.0,0.0,0.0,0.0,0.0,0.0,0.0,0.0,0.0,14.0,0.0,3.0,0.0,0.0,0.0,0.0,0.0,0.0,0.0,0.0,0.0,0.0,0.0,0.0,0.0,0.0,30.0,0.0,2.0,18.0,10.0,3.0,30.0,2.0,0.0,0.0,2.0,100.0,21.0,77.0,27.0,1.0,1.0,0.0,3.0,2.0,22.0,6.0,1.0,0.0,0.0,1.0,0.0,1.0,1.0,100.0,0.0,1.0,0.0,1.0,0.0,1.0,0.0,0.0,0.0,0.0,0.0,0.0,0.0,0.0,0.0,0.0,0.0,0.0,0.0,0.0,1.0,0.0,0.0,,Fulham,Joshua-King,86109b3b
2025-08-30,Sat,Matchweek 3,Away,L 0–2,Fulham,Chelsea,Y,AM,66.0,0.0,0.0,0.0,0.0,1.0,1.0,0.0,0.0,22.0,0.0,1.0,1.0,0.0,0.0,0.1,1.0,0.0,13.0,14.0,92.9,2.0,16.0,2.0,3.0,0.0,Match Report,13.0,14.0,92.9,176.0,39.0,10.0,11.0,90.9,3.0,3.0,100.0,0.0,0.0,,0.0,0.1,0.1,1.0,1.0,0.0,0.0,2.0,14.0,14.0,0.0,0.0,0.0,0.0,0.0,0.0,0.0,0.0,0.0,0.0,13.0,0.0,0.0,1.0,1.0,0.0,0.0,0.0,0.0,0.0,0.0,0.0,0.0,0.0,0.0,0.0,0.0,22.0,0.0,4.0,11.0,8.0,2.0,22.0,3.0,0.0,0.0,2.0,66.7,16.0,121.0,54.0,2.0,2.0,1.0,2.0,0.0,16.0,5.0,0.0,0.0,0.0,0.0,0.0,0.0,0.0,,0.0,1.0,1.0,0.0,1.0,1.0,0.0,0.0,0.0,0.0,0.0,0.0,2.0,0.0,0.0,1.0,0.0,0.0,0.0,0.0,3.0,0.0,0.0,,Fulham,Joshua-King,86109b3b
2025-09-13,Sat,Matchweek 4,Home,W 1–0,Fulham,Leeds United,Y,AM,59.0,0.0,0.0,0.0,0.0,0.0,0.0,0.0,0.0,14.0,1.0,0.0,1.0,0.0,0.0,0.0,0.0,0.0,7.0,10.0,70.0,1.0,7.0,1.0,0.0,0.0,Match Report,7.0,10.0,70.0,87.0,2.0,4.0,6.0,66.7,3.0,3.0,100.0,0.0,0.0,,0.0,0.0,0.0,0.0,0.0,0.0,0.0,1.0,10.0,10.0,0.0,0.0,0.0,0.0,0.0,0.0,0.0,0.0,0.0,0.0,7.0,0.0,1.0,0.0,0.0,0.0,0.0,0.0,0.0,0.0,0.0,0.0,0.0,0.0,0.0,0.0,0.0,14.0,0.0,2.0,5.0,7.0,0.0,14.0,0.0,0.0,,0.0,,7.0,24.0,12.0,1.0,0.0,0.0,1.0,1.0,11.0,3.0,1.0,1.0,1.0,0.0,0.0,0.0,0.0,,0.0,1.0,0.0,1.0,0.0,1.0,0.0,0.0,0.0,0.0,0.0,1.0,1.0,0.0,0.0,0.0,1.0,0.0,0.0,0.0,2.0,1.0,0.0,100.0,Fulham,Joshua-King,86109b3b
2025-09-20,Sat,Matchweek 5,Home,W 3–1,Fulham,Brentford,Y,AM,66.0,0.0,0.0,0.0,0.0,2.0,0.0,1.0,0.0,27.0,1.0,0.0,1.0,0.1,0.1,0.0,0.0,0.0,13.0,20.0,65.0,1.0,21.0,3.0,2.0,2.0,Match Report,13.0,20.0,65.0,199.0,20.0,7.0,11.0,63.6,5.0,8.0,62.5,1.0,1.0,100.0,0.0,0.0,0.0,0.0,0.0,1.0,0.0,1.0,20.0,20.0,0.0,0.0,0.0,0.0,1.0,0.0,0.0,0.0,0.0,0.0,13.0,0.0,0.0,0.0,0.0,0.0,0.0,0.0,0.0,0.0,0.0,0.0,0.0,0.0,0.0,0.0,0.0,27.0,1.0,5.0,13.0,10.0,2.0,27.0,2.0,2.0,100.0,0.0,0.0,21.0,187.0,67.0,3.0,3.0,1.0,2.0,1.0,23.0,5.0,1.0,0.0,0.0,1.0,0.0,0.0,0.0,,0.0,1.0,0.0,1.0,0.0,1.0,0.0,1.0,1.0,0.0,0.0,1.0,3.0,0.0,1.0,0.0,0.0,0.0,0.0,0.0,5.0,0.0,2.0,0.0,Fulham,Joshua-King,86109b3b
2025-09-28,Sun,Matchweek 6,Away,L 1–3,Fulham,Aston Villa,Y,AM,64.0,0.0,0.0,0.0,0.0,3.0,2.0,1.0,0.0,20.0,1.0,0.0,3.0,0.2,0.2,0.0,4.0,1.0,9.0,10.0,90.0,0.0,12.0,1.0,3.0,3.0,Match Report,9.0,10.0,90.0,135.0,61.0,6.0,6.0,100.0,1.0,2.0,50.0,1.0,1.0,100.0,0.0,0.0,0.0,1.0,1.0,0.0,0.0,0.0,10.0,10.0,0.0,0.0,0.0,0.0,1.0,0.0,0.0,0.0,0.0,0.0,9.0,0.0,0.0,4.0,2.0,0.0,2.0,0.0,0.0,0.0,1.0,1.0,0.0,0.0,0.0,0.0,0.0,20.0,0.0,4.0,8.0,10.0,6.0,20.0,3.0,3.0,100.0,0.0,0.0,12.0,113.0,45.0,1.0,3.0,1.0,3.0,1.0,12.0,2.0,1.0,1.0,1.0,0.0,0.0,0.0,1.0,0.0,1.0,3.0,1.0,2.0,0.0,1.0,1.0,0.0,1.0,0.0,0.0,2.0,0.0,0.0,1.0,0.0,1.0,0.0,0.0,0.0,2.0,1.0,1.0,50.0,Fulham,Joshua-King,86109b3b
2025-10-03,Fri,Matchweek 7,Away,L 1–3,Fulham,Bournemouth,Y,FW,66.0,0.0,0.0,0.0,0.0,1.0,0.0,0.0,0.0,25.0,0.0,0.0,2.0,0.0,0.0,0.0,1.0,0.0,14.0,17.0,82.4,0.0,19.0,2.0,2.0,2.0,Match Report,14.0,17.0,82.4,215.0,7.0,7.0,9.0,77.8,7.0,7.0,100.0,0.0,0.0,,0.0,0.0,0.0,0.0,0.0,0.0,0.0,0.0,17.0,17.0,0.0,0.0,0.0,0.0,0.0,0.0,0.0,0.0,0.0,0.0,14.0,0.0,1.0,1.0,1.0,0.0,0.0,0.0,0.0,0.0,0.0,0.0,0.0,0.0,0.0,0.0,0.0,25.0,2.0,3.0,14.0,8.0,3.0,25.0,2.0,2.0,100.0,0.0,0.0,19.0,139.0,61.0,2.0,1.0,1.0,3.0,1.0,19.0,4.0,0.0,0.0,0.0,0.0,0.0,0.0,0.0,,0.0,2.0,0.0,2.0,0.0,0.0,2.0,0.0,0.0,0.0,0.0,0.0,1.0,0.0,0.0,0.0,0.0,0.0,0.0,0.0,0.0,0.0,2.0,0.0,Fulham,Joshua-King,86109b3b
2025-10-18,Sat,Matchweek 8,Home,L 0–1,Fulham,Arsenal,Y,AM,63.0,0.0,0.0,0.0,0.0,1.0,0.0,0.0,0.0,21.0,2.0,0.0,2.0,0.0,0.0,0.0,3.0,0.0,8.0,11.0,72.7,4.0,13.0,3.0,1.0,1.0,Match Report,8.0,11.0,72.7,117.0,59.0,5.0,5.0,100.0,3.0,5.0,60.0,0.0,1.0,0.0,0.0,0.0,0.0,0.0,0.0,1.0,0.0,4.0,11.0,11.0,0.0,0.0,0.0,0.0,1.0,0.0,0.0,0.0,0.0,0.0,8.0,0.0,0.0,3.0,2.0,0.0,1.0,0.0,0.0,0.0,0.0,0.0,0.0,0.0,0.0,0.0,0.0,21.0,1.0,6.0,12.0,4.0,0.0,21.0,1.0,1.0,100.0,0.0,0.0,13.0,156.0,96.0,3.0,3.0,0.0,4.0,0.0,12.0,2.0,2.0,0.0,1.0,1.0,0.0,1.0,1.0,100.0,0.0,2.0,0.0,2.0,0.0,2.0,1.0,0.0,0.0,0.0,0.0,0.0,0.0,0.0,1.0,0.0,0.0,0.0,0.0,0.0,2.0,0.0,1.0,0.0,Fulham,Joshua-King,86109b3b
2025-10-25,Sat,Matchweek 9,Away,L 1–2,Fulham,Newcastle Utd,N,AM,15.0,0.0,0.0,0.0,0.0,0.0,0.0,0.0,0.0,9.0,2.0,0.0,0.0,0.0,0.0,0.0,0.0,0.0,4.0,6.0,66.7,0.0,4.0,0.0,0.0,0.0,Match Report,4.0,6.0,66.7,64.0,34.0,1.0,2.0,50.0,3.0,4.0,75.0,0.0,0.0,,0.0,0.0,0.0,0.0,0.0,0.0,0.0,0.0,6.0,6.0,0.0,0.0,0.0,0.0,0.0,0.0,0.0,0.0,0.0,0.0,4.0,0.0,0.0,0.0,0.0,0.0,0.0,0.0,0.0,0.0,0.0,0.0,0.0,0.0,0.0,0.0,0.0,9.0,0.0,3.0,5.0,1.0,0.0,9.0,0.0,0.0,,0.0,,4.0,9.0,1.0,0.0,0.0,0.0,1.0,0.0,7.0,0.0,2.0,0.0,0.0,2.0,0.0,1.0,1.0,100.0,0.0,0.0,0.0,0.0,0.0,2.0,0.0,0.0,0.0,0.0,0.0,0.0,0.0,0.0,0.0,0.0,0.0,0.0,0.0,0.0,1.0,0.0,0.0,,Fulham,Joshua-King,86109b3b
2025-08-16,Sat,Matchweek 1,Away,D 1–1,Fulham,Brighton,Y,RB,90,0,0,0,0,0,0,0,0,49,3,1,0,0.0,0.0,0.0,0,0,35,40,87.5,5,26,1,2,0,Match Report,35,40,87.5,599,264,20,20,100.0,6,8,75.0,7,9,77.8,0,0.0,0.0,0,3,0,0,5,40,35,4,1,0,0,2,3,0,0,0,0,35,1,0,0,0,0,0,0,0,0,0,0,0,0,0,0,0,49,6,18,26,5,0,49,2,0,0.0,0,0.0,26,105,48,1,0,0,0,0,24,2,3,2,3,0,0,1,2,50.0,1,0,0,0,1,4,3,0,0,0,0,1,3,0,2,1,2,0,0,0,5,1,0,100.0,Fulham,Kenny-Tete,77d7c96f
2025-08-24,Sun,Matchweek 2,Home,D 1–1,Fulham,Manchester Utd,Y,RB,90,0,0,0,0,0,0,0,0,71,3,0,1,0.0,0.0,0.1,1,0,51,64,79.7,5,36,3,2,1,Match Report,51,64,79.7,786,373,28,32,87.5,19,23,82.6,3,6,50.0,0,0.1,0.4,1,5,2,1,5,64,49,15,1,0,0,4,14,0,0,0,0,51,0,2,1,1,0,0,0,0,0,0,0,0,0,0,0,0,71,2,22,29,20,4,71,2,1,50.0,0,0.0,36,197,104,3,2,1,1,0,38,2,3,2,2,1,0,1,1,100.0,0,1,0,1,0,3,1,0,0,0,0,0,2,1,4,0,2,0,0,0,3,4,1,80.0,Fulham,Kenny-Tete,77d7c96f
2025-08-30,Sat,Matchweek 3,Away,L 0–2,Fulham,Chelsea,Y,RB,90,0,0,0,0,1,0,0,0,52,4,0,1,0.1,0.1,0.0,0,0,31,37,83.8,4,18,0,0,0,Match Report,31,37,83.8,523,204,14,15,93.3,14,15,93.3,3,6,50.0,0,0.0,0.0,0,1,0,0,4,37,29,8,1,1,0,1,7,0,0,0,0,31,0,1,0,0,0,0,0,0,0,0,0,0,0,0,0,0,52,6,28,19,7,1,52,0,0,,0,,18,62,39,0,0,0,0,1,22,0,4,3,3,1,0,1,1,100.0,0,1,1,0,0,4,6,0,0,0,0,0,2,0,1,0,3,0,0,0,2,1,0,100.0,Fulham,Kenny-Tete,77d7c96f
2025-09-13,Sat,Matchweek 4,Home,W 1–0,Fulham,Leeds United,Y,RB,90,0,0,0,0,0,0,0,0,50,3,2,1,0.0,0.0,0.0,0,0,29,40,72.5,4,27,2,1,0,Match Report,29,40,72.5,460,208,16,18,88.9,11,16,68.8,1,5,20.0,0,0.0,0.0,0,2,1,0,4,40,37,3,0,0,0,4,3,0,0,0,0,29,0,0,0,0,0,0,0,0,0,0,0,0,0,0,0,0,50,2,8,24,19,0,50,1,0,0.0,0,0.0,27,115,64,2,5,0,1,0,31,2,3,1,1,1,1,1,1,100.0,0,1,0,1,2,5,2,0,0,0,0,2,3,0,4,2,1,0,0,0,2,1,2,33.3,Fulham,Kenny-Tete,77d7c96f
2025-09-20,Sat,Matchweek 5,Home,W 3–1,Fulham,Brentford,Y,RB,90,0,0,0,0,0,0,0,0,81,3,0,0,0.0,0.0,0.0,1,0,61,70,87.1,6,40,1,1,0,Match Report,61,70,87.1,844,393,39,42,92.9,17,20,85.0,3,5,60.0,0,0.0,0.0,1,1,0,0,6,70,58,12,1,0,0,1,11,0,0,0,0,61,0,2,1,1,0,0,0,0,0,0,0,0,0,0,0,0,81,6,29,39,15,0,81,1,0,0.0,1,100.0,40,158,115,1,0,0,1,2,45,0,3,2,1,2,0,1,1,100.0,0,0,0,0,0,3,6,0,0,0,0,0,0,0,1,0,2,0,0,0,4,2,1,66.7,Fulham,Kenny-Tete,77d7c96f
2025-10-18,Sat,Matchweek 8,Home,L 0–1,Fulham,Arsenal,N,"On matchday squad, but did not play","On matchday squad, but did not play","On matchday squad, but did not play","On matchday squad, but did not play","On matchday squad, but did not play","On matchday squad, but did not play","On matchday squad, but did not play","On matchday squad, but did not play","On matchday squad, but did not play","On matchday squad, but did not play","On matchday squad, but did not play","On matchday squad, but did not play","On matchday squad, but did not play","On matchday squad, but did not play","On matchday squad, but did not play","On matchday squad, but did not play","On matchday squad, but did not play","On matchday squad, but did not play","On matchday squad, but did not play","On matchday squad, but did not play","On matchday squad, but did not play","On matchday squad, but did not play","On matchday squad, but did not play","On matchday squad, but did not play","On matchday squad, but did not play","On matchday squad, but did not play","On matchday squad, but did not play",Match Report,"On matchday squad, but did not play","On matchday squad, but did not play","On matchday squad, but did not play","On matchday squad, but did not play","On matchday squad, but did not play","On matchday squad, but did not play","On matchday squad, but did not play","On matchday squad, but did not play","On matchday squad, but did not play","On matchday squad, but did not play","On matchday squad, but did not play","On matchday squad, but did not play","On matchday squad, but did not play","On matchday squad, but did not play","On matchday squad, but did not play","On matchday squad, but did not play","On matchday squad, but did not play","On matchday squad, but did not play","On matchday squad, but did not play","On matchday squad, but did not play","On matchday squad, but did not play","On matchday squad, but did not play","On matchday squad, but did not play","On matchday squad, but did not play","On matchday squad, but did not play","On matchday squad, but did not play","On matchday squad, but did not play","On matchday squad, but did not play","On matchday squad, but did not play","On matchday squad, but did not play","On matchday squad, but did not play","On matchday squad, but did not play","On matchday squad, but did not play","On matchday squad, but did not play","On matchday squad, but did not play","On matchday squad, but did not play","On matchday squad, but did not play","On matchday squad, but did not play","On matchday squad, but did not play","On matchday squad, but did not play","On matchday squad, but did not play","On matchday squad, but did not play","On matchday squad, but did not play","On matchday squad, but did not play","On matchday squad, but did not play","On matchday squad, but did not play","On matchday squad, but did not play","On matchday squad, but did not play","On matchday squad, but did not play","On matchday squad, but did not play","On matchday squad, but did not play","On matchday squad, but did not play","On matchday squad, but did not play","On matchday squad, but did not play","On matchday squad, but did not play","On matchday squad, but did not play","On matchday squad, but did not play","On matchday squad, but did not play","On matchday squad, but did not play","On matchday squad, but did not play","On matchday squad, but did not play","On matchday squad, but did not play","On matchday squad, but did not play","On matchday squad, but did not play","On matchday squad, but did not play","On matchday squad, but did not play","On matchday squad, but did not play","On matchday squad, but did not play","On matchday squad, but did not play","On matchday squad, but did not play","On matchday squad, but did not play","On matchday squad, but did not play","On matchday squad, but did not play","On matchday squad, but did not play","On matchday squad, but did not play","On matchday squad, but did not play","On matchday squad, but did not play","On matchday squad, but did not play","On matchday squad, but did not play","On matchday squad, but did not play","On matchday squad, but did not play","On matchday squad, but did not play","On matchday squad, but did not play","On matchday squad, but did not play","On matchday squad, but did not play","On matchday squad, but did not play","On matchday squad, but did not play","On matchday squad, but did not play","On matchday squad, but did not play","On matchday squad, but did not play","On matchday squad, but did not play","On matchday squad, but did not play","On matchday squad, but did not play","On matchday squad, but did not play","On matchday squad, but did not play","On matchday squad, but did not play","On matchday squad, but did not play","On matchday squad, but did not play","On matchday squad, but did not play","On matchday squad, but did not play","On matchday squad, but did not play","On matchday squad, but did not play","On matchday squad, but did not play","On matchday squad, but did not play","On matchday squad, but did not play",Fulham,Kenny-Tete,77d7c96f
2025-10-25,Sat,Matchweek 9,Away,L 1–2,Fulham,Newcastle Utd,Y,RB,89,0,0,0,0,0,0,1,0,67,4,2,1,0.0,0.0,0.0,0,0,41,51,80.4,4,25,0,3,1,Match Report,41,51,80.4,608,254,24,26,92.3,16,19,84.2,1,3,33.3,0,0.0,0.0,0,2,0,0,4,51,39,12,2,0,0,1,10,0,0,0,0,41,0,1,0,0,0,0,0,0,0,0,0,0,0,0,0,0,67,7,32,30,7,0,67,3,1,33.3,2,66.7,25,68,17,0,0,0,2,2,29,0,4,4,2,1,1,3,5,60.0,2,1,1,0,2,6,3,0,1,0,0,2,2,0,1,2,4,0,0,0,4,0,1,0.0,Fulham,Kenny-Tete,77d7c96f
2025-08-16,Sat,Matchweek 1,Away,D 1–1,Fulham,Brighton,Y,"RW,LW",90,0,0,0,0,1,0,0,0,28,1,0,0,0.1,0.1,0.0,0,0,15,21,71.4,0,19,2,2,1,Match Report,15,21,71.4,316,65,5,6,83.3,5,7,71.4,4,6,66.7,0,0.0,0.0,0,2,0,0,0,21,18,3,1,0,1,4,0,2,1,1,0,15,0,0,0,0,0,0,0,0,0,0,0,0,0,0,0,0,28,0,4,13,11,4,28,2,1,50.0,1,50.0,19,108,58,2,0,1,2,1,20,6,1,0,1,0,0,1,1,100.0,0,0,0,0,0,1,1,0,0,0,0,0,3,1,4,0,0,0,0,0,4,0,0,,Fulham,Harry-Wilson,c6dc9ecd
2025-08-24,Sun,Matchweek 2,Home,D 1–1,Fulham,Manchester Utd,N,RW,29,0,0,0,0,0,0,0,0,16,1,0,0,0.0,0.0,0.0,0,0,9,11,81.8,0,8,1,2,1,Match Report,9,11,81.8,97,4,8,8,100.0,1,1,100.0,0,1,0.0,0,0.0,0.1,0,0,0,0,0,11,10,1,1,0,0,2,0,0,0,0,0,9,0,1,0,0,0,0,0,0,0,0,0,0,0,0,0,0,16,0,1,4,11,3,16,2,1,50.0,1,50.0,8,44,13,1,0,0,0,0,10,4,1,1,0,1,0,0,0,,0,0,0,0,0,1,1,0,0,0,0,1,1,0,2,0,1,0,0,0,0,0,0,,Fulham,Harry-Wilson,c6dc9ecd
2025-08-30,Sat,Matchweek 3,Away,L 0–2,Fulham,Chelsea,N,"RW,AM",31,0,0,0,0,1,0,0,0,10,1,0,0,0.0,0.0,0.0,1,0,6,6,100.0,2,5,0,0,0,Match Report,6,6,100.0,128,33,2,2,100.0,1,1,100.0,2,2,100.0,0,0.0,0.0,0,1,1,0,2,6,4,2,1,0,0,0,0,1,0,0,0,6,0,0,1,0,0,0,0,1,0,0,0,0,0,0,0,0,10,0,1,5,4,2,10,0,0,,0,,5,31,11,0,0,0,2,0,6,2,1,0,1,0,0,0,0,,0,0,0,0,0,1,0,0,0,0,0,0,2,0,0,0,0,0,0,0,0,0,3,0.0,Fulham,Harry-Wilson,c6dc9ecd
2025-09-13,Sat,Matchweek 4,Home,W 1–0,Fulham,Leeds United,Y,RW,59,0,0,0,0,1,1,0,0,28,2,0,1,0.1,0.1,0.0,0,0,16,20,80.0,0,16,1,1,0,Match Report,16,20,80.0,201,33,11,12,91.7,5,5,100.0,0,3,0.0,0,0.0,0.0,0,1,0,0,0,20,17,3,2,0,0,2,0,1,1,0,0,16,0,0,0,0,0,0,0,0,0,0,0,0,0,0,0,0,28,0,3,8,17,2,28,1,0,0.0,0,0.0,16,73,51,1,0,0,2,1,19,6,2,2,1,1,0,1,2,50.0,1,1,0,1,0,2,0,0,0,0,0,0,1,0,2,0,2,0,0,0,0,0,1,0.0,Fulham,Harry-Wilson,c6dc9ecd
2025-09-20,Sat,Matchweek 5,Home,W 3–1,Fulham,Brentford,Y,RW,85,1,0,0,0,2,1,0,0,42,3,0,0,0.3,0.3,0.1,5,0,25,33,75.8,2,26,1,0,0,Match Report,25,33,75.8,349,110,14,17,82.4,7,8,87.5,2,3,66.7,0,0.1,0.1,3,1,1,0,2,33,31,1,1,1,0,3,0,0,0,0,0,25,1,3,5,4,1,0,0,0,0,0,0,0,0,0,0,0,42,1,6,16,21,5,42,0,0,,0,,26,117,54,1,2,1,1,0,30,6,3,1,2,1,0,2,2,100.0,0,0,0,0,0,3,2,0,0,0,0,2,1,0,3,0,1,0,0,0,3,0,0,,Fulham,Harry-Wilson,c6dc9ecd
2025-09-28,Sun,Matchweek 6,Away,L 1–3,Fulham,Aston Villa,Y,RW,79,0,0,0,0,3,0,1,0,31,1,0,1,0.2,0.2,0.0,1,0,17,24,70.8,5,20,0,1,1,Match Report,17,24,70.8,207,78,11,11,100.0,5,9,55.6,0,3,0.0,0,0.0,0.0,0,3,0,0,5,24,20,4,1,0,0,5,0,3,2,1,0,17,0,0,1,1,0,0,0,0,0,0,0,0,0,0,0,0,31,2,5,11,17,1,31,1,1,100.0,0,0.0,20,112,61,0,0,0,1,0,20,4,1,1,0,1,0,0,0,,0,1,0,1,0,1,1,0,1,0,0,0,1,1,5,0,1,0,0,0,4,0,0,,Fulham,Harry-Wilson,c6dc9ecd
2025-10-03,Fri,Matchweek 7,Away,L 1–3,Fulham,Bournemouth,Y,AM,66,0,0,0,0,1,1,0,0,34,1,0,0,0.0,0.0,0.0,1,0,18,28,64.3,0,24,0,1,1,Match Report,18,28,64.3,286,26,8,9,88.9,9,13,69.2,0,4,0.0,0,0.0,0.1,1,2,0,0,0,28,26,2,0,0,0,3,0,2,0,2,0,18,0,0,1,1,0,0,0,0,0,0,0,0,0,0,0,0,34,2,13,10,12,2,34,1,1,100.0,0,0.0,24,90,8,0,0,0,3,1,23,6,1,1,1,0,0,1,2,50.0,1,0,0,0,0,1,1,0,0,0,0,1,0,1,3,0,1,0,0,0,7,0,0,,Fulham,Harry-Wilson,c6dc9ecd
2025-10-18,Sat,Matchweek 8,Home,L 0–1,Fulham,Arsenal,Y,"RW,RM",81,0,0,0,0,4,0,0,0,31,1,1,1,0.2,0.2,0.1,2,0,9,19,47.4,2,11,1,0,0,Match Report,9,19,47.4,182,67,4,6,66.7,4,9,44.4,1,4,25.0,0,0.1,0.0,2,1,1,0,2,19,14,5,2,0,1,4,0,3,2,1,0,9,0,0,2,2,0,0,0,0,0,0,0,0,0,0,0,0,31,4,7,7,17,3,31,0,0,,0,,11,63,23,1,1,1,0,0,14,4,1,0,1,0,0,0,0,,0,1,1,0,1,2,3,0,0,0,0,0,1,0,4,1,0,0,0,0,2,0,0,,Fulham,Harry-Wilson,c6dc9ecd
2025-08-16,Sat,Matchweek 1,Away,D 1–1,Fulham,Brighton,N,LB,7,0,0,0,0,0,0,0,0,8,0,0,0,0.0,0.0,0.0,1,0,6,8,75.0,1,3,0,0,0,Match Report,6,8,75.0,89,16,4,5,80.0,2,2,100.0,0,1,0.0,0,0.0,0.0,0,0,0,0,1,8,6,2,0,0,0,1,2,0,0,0,0,6,0,0,1,0,1,0,0,0,0,0,0,0,0,0,0,0,8,0,1,2,5,1,8,0,0,,0,,3,7,4,0,0,0,0,0,5,1,0,0,0,0,0,0,0,,0,0,0,0,0,0,0,0,0,0,0,0,0,0,1,0,0,0,0,0,0,0,1,0.0,Fulham,Timothy-Castagne,197640fd
2025-08-24,Sun,Matchweek 2,Home,D 1–1,Fulham,Manchester Utd,Y,RW,61,0,0,0,0,2,0,0,0,26,0,1,0,0.3,0.3,0.0,4,0,17,20,85.0,1,18,1,0,0,Match Report,17,20,85.0,220,84,11,13,84.6,4,5,80.0,1,1,100.0,0,0.0,0.0,0,0,2,1,1,20,19,1,0,0,0,1,1,0,0,0,0,17,0,0,4,2,0,0,2,0,0,0,0,0,0,0,0,0,26,1,3,5,18,4,26,0,0,,0,,18,67,30,1,0,0,1,0,20,6,0,0,0,0,0,0,0,,0,0,0,0,1,1,1,0,0,0,0,2,1,0,1,1,0,0,0,0,1,2,2,50.0,Fulham,Timothy-Castagne,197640fd
2025-08-30,Sat,Matchweek 3,Away,L 0–2,Fulham,Chelsea,Y,RW,59,0,0,0,0,1,0,0,0,28,3,1,1,0.1,0.1,0.1,3,0,12,18,66.7,1,12,0,1,0,Match Report,12,18,66.7,162,66,7,10,70.0,3,6,50.0,1,1,100.0,0,0.1,0.0,1,0,1,0,1,18,18,0,0,0,0,2,0,0,0,0,0,12,0,0,3,2,0,0,1,0,0,0,0,0,0,0,0,0,28,2,11,9,8,2,28,1,0,0.0,1,100.0,12,32,13,0,0,0,1,0,15,3,3,0,2,0,1,2,2,100.0,0,1,0,1,1,4,1,0,0,0,0,0,0,0,2,1,0,0,0,0,2,0,1,0.0,Fulham,Timothy-Castagne,197640fd
2025-09-13,Sat,Matchweek 4,Home,W 1–0,Fulham,Leeds United,N,"On matchday squad, but did not play","On matchday squad, but did not play","On matchday squad, but did not play","On matchday squad, but did not play","On matchday squad, but did not play","On matchday squad, but did not play","On matchday squad, but did not play","On matchday squad, but did not play","On matchday squad, but did not play","On matchday squad, but did not play","On matchday squad, but did not play","On matchday squad, but did not play","On matchday squad, but did not play","On matchday squad, but did not play","On matchday squad, but did not play","On matchday squad, but did not play","On matchday squad, but did not play","On matchday squad, but did not play","On matchday squad, but did not play","On matchday squad, but did not play","On matchday squad, but did not play","On matchday squad, but did not play","On matchday squad, but did not play","On matchday squad, but did not play","On matchday squad, but did not play","On matchday squad, but did not play","On matchday squad, but did not play",Match Report,"On matchday squad, but did not play","On matchday squad, but did not play","On matchday squad, but did not play","On matchday squad, but did not play","On matchday squad, but did not play","On matchday squad, but did not play","On matchday squad, but did not play","On matchday squad, but did not play","On matchday squad, but did not play","On matchday squad, but did not play","On matchday squad, but did not play","On matchday squad, but did not play","On matchday squad, but did not play","On matchday squad, but did not play","On matchday squad, but did not play","On matchday squad, but did not play","On matchday squad, but did not play","On matchday squad, but did not play","On matchday squad, but did not play","On matchday squad, but did not play","On matchday squad, but did not play","On matchday squad, but did not play","On matchday squad, but did not play","On matchday squad, but did not play","On matchday squad, but did not play","On matchday squad, but did not play","On matchday squad, but did not play","On matchday squad, but did not play","On matchday squad, but did not play","On matchday squad, but did not play","On matchday squad, but did not play","On matchday squad, but did not play","On matchday squad, but did not play","On matchday squad, but did not play","On matchday squad, but did not play","On matchday squad, but did not play","On matchday squad, but did not play","On matchday squad, but did not play","On matchday squad, but did not play","On matchday squad, but did not play","On matchday squad, but did not play","On matchday squad, but did not play","On matchday squad, but did not play","On matchday squad, but did not play","On matchday squad, but did not play","On matchday squad, but did not play","On matchday squad, but did not play","On matchday squad, but did not play","On matchday squad, but did not play","On matchday squad, but did not play","On matchday squad, but did not play","On matchday squad, but did not play","On matchday squad, but did not play","On matchday squad, but did not play","On matchday squad, but did not play","On matchday squad, but did not play","On matchday squad, but did not play","On matchday squad, but did not play","On matchday squad, but did not play","On matchday squad, but did not play","On matchday squad, but did not play","On matchday squad, but did not play","On matchday squad, but did not play","On matchday squad, but did not play","On matchday squad, but did not play","On matchday squad, but did not play","On matchday squad, but did not play","On matchday squad, but did not play","On matchday squad, but did not play","On matchday squad, but did not play","On matchday squad, but did not play","On matchday squad, but did not play","On matchday squad, but did not play","On matchday squad, but did not play","On matchday squad, but did not play","On matchday squad, but did not play","On matchday squad, but did not play","On matchday squad, but did not play","On matchday squad, but did not play","On matchday squad, but did not play","On matchday squad, but did not play","On matchday squad, but did not play","On matchday squad, but did not play","On matchday squad, but did not play","On matchday squad, but did not play","On matchday squad, but did not play","On matchday squad, but did not play","On matchday squad, but did not play","On matchday squad, but did not play","On matchday squad, but did not play","On matchday squad, but did not play","On matchday squad, but did not play","On matchday squad, but did not play","On matchday squad, but did not play","On matchday squad, but did not play","On matchday squad, but did not play","On matchday squad, but did not play","On matchday squad, but did not play","On matchday squad, but did not play","On matchday squad, but did not play","On matchday squad, but did not play","On matchday squad, but did not play","On matchday squad, but did not play","On matchday squad, but did not play","On matchday squad, but did not play",Fulham,Timothy-Castagne,197640fd
2025-09-20,Sat,Matchweek 5,Home,W 3–1,Fulham,Brentford,N,"On matchday squad, but did not play","On matchday squad, but did not play","On matchday squad, but did not play","On matchday squad, but did not play","On matchday squad, but did not play","On matchday squad, but did not play","On matchday squad, but did not play","On matchday squad, but did not play","On matchday squad, but did not play","On matchday squad, but did not play","On matchday squad, but did not play","On matchday squad, but did not play","On matchday squad, but did not play","On matchday squad, but did not play","On matchday squad, but did not play","On matchday squad, but did not play","On matchday squad, but did not play","On matchday squad, but did not play","On matchday squad, but did not play","On matchday squad, but did not play","On matchday squad, but did not play","On matchday squad, but did not play","On matchday squad, but did not play","On matchday squad, but did not play","On matchday squad, but did not play","On matchday squad, but did not play","On matchday squad, but did not play",Match Report,"On matchday squad, but did not play","On matchday squad, but did not play","On matchday squad, but did not play","On matchday squad, but did not play","On matchday squad, but did not play","On matchday squad, but did not play","On matchday squad, but did not play","On matchday squad, but did not play","On matchday squad, but did not play","On matchday squad, but did not play","On matchday squad, but did not play","On matchday squad, but did not play","On matchday squad, but did not play","On matchday squad, but did not play","On matchday squad, but did not play","On matchday squad, but did not play","On matchday squad, but did not play","On matchday squad, but did not play","On matchday squad, but did not play","On matchday squad, but did not play","On matchday squad, but did not play","On matchday squad, but did not play","On matchday squad, but did not play","On matchday squad, but did not play","On matchday squad, but did not play","On matchday squad, but did not play","On matchday squad, but did not play","On matchday squad, but did not play","On matchday squad, but did not play","On matchday squad, but did not play","On matchday squad, but did not play","On matchday squad, but did not play","On matchday squad, but did not play","On matchday squad, but did not play","On matchday squad, but did not play","On matchday squad, but did not play","On matchday squad, but did not play","On matchday squad, but did not play","On matchday squad, but did not play","On matchday squad, but did not play","On matchday squad, but did not play","On matchday squad, but did not play","On matchday squad, but did not play","On matchday squad, but did not play","On matchday squad, but did not play","On matchday squad, but did not play","On matchday squad, but did not play","On matchday squad, but did not play","On matchday squad, but did not play","On matchday squad, but did not play","On matchday squad, but did not play","On matchday squad, but did not play","On matchday squad, but did not play","On matchday squad, but did not play","On matchday squad, but did not play","On matchday squad, but did not play","On matchday squad, but did not play","On matchday squad, but did not play","On matchday squad, but did not play","On matchday squad, but did not play","On matchday squad, but did not play","On matchday squad, but did not play","On matchday squad, but did not play","On matchday squad, but did not play","On matchday squad, but did not play","On matchday squad, but did not play","On matchday squad, but did not play","On matchday squad, but did not play","On matchday squad, but did not play","On matchday squad, but did not play","On matchday squad, but did not play","On matchday squad, but did not play","On matchday squad, but did not play","On matchday squad, but did not play","On matchday squad, but did not play","On matchday squad, but did not play","On matchday squad, but did not play","On matchday squad, but did not play","On matchday squad, but did not play","On matchday squad, but did not play","On matchday squad, but did not play","On matchday squad, but did not play","On matchday squad, but did not play","On matchday squad, but did not play","On matchday squad, but did not play","On matchday squad, but did not play","On matchday squad, but did not play","On matchday squad, but did not play","On matchday squad, but did not play","On matchday squad, but did not play","On matchday squad, but did not play","On matchday squad, but did not play","On matchday squad, but did not play","On matchday squad, but did not play","On matchday squad, but did not play","On matchday squad, but did not play","On matchday squad, but did not play","On matchday squad, but did not play","On matchday squad, but did not play","On matchday squad, but did not play","On matchday squad, but did not play","On matchday squad, but did not play","On matchday squad, but did not play","On matchday squad, but did not play","On matchday squad, but did not play",Fulham,Timothy-Castagne,197640fd
2025-09-28,Sun,Matchweek 6,Away,L 1–3,Fulham,Aston Villa,Y,RB,90,0,0,0,0,0,0,0,0,61,2,2,1,0.0,0.0,0.0,1,0,42,48,87.5,3,34,2,1,1,Match Report,42,48,87.5,694,154,22,22,100.0,16,18,88.9,3,6,50.0,0,0.0,0.0,1,2,2,1,3,48,42,5,0,0,0,4,5,0,0,0,0,42,1,0,1,1,0,0,0,0,0,0,0,0,0,0,0,0,61,3,31,18,12,2,61,1,1,100.0,0,0.0,34,160,61,2,0,1,1,0,34,8,2,1,1,1,0,0,0,,0,1,0,1,2,4,6,0,0,0,0,1,0,0,4,2,1,0,0,0,6,1,1,50.0,Fulham,Timothy-Castagne,197640fd
2025-10-03,Fri,Matchweek 7,Away,L 1–3,Fulham,Bournemouth,Y,"WB,RB",90,0,0,0,0,1,0,0,0,50,2,2,0,0.0,0.0,0.1,3,0,32,43,74.4,2,25,2,0,0,Match Report,32,43,74.4,491,161,15,16,93.8,16,20,80.0,1,4,25.0,0,0.1,0.0,1,0,0,0,2,43,34,8,0,0,0,1,8,0,0,0,0,32,1,2,3,2,1,0,0,0,0,0,0,0,0,0,0,0,50,5,27,8,15,1,50,0,0,,0,,25,109,32,2,2,0,0,0,26,1,2,2,2,0,0,0,2,0.0,2,0,0,0,2,4,4,1,0,0,0,0,0,0,1,2,2,0,0,0,6,2,1,66.7,Fulham,Timothy-Castagne,197640fd
2025-10-18,Sat,Matchweek 8,Home,L 0–1,Fulham,Arsenal,Y,RB,90,0,0,0,0,0,0,0,0,41,4,0,2,0.0,0.0,0.0,0,0,26,29,89.7,1,14,0,0,0,Match Report,26,29,89.7,444,154,9,9,100.0,16,19,84.2,0,0,,0,0.0,0.0,0,0,0,0,1,29,24,5,0,0,0,2,5,0,0,0,0,26,0,0,0,0,0,0,0,0,0,0,0,0,0,0,0,0,41,6,22,14,5,0,41,0,0,,0,,14,51,17,0,0,0,0,0,19,1,4,3,2,2,0,2,3,66.7,1,2,0,2,0,4,5,0,0,0,0,1,1,0,2,0,3,0,0,0,0,4,4,50.0,Fulham,Timothy-Castagne,197640fd
2025-10-25,Sat,Matchweek 9,Away,L 1–2,Fulham,Newcastle Utd,N,RB,1,0,0,0,0,0,0,0,0,6,0,1,1,0.0,0.0,0.0,0,0,3,4,75.0,0,2,0,0,0,Match Report,3,4,75.0,62,3,1,2,50.0,1,1,100.0,1,1,100.0,0,0.0,0.0,0,0,0,0,0,4,3,1,0,0,0,0,1,0,0,0,0,3,0,0,0,0,0,0,0,0,0,0,0,0,0,0,0,0,6,0,4,2,0,0,6,0,0,,0,,2,3,0,0,0,0,0,0,2,0,0,0,0,0,0,0,0,,0,1,0,1,1,1,0,0,0,0,0,0,0,0,0,1,0,0,0,0,0,0,0,,Fulham,Timothy-Castagne,197640fd
2025-08-16,Sat,Matchweek 1,Away,D 1–1,Fulham,Brighton,Y,FW,65.0,0.0,0.0,0.0,0.0,2.0,0.0,0.0,0.0,19.0,0.0,0.0,1.0,0.3,0.3,0.0,0.0,0.0,7.0,13.0,53.8,0.0,13.0,0.0,0.0,0.0,Match Report,7.0,13.0,53.8,90.0,0.0,4.0,5.0,80.0,1.0,3.0,33.3,1.0,1.0,100.0,0.0,0.0,0.0,0.0,0.0,0.0,0.0,0.0,13.0,13.0,0.0,0.0,0.0,0.0,0.0,0.0,0.0,0.0,0.0,0.0,7.0,0.0,2.0,0.0,0.0,0.0,0.0,0.0,0.0,0.0,0.0,0.0,0.0,0.0,0.0,0.0,0.0,19.0,1.0,2.0,11.0,6.0,2.0,19.0,0.0,0.0,,0.0,,13.0,27.0,2.0,0.0,0.0,0.0,2.0,1.0,16.0,2.0,0.0,0.0,0.0,0.0,0.0,0.0,1.0,0.0,1.0,1.0,0.0,1.0,0.0,0.0,0.0,0.0,0.0,0.0,0.0,2.0,0.0,1.0,0.0,0.0,0.0,0.0,0.0,0.0,0.0,0.0,4.0,0.0,Fulham,Raul-Jimenez,b561db50
2025-08-24,Sun,Matchweek 2,Home,D 1–1,Fulham,Manchester Utd,N,FW,20.0,0.0,0.0,0.0,0.0,0.0,0.0,0.0,0.0,10.0,0.0,0.0,0.0,0.0,0.0,0.0,0.0,0.0,4.0,5.0,80.0,0.0,5.0,0.0,0.0,0.0,Match Report,4.0,5.0,80.0,42.0,0.0,4.0,4.0,100.0,0.0,1.0,0.0,0.0,0.0,,0.0,0.0,0.0,0.0,0.0,0.0,0.0,0.0,5.0,5.0,0.0,0.0,0.0,0.0,0.0,0.0,0.0,0.0,0.0,0.0,4.0,0.0,0.0,0.0,0.0,0.0,0.0,0.0,0.0,0.0,0.0,0.0,0.0,0.0,0.0,0.0,0.0,10.0,1.0,1.0,4.0,5.0,1.0,10.0,0.0,0.0,,0.0,,5.0,15.0,10.0,0.0,0.0,0.0,2.0,1.0,7.0,2.0,0.0,0.0,0.0,0.0,0.0,0.0,0.0,,0.0,0.0,0.0,0.0,0.0,0.0,1.0,0.0,0.0,0.0,0.0,1.0,0.0,1.0,0.0,0.0,0.0,0.0,0.0,0.0,1.0,1.0,3.0,25.0,Fulham,Raul-Jimenez,b561db50
2025-08-30,Sat,Matchweek 3,Away,L 0–2,Fulham,Chelsea,N,FW,31.0,0.0,0.0,0.0,0.0,2.0,0.0,0.0,0.0,17.0,1.0,0.0,0.0,0.1,0.1,0.0,1.0,0.0,6.0,8.0,75.0,2.0,7.0,0.0,2.0,0.0,Match Report,6.0,8.0,75.0,79.0,18.0,4.0,5.0,80.0,2.0,2.0,100.0,0.0,0.0,,0.0,0.0,0.0,0.0,1.0,0.0,0.0,2.0,8.0,8.0,0.0,0.0,0.0,0.0,0.0,0.0,0.0,0.0,0.0,0.0,6.0,0.0,1.0,1.0,1.0,0.0,0.0,0.0,0.0,0.0,0.0,0.0,0.0,0.0,0.0,0.0,0.0,17.0,1.0,2.0,6.0,9.0,2.0,17.0,2.0,0.0,0.0,2.0,100.0,7.0,19.0,5.0,0.0,0.0,0.0,2.0,1.0,10.0,1.0,1.0,1.0,0.0,1.0,0.0,0.0,0.0,,0.0,0.0,0.0,0.0,0.0,1.0,1.0,0.0,0.0,0.0,0.0,2.0,0.0,0.0,0.0,0.0,1.0,0.0,0.0,0.0,0.0,1.0,1.0,50.0,Fulham,Raul-Jimenez,b561db50
2025-09-13,Sat,Matchweek 4,Home,W 1–0,Fulham,Leeds United,N,FW,7.0,0.0,0.0,0.0,0.0,0.0,0.0,0.0,0.0,1.0,2.0,0.0,0.0,0.0,0.0,0.0,0.0,0.0,0.0,0.0,,0.0,0.0,0.0,0.0,0.0,Match Report,0.0,0.0,,0.0,0.0,0.0,0.0,,0.0,0.0,,0.0,0.0,,0.0,0.0,0.0,0.0,0.0,0.0,0.0,0.0,0.0,0.0,0.0,0.0,0.0,0.0,0.0,0.0,0.0,0.0,0.0,0.0,0.0,0.0,0.0,0.0,0.0,0.0,0.0,0.0,0.0,0.0,0.0,0.0,0.0,0.0,0.0,0.0,0.0,1.0,0.0,0.0,0.0,1.0,0.0,1.0,0.0,0.0,,0.0,,0.0,0.0,0.0,0.0,0.0,0.0,0.0,0.0,0.0,0.0,2.0,1.0,0.0,0.0,2.0,0.0,0.0,,0.0,0.0,0.0,0.0,0.0,2.0,0.0,0.0,0.0,0.0,0.0,1.0,0.0,0.0,0.0,0.0,1.0,0.0,0.0,0.0,0.0,0.0,3.0,0.0,Fulham,Raul-Jimenez,b561db50
2025-09-20,Sat,Matchweek 5,Home,W 3–1,Fulham,Brentford,N,FW,11.0,0.0,0.0,0.0,0.0,0.0,0.0,0.0,0.0,4.0,0.0,0.0,0.0,0.0,0.0,0.0,0.0,0.0,2.0,2.0,100.0,1.0,2.0,0.0,0.0,0.0,Match Report,2.0,2.0,100.0,23.0,12.0,2.0,2.0,100.0,0.0,0.0,,0.0,0.0,,0.0,0.0,0.0,0.0,0.0,0.0,0.0,1.0,2.0,2.0,0.0,0.0,0.0,0.0,0.0,0.0,0.0,0.0,0.0,0.0,2.0,0.0,0.0,0.0,0.0,0.0,0.0,0.0,0.0,0.0,0.0,0.0,0.0,0.0,0.0,0.0,0.0,4.0,1.0,1.0,1.0,2.0,0.0,4.0,0.0,0.0,,0.0,,2.0,6.0,0.0,0.0,0.0,0.0,1.0,0.0,3.0,0.0,0.0,0.0,0.0,0.0,0.0,0.0,0.0,,0.0,0.0,0.0,0.0,0.0,0.0,1.0,0.0,0.0,0.0,0.0,1.0,0.0,0.0,0.0,0.0,0.0,0.0,0.0,0.0,0.0,0.0,1.0,0.0,Fulham,Raul-Jimenez,b561db50
2025-09-28,Sun,Matchweek 6,Away,L 1–3,Fulham,Aston Villa,Y,FW,10.0,1.0,0.0,0.0,0.0,1.0,1.0,0.0,0.0,2.0,0.0,0.0,0.0,0.1,0.1,0.0,0.0,0.0,0.0,1.0,0.0,0.0,0.0,0.0,0.0,0.0,Match Report,0.0,1.0,0.0,0.0,0.0,0.0,0.0,,0.0,0.0,,0.0,1.0,0.0,0.0,0.0,0.0,0.0,0.0,0.0,0.0,0.0,1.0,1.0,0.0,0.0,0.0,0.0,0.0,0.0,0.0,0.0,0.0,0.0,0.0,0.0,0.0,0.0,0.0,0.0,0.0,0.0,0.0,0.0,0.0,0.0,0.0,0.0,0.0,0.0,0.0,2.0,0.0,0.0,0.0,2.0,1.0,2.0,0.0,0.0,,0.0,,0.0,0.0,0.0,0.0,0.0,0.0,0.0,0.0,2.0,0.0,0.0,0.0,0.0,0.0,0.0,0.0,0.0,,0.0,0.0,0.0,0.0,0.0,0.0,0.0,0.0,0.0,0.0,0.0,0.0,0.0,0.0,0.0,0.0,0.0,0.0,0.0,0.0,0.0,2.0,1.0,66.7,Fulham,Raul-Jimenez,b561db50
2025-10-18,Sat,Matchweek 8,Home,L 0–1,Fulham,Arsenal,Y,FW,90.0,0.0,0.0,0.0,0.0,1.0,0.0,0.0,0.0,29.0,3.0,0.0,0.0,0.1,0.1,0.0,3.0,0.0,9.0,19.0,47.4,2.0,11.0,1.0,1.0,0.0,Match Report,9.0,19.0,47.4,184.0,37.0,3.0,6.0,50.0,5.0,7.0,71.4,1.0,5.0,20.0,0.0,0.0,0.0,0.0,2.0,0.0,0.0,2.0,19.0,16.0,3.0,0.0,0.0,0.0,0.0,3.0,0.0,0.0,0.0,0.0,9.0,0.0,1.0,3.0,2.0,0.0,0.0,1.0,0.0,0.0,0.0,0.0,0.0,0.0,0.0,0.0,0.0,29.0,2.0,8.0,15.0,6.0,2.0,29.0,1.0,0.0,0.0,1.0,100.0,11.0,76.0,43.0,1.0,0.0,1.0,4.0,0.0,14.0,3.0,3.0,3.0,3.0,0.0,0.0,0.0,2.0,0.0,2.0,0.0,0.0,0.0,0.0,3.0,0.0,0.0,0.0,0.0,0.0,4.0,1.0,0.0,0.0,0.0,3.0,0.0,0.0,0.0,3.0,2.0,6.0,25.0,Fulham,Raul-Jimenez,b561db50
2025-10-25,Sat,Matchweek 9,Away,L 1–2,Fulham,Newcastle Utd,Y,FW,90.0,0.0,0.0,0.0,0.0,6.0,2.0,0.0,0.0,46.0,2.0,0.0,1.0,0.7,0.7,0.0,3.0,1.0,19.0,29.0,65.5,0.0,22.0,0.0,3.0,1.0,Match Report,19.0,29.0,65.5,204.0,34.0,15.0,19.0,78.9,1.0,3.0,33.3,1.0,1.0,100.0,0.0,0.0,0.0,0.0,1.0,0.0,0.0,0.0,29.0,27.0,1.0,0.0,0.0,0.0,0.0,1.0,0.0,0.0,0.0,0.0,19.0,1.0,1.0,3.0,1.0,0.0,1.0,1.0,0.0,0.0,1.0,0.0,0.0,0.0,1.0,0.0,0.0,46.0,0.0,6.0,16.0,24.0,7.0,46.0,3.0,1.0,33.3,2.0,66.7,22.0,82.0,18.0,0.0,1.0,0.0,3.0,2.0,33.0,10.0,2.0,1.0,1.0,0.0,1.0,1.0,1.0,100.0,0.0,1.0,0.0,1.0,0.0,2.0,0.0,0.0,0.0,0.0,0.0,0.0,0.0,0.0,0.0,0.0,1.0,0.0,0.0,0.0,3.0,4.0,3.0,57.1,Fulham,Raul-Jimenez,b561db50
2025-08-16,Sat,Matchweek 1,Away,D 1–1,Fulham,Brighton,N,FW,25,1,0,0,0,1,1,1,0,7,0,0,1,0.2,0.2,0.0,0,0,0,4,0.0,0,4,0,0,0,Match Report,0,4,0.0,0,0,0,0,,0,2,0.0,0,2,0.0,0,0.0,0.0,0,0,0,0,0,4,4,0,0,0,1,0,0,0,0,0,0,0,0,0,0,0,0,0,0,0,0,0,0,0,0,0,0,0,7,0,0,5,2,1,7,0,0,,0,,4,13,9,0,0,0,1,0,5,0,0,0,0,0,0,0,0,,0,1,0,1,0,0,0,0,1,0,0,1,0,0,0,0,0,0,0,0,0,0,4,0.0,Fulham,Rodrigo-Muniz,a755db8c
2025-08-24,Sun,Matchweek 2,Home,D 1–1,Fulham,Manchester Utd,Y,FW,70,0,0,0,0,3,0,0,0,22,1,0,0,0.4,0.4,0.0,0,0,1,4,25.0,0,9,0,3,0,Match Report,1,4,25.0,8,0,1,2,50.0,0,0,,0,0,,0,0.0,0.0,1,0,0,0,0,4,4,0,0,0,0,0,0,0,0,0,0,1,0,1,0,0,0,0,0,0,0,0,0,0,0,0,0,0,22,3,3,8,11,7,22,3,0,0.0,3,100.0,9,25,0,0,0,0,4,0,12,1,1,1,0,1,0,0,0,,0,0,0,0,0,1,2,0,0,0,0,0,0,0,0,0,1,0,0,1,3,5,8,38.5,Fulham,Rodrigo-Muniz,a755db8c
2025-08-30,Sat,Matchweek 3,Away,L 0–2,Fulham,Chelsea,Y,FW,59,0,0,0,0,1,0,0,0,19,0,0,1,0.0,0.0,0.0,0,0,2,10,20.0,1,11,0,1,0,Match Report,2,10,20.0,28,15,1,2,50.0,1,5,20.0,0,1,0.0,0,0.0,0.0,1,0,0,0,1,10,10,0,0,0,0,0,0,0,0,0,0,2,0,0,0,0,0,0,0,0,0,0,0,0,0,0,0,0,19,1,1,11,7,1,19,1,0,0.0,1,100.0,11,26,3,0,0,0,2,2,17,1,0,0,0,0,0,0,0,,0,1,0,1,0,0,1,0,0,0,0,2,2,1,0,0,0,0,0,0,0,6,7,46.2,Fulham,Rodrigo-Muniz,a755db8c
2025-09-13,Sat,Matchweek 4,Home,W 1–0,Fulham,Leeds United,Y,FW,83,0,0,0,0,1,1,0,0,19,1,0,0,0.2,0.2,0.0,1,0,3,9,33.3,1,8,0,2,1,Match Report,3,9,33.3,82,35,1,3,33.3,1,3,33.3,1,2,50.0,0,0.0,0.0,0,1,1,0,1,9,9,0,0,0,0,0,0,0,0,0,0,3,0,0,1,0,0,0,0,1,0,0,0,0,0,0,0,0,19,1,1,9,9,3,19,2,1,50.0,1,50.0,8,21,10,0,1,0,3,0,12,3,1,0,0,1,0,0,0,,0,0,0,0,0,1,1,0,0,0,0,3,3,1,0,0,0,0,0,0,2,3,3,50.0,Fulham,Rodrigo-Muniz,a755db8c
2025-09-20,Sat,Matchweek 5,Home,W 3–1,Fulham,Brentford,Y,FW,79,0,1,0,0,2,0,0,0,27,1,0,1,0.1,0.1,0.2,1,1,5,9,55.6,0,12,0,2,2,Match Report,5,9,55.6,68,8,3,4,75.0,2,3,66.7,0,1,0.0,1,0.2,0.0,2,1,0,0,0,9,9,0,0,0,0,0,0,0,0,0,0,5,0,0,1,1,0,0,0,0,0,1,1,0,0,0,0,0,27,4,4,15,9,5,27,2,2,100.0,0,0.0,12,15,2,0,0,0,8,2,18,2,1,0,0,0,1,0,0,,0,1,0,1,0,1,4,0,0,0,0,3,0,1,0,0,0,0,0,0,1,5,1,83.3,Fulham,Rodrigo-Muniz,a755db8c
2025-08-16,Sat,Matchweek 1,Away,D 1–1,Fulham,Brighton,N,"On matchday squad, but did not play","On matchday squad, but did not play","On matchday squad, but did not play","On matchday squad, but did not play","On matchday squad, but did not play","On matchday squad, but did not play","On matchday squad, but did not play","On matchday squad, but did not play","On matchday squad, but did not play","On matchday squad, but did not play","On matchday squad, but did not play","On matchday squad, but did not play","On matchday squad, but did not play","On matchday squad, but did not play","On matchday squad, but did not play","On matchday squad, but did not play","On matchday squad, but did not play","On matchday squad, but did not play","On matchday squad, but did not play","On matchday squad, but did not play","On matchday squad, but did not play","On matchday squad, but did not play","On matchday squad, but did not play","On matchday squad, but did not play","On matchday squad, but did not play","On matchday squad, but did not play","On matchday squad, but did not play",Match Report,"On matchday squad, but did not play","On matchday squad, but did not play","On matchday squad, but did not play","On matchday squad, but did not play","On matchday squad, but did not play","On matchday squad, but did not play","On matchday squad, but did not play","On matchday squad, but did not play","On matchday squad, but did not play","On matchday squad, but did not play","On matchday squad, but did not play","On matchday squad, but did not play","On matchday squad, but did not play","On matchday squad, but did not play","On matchday squad, but did not play","On matchday squad, but did not play","On matchday squad, but did not play","On matchday squad, but did not play","On matchday squad, but did not play","On matchday squad, but did not play","On matchday squad, but did not play","On matchday squad, but did not play","On matchday squad, but did not play","On matchday squad, but did not play","On matchday squad, but did not play","On matchday squad, but did not play","On matchday squad, but did not play","On matchday squad, but did not play","On matchday squad, but did not play","On matchday squad, but did not play","On matchday squad, but did not play","On matchday squad, but did not play","On matchday squad, but did not play","On matchday squad, but did not play","On matchday squad, but did not play","On matchday squad, but did not play","On matchday squad, but did not play","On matchday squad, but did not play","On matchday squad, but did not play","On matchday squad, but did not play","On matchday squad, but did not play","On matchday squad, but did not play","On matchday squad, but did not play","On matchday squad, but did not play","On matchday squad, but did not play","On matchday squad, but did not play","On matchday squad, but did not play","On matchday squad, but did not play","On matchday squad, but did not play","On matchday squad, but did not play","On matchday squad, but did not play","On matchday squad, but did not play","On matchday squad, but did not play","On matchday squad, but did not play","On matchday squad, but did not play","On matchday squad, but did not play","On matchday squad, but did not play","On matchday squad, but did not play","On matchday squad, but did not play","On matchday squad, but did not play","On matchday squad, but did not play","On matchday squad, but did not play","On matchday squad, but did not play","On matchday squad, but did not play","On matchday squad, but did not play","On matchday squad, but did not play","On matchday squad, but did not play","On matchday squad, but did not play","On matchday squad, but did not play","On matchday squad, but did not play","On matchday squad, but did not play","On matchday squad, but did not play","On matchday squad, but did not play","On matchday squad, but did not play","On matchday squad, but did not play","On matchday squad, but did not play","On matchday squad, but did not play","On matchday squad, but did not play","On matchday squad, but did not play","On matchday squad, but did not play","On matchday squad, but did not play","On matchday squad, but did not play","On matchday squad, but did not play","On matchday squad, but did not play","On matchday squad, but did not play","On matchday squad, but did not play","On matchday squad, but did not play","On matchday squad, but did not play","On matchday squad, but did not play","On matchday squad, but did not play","On matchday squad, but did not play","On matchday squad, but did not play","On matchday squad, but did not play","On matchday squad, but did not play","On matchday squad, but did not play","On matchday squad, but did not play","On matchday squad, but did not play","On matchday squad, but did not play","On matchday squad, but did not play","On matchday squad, but did not play","On matchday squad, but did not play","On matchday squad, but did not play","On matchday squad, but did not play","On matchday squad, but did not play","On matchday squad, but did not play",Fulham,Issa-Diop,a712ca2b
2025-09-13,Sat,Matchweek 4,Home,W 1–0,Fulham,Leeds United,N,"On matchday squad, but did not play","On matchday squad, but did not play","On matchday squad, but did not play","On matchday squad, but did not play","On matchday squad, but did not play","On matchday squad, but did not play","On matchday squad, but did not play","On matchday squad, but did not play","On matchday squad, but did not play","On matchday squad, but did not play","On matchday squad, but did not play","On matchday squad, but did not play","On matchday squad, but did not play","On matchday squad, but did not play","On matchday squad, but did not play","On matchday squad, but did not play","On matchday squad, but did not play","On matchday squad, but did not play","On matchday squad, but did not play","On matchday squad, but did not play","On matchday squad, but did not play","On matchday squad, but did not play","On matchday squad, but did not play","On matchday squad, but did not play","On matchday squad, but did not play","On matchday squad, but did not play","On matchday squad, but did not play",Match Report,"On matchday squad, but did not play","On matchday squad, but did not play","On matchday squad, but did not play","On matchday squad, but did not play","On matchday squad, but did not play","On matchday squad, but did not play","On matchday squad, but did not play","On matchday squad, but did not play","On matchday squad, but did not play","On matchday squad, but did not play","On matchday squad, but did not play","On matchday squad, but did not play","On matchday squad, but did not play","On matchday squad, but did not play","On matchday squad, but did not play","On matchday squad, but did not play","On matchday squad, but did not play","On matchday squad, but did not play","On matchday squad, but did not play","On matchday squad, but did not play","On matchday squad, but did not play","On matchday squad, but did not play","On matchday squad, but did not play","On matchday squad, but did not play","On matchday squad, but did not play","On matchday squad, but did not play","On matchday squad, but did not play","On matchday squad, but did not play","On matchday squad, but did not play","On matchday squad, but did not play","On matchday squad, but did not play","On matchday squad, but did not play","On matchday squad, but did not play","On matchday squad, but did not play","On matchday squad, but did not play","On matchday squad, but did not play","On matchday squad, but did not play","On matchday squad, but did not play","On matchday squad, but did not play","On matchday squad, but did not play","On matchday squad, but did not play","On matchday squad, but did not play","On matchday squad, but did not play","On matchday squad, but did not play","On matchday squad, but did not play","On matchday squad, but did not play","On matchday squad, but did not play","On matchday squad, but did not play","On matchday squad, but did not play","On matchday squad, but did not play","On matchday squad, but did not play","On matchday squad, but did not play","On matchday squad, but did not play","On matchday squad, but did not play","On matchday squad, but did not play","On matchday squad, but did not play","On matchday squad, but did not play","On matchday squad, but did not play","On matchday squad, but did not play","On matchday squad, but did not play","On matchday squad, but did not play","On matchday squad, but did not play","On matchday squad, but did not play","On matchday squad, but did not play","On matchday squad, but did not play","On matchday squad, but did not play","On matchday squad, but did not play","On matchday squad, but did not play","On matchday squad, but did not play","On matchday squad, but did not play","On matchday squad, but did not play","On matchday squad, but did not play","On matchday squad, but did not play","On matchday squad, but did not play","On matchday squad, but did not play","On matchday squad, but did not play","On matchday squad, but did not play","On matchday squad, but did not play","On matchday squad, but did not play","On matchday squad, but did not play","On matchday squad, but did not play","On matchday squad, but did not play","On matchday squad, but did not play","On matchday squad, but did not play","On matchday squad, but did not play","On matchday squad, but did not play","On matchday squad, but did not play","On matchday squad, but did not play","On matchday squad, but did not play","On matchday squad, but did not play","On matchday squad, but did not play","On matchday squad, but did not play","On matchday squad, but did not play","On matchday squad, but did not play","On matchday squad, but did not play","On matchday squad, but did not play","On matchday squad, but did not play","On matchday squad, but did not play","On matchday squad, but did not play","On matchday squad, but did not play","On matchday squad, but did not play","On matchday squad, but did not play","On matchday squad, but did not play","On matchday squad, but did not play","On matchday squad, but did not play",Fulham,Issa-Diop,a712ca2b
2025-10-03,Fri,Matchweek 7,Away,L 1–3,Fulham,Bournemouth,Y,CB,85,0,0,0,0,0,0,1,0,49,2,2,0,0.0,0.0,0.0,1,0,24,35,68.6,5,31,1,0,0,Match Report,24,35,68.6,414,226,9,12,75.0,14,14,100.0,1,6,16.7,0,0.0,0.0,0,5,0,0,5,35,35,0,0,0,0,1,0,0,0,0,0,24,0,2,1,1,0,0,0,0,0,0,0,0,0,0,0,0,49,8,26,20,3,0,49,0,0,,0,,31,186,108,1,1,0,2,0,29,0,2,2,0,2,0,1,1,100.0,0,0,0,0,2,4,8,0,1,0,0,2,0,0,1,2,2,0,0,0,4,1,0,100.0,Fulham,Issa-Diop,a712ca2b
2025-10-18,Sat,Matchweek 8,Home,L 0–1,Fulham,Arsenal,N,CB,49,0,0,0,0,0,0,0,0,18,0,0,0,0.0,0.0,0.0,0,0,13,14,92.9,0,7,0,0,0,Match Report,13,14,92.9,224,78,6,6,100.0,6,6,100.0,1,2,50.0,0,0.0,0.0,0,0,0,0,0,14,14,0,0,0,0,0,0,0,0,0,0,13,0,0,0,0,0,0,0,0,0,0,0,0,0,0,0,0,18,3,11,5,2,2,18,0,0,,0,,7,15,8,0,0,0,1,0,11,0,0,0,0,0,0,0,1,0.0,1,0,0,0,0,0,2,0,0,0,0,1,0,0,0,0,0,0,0,0,0,0,2,0.0,Fulham,Issa-Diop,a712ca2b
2025-10-25,Sat,Matchweek 9,Away,L 1–2,Fulham,Newcastle Utd,Y,CB,90,0,0,0,0,0,0,0,0,70,2,0,0,0.0,0.0,0.0,0,0,53,61,86.9,2,44,0,0,0,Match Report,53,61,86.9,1008,390,24,24,100.0,21,23,91.3,8,11,72.7,0,0.0,0.0,0,5,0,0,2,61,57,4,4,0,0,0,0,0,0,0,0,53,0,2,0,0,0,0,0,0,0,0,0,0,0,0,0,0,70,5,41,29,0,0,70,0,0,,0,,44,186,104,0,0,0,2,0,50,0,2,1,1,1,0,0,1,0.0,1,0,0,0,0,2,4,1,0,0,0,1,0,0,0,0,1,0,0,0,3,3,1,75.0,Fulham,Issa-Diop,a712ca2b
2025-08-16,Sat,Matchweek 1,Away,D 1–1,Fulham,Brighton,Y,CB,83,0,0,0,0,0,0,0,0,60,1,0,0,0.0,0.0,0.0,0,0,50,56,89.3,2,48,0,0,0,Match Report,50,56,89.3,854,357,19,19,100.0,28,28,100.0,2,6,33.3,0,0.0,0.0,0,1,0,0,2,56,52,4,2,0,0,0,0,0,0,0,0,50,0,2,0,0,0,0,0,0,0,0,0,0,0,0,0,0,60,8,38,19,3,2,60,0,0,,0,,48,124,56,0,1,0,0,0,48,0,1,1,0,1,0,1,2,50.0,1,0,0,0,0,1,2,0,0,0,0,0,0,0,0,0,1,0,0,0,4,1,0,100.0,Fulham,Jorge-Cuenca,0abc51f2
2025-08-24,Sun,Matchweek 2,Home,D 1–1,Fulham,Manchester Utd,N,"On matchday squad, but did not play","On matchday squad, but did not play","On matchday squad, but did not play","On matchday squad, but did not play","On matchday squad, but did not play","On matchday squad, but did not play","On matchday squad, but did not play","On matchday squad, but did not play","On matchday squad, but did not play","On matchday squad, but did not play","On matchday squad, but did not play","On matchday squad, but did not play","On matchday squad, but did not play","On matchday squad, but did not play","On matchday squad, but did not play","On matchday squad, but did not play","On matchday squad, but did not play","On matchday squad, but did not play","On matchday squad, but did not play","On matchday squad, but did not play","On matchday squad, but did not play","On matchday squad, but did not play","On matchday squad, but did not play","On matchday squad, but did not play","On matchday squad, but did not play","On matchday squad, but did not play","On matchday squad, but did not play",Match Report,"On matchday squad, but did not play","On matchday squad, but did not play","On matchday squad, but did not play","On matchday squad, but did not play","On matchday squad, but did not play","On matchday squad, but did not play","On matchday squad, but did not play","On matchday squad, but did not play","On matchday squad, but did not play","On matchday squad, but did not play","On matchday squad, but did not play","On matchday squad, but did not play","On matchday squad, but did not play","On matchday squad, but did not play","On matchday squad, but did not play","On matchday squad, but did not play","On matchday squad, but did not play","On matchday squad, but did not play","On matchday squad, but did not play","On matchday squad, but did not play","On matchday squad, but did not play","On matchday squad, but did not play","On matchday squad, but did not play","On matchday squad, but did not play","On matchday squad, but did not play","On matchday squad, but did not play","On matchday squad, but did not play","On matchday squad, but did not play","On matchday squad, but did not play","On matchday squad, but did not play","On matchday squad, but did not play","On matchday squad, but did not play","On matchday squad, but did not play","On matchday squad, but did not play","On matchday squad, but did not play","On matchday squad, but did not play","On matchday squad, but did not play","On matchday squad, but did not play","On matchday squad, but did not play","On matchday squad, but did not play","On matchday squad, but did not play","On matchday squad, but did not play","On matchday squad, but did not play","On matchday squad, but did not play","On matchday squad, but did not play","On matchday squad, but did not play","On matchday squad, but did not play","On matchday squad, but did not play","On matchday squad, but did not play","On matchday squad, but did not play","On matchday squad, but did not play","On matchday squad, but did not play","On matchday squad, but did not play","On matchday squad, but did not play","On matchday squad, but did not play","On matchday squad, but did not play","On matchday squad, but did not play","On matchday squad, but did not play","On matchday squad, but did not play","On matchday squad, but did not play","On matchday squad, but did not play","On matchday squad, but did not play","On matchday squad, but did not play","On matchday squad, but did not play","On matchday squad, but did not play","On matchday squad, but did not play","On matchday squad, but did not play","On matchday squad, but did not play","On matchday squad, but did not play","On matchday squad, but did not play","On matchday squad, but did not play","On matchday squad, but did not play","On matchday squad, but did not play","On matchday squad, but did not play","On matchday squad, but did not play","On matchday squad, but did not play","On matchday squad, but did not play","On matchday squad, but did not play","On matchday squad, but did not play","On matchday squad, but did not play","On matchday squad, but did not play","On matchday squad, but did not play","On matchday squad, but did not play","On matchday squad, but did not play","On matchday squad, but did not play","On matchday squad, but did not play","On matchday squad, but did not play","On matchday squad, but did not play","On matchday squad, but did not play","On matchday squad, but did not play","On matchday squad, but did not play","On matchday squad, but did not play","On matchday squad, but did not play","On matchday squad, but did not play","On matchday squad, but did not play","On matchday squad, but did not play","On matchday squad, but did not play","On matchday squad, but did not play","On matchday squad, but did not play","On matchday squad, but did not play","On matchday squad, but did not play","On matchday squad, but did not play","On matchday squad, but did not play","On matchday squad, but did not play","On matchday squad, but did not play",Fulham,Jorge-Cuenca,0abc51f2
2025-08-30,Sat,Matchweek 3,Away,L 0–2,Fulham,Chelsea,N,"On matchday squad, but did not play","On matchday squad, but did not play","On matchday squad, but did not play","On matchday squad, but did not play","On matchday squad, but did not play","On matchday squad, but did not play","On matchday squad, but did not play","On matchday squad, but did not play","On matchday squad, but did not play","On matchday squad, but did not play","On matchday squad, but did not play","On matchday squad, but did not play","On matchday squad, but did not play","On matchday squad, but did not play","On matchday squad, but did not play","On matchday squad, but did not play","On matchday squad, but did not play","On matchday squad, but did not play","On matchday squad, but did not play","On matchday squad, but did not play","On matchday squad, but did not play","On matchday squad, but did not play","On matchday squad, but did not play","On matchday squad, but did not play","On matchday squad, but did not play","On matchday squad, but did not play","On matchday squad, but did not play",Match Report,"On matchday squad, but did not play","On matchday squad, but did not play","On matchday squad, but did not play","On matchday squad, but did not play","On matchday squad, but did not play","On matchday squad, but did not play","On matchday squad, but did not play","On matchday squad, but did not play","On matchday squad, but did not play","On matchday squad, but did not play","On matchday squad, but did not play","On matchday squad, but did not play","On matchday squad, but did not play","On matchday squad, but did not play","On matchday squad, but did not play","On matchday squad, but did not play","On matchday squad, but did not play","On matchday squad, but did not play","On matchday squad, but did not play","On matchday squad, but did not play","On matchday squad, but did not play","On matchday squad, but did not play","On matchday squad, but did not play","On matchday squad, but did not play","On matchday squad, but did not play","On matchday squad, but did not play","On matchday squad, but did not play","On matchday squad, but did not play","On matchday squad, but did not play","On matchday squad, but did not play","On matchday squad, but did not play","On matchday squad, but did not play","On matchday squad, but did not play","On matchday squad, but did not play","On matchday squad, but did not play","On matchday squad, but did not play","On matchday squad, but did not play","On matchday squad, but did not play","On matchday squad, but did not play","On matchday squad, but did not play","On matchday squad, but did not play","On matchday squad, but did not play","On matchday squad, but did not play","On matchday squad, but did not play","On matchday squad, but did not play","On matchday squad, but did not play","On matchday squad, but did not play","On matchday squad, but did not play","On matchday squad, but did not play","On matchday squad, but did not play","On matchday squad, but did not play","On matchday squad, but did not play","On matchday squad, but did not play","On matchday squad, but did not play","On matchday squad, but did not play","On matchday squad, but did not play","On matchday squad, but did not play","On matchday squad, but did not play","On matchday squad, but did not play","On matchday squad, but did not play","On matchday squad, but did not play","On matchday squad, but did not play","On matchday squad, but did not play","On matchday squad, but did not play","On matchday squad, but did not play","On matchday squad, but did not play","On matchday squad, but did not play","On matchday squad, but did not play","On matchday squad, but did not play","On matchday squad, but did not play","On matchday squad, but did not play","On matchday squad, but did not play","On matchday squad, but did not play","On matchday squad, but did not play","On matchday squad, but did not play","On matchday squad, but did not play","On matchday squad, but did not play","On matchday squad, but did not play","On matchday squad, but did not play","On matchday squad, but did not play","On matchday squad, but did not play","On matchday squad, but did not play","On matchday squad, but did not play","On matchday squad, but did not play","On matchday squad, but did not play","On matchday squad, but did not play","On matchday squad, but did not play","On matchday squad, but did not play","On matchday squad, but did not play","On matchday squad, but did not play","On matchday squad, but did not play","On matchday squad, but did not play","On matchday squad, but did not play","On matchday squad, but did not play","On matchday squad, but did not play","On matchday squad, but did not play","On matchday squad, but did not play","On matchday squad, but did not play","On matchday squad, but did not play","On matchday squad, but did not play","On matchday squad, but did not play","On matchday squad, but did not play","On matchday squad, but did not play","On matchday squad, but did not play","On matchday squad, but did not play",Fulham,Jorge-Cuenca,0abc51f2
2025-09-20,Sat,Matchweek 5,Home,W 3–1,Fulham,Brentford,N,CB,5,0,0,0,0,0,0,0,0,6,1,2,0,0.0,0.0,0.0,0,0,1,2,50.0,0,1,0,0,0,Match Report,1,2,50.0,14,0,1,1,100.0,0,0,,0,1,0.0,0,0.0,0.0,0,0,0,0,0,2,2,0,0,0,0,0,0,0,0,0,0,1,0,0,0,0,0,0,0,0,0,0,0,0,0,0,0,0,6,3,5,1,0,0,6,0,0,,0,,1,4,0,0,0,0,0,0,0,0,1,1,1,0,0,1,1,100.0,0,0,0,0,2,3,1,0,0,0,0,0,0,0,0,2,1,0,0,0,0,0,0,,Fulham,Jorge-Cuenca,0abc51f2
2025-09-28,Sun,Matchweek 6,Away,L 1–3,Fulham,Aston Villa,N,"On matchday squad, but did not play","On matchday squad, but did not play","On matchday squad, but did not play","On matchday squad, but did not play","On matchday squad, but did not play","On matchday squad, but did not play","On matchday squad, but did not play","On matchday squad, but did not play","On matchday squad, but did not play","On matchday squad, but did not play","On matchday squad, but did not play","On matchday squad, but did not play","On matchday squad, but did not play","On matchday squad, but did not play","On matchday squad, but did not play","On matchday squad, but did not play","On matchday squad, but did not play","On matchday squad, but did not play","On matchday squad, but did not play","On matchday squad, but did not play","On matchday squad, but did not play","On matchday squad, but did not play","On matchday squad, but did not play","On matchday squad, but did not play","On matchday squad, but did not play","On matchday squad, but did not play","On matchday squad, but did not play",Match Report,"On matchday squad, but did not play","On matchday squad, but did not play","On matchday squad, but did not play","On matchday squad, but did not play","On matchday squad, but did not play","On matchday squad, but did not play","On matchday squad, but did not play","On matchday squad, but did not play","On matchday squad, but did not play","On matchday squad, but did not play","On matchday squad, but did not play","On matchday squad, but did not play","On matchday squad, but did not play","On matchday squad, but did not play","On matchday squad, but did not play","On matchday squad, but did not play","On matchday squad, but did not play","On matchday squad, but did not play","On matchday squad, but did not play","On matchday squad, but did not play","On matchday squad, but did not play","On matchday squad, but did not play","On matchday squad, but did not play","On matchday squad, but did not play","On matchday squad, but did not play","On matchday squad, but did not play","On matchday squad, but did not play","On matchday squad, but did not play","On matchday squad, but did not play","On matchday squad, but did not play","On matchday squad, but did not play","On matchday squad, but did not play","On matchday squad, but did not play","On matchday squad, but did not play","On matchday squad, but did not play","On matchday squad, but did not play","On matchday squad, but did not play","On matchday squad, but did not play","On matchday squad, but did not play","On matchday squad, but did not play","On matchday squad, but did not play","On matchday squad, but did not play","On matchday squad, but did not play","On matchday squad, but did not play","On matchday squad, but did not play","On matchday squad, but did not play","On matchday squad, but did not play","On matchday squad, but did not play","On matchday squad, but did not play","On matchday squad, but did not play","On matchday squad, but did not play","On matchday squad, but did not play","On matchday squad, but did not play","On matchday squad, but did not play","On matchday squad, but did not play","On matchday squad, but did not play","On matchday squad, but did not play","On matchday squad, but did not play","On matchday squad, but did not play","On matchday squad, but did not play","On matchday squad, but did not play","On matchday squad, but did not play","On matchday squad, but did not play","On matchday squad, but did not play","On matchday squad, but did not play","On matchday squad, but did not play","On matchday squad, but did not play","On matchday squad, but did not play","On matchday squad, but did not play","On matchday squad, but did not play","On matchday squad, but did not play","On matchday squad, but did not play","On matchday squad, but did not play","On matchday squad, but did not play","On matchday squad, but did not play","On matchday squad, but did not play","On matchday squad, but did not play","On matchday squad, but did not play","On matchday squad, but did not play","On matchday squad, but did not play","On matchday squad, but did not play","On matchday squad, but did not play","On matchday squad, but did not play","On matchday squad, but did not play","On matchday squad, but did not play","On matchday squad, but did not play","On matchday squad, but did not play","On matchday squad, but did not play","On matchday squad, but did not play","On matchday squad, but did not play","On matchday squad, but did not play","On matchday squad, but did not play","On matchday squad, but did not play","On matchday squad, but did not play","On matchday squad, but did not play","On matchday squad, but did not play","On matchday squad, but did not play","On matchday squad, but did not play","On matchday squad, but did not play","On matchday squad, but did not play","On matchday squad, but did not play","On matchday squad, but did not play","On matchday squad, but did not play","On matchday squad, but did not play","On matchday squad, but did not play",Fulham,Jorge-Cuenca,0abc51f2
2025-10-03,Fri,Matchweek 7,Away,L 1–3,Fulham,Bournemouth,N,"On matchday squad, but did not play","On matchday squad, but did not play","On matchday squad, but did not play","On matchday squad, but did not play","On matchday squad, but did not play","On matchday squad, but did not play","On matchday squad, but did not play","On matchday squad, but did not play","On matchday squad, but did not play","On matchday squad, but did not play","On matchday squad, but did not play","On matchday squad, but did not play","On matchday squad, but did not play","On matchday squad, but did not play","On matchday squad, but did not play","On matchday squad, but did not play","On matchday squad, but did not play","On matchday squad, but did not play","On matchday squad, but did not play","On matchday squad, but did not play","On matchday squad, but did not play","On matchday squad, but did not play","On matchday squad, but did not play","On matchday squad, but did not play","On matchday squad, but did not play","On matchday squad, but did not play","On matchday squad, but did not play",Match Report,"On matchday squad, but did not play","On matchday squad, but did not play","On matchday squad, but did not play","On matchday squad, but did not play","On matchday squad, but did not play","On matchday squad, but did not play","On matchday squad, but did not play","On matchday squad, but did not play","On matchday squad, but did not play","On matchday squad, but did not play","On matchday squad, but did not play","On matchday squad, but did not play","On matchday squad, but did not play","On matchday squad, but did not play","On matchday squad, but did not play","On matchday squad, but did not play","On matchday squad, but did not play","On matchday squad, but did not play","On matchday squad, but did not play","On matchday squad, but did not play","On matchday squad, but did not play","On matchday squad, but did not play","On matchday squad, but did not play","On matchday squad, but did not play","On matchday squad, but did not play","On matchday squad, but did not play","On matchday squad, but did not play","On matchday squad, but did not play","On matchday squad, but did not play","On matchday squad, but did not play","On matchday squad, but did not play","On matchday squad, but did not play","On matchday squad, but did not play","On matchday squad, but did not play","On matchday squad, but did not play","On matchday squad, but did not play","On matchday squad, but did not play","On matchday squad, but did not play","On matchday squad, but did not play","On matchday squad, but did not play","On matchday squad, but did not play","On matchday squad, but did not play","On matchday squad, but did not play","On matchday squad, but did not play","On matchday squad, but did not play","On matchday squad, but did not play","On matchday squad, but did not play","On matchday squad, but did not play","On matchday squad, but did not play","On matchday squad, but did not play","On matchday squad, but did not play","On matchday squad, but did not play","On matchday squad, but did not play","On matchday squad, but did not play","On matchday squad, but did not play","On matchday squad, but did not play","On matchday squad, but did not play","On matchday squad, but did not play","On matchday squad, but did not play","On matchday squad, but did not play","On matchday squad, but did not play","On matchday squad, but did not play","On matchday squad, but did not play","On matchday squad, but did not play","On matchday squad, but did not play","On matchday squad, but did not play","On matchday squad, but did not play","On matchday squad, but did not play","On matchday squad, but did not play","On matchday squad, but did not play","On matchday squad, but did not play","On matchday squad, but did not play","On matchday squad, but did not play","On matchday squad, but did not play","On matchday squad, but did not play","On matchday squad, but did not play","On matchday squad, but did not play","On matchday squad, but did not play","On matchday squad, but did not play","On matchday squad, but did not play","On matchday squad, but did not play","On matchday squad, but did not play","On matchday squad, but did not play","On matchday squad, but did not play","On matchday squad, but did not play","On matchday squad, but did not play","On matchday squad, but did not play","On matchday squad, but did not play","On matchday squad, but did not play","On matchday squad, but did not play","On matchday squad, but did not play","On matchday squad, but did not play","On matchday squad, but did not play","On matchday squad, but did not play","On matchday squad, but did not play","On matchday squad, but did not play","On matchday squad, but did not play","On matchday squad, but did not play","On matchday squad, but did not play","On matchday squad, but did not play","On matchday squad, but did not play","On matchday squad, but did not play","On matchday squad, but did not play","On matchday squad, but did not play","On matchday squad, but did not play",Fulham,Jorge-Cuenca,0abc51f2
2025-10-18,Sat,Matchweek 8,Home,L 0–1,Fulham,Arsenal,Y,CB,81,0,0,0,0,0,0,0,0,43,0,3,3,0.0,0.0,0.0,1,0,23,27,85.2,0,21,0,1,1,Match Report,23,27,85.2,395,160,7,7,100.0,13,14,92.9,2,4,50.0,0,0.0,0.0,0,0,0,0,0,27,23,4,0,1,0,0,0,0,0,0,0,23,0,1,1,1,0,0,0,0,0,0,0,0,0,0,0,0,43,14,32,10,1,1,43,1,1,100.0,0,0.0,21,107,29,0,0,0,1,0,21,0,0,0,0,0,0,0,1,0.0,1,3,2,1,3,3,8,0,0,0,0,0,0,0,0,3,0,0,0,0,2,1,1,50.0,Fulham,Jorge-Cuenca,0abc51f2
2025-10-25,Sat,Matchweek 9,Away,L 1–2,Fulham,Newcastle Utd,N,"On matchday squad, but did not play","On matchday squad, but did not play","On matchday squad, but did not play","On matchday squad, but did not play","On matchday squad, but did not play","On matchday squad, but did not play","On matchday squad, but did not play","On matchday squad, but did not play","On matchday squad, but did not play","On matchday squad, but did not play","On matchday squad, but did not play","On matchday squad, but did not play","On matchday squad, but did not play","On matchday squad, but did not play","On matchday squad, but did not play","On matchday squad, but did not play","On matchday squad, but did not play","On matchday squad, but did not play","On matchday squad, but did not play","On matchday squad, but did not play","On matchday squad, but did not play","On matchday squad, but did not play","On matchday squad, but did not play","On matchday squad, but did not play","On matchday squad, but did not play","On matchday squad, but did not play","On matchday squad, but did not play",Match Report,"On matchday squad, but did not play","On matchday squad, but did not play","On matchday squad, but did not play","On matchday squad, but did not play","On matchday squad, but did not play","On matchday squad, but did not play","On matchday squad, but did not play","On matchday squad, but did not play","On matchday squad, but did not play","On matchday squad, but did not play","On matchday squad, but did not play","On matchday squad, but did not play","On matchday squad, but did not play","On matchday squad, but did not play","On matchday squad, but did not play","On matchday squad, but did not play","On matchday squad, but did not play","On matchday squad, but did not play","On matchday squad, but did not play","On matchday squad, but did not play","On matchday squad, but did not play","On matchday squad, but did not play","On matchday squad, but did not play","On matchday squad, but did not play","On matchday squad, but did not play","On matchday squad, but did not play","On matchday squad, but did not play","On matchday squad, but did not play","On matchday squad, but did not play","On matchday squad, but did not play","On matchday squad, but did not play","On matchday squad, but did not play","On matchday squad, but did not play","On matchday squad, but did not play","On matchday squad, but did not play","On matchday squad, but did not play","On matchday squad, but did not play","On matchday squad, but did not play","On matchday squad, but did not play","On matchday squad, but did not play","On matchday squad, but did not play","On matchday squad, but did not play","On matchday squad, but did not play","On matchday squad, but did not play","On matchday squad, but did not play","On matchday squad, but did not play","On matchday squad, but did not play","On matchday squad, but did not play","On matchday squad, but did not play","On matchday squad, but did not play","On matchday squad, but did not play","On matchday squad, but did not play","On matchday squad, but did not play","On matchday squad, but did not play","On matchday squad, but did not play","On matchday squad, but did not play","On matchday squad, but did not play","On matchday squad, but did not play","On matchday squad, but did not play","On matchday squad, but did not play","On matchday squad, but did not play","On matchday squad, but did not play","On matchday squad, but did not play","On matchday squad, but did not play","On matchday squad, but did not play","On matchday squad, but did not play","On matchday squad, but did not play","On matchday squad, but did not play","On matchday squad, but did not play","On matchday squad, but did not play","On matchday squad, but did not play","On matchday squad, but did not play","On matchday squad, but did not play","On matchday squad, but did not play","On matchday squad, but did not play","On matchday squad, but did not play","On matchday squad, but did not play","On matchday squad, but did not play","On matchday squad, but did not play","On matchday squad, but did not play","On matchday squad, but did not play","On matchday squad, but did not play","On matchday squad, but did not play","On matchday squad, but did not play","On matchday squad, but did not play","On matchday squad, but did not play","On matchday squad, but did not play","On matchday squad, but did not play","On matchday squad, but did not play","On matchday squad, but did not play","On matchday squad, but did not play","On matchday squad, but did not play","On matchday squad, but did not play","On matchday squad, but did not play","On matchday squad, but did not play","On matchday squad, but did not play","On matchday squad, but did not play","On matchday squad, but did not play","On matchday squad, but did not play","On matchday squad, but did not play","On matchday squad, but did not play","On matchday squad, but did not play","On matchday squad, but did not play","On matchday squad, but did not play","On matchday squad, but did not play",Fulham,Jorge-Cuenca,0abc51f2
2025-08-16,Sat,Matchweek 1,Away,D 1–1,Fulham,Brighton,N,"LW,RW",25,0,0,0,0,0,0,0,0,9,0,0,0,0.0,0.0,0.0,0,0,4,6,66.7,0,5,1,2,0,Match Report,4,6,66.7,34,1,3,3,100.0,0,1,0.0,0,1,0.0,0,0.0,0.0,0,0,0,0,0,6,6,0,0,0,0,2,0,0,0,0,0,4,0,0,0,0,0,0,0,0,0,0,0,0,0,0,0,0,9,0,0,3,6,0,9,2,0,0.0,1,50.0,5,37,24,1,0,0,1,0,6,3,0,0,0,0,0,0,0,,0,0,0,0,0,0,0,0,0,0,0,1,0,0,2,0,0,0,0,0,0,0,0,,Fulham,Adama-Traore,9a28eba4
2025-08-24,Sun,Matchweek 2,Home,D 1–1,Fulham,Manchester Utd,N,"On matchday squad, but did not play","On matchday squad, but did not play","On matchday squad, but did not play","On matchday squad, but did not play","On matchday squad, but did not play","On matchday squad, but did not play","On matchday squad, but did not play","On matchday squad, but did not play","On matchday squad, but did not play","On matchday squad, but did not play","On matchday squad, but did not play","On matchday squad, but did not play","On matchday squad, but did not play","On matchday squad, but did not play","On matchday squad, but did not play","On matchday squad, but did not play","On matchday squad, but did not play","On matchday squad, but did not play","On matchday squad, but did not play","On matchday squad, but did not play","On matchday squad, but did not play","On matchday squad, but did not play","On matchday squad, but did not play","On matchday squad, but did not play","On matchday squad, but did not play","On matchday squad, but did not play","On matchday squad, but did not play",Match Report,"On matchday squad, but did not play","On matchday squad, but did not play","On matchday squad, but did not play","On matchday squad, but did not play","On matchday squad, but did not play","On matchday squad, but did not play","On matchday squad, but did not play","On matchday squad, but did not play","On matchday squad, but did not play","On matchday squad, but did not play","On matchday squad, but did not play","On matchday squad, but did not play","On matchday squad, but did not play","On matchday squad, but did not play","On matchday squad, but did not play","On matchday squad, but did not play","On matchday squad, but did not play","On matchday squad, but did not play","On matchday squad, but did not play","On matchday squad, but did not play","On matchday squad, but did not play","On matchday squad, but did not play","On matchday squad, but did not play","On matchday squad, but did not play","On matchday squad, but did not play","On matchday squad, but did not play","On matchday squad, but did not play","On matchday squad, but did not play","On matchday squad, but did not play","On matchday squad, but did not play","On matchday squad, but did not play","On matchday squad, but did not play","On matchday squad, but did not play","On matchday squad, but did not play","On matchday squad, but did not play","On matchday squad, but did not play","On matchday squad, but did not play","On matchday squad, but did not play","On matchday squad, but did not play","On matchday squad, but did not play","On matchday squad, but did not play","On matchday squad, but did not play","On matchday squad, but did not play","On matchday squad, but did not play","On matchday squad, but did not play","On matchday squad, but did not play","On matchday squad, but did not play","On matchday squad, but did not play","On matchday squad, but did not play","On matchday squad, but did not play","On matchday squad, but did not play","On matchday squad, but did not play","On matchday squad, but did not play","On matchday squad, but did not play","On matchday squad, but did not play","On matchday squad, but did not play","On matchday squad, but did not play","On matchday squad, but did not play","On matchday squad, but did not play","On matchday squad, but did not play","On matchday squad, but did not play","On matchday squad, but did not play","On matchday squad, but did not play","On matchday squad, but did not play","On matchday squad, but did not play","On matchday squad, but did not play","On matchday squad, but did not play","On matchday squad, but did not play","On matchday squad, but did not play","On matchday squad, but did not play","On matchday squad, but did not play","On matchday squad, but did not play","On matchday squad, but did not play","On matchday squad, but did not play","On matchday squad, but did not play","On matchday squad, but did not play","On matchday squad, but did not play","On matchday squad, but did not play","On matchday squad, but did not play","On matchday squad, but did not play","On matchday squad, but did not play","On matchday squad, but did not play","On matchday squad, but did not play","On matchday squad, but did not play","On matchday squad, but did not play","On matchday squad, but did not play","On matchday squad, but did not play","On matchday squad, but did not play","On matchday squad, but did not play","On matchday squad, but did not play","On matchday squad, but did not play","On matchday squad, but did not play","On matchday squad, but did not play","On matchday squad, but did not play","On matchday squad, but did not play","On matchday squad, but did not play","On matchday squad, but did not play","On matchday squad, but did not play","On matchday squad, but did not play","On matchday squad, but did not play","On matchday squad, but did not play","On matchday squad, but did not play","On matchday squad, but did not play","On matchday squad, but did not play","On matchday squad, but did not play",Fulham,Adama-Traore,9a28eba4
2025-08-30,Sat,Matchweek 3,Away,L 0–2,Fulham,Chelsea,N,RW,7,0,0,0,0,0,0,0,0,10,0,0,0,0.0,0.0,0.1,1,0,7,9,77.8,0,6,2,0,0,Match Report,7,9,77.8,92,27,5,5,100.0,2,3,66.7,0,0,,0,0.1,0.1,1,0,1,1,0,9,8,1,0,0,0,2,1,0,0,0,0,7,0,1,1,1,0,0,0,0,0,0,0,0,0,0,0,0,10,0,1,4,5,3,10,0,0,,0,,6,55,35,2,0,2,1,0,7,3,0,0,0,0,0,0,0,,0,0,0,0,0,0,0,0,0,0,0,0,0,0,2,0,0,0,0,0,1,0,0,,Fulham,Adama-Traore,9a28eba4
2025-09-13,Sat,Matchweek 4,Home,W 1–0,Fulham,Leeds United,N,RW,31,0,0,0,0,1,0,0,0,11,0,0,0,0.0,0.0,0.0,1,0,4,9,44.4,0,8,2,1,0,Match Report,4,9,44.4,55,6,1,2,50.0,3,6,50.0,0,0,,0,0.0,0.0,0,0,0,0,0,9,8,1,0,0,0,2,1,0,0,0,0,4,0,0,1,1,0,0,0,0,0,0,0,0,0,0,0,0,11,0,0,3,8,2,11,1,0,0.0,1,100.0,8,56,23,2,0,1,0,1,10,1,0,0,0,0,0,0,0,,0,0,0,0,0,0,0,0,0,0,0,1,1,0,2,0,0,0,0,0,1,1,0,100.0,Fulham,Adama-Traore,9a28eba4
2025-09-20,Sat,Matchweek 5,Home,W 3–1,Fulham,Brentford,N,"On matchday squad, but did not play","On matchday squad, but did not play","On matchday squad, but did not play","On matchday squad, but did not play","On matchday squad, but did not play","On matchday squad, but did not play","On matchday squad, but did not play","On matchday squad, but did not play","On matchday squad, but did not play","On matchday squad, but did not play","On matchday squad, but did not play","On matchday squad, but did not play","On matchday squad, but did not play","On matchday squad, but did not play","On matchday squad, but did not play","On matchday squad, but did not play","On matchday squad, but did not play","On matchday squad, but did not play","On matchday squad, but did not play","On matchday squad, but did not play","On matchday squad, but did not play","On matchday squad, but did not play","On matchday squad, but did not play","On matchday squad, but did not play","On matchday squad, but did not play","On matchday squad, but did not play","On matchday squad, but did not play",Match Report,"On matchday squad, but did not play","On matchday squad, but did not play","On matchday squad, but did not play","On matchday squad, but did not play","On matchday squad, but did not play","On matchday squad, but did not play","On matchday squad, but did not play","On matchday squad, but did not play","On matchday squad, but did not play","On matchday squad, but did not play","On matchday squad, but did not play","On matchday squad, but did not play","On matchday squad, but did not play","On matchday squad, but did not play","On matchday squad, but did not play","On matchday squad, but did not play","On matchday squad, but did not play","On matchday squad, but did not play","On matchday squad, but did not play","On matchday squad, but did not play","On matchday squad, but did not play","On matchday squad, but did not play","On matchday squad, but did not play","On matchday squad, but did not play","On matchday squad, but did not play","On matchday squad, but did not play","On matchday squad, but did not play","On matchday squad, but did not play","On matchday squad, but did not play","On matchday squad, but did not play","On matchday squad, but did not play","On matchday squad, but did not play","On matchday squad, but did not play","On matchday squad, but did not play","On matchday squad, but did not play","On matchday squad, but did not play","On matchday squad, but did not play","On matchday squad, but did not play","On matchday squad, but did not play","On matchday squad, but did not play","On matchday squad, but did not play","On matchday squad, but did not play","On matchday squad, but did not play","On matchday squad, but did not play","On matchday squad, but did not play","On matchday squad, but did not play","On matchday squad, but did not play","On matchday squad, but did not play","On matchday squad, but did not play","On matchday squad, but did not play","On matchday squad, but did not play","On matchday squad, but did not play","On matchday squad, but did not play","On matchday squad, but did not play","On matchday squad, but did not play","On matchday squad, but did not play","On matchday squad, but did not play","On matchday squad, but did not play","On matchday squad, but did not play","On matchday squad, but did not play","On matchday squad, but did not play","On matchday squad, but did not play","On matchday squad, but did not play","On matchday squad, but did not play","On matchday squad, but did not play","On matchday squad, but did not play","On matchday squad, but did not play","On matchday squad, but did not play","On matchday squad, but did not play","On matchday squad, but did not play","On matchday squad, but did not play","On matchday squad, but did not play","On matchday squad, but did not play","On matchday squad, but did not play","On matchday squad, but did not play","On matchday squad, but did not play","On matchday squad, but did not play","On matchday squad, but did not play","On matchday squad, but did not play","On matchday squad, but did not play","On matchday squad, but did not play","On matchday squad, but did not play","On matchday squad, but did not play","On matchday squad, but did not play","On matchday squad, but did not play","On matchday squad, but did not play","On matchday squad, but did not play","On matchday squad, but did not play","On matchday squad, but did not play","On matchday squad, but did not play","On matchday squad, but did not play","On matchday squad, but did not play","On matchday squad, but did not play","On matchday squad, but did not play","On matchday squad, but did not play","On matchday squad, but did not play","On matchday squad, but did not play","On matchday squad, but did not play","On matchday squad, but did not play","On matchday squad, but did not play","On matchday squad, but did not play","On matchday squad, but did not play","On matchday squad, but did not play","On matchday squad, but did not play","On matchday squad, but did not play",Fulham,Adama-Traore,9a28eba4
2025-09-28,Sun,Matchweek 6,Away,L 1–3,Fulham,Aston Villa,N,FW,80,0,0,0,0,0,0,0,0,20,0,0,0,0.0,0.0,0.4,2,0,11,14,78.6,2,11,1,2,1,Match Report,11,14,78.6,199,64,3,5,60.0,6,6,100.0,1,2,50.0,0,0.4,0.4,2,1,3,2,2,14,14,0,0,1,0,2,0,0,0,0,0,11,0,0,2,2,0,0,0,0,0,0,0,0,0,0,0,0,20,0,1,10,9,2,20,2,1,50.0,1,50.0,11,46,25,1,0,0,2,1,9,3,0,0,0,0,0,0,0,,0,0,0,0,0,0,0,0,0,0,0,2,0,3,2,0,0,0,0,0,3,0,3,0.0,Fulham,Adama-Traore,9a28eba4
2025-10-03,Fri,Matchweek 7,Away,L 1–3,Fulham,Bournemouth,N,RW,5,0,0,0,0,0,0,0,0,9,0,0,0,0.0,0.0,0.0,1,0,5,7,71.4,0,7,0,2,2,Match Report,5,7,71.4,80,11,3,3,100.0,2,2,100.0,0,1,0.0,0,0.0,0.0,0,0,0,0,0,7,7,0,0,0,0,1,0,0,0,0,0,5,0,0,1,0,0,1,0,0,0,0,0,0,0,0,0,0,9,0,1,3,5,1,9,2,2,100.0,0,0.0,7,64,22,0,0,0,0,1,8,0,0,0,0,0,0,0,0,,0,0,0,0,0,0,0,0,0,0,0,0,0,0,1,0,0,0,0,0,1,0,0,,Fulham,Adama-Traore,9a28eba4
2025-10-18,Sat,Matchweek 8,Home,L 0–1,Fulham,Arsenal,N,RM,9,0,0,0,0,1,0,0,0,10,0,0,0,0.0,0.0,0.0,0,0,3,6,50.0,1,4,1,1,1,Match Report,3,6,50.0,61,4,0,1,0.0,3,4,75.0,0,0,,0,0.0,0.0,0,0,1,0,1,6,6,0,0,0,0,1,0,0,0,0,0,3,0,1,0,0,0,0,0,0,0,0,0,0,0,0,0,0,10,0,0,3,7,2,10,1,1,100.0,0,0.0,4,73,28,1,0,0,2,1,10,4,0,0,0,0,0,0,0,,0,0,0,0,0,0,0,0,0,0,0,0,0,0,1,0,0,0,0,0,1,0,2,0.0,Fulham,Adama-Traore,9a28eba4
2025-10-25,Sat,Matchweek 9,Away,L 1–2,Fulham,Newcastle Utd,Y,RW,75,0,0,0,0,1,0,0,0,26,1,0,0,0.1,0.1,0.0,0,0,12,18,66.7,0,21,6,3,1,Match Report,12,18,66.7,160,9,3,6,50.0,7,7,100.0,0,3,0.0,0,0.0,0.0,0,0,0,0,0,18,18,0,0,0,0,3,0,0,0,0,0,12,0,0,0,0,0,0,0,0,0,0,0,0,0,0,0,0,26,0,3,6,18,2,26,3,1,33.3,1,33.3,21,238,122,6,4,1,3,0,22,8,1,1,0,0,1,0,0,,0,0,0,0,0,1,1,0,0,0,0,0,5,0,3,0,1,0,0,0,3,0,2,0.0,Fulham,Adama-Traore,9a28eba4
2025-08-16,Sat,Matchweek 1,Away,D 1–1,Fulham,Brighton,N,AM,14,0,0,0,0,1,0,0,0,13,0,0,0,0.1,0.1,0.0,1,1,8,10,80.0,0,8,0,1,0,Match Report,8,10,80.0,95,3,6,7,85.7,2,3,66.7,0,0,,0,0.0,0.0,0,0,0,0,0,10,10,0,0,0,0,0,0,0,0,0,0,8,0,0,1,0,0,0,1,0,0,1,0,0,0,1,0,0,13,0,0,6,7,0,13,1,0,0.0,1,100.0,8,34,20,0,1,0,1,0,10,1,0,0,0,0,0,0,0,,0,0,0,0,0,0,0,0,0,0,0,0,0,0,0,0,0,0,0,0,0,0,1,0.0,Fulham,Emile-Smith-Rowe,17695062
2025-08-24,Sun,Matchweek 2,Home,D 1–1,Fulham,Manchester Utd,N,AM,20,1,0,0,0,2,1,0,0,11,0,0,0,0.7,0.7,0.0,0,0,8,8,100.0,1,9,1,1,0,Match Report,8,8,100.0,143,20,3,3,100.0,4,4,100.0,1,1,100.0,0,0.0,0.0,0,1,1,0,1,8,8,0,0,0,0,0,0,0,0,0,0,8,0,0,0,0,0,0,0,0,0,0,0,0,0,0,0,0,11,0,0,2,9,2,11,1,0,0.0,1,100.0,9,29,16,1,0,1,0,0,9,1,0,0,0,0,0,0,0,,0,0,0,0,0,0,0,0,0,0,0,1,0,0,0,0,0,0,0,0,0,0,0,,Fulham,Emile-Smith-Rowe,17695062
2025-08-30,Sat,Matchweek 3,Away,L 0–2,Fulham,Chelsea,N,"AM,LW",24,0,0,0,0,0,0,0,0,21,0,0,1,0.0,0.0,0.0,1,0,16,16,100.0,1,12,0,3,1,Match Report,16,16,100.0,249,38,9,9,100.0,2,2,100.0,3,3,100.0,0,0.0,0.0,1,1,1,0,1,16,16,0,0,0,0,0,0,0,0,0,0,16,0,0,1,1,0,0,0,0,0,0,0,0,0,0,0,0,21,0,1,11,9,0,21,3,1,33.3,2,66.7,12,52,18,0,2,0,0,0,16,4,0,0,0,0,0,0,0,,0,1,0,1,0,0,0,0,0,0,0,0,1,0,0,0,0,0,0,0,0,0,0,,Fulham,Emile-Smith-Rowe,17695062
2025-09-13,Sat,Matchweek 4,Home,W 1–0,Fulham,Leeds United,N,AM,31,0,0,0,0,0,0,0,0,21,0,0,0,0.0,0.0,0.0,0,0,14,20,70.0,2,11,0,1,0,Match Report,14,20,70.0,201,25,6,10,60.0,7,8,87.5,0,0,,0,0.0,0.0,0,0,0,0,2,20,19,1,1,0,0,0,0,0,0,0,0,14,0,0,0,0,0,0,0,0,0,0,0,0,0,0,0,0,21,0,7,8,6,0,21,1,0,0.0,1,100.0,11,39,23,0,0,0,0,0,13,2,0,0,0,0,0,0,0,,0,0,0,0,0,0,0,0,0,0,0,0,0,0,0,0,0,0,0,0,1,0,0,,Fulham,Emile-Smith-Rowe,17695062
2025-09-20,Sat,Matchweek 5,Home,W 3–1,Fulham,Brentford,N,"CM,AM",11,0,0,0,0,0,0,0,0,8,1,0,0,0.0,0.0,0.0,0,0,5,6,83.3,1,2,0,0,0,Match Report,5,6,83.3,78,8,2,3,66.7,3,3,100.0,0,0,,0,0.0,0.0,0,0,0,0,1,6,6,0,0,0,0,0,0,0,0,0,0,5,0,0,0,0,0,0,0,0,0,0,0,0,0,0,0,0,8,0,1,4,3,0,8,0,0,,0,,2,5,5,0,1,0,1,0,4,1,1,0,1,0,0,1,1,100.0,0,0,0,0,0,1,0,0,0,0,0,0,1,0,0,0,0,0,0,0,1,0,0,,Fulham,Emile-Smith-Rowe,17695062
2025-09-28,Sun,Matchweek 6,Away,L 1–3,Fulham,Aston Villa,N,AM,26,0,0,0,0,0,0,0,0,20,0,0,0,0.0,0.0,0.0,0,0,17,19,89.5,2,13,1,0,0,Match Report,17,19,89.5,242,56,11,12,91.7,4,5,80.0,1,1,100.0,0,0.0,0.0,0,3,0,0,2,19,19,0,0,0,0,0,0,0,0,0,0,17,0,0,0,0,0,0,0,0,0,0,0,0,0,0,0,0,20,0,4,8,8,0,20,0,0,,0,,13,71,36,1,1,0,0,0,17,0,0,0,0,0,0,0,0,,0,0,0,0,0,0,0,0,0,0,0,0,0,0,0,0,0,0,0,0,1,0,0,,Fulham,Emile-Smith-Rowe,17695062
2025-10-03,Fri,Matchweek 7,Away,L 1–3,Fulham,Bournemouth,N,AM,5,0,0,0,0,0,0,0,0,8,0,0,0,0.0,0.0,0.0,0,0,8,8,100.0,1,7,0,0,0,Match Report,8,8,100.0,137,20,3,3,100.0,5,5,100.0,0,0,,0,0.0,0.0,0,0,0,0,1,8,7,1,0,0,0,0,0,0,0,0,0,8,0,0,0,0,0,0,0,0,0,0,0,0,0,0,0,0,8,0,1,2,5,0,8,0,0,,0,,7,37,12,0,0,0,0,0,7,1,0,0,0,0,0,0,0,,0,0,0,0,0,0,0,0,0,0,0,0,0,0,0,0,0,0,0,0,0,0,0,,Fulham,Emile-Smith-Rowe,17695062
2025-10-18,Sat,Matchweek 8,Home,L 0–1,Fulham,Arsenal,N,CM,27,0,0,0,0,0,0,0,0,19,0,0,0,0.0,0.0,0.0,0,0,15,16,93.8,1,13,0,1,0,Match Report,15,16,93.8,234,31,9,9,100.0,6,6,100.0,0,1,0.0,0,0.0,0.0,0,2,0,0,1,16,16,0,0,0,0,1,0,0,0,0,0,15,0,0,0,0,0,0,0,0,0,0,0,0,0,0,0,0,19,0,4,8,7,0,19,1,0,0.0,1,100.0,13,48,23,0,0,0,1,0,15,1,0,0,0,0,0,0,0,,0,0,0,0,0,0,0,0,0,0,0,0,0,0,1,0,0,0,0,0,1,0,1,0.0,Fulham,Emile-Smith-Rowe,17695062
2025-10-25,Sat,Matchweek 9,Away,L 1–2,Fulham,Newcastle Utd,Y,AM,45,0,0,0,0,1,1,0,0,25,0,1,1,0.1,0.1,0.0,2,0,12,18,66.7,2,12,0,0,0,Match Report,12,18,66.7,156,26,7,11,63.6,4,4,100.0,0,0,,0,0.0,0.0,1,0,0,0,2,18,18,0,0,0,0,0,0,0,0,0,0,12,0,1,2,2,0,0,0,0,0,0,0,0,0,0,0,0,25,2,3,9,13,4,25,0,0,,0,,12,58,25,0,0,0,1,0,12,1,0,0,0,0,0,0,0,,0,1,1,0,1,1,1,0,0,0,0,1,0,1,0,1,0,0,0,0,1,0,1,0.0,Fulham,Emile-Smith-Rowe,17695062
2025-08-16,Sat,Matchweek 1,Away,D 1–1,Fulham,Brighton,N,DM,25,0,0,0,0,0,0,1,0,22,0,0,0,0.0,0.0,0.0,0,0,12,16,75.0,0,17,0,2,0,Match Report,12,16,75.0,221,29,1,2,50.0,10,13,76.9,0,0,,0,0.0,0.0,0,0,0,0,0,16,16,0,0,0,0,0,0,0,0,0,0,12,0,0,0,0,0,0,0,0,0,0,0,0,0,0,0,0,22,1,7,11,4,0,22,2,0,0.0,2,100.0,17,68,15,0,1,0,1,1,18,1,0,0,0,0,0,0,0,,0,0,0,0,0,0,0,0,1,0,0,1,1,0,0,0,0,0,0,0,2,2,0,100.0,Fulham,Tom-Cairney,a8748947
2025-08-24,Sun,Matchweek 2,Home,D 1–1,Fulham,Manchester Utd,N,"On matchday squad, but did not play","On matchday squad, but did not play","On matchday squad, but did not play","On matchday squad, but did not play","On matchday squad, but did not play","On matchday squad, but did not play","On matchday squad, but did not play","On matchday squad, but did not play","On matchday squad, but did not play","On matchday squad, but did not play","On matchday squad, but did not play","On matchday squad, but did not play","On matchday squad, but did not play","On matchday squad, but did not play","On matchday squad, but did not play","On matchday squad, but did not play","On matchday squad, but did not play","On matchday squad, but did not play","On matchday squad, but did not play","On matchday squad, but did not play","On matchday squad, but did not play","On matchday squad, but did not play","On matchday squad, but did not play","On matchday squad, but did not play","On matchday squad, but did not play","On matchday squad, but did not play","On matchday squad, but did not play",Match Report,"On matchday squad, but did not play","On matchday squad, but did not play","On matchday squad, but did not play","On matchday squad, but did not play","On matchday squad, but did not play","On matchday squad, but did not play","On matchday squad, but did not play","On matchday squad, but did not play","On matchday squad, but did not play","On matchday squad, but did not play","On matchday squad, but did not play","On matchday squad, but did not play","On matchday squad, but did not play","On matchday squad, but did not play","On matchday squad, but did not play","On matchday squad, but did not play","On matchday squad, but did not play","On matchday squad, but did not play","On matchday squad, but did not play","On matchday squad, but did not play","On matchday squad, but did not play","On matchday squad, but did not play","On matchday squad, but did not play","On matchday squad, but did not play","On matchday squad, but did not play","On matchday squad, but did not play","On matchday squad, but did not play","On matchday squad, but did not play","On matchday squad, but did not play","On matchday squad, but did not play","On matchday squad, but did not play","On matchday squad, but did not play","On matchday squad, but did not play","On matchday squad, but did not play","On matchday squad, but did not play","On matchday squad, but did not play","On matchday squad, but did not play","On matchday squad, but did not play","On matchday squad, but did not play","On matchday squad, but did not play","On matchday squad, but did not play","On matchday squad, but did not play","On matchday squad, but did not play","On matchday squad, but did not play","On matchday squad, but did not play","On matchday squad, but did not play","On matchday squad, but did not play","On matchday squad, but did not play","On matchday squad, but did not play","On matchday squad, but did not play","On matchday squad, but did not play","On matchday squad, but did not play","On matchday squad, but did not play","On matchday squad, but did not play","On matchday squad, but did not play","On matchday squad, but did not play","On matchday squad, but did not play","On matchday squad, but did not play","On matchday squad, but did not play","On matchday squad, but did not play","On matchday squad, but did not play","On matchday squad, but did not play","On matchday squad, but did not play","On matchday squad, but did not play","On matchday squad, but did not play","On matchday squad, but did not play","On matchday squad, but did not play","On matchday squad, but did not play","On matchday squad, but did not play","On matchday squad, but did not play","On matchday squad, but did not play","On matchday squad, but did not play","On matchday squad, but did not play","On matchday squad, but did not play","On matchday squad, but did not play","On matchday squad, but did not play","On matchday squad, but did not play","On matchday squad, but did not play","On matchday squad, but did not play","On matchday squad, but did not play","On matchday squad, but did not play","On matchday squad, but did not play","On matchday squad, but did not play","On matchday squad, but did not play","On matchday squad, but did not play","On matchday squad, but did not play","On matchday squad, but did not play","On matchday squad, but did not play","On matchday squad, but did not play","On matchday squad, but did not play","On matchday squad, but did not play","On matchday squad, but did not play","On matchday squad, but did not play","On matchday squad, but did not play","On matchday squad, but did not play","On matchday squad, but did not play","On matchday squad, but did not play","On matchday squad, but did not play","On matchday squad, but did not play","On matchday squad, but did not play","On matchday squad, but did not play","On matchday squad, but did not play","On matchday squad, but did not play","On matchday squad, but did not play","On matchday squad, but did not play",Fulham,Tom-Cairney,a8748947
2025-08-30,Sat,Matchweek 3,Away,L 0–2,Fulham,Chelsea,N,"On matchday squad, but did not play","On matchday squad, but did not play","On matchday squad, but did not play","On matchday squad, but did not play","On matchday squad, but did not play","On matchday squad, but did not play","On matchday squad, but did not play","On matchday squad, but did not play","On matchday squad, but did not play","On matchday squad, but did not play","On matchday squad, but did not play","On matchday squad, but did not play","On matchday squad, but did not play","On matchday squad, but did not play","On matchday squad, but did not play","On matchday squad, but did not play","On matchday squad, but did not play","On matchday squad, but did not play","On matchday squad, but did not play","On matchday squad, but did not play","On matchday squad, but did not play","On matchday squad, but did not play","On matchday squad, but did not play","On matchday squad, but did not play","On matchday squad, but did not play","On matchday squad, but did not play","On matchday squad, but did not play",Match Report,"On matchday squad, but did not play","On matchday squad, but did not play","On matchday squad, but did not play","On matchday squad, but did not play","On matchday squad, but did not play","On matchday squad, but did not play","On matchday squad, but did not play","On matchday squad, but did not play","On matchday squad, but did not play","On matchday squad, but did not play","On matchday squad, but did not play","On matchday squad, but did not play","On matchday squad, but did not play","On matchday squad, but did not play","On matchday squad, but did not play","On matchday squad, but did not play","On matchday squad, but did not play","On matchday squad, but did not play","On matchday squad, but did not play","On matchday squad, but did not play","On matchday squad, but did not play","On matchday squad, but did not play","On matchday squad, but did not play","On matchday squad, but did not play","On matchday squad, but did not play","On matchday squad, but did not play","On matchday squad, but did not play","On matchday squad, but did not play","On matchday squad, but did not play","On matchday squad, but did not play","On matchday squad, but did not play","On matchday squad, but did not play","On matchday squad, but did not play","On matchday squad, but did not play","On matchday squad, but did not play","On matchday squad, but did not play","On matchday squad, but did not play","On matchday squad, but did not play","On matchday squad, but did not play","On matchday squad, but did not play","On matchday squad, but did not play","On matchday squad, but did not play","On matchday squad, but did not play","On matchday squad, but did not play","On matchday squad, but did not play","On matchday squad, but did not play","On matchday squad, but did not play","On matchday squad, but did not play","On matchday squad, but did not play","On matchday squad, but did not play","On matchday squad, but did not play","On matchday squad, but did not play","On matchday squad, but did not play","On matchday squad, but did not play","On matchday squad, but did not play","On matchday squad, but did not play","On matchday squad, but did not play","On matchday squad, but did not play","On matchday squad, but did not play","On matchday squad, but did not play","On matchday squad, but did not play","On matchday squad, but did not play","On matchday squad, but did not play","On matchday squad, but did not play","On matchday squad, but did not play","On matchday squad, but did not play","On matchday squad, but did not play","On matchday squad, but did not play","On matchday squad, but did not play","On matchday squad, but did not play","On matchday squad, but did not play","On matchday squad, but did not play","On matchday squad, but did not play","On matchday squad, but did not play","On matchday squad, but did not play","On matchday squad, but did not play","On matchday squad, but did not play","On matchday squad, but did not play","On matchday squad, but did not play","On matchday squad, but did not play","On matchday squad, but did not play","On matchday squad, but did not play","On matchday squad, but did not play","On matchday squad, but did not play","On matchday squad, but did not play","On matchday squad, but did not play","On matchday squad, but did not play","On matchday squad, but did not play","On matchday squad, but did not play","On matchday squad, but did not play","On matchday squad, but did not play","On matchday squad, but did not play","On matchday squad, but did not play","On matchday squad, but did not play","On matchday squad, but did not play","On matchday squad, but did not play","On matchday squad, but did not play","On matchday squad, but did not play","On matchday squad, but did not play","On matchday squad, but did not play","On matchday squad, but did not play","On matchday squad, but did not play","On matchday squad, but did not play","On matchday squad, but did not play","On matchday squad, but did not play",Fulham,Tom-Cairney,a8748947
2025-09-13,Sat,Matchweek 4,Home,W 1–0,Fulham,Leeds United,N,DM,7,0,0,0,0,0,0,0,0,3,0,0,0,0.0,0.0,0.0,0,0,3,3,100.0,0,1,0,0,0,Match Report,3,3,100.0,39,0,2,2,100.0,1,1,100.0,0,0,,0,0.0,0.0,0,0,0,0,0,3,2,1,1,0,0,0,0,0,0,0,0,3,0,0,0,0,0,0,0,0,0,0,0,0,0,0,0,0,3,0,0,1,2,0,3,0,0,,0,,1,5,0,0,0,0,0,0,1,0,0,0,0,0,0,0,0,,0,0,0,0,0,0,0,0,0,0,0,0,0,0,0,0,0,0,0,0,0,0,0,,Fulham,Tom-Cairney,a8748947
2025-09-20,Sat,Matchweek 5,Home,W 3–1,Fulham,Brentford,N,CM,5,0,0,0,0,0,0,0,0,5,0,0,0,0.0,0.0,0.0,0,0,4,4,100.0,0,3,0,0,0,Match Report,4,4,100.0,48,22,2,2,100.0,2,2,100.0,0,0,,0,0.0,0.0,0,0,0,0,0,4,4,0,0,0,0,0,0,0,0,0,0,4,0,0,0,0,0,0,0,0,0,0,0,0,0,0,0,0,5,0,1,4,1,0,5,0,0,,0,,3,27,24,0,0,0,1,0,5,0,0,0,0,0,0,0,1,0.0,1,0,0,0,0,0,0,0,0,0,0,0,1,0,0,0,0,0,0,0,1,0,0,,Fulham,Tom-Cairney,a8748947
2025-09-28,Sun,Matchweek 6,Away,L 1–3,Fulham,Aston Villa,N,"On matchday squad, but did not play","On matchday squad, but did not play","On matchday squad, but did not play","On matchday squad, but did not play","On matchday squad, but did not play","On matchday squad, but did not play","On matchday squad, but did not play","On matchday squad, but did not play","On matchday squad, but did not play","On matchday squad, but did not play","On matchday squad, but did not play","On matchday squad, but did not play","On matchday squad, but did not play","On matchday squad, but did not play","On matchday squad, but did not play","On matchday squad, but did not play","On matchday squad, but did not play","On matchday squad, but did not play","On matchday squad, but did not play","On matchday squad, but did not play","On matchday squad, but did not play","On matchday squad, but did not play","On matchday squad, but did not play","On matchday squad, but did not play","On matchday squad, but did not play","On matchday squad, but did not play","On matchday squad, but did not play",Match Report,"On matchday squad, but did not play","On matchday squad, but did not play","On matchday squad, but did not play","On matchday squad, but did not play","On matchday squad, but did not play","On matchday squad, but did not play","On matchday squad, but did not play","On matchday squad, but did not play","On matchday squad, but did not play","On matchday squad, but did not play","On matchday squad, but did not play","On matchday squad, but did not play","On matchday squad, but did not play","On matchday squad, but did not play","On matchday squad, but did not play","On matchday squad, but did not play","On matchday squad, but did not play","On matchday squad, but did not play","On matchday squad, but did not play","On matchday squad, but did not play","On matchday squad, but did not play","On matchday squad, but did not play","On matchday squad, but did not play","On matchday squad, but did not play","On matchday squad, but did not play","On matchday squad, but did not play","On matchday squad, but did not play","On matchday squad, but did not play","On matchday squad, but did not play","On matchday squad, but did not play","On matchday squad, but did not play","On matchday squad, but did not play","On matchday squad, but did not play","On matchday squad, but did not play","On matchday squad, but did not play","On matchday squad, but did not play","On matchday squad, but did not play","On matchday squad, but did not play","On matchday squad, but did not play","On matchday squad, but did not play","On matchday squad, but did not play","On matchday squad, but did not play","On matchday squad, but did not play","On matchday squad, but did not play","On matchday squad, but did not play","On matchday squad, but did not play","On matchday squad, but did not play","On matchday squad, but did not play","On matchday squad, but did not play","On matchday squad, but did not play","On matchday squad, but did not play","On matchday squad, but did not play","On matchday squad, but did not play","On matchday squad, but did not play","On matchday squad, but did not play","On matchday squad, but did not play","On matchday squad, but did not play","On matchday squad, but did not play","On matchday squad, but did not play","On matchday squad, but did not play","On matchday squad, but did not play","On matchday squad, but did not play","On matchday squad, but did not play","On matchday squad, but did not play","On matchday squad, but did not play","On matchday squad, but did not play","On matchday squad, but did not play","On matchday squad, but did not play","On matchday squad, but did not play","On matchday squad, but did not play","On matchday squad, but did not play","On matchday squad, but did not play","On matchday squad, but did not play","On matchday squad, but did not play","On matchday squad, but did not play","On matchday squad, but did not play","On matchday squad, but did not play","On matchday squad, but did not play","On matchday squad, but did not play","On matchday squad, but did not play","On matchday squad, but did not play","On matchday squad, but did not play","On matchday squad, but did not play","On matchday squad, but did not play","On matchday squad, but did not play","On matchday squad, but did not play","On matchday squad, but did not play","On matchday squad, but did not play","On matchday squad, but did not play","On matchday squad, but did not play","On matchday squad, but did not play","On matchday squad, but did not play","On matchday squad, but did not play","On matchday squad, but did not play","On matchday squad, but did not play","On matchday squad, but did not play","On matchday squad, but did not play","On matchday squad, but did not play","On matchday squad, but did not play","On matchday squad, but did not play","On matchday squad, but did not play","On matchday squad, but did not play","On matchday squad, but did not play","On matchday squad, but did not play","On matchday squad, but did not play",Fulham,Tom-Cairney,a8748947
2025-10-03,Fri,Matchweek 7,Away,L 1–3,Fulham,Bournemouth,N,"CM,DM",77,0,0,0,0,4,0,0,0,81,0,0,0,0.3,0.3,0.0,1,0,68,71,95.8,12,60,2,0,0,Match Report,68,71,95.8,1241,418,30,31,96.8,29,30,96.7,8,9,88.9,0,0.0,0.1,1,10,2,0,12,71,67,4,2,1,1,1,0,0,0,0,0,68,0,0,1,1,0,0,0,0,0,0,0,0,0,0,0,0,81,1,17,43,22,3,81,0,0,,0,,60,344,188,2,3,0,3,0,65,1,0,0,0,0,0,0,1,0.0,1,0,0,0,0,0,0,0,0,0,0,2,3,0,1,0,0,0,0,0,2,0,1,0.0,Fulham,Tom-Cairney,a8748947
2025-10-18,Sat,Matchweek 8,Home,L 0–1,Fulham,Arsenal,Y*,DM,63,0,0,0,0,1,0,0,0,25,1,0,1,0.0,0.0,0.0,0,0,18,20,90.0,0,9,0,0,0,Match Report,18,20,90.0,295,71,9,9,100.0,8,10,80.0,1,1,100.0,0,0.0,0.0,0,0,0,0,0,20,18,2,0,0,0,0,0,0,0,0,0,18,0,0,0,0,0,0,0,0,0,0,0,0,0,0,0,0,25,2,13,11,1,1,25,0,0,,0,,9,14,1,0,0,0,1,0,15,0,1,1,0,1,0,1,2,50.0,1,1,0,1,0,1,1,0,0,0,0,0,0,0,0,0,1,0,0,0,3,0,1,0.0,Fulham,Tom-Cairney,a8748947
2025-10-25,Sat,Matchweek 9,Away,L 1–2,Fulham,Newcastle Utd,N,DM,7,0,0,0,0,0,0,0,0,5,0,0,0,0.0,0.0,0.0,0,0,4,5,80.0,0,3,0,0,0,Match Report,4,5,80.0,61,10,2,3,66.7,2,2,100.0,0,0,,0,0.0,0.0,0,0,0,0,0,5,4,1,0,0,0,0,0,0,0,0,0,4,0,0,0,0,0,0,0,0,0,0,0,0,0,0,0,0,5,0,1,4,0,0,5,0,0,,0,,3,14,2,0,0,0,0,0,2,1,0,0,0,0,0,0,1,0.0,1,0,0,0,0,0,0,0,0,0,0,0,0,0,0,0,0,0,0,0,1,0,0,,Fulham,Tom-Cairney,a8748947
2025-09-13,Sat,Matchweek 4,Home,W 1–0,Fulham,Leeds United,N,LW,15,0,0,0,0,1,1,0,0,15,0,0,1,0.0,0.0,0.0,3,0,6,8,75.0,0,9,3,3,2,Match Report,6,8,75.0,108,50,4,4,100.0,1,2,50.0,1,1,100.0,0,0.0,0.1,1,0,2,2,0,8,7,1,0,0,0,3,1,0,0,0,0,6,0,0,3,3,0,0,0,0,0,0,0,0,0,0,0,0,15,0,2,6,7,0,15,3,2,66.7,1,33.3,9,88,46,3,2,0,2,3,11,3,0,0,0,0,0,0,0,,0,1,0,1,0,0,0,0,0,0,0,0,0,0,3,0,0,0,0,0,0,0,0,,Fulham,Kevin,93508980
2025-09-20,Sat,Matchweek 5,Home,W 3–1,Fulham,Brentford,N,"LW,LM",24,0,0,0,0,0,0,1,0,12,0,0,1,0.0,0.0,0.0,0,0,4,5,80.0,0,8,1,3,2,Match Report,4,5,80.0,83,2,1,1,100.0,2,2,100.0,1,1,100.0,0,0.0,0.0,0,1,0,0,0,5,5,0,0,0,0,0,0,0,0,0,0,4,0,0,0,0,0,0,0,0,0,0,0,0,0,0,0,0,12,2,3,8,2,0,12,3,2,66.7,1,33.3,8,103,24,1,1,0,3,0,8,1,0,0,0,0,0,0,2,0.0,2,1,0,1,0,0,1,0,1,0,0,0,1,0,0,0,0,0,0,0,2,0,0,,Fulham,Kevin,93508980
2025-09-28,Sun,Matchweek 6,Away,L 1–3,Fulham,Aston Villa,N,LW,26,0,0,0,0,0,0,0,0,26,1,0,1,0.0,0.0,0.0,0,0,14,20,70.0,3,21,0,3,1,Match Report,14,20,70.0,302,63,5,5,100.0,5,5,100.0,4,8,50.0,0,0.0,0.0,0,1,0,0,3,20,18,2,0,0,1,4,0,2,2,0,0,14,0,1,0,0,0,0,0,0,0,0,0,0,0,0,0,0,26,0,0,6,20,1,26,3,1,33.3,1,33.3,21,109,52,0,3,1,2,2,21,7,1,0,0,0,1,1,1,100.0,0,1,0,1,0,1,0,0,0,0,0,0,1,0,4,0,0,0,0,0,2,0,0,,Fulham,Kevin,93508980
2025-10-03,Fri,Matchweek 7,Away,L 1–3,Fulham,Bournemouth,N,"AM,LW",24,0,0,0,0,1,1,0,0,19,0,1,0,0.0,0.0,0.0,0,0,9,15,60.0,0,10,1,1,1,Match Report,9,15,60.0,125,15,4,6,66.7,2,4,50.0,1,3,33.3,0,0.0,0.0,0,0,1,1,0,15,14,1,0,0,0,2,0,1,1,0,0,9,0,0,0,0,0,0,0,0,0,0,0,0,0,0,0,0,19,0,5,9,6,0,19,1,1,100.0,0,0.0,10,56,20,1,1,0,1,1,13,2,0,0,0,0,0,0,1,0.0,1,0,0,0,1,1,0,0,0,0,0,0,0,0,2,1,0,0,0,0,1,0,1,0.0,Fulham,Kevin,93508980
2025-10-18,Sat,Matchweek 8,Home,L 0–1,Fulham,Arsenal,N,LM,27,0,0,0,0,0,0,0,0,16,3,1,0,0.0,0.0,0.0,1,0,5,9,55.6,1,6,1,3,2,Match Report,5,9,55.6,130,42,1,2,50.0,2,3,66.7,2,3,66.7,0,0.0,0.0,1,1,1,0,1,9,7,2,0,0,0,3,0,2,1,1,0,5,0,1,1,0,1,0,0,0,0,0,0,0,0,0,0,0,16,0,4,7,6,0,16,3,2,66.7,1,33.3,6,51,26,1,0,0,1,1,6,2,3,2,1,2,0,0,1,0.0,1,0,0,0,1,4,0,0,0,0,0,0,1,0,3,1,2,0,0,0,1,0,0,,Fulham,Kevin,93508980
2025-10-25,Sat,Matchweek 9,Away,L 1–2,Fulham,Newcastle Utd,N,LW,45,0,0,0,0,0,0,0,0,22,2,1,0,0.0,0.0,0.2,3,0,8,15,53.3,1,13,7,5,2,Match Report,8,15,53.3,138,51,6,7,85.7,0,1,0.0,2,4,50.0,0,0.2,0.1,2,0,0,0,1,15,15,0,0,0,2,2,0,0,0,0,0,8,0,2,3,2,0,1,0,0,0,0,0,0,0,0,0,0,22,1,9,9,7,4,22,5,2,40.0,2,40.0,13,184,146,7,1,3,0,1,12,5,2,0,2,0,0,0,1,0.0,1,0,0,0,1,3,0,0,0,0,0,2,3,0,2,1,0,0,0,0,5,1,2,33.3,Fulham,Kevin,93508980
2025-08-24,Sun,Matchweek 2,Home,D 1–1,Fulham,Manchester Utd,N,LB,29,0,0,0,0,0,0,0,0,25,0,0,0,0.0,0.0,0.0,2,1,19,22,86.4,2,18,1,0,0,Match Report,19,22,86.4,342,136,7,8,87.5,8,10,80.0,2,2,100.0,0,0.0,0.0,1,0,0,0,2,22,20,2,0,0,0,2,2,0,0,0,0,19,0,0,2,2,0,0,0,0,0,1,1,0,0,0,0,0,25,0,5,7,13,1,25,0,0,,0,,18,101,69,1,0,0,1,0,18,4,0,0,0,0,0,0,1,0.0,1,0,0,0,0,0,1,0,0,0,0,0,0,0,2,0,0,0,0,0,0,0,1,0.0,Fulham,Antonee-Robinson,289601e6
2025-08-30,Sat,Matchweek 3,Away,L 0–2,Fulham,Chelsea,N,LB,24,0,0,0,0,0,0,0,0,28,0,1,0,0.0,0.0,0.0,2,0,21,25,84.0,2,12,2,0,0,Match Report,21,25,84.0,391,160,9,9,100.0,9,10,90.0,3,4,75.0,0,0.0,0.0,0,2,1,1,2,25,22,3,0,0,1,3,3,0,0,0,0,21,0,1,2,2,0,0,0,0,0,0,0,0,0,0,0,0,28,0,8,11,9,1,28,0,0,,0,,12,53,15,2,0,0,2,0,21,2,0,0,0,0,0,0,0,,0,0,0,0,1,1,0,0,0,0,0,0,0,0,3,1,0,0,0,0,1,0,0,,Fulham,Antonee-Robinson,289601e6
2025-09-13,Sat,Matchweek 4,Home,W 1–0,Fulham,Leeds United,N,"On matchday squad, but did not play","On matchday squad, but did not play","On matchday squad, but did not play","On matchday squad, but did not play","On matchday squad, but did not play","On matchday squad, but did not play","On matchday squad, but did not play","On matchday squad, but did not play","On matchday squad, but did not play","On matchday squad, but did not play","On matchday squad, but did not play","On matchday squad, but did not play","On matchday squad, but did not play","On matchday squad, but did not play","On matchday squad, but did not play","On matchday squad, but did not play","On matchday squad, but did not play","On matchday squad, but did not play","On matchday squad, but did not play","On matchday squad, but did not play","On matchday squad, but did not play","On matchday squad, but did not play","On matchday squad, but did not play","On matchday squad, but did not play","On matchday squad, but did not play","On matchday squad, but did not play","On matchday squad, but did not play",Match Report,"On matchday squad, but did not play","On matchday squad, but did not play","On matchday squad, but did not play","On matchday squad, but did not play","On matchday squad, but did not play","On matchday squad, but did not play","On matchday squad, but did not play","On matchday squad, but did not play","On matchday squad, but did not play","On matchday squad, but did not play","On matchday squad, but did not play","On matchday squad, but did not play","On matchday squad, but did not play","On matchday squad, but did not play","On matchday squad, but did not play","On matchday squad, but did not play","On matchday squad, but did not play","On matchday squad, but did not play","On matchday squad, but did not play","On matchday squad, but did not play","On matchday squad, but did not play","On matchday squad, but did not play","On matchday squad, but did not play","On matchday squad, but did not play","On matchday squad, but did not play","On matchday squad, but did not play","On matchday squad, but did not play","On matchday squad, but did not play","On matchday squad, but did not play","On matchday squad, but did not play","On matchday squad, but did not play","On matchday squad, but did not play","On matchday squad, but did not play","On matchday squad, but did not play","On matchday squad, but did not play","On matchday squad, but did not play","On matchday squad, but did not play","On matchday squad, but did not play","On matchday squad, but did not play","On matchday squad, but did not play","On matchday squad, but did not play","On matchday squad, but did not play","On matchday squad, but did not play","On matchday squad, but did not play","On matchday squad, but did not play","On matchday squad, but did not play","On matchday squad, but did not play","On matchday squad, but did not play","On matchday squad, but did not play","On matchday squad, but did not play","On matchday squad, but did not play","On matchday squad, but did not play","On matchday squad, but did not play","On matchday squad, but did not play","On matchday squad, but did not play","On matchday squad, but did not play","On matchday squad, but did not play","On matchday squad, but did not play","On matchday squad, but did not play","On matchday squad, but did not play","On matchday squad, but did not play","On matchday squad, but did not play","On matchday squad, but did not play","On matchday squad, but did not play","On matchday squad, but did not play","On matchday squad, but did not play","On matchday squad, but did not play","On matchday squad, but did not play","On matchday squad, but did not play","On matchday squad, but did not play","On matchday squad, but did not play","On matchday squad, but did not play","On matchday squad, but did not play","On matchday squad, but did not play","On matchday squad, but did not play","On matchday squad, but did not play","On matchday squad, but did not play","On matchday squad, but did not play","On matchday squad, but did not play","On matchday squad, but did not play","On matchday squad, but did not play","On matchday squad, but did not play","On matchday squad, but did not play","On matchday squad, but did not play","On matchday squad, but did not play","On matchday squad, but did not play","On matchday squad, but did not play","On matchday squad, but did not play","On matchday squad, but did not play","On matchday squad, but did not play","On matchday squad, but did not play","On matchday squad, but did not play","On matchday squad, but did not play","On matchday squad, but did not play","On matchday squad, but did not play","On matchday squad, but did not play","On matchday squad, but did not play","On matchday squad, but did not play","On matchday squad, but did not play","On matchday squad, but did not play","On matchday squad, but did not play","On matchday squad, but did not play","On matchday squad, but did not play","On matchday squad, but did not play","On matchday squad, but did not play",Fulham,Antonee-Robinson,289601e6
2025-09-28,Sun,Matchweek 6,Away,L 1–3,Fulham,Aston Villa,N,LB,11,0,0,0,0,0,0,0,0,19,0,0,0,0.0,0.0,0.0,0,0,10,17,58.8,1,12,1,2,1,Match Report,10,17,58.8,125,21,7,7,100.0,3,5,60.0,0,2,0.0,0,0.0,0.0,0,1,1,0,1,17,15,2,0,0,0,5,2,0,0,0,0,10,0,3,0,0,0,0,0,0,0,0,0,0,0,0,0,0,19,0,2,4,13,0,19,2,1,50.0,1,50.0,12,60,16,1,0,0,0,0,13,4,0,0,0,0,0,0,0,,0,0,0,0,0,0,0,0,0,0,0,0,0,0,5,0,0,0,0,0,0,0,0,,Fulham,Antonee-Robinson,289601e6
2025-10-03,Fri,Matchweek 7,Away,L 1–3,Fulham,Bournemouth,N,"On matchday squad, but did not play","On matchday squad, but did not play","On matchday squad, but did not play","On matchday squad, but did not play","On matchday squad, but did not play","On matchday squad, but did not play","On matchday squad, but did not play","On matchday squad, but did not play","On matchday squad, but did not play","On matchday squad, but did not play","On matchday squad, but did not play","On matchday squad, but did not play","On matchday squad, but did not play","On matchday squad, but did not play","On matchday squad, but did not play","On matchday squad, but did not play","On matchday squad, but did not play","On matchday squad, but did not play","On matchday squad, but did not play","On matchday squad, but did not play","On matchday squad, but did not play","On matchday squad, but did not play","On matchday squad, but did not play","On matchday squad, but did not play","On matchday squad, but did not play","On matchday squad, but did not play","On matchday squad, but did not play",Match Report,"On matchday squad, but did not play","On matchday squad, but did not play","On matchday squad, but did not play","On matchday squad, but did not play","On matchday squad, but did not play","On matchday squad, but did not play","On matchday squad, but did not play","On matchday squad, but did not play","On matchday squad, but did not play","On matchday squad, but did not play","On matchday squad, but did not play","On matchday squad, but did not play","On matchday squad, but did not play","On matchday squad, but did not play","On matchday squad, but did not play","On matchday squad, but did not play","On matchday squad, but did not play","On matchday squad, but did not play","On matchday squad, but did not play","On matchday squad, but did not play","On matchday squad, but did not play","On matchday squad, but did not play","On matchday squad, but did not play","On matchday squad, but did not play","On matchday squad, but did not play","On matchday squad, but did not play","On matchday squad, but did not play","On matchday squad, but did not play","On matchday squad, but did not play","On matchday squad, but did not play","On matchday squad, but did not play","On matchday squad, but did not play","On matchday squad, but did not play","On matchday squad, but did not play","On matchday squad, but did not play","On matchday squad, but did not play","On matchday squad, but did not play","On matchday squad, but did not play","On matchday squad, but did not play","On matchday squad, but did not play","On matchday squad, but did not play","On matchday squad, but did not play","On matchday squad, but did not play","On matchday squad, but did not play","On matchday squad, but did not play","On matchday squad, but did not play","On matchday squad, but did not play","On matchday squad, but did not play","On matchday squad, but did not play","On matchday squad, but did not play","On matchday squad, but did not play","On matchday squad, but did not play","On matchday squad, but did not play","On matchday squad, but did not play","On matchday squad, but did not play","On matchday squad, but did not play","On matchday squad, but did not play","On matchday squad, but did not play","On matchday squad, but did not play","On matchday squad, but did not play","On matchday squad, but did not play","On matchday squad, but did not play","On matchday squad, but did not play","On matchday squad, but did not play","On matchday squad, but did not play","On matchday squad, but did not play","On matchday squad, but did not play","On matchday squad, but did not play","On matchday squad, but did not play","On matchday squad, but did not play","On matchday squad, but did not play","On matchday squad, but did not play","On matchday squad, but did not play","On matchday squad, but did not play","On matchday squad, but did not play","On matchday squad, but did not play","On matchday squad, but did not play","On matchday squad, but did not play","On matchday squad, but did not play","On matchday squad, but did not play","On matchday squad, but did not play","On matchday squad, but did not play","On matchday squad, but did not play","On matchday squad, but did not play","On matchday squad, but did not play","On matchday squad, but did not play","On matchday squad, but did not play","On matchday squad, but did not play","On matchday squad, but did not play","On matchday squad, but did not play","On matchday squad, but did not play","On matchday squad, but did not play","On matchday squad, but did not play","On matchday squad, but did not play","On matchday squad, but did not play","On matchday squad, but did not play","On matchday squad, but did not play","On matchday squad, but did not play","On matchday squad, but did not play","On matchday squad, but did not play","On matchday squad, but did not play","On matchday squad, but did not play","On matchday squad, but did not play","On matchday squad, but did not play","On matchday squad, but did not play",Fulham,Antonee-Robinson,289601e6
2025-09-20,Sat,Matchweek 5,Home,W 3–1,Fulham,Brentford,N,"On matchday squad, but did not play","On matchday squad, but did not play","On matchday squad, but did not play","On matchday squad, but did not play","On matchday squad, but did not play","On matchday squad, but did not play","On matchday squad, but did not play","On matchday squad, but did not play","On matchday squad, but did not play","On matchday squad, but did not play","On matchday squad, but did not play","On matchday squad, but did not play","On matchday squad, but did not play","On matchday squad, but did not play","On matchday squad, but did not play","On matchday squad, but did not play","On matchday squad, but did not play","On matchday squad, but did not play","On matchday squad, but did not play","On matchday squad, but did not play","On matchday squad, but did not play","On matchday squad, but did not play","On matchday squad, but did not play","On matchday squad, but did not play","On matchday squad, but did not play","On matchday squad, but did not play","On matchday squad, but did not play",Match Report,"On matchday squad, but did not play","On matchday squad, but did not play","On matchday squad, but did not play","On matchday squad, but did not play","On matchday squad, but did not play","On matchday squad, but did not play","On matchday squad, but did not play","On matchday squad, but did not play","On matchday squad, but did not play","On matchday squad, but did not play","On matchday squad, but did not play","On matchday squad, but did not play","On matchday squad, but did not play","On matchday squad, but did not play","On matchday squad, but did not play","On matchday squad, but did not play","On matchday squad, but did not play","On matchday squad, but did not play","On matchday squad, but did not play","On matchday squad, but did not play","On matchday squad, but did not play","On matchday squad, but did not play","On matchday squad, but did not play","On matchday squad, but did not play","On matchday squad, but did not play","On matchday squad, but did not play","On matchday squad, but did not play","On matchday squad, but did not play","On matchday squad, but did not play","On matchday squad, but did not play","On matchday squad, but did not play","On matchday squad, but did not play","On matchday squad, but did not play","On matchday squad, but did not play","On matchday squad, but did not play","On matchday squad, but did not play","On matchday squad, but did not play","On matchday squad, but did not play","On matchday squad, but did not play","On matchday squad, but did not play","On matchday squad, but did not play","On matchday squad, but did not play","On matchday squad, but did not play","On matchday squad, but did not play","On matchday squad, but did not play","On matchday squad, but did not play","On matchday squad, but did not play","On matchday squad, but did not play","On matchday squad, but did not play","On matchday squad, but did not play","On matchday squad, but did not play","On matchday squad, but did not play","On matchday squad, but did not play","On matchday squad, but did not play","On matchday squad, but did not play","On matchday squad, but did not play","On matchday squad, but did not play","On matchday squad, but did not play","On matchday squad, but did not play","On matchday squad, but did not play","On matchday squad, but did not play","On matchday squad, but did not play","On matchday squad, but did not play","On matchday squad, but did not play","On matchday squad, but did not play","On matchday squad, but did not play","On matchday squad, but did not play","On matchday squad, but did not play","On matchday squad, but did not play","On matchday squad, but did not play","On matchday squad, but did not play","On matchday squad, but did not play","On matchday squad, but did not play","On matchday squad, but did not play","On matchday squad, but did not play","On matchday squad, but did not play","On matchday squad, but did not play","On matchday squad, but did not play","On matchday squad, but did not play","On matchday squad, but did not play","On matchday squad, but did not play","On matchday squad, but did not play","On matchday squad, but did not play","On matchday squad, but did not play","On matchday squad, but did not play","On matchday squad, but did not play","On matchday squad, but did not play","On matchday squad, but did not play","On matchday squad, but did not play","On matchday squad, but did not play","On matchday squad, but did not play","On matchday squad, but did not play","On matchday squad, but did not play","On matchday squad, but did not play","On matchday squad, but did not play","On matchday squad, but did not play","On matchday squad, but did not play","On matchday squad, but did not play","On matchday squad, but did not play","On matchday squad, but did not play","On matchday squad, but did not play","On matchday squad, but did not play","On matchday squad, but did not play","On matchday squad, but did not play","On matchday squad, but did not play",Fulham,Samuel-Chukwueze,b8a642fc
2025-09-28,Sun,Matchweek 6,Away,L 1–3,Fulham,Aston Villa,N,RW,11,0,0,0,0,2,0,0,0,14,1,0,0,0.2,0.2,0.0,2,0,5,8,62.5,0,8,2,4,2,Match Report,5,8,62.5,86,11,2,3,66.7,3,3,100.0,0,0,,0,0.0,0.0,0,0,0,0,0,8,8,0,0,0,0,0,0,0,0,0,0,5,0,0,2,1,0,1,0,0,0,0,0,0,0,0,0,0,14,0,0,6,8,4,14,4,2,50.0,1,25.0,8,81,33,2,0,1,1,0,8,3,1,0,0,1,0,1,1,100.0,0,0,0,0,0,1,0,0,0,0,0,0,1,0,0,0,0,0,0,0,0,0,0,,Fulham,Samuel-Chukwueze,b8a642fc
2025-10-03,Fri,Matchweek 7,Away,L 1–3,Fulham,Bournemouth,N,"AM,FW",24,0,1,0,0,0,0,0,0,21,0,0,0,0.0,0.0,0.5,4,1,13,17,76.5,1,16,1,4,1,Match Report,13,17,76.5,184,43,8,8,100.0,3,5,60.0,1,3,33.3,1,0.5,0.4,2,0,1,0,1,17,17,0,0,1,0,0,0,0,0,0,0,13,0,0,4,4,0,0,0,0,0,1,1,0,0,0,0,0,21,0,2,6,13,1,21,4,1,25.0,2,50.0,16,147,45,1,0,1,0,0,17,3,0,0,0,0,0,0,0,,0,0,0,0,0,0,0,0,0,0,0,0,1,0,0,0,0,0,0,0,2,0,0,,Fulham,Samuel-Chukwueze,b8a642fc
2025-10-03,Fri,Matchweek 7,Away,L 1–3,Fulham,Bournemouth,N,"On matchday squad, but did not play","On matchday squad, but did not play","On matchday squad, but did not play","On matchday squad, but did not play","On matchday squad, but did not play","On matchday squad, but did not play","On matchday squad, but did not play","On matchday squad, but did not play","On matchday squad, but did not play","On matchday squad, but did not play","On matchday squad, but did not play","On matchday squad, but did not play","On matchday squad, but did not play","On matchday squad, but did not play","On matchday squad, but did not play","On matchday squad, but did not play","On matchday squad, but did not play","On matchday squad, but did not play","On matchday squad, but did not play","On matchday squad, but did not play","On matchday squad, but did not play","On matchday squad, but did not play","On matchday squad, but did not play","On matchday squad, but did not play","On matchday squad, but did not play","On matchday squad, but did not play","On matchday squad, but did not play",Match Report,"On matchday squad, but did not play","On matchday squad, but did not play","On matchday squad, but did not play","On matchday squad, but did not play","On matchday squad, but did not play","On matchday squad, but did not play","On matchday squad, but did not play","On matchday squad, but did not play","On matchday squad, but did not play","On matchday squad, but did not play","On matchday squad, but did not play","On matchday squad, but did not play","On matchday squad, but did not play","On matchday squad, but did not play","On matchday squad, but did not play","On matchday squad, but did not play","On matchday squad, but did not play","On matchday squad, but did not play","On matchday squad, but did not play","On matchday squad, but did not play","On matchday squad, but did not play","On matchday squad, but did not play","On matchday squad, but did not play","On matchday squad, but did not play","On matchday squad, but did not play","On matchday squad, but did not play","On matchday squad, but did not play","On matchday squad, but did not play","On matchday squad, but did not play","On matchday squad, but did not play","On matchday squad, but did not play","On matchday squad, but did not play","On matchday squad, but did not play","On matchday squad, but did not play","On matchday squad, but did not play","On matchday squad, but did not play","On matchday squad, but did not play","On matchday squad, but did not play","On matchday squad, but did not play","On matchday squad, but did not play","On matchday squad, but did not play","On matchday squad, but did not play","On matchday squad, but did not play","On matchday squad, but did not play","On matchday squad, but did not play","On matchday squad, but did not play","On matchday squad, but did not play","On matchday squad, but did not play","On matchday squad, but did not play","On matchday squad, but did not play","On matchday squad, but did not play","On matchday squad, but did not play","On matchday squad, but did not play","On matchday squad, but did not play","On matchday squad, but did not play","On matchday squad, but did not play","On matchday squad, but did not play","On matchday squad, but did not play","On matchday squad, but did not play","On matchday squad, but did not play","On matchday squad, but did not play","On matchday squad, but did not play","On matchday squad, but did not play","On matchday squad, but did not play","On matchday squad, but did not play","On matchday squad, but did not play","On matchday squad, but did not play","On matchday squad, but did not play","On matchday squad, but did not play","On matchday squad, but did not play","On matchday squad, but did not play","On matchday squad, but did not play","On matchday squad, but did not play","On matchday squad, but did not play","On matchday squad, but did not play","On matchday squad, but did not play","On matchday squad, but did not play","On matchday squad, but did not play","On matchday squad, but did not play","On matchday squad, but did not play","On matchday squad, but did not play","On matchday squad, but did not play","On matchday squad, but did not play","On matchday squad, but did not play","On matchday squad, but did not play","On matchday squad, but did not play","On matchday squad, but did not play","On matchday squad, but did not play","On matchday squad, but did not play","On matchday squad, but did not play","On matchday squad, but did not play","On matchday squad, but did not play","On matchday squad, but did not play","On matchday squad, but did not play","On matchday squad, but did not play","On matchday squad, but did not play","On matchday squad, but did not play","On matchday squad, but did not play","On matchday squad, but did not play","On matchday squad, but did not play","On matchday squad, but did not play","On matchday squad, but did not play","On matchday squad, but did not play","On matchday squad, but did not play","On matchday squad, but did not play",Fulham,Jonah-Kusi-Asare,c7c26e61
2025-10-18,Sat,Matchweek 8,Home,L 0–1,Fulham,Arsenal,N,"On matchday squad, but did not play","On matchday squad, but did not play","On matchday squad, but did not play","On matchday squad, but did not play","On matchday squad, but did not play","On matchday squad, but did not play","On matchday squad, but did not play","On matchday squad, but did not play","On matchday squad, but did not play","On matchday squad, but did not play","On matchday squad, but did not play","On matchday squad, but did not play","On matchday squad, but did not play","On matchday squad, but did not play","On matchday squad, but did not play","On matchday squad, but did not play","On matchday squad, but did not play","On matchday squad, but did not play","On matchday squad, but did not play","On matchday squad, but did not play","On matchday squad, but did not play","On matchday squad, but did not play","On matchday squad, but did not play","On matchday squad, but did not play","On matchday squad, but did not play","On matchday squad, but did not play","On matchday squad, but did not play",Match Report,"On matchday squad, but did not play","On matchday squad, but did not play","On matchday squad, but did not play","On matchday squad, but did not play","On matchday squad, but did not play","On matchday squad, but did not play","On matchday squad, but did not play","On matchday squad, but did not play","On matchday squad, but did not play","On matchday squad, but did not play","On matchday squad, but did not play","On matchday squad, but did not play","On matchday squad, but did not play","On matchday squad, but did not play","On matchday squad, but did not play","On matchday squad, but did not play","On matchday squad, but did not play","On matchday squad, but did not play","On matchday squad, but did not play","On matchday squad, but did not play","On matchday squad, but did not play","On matchday squad, but did not play","On matchday squad, but did not play","On matchday squad, but did not play","On matchday squad, but did not play","On matchday squad, but did not play","On matchday squad, but did not play","On matchday squad, but did not play","On matchday squad, but did not play","On matchday squad, but did not play","On matchday squad, but did not play","On matchday squad, but did not play","On matchday squad, but did not play","On matchday squad, but did not play","On matchday squad, but did not play","On matchday squad, but did not play","On matchday squad, but did not play","On matchday squad, but did not play","On matchday squad, but did not play","On matchday squad, but did not play","On matchday squad, but did not play","On matchday squad, but did not play","On matchday squad, but did not play","On matchday squad, but did not play","On matchday squad, but did not play","On matchday squad, but did not play","On matchday squad, but did not play","On matchday squad, but did not play","On matchday squad, but did not play","On matchday squad, but did not play","On matchday squad, but did not play","On matchday squad, but did not play","On matchday squad, but did not play","On matchday squad, but did not play","On matchday squad, but did not play","On matchday squad, but did not play","On matchday squad, but did not play","On matchday squad, but did not play","On matchday squad, but did not play","On matchday squad, but did not play","On matchday squad, but did not play","On matchday squad, but did not play","On matchday squad, but did not play","On matchday squad, but did not play","On matchday squad, but did not play","On matchday squad, but did not play","On matchday squad, but did not play","On matchday squad, but did not play","On matchday squad, but did not play","On matchday squad, but did not play","On matchday squad, but did not play","On matchday squad, but did not play","On matchday squad, but did not play","On matchday squad, but did not play","On matchday squad, but did not play","On matchday squad, but did not play","On matchday squad, but did not play","On matchday squad, but did not play","On matchday squad, but did not play","On matchday squad, but did not play","On matchday squad, but did not play","On matchday squad, but did not play","On matchday squad, but did not play","On matchday squad, but did not play","On matchday squad, but did not play","On matchday squad, but did not play","On matchday squad, but did not play","On matchday squad, but did not play","On matchday squad, but did not play","On matchday squad, but did not play","On matchday squad, but did not play","On matchday squad, but did not play","On matchday squad, but did not play","On matchday squad, but did not play","On matchday squad, but did not play","On matchday squad, but did not play","On matchday squad, but did not play","On matchday squad, but did not play","On matchday squad, but did not play","On matchday squad, but did not play","On matchday squad, but did not play","On matchday squad, but did not play","On matchday squad, but did not play","On matchday squad, but did not play","On matchday squad, but did not play",Fulham,Jonah-Kusi-Asare,c7c26e61
2025-10-25,Sat,Matchweek 9,Away,L 1–2,Fulham,Newcastle Utd,N,RW,1,0,0,0,0,0,0,0,0,2,0,0,0,0.0,0.0,0.0,0,0,1,2,50.0,1,3,0,0,0,Match Report,1,2,50.0,23,19,0,0,,1,2,50.0,0,0,,0,0.0,0.0,0,1,0,0,1,2,2,0,0,0,0,0,0,0,0,0,0,1,0,0,0,0,0,0,0,0,0,0,0,0,0,0,0,0,2,0,0,1,1,0,2,0,0,,0,,3,11,8,0,0,0,0,0,3,0,0,0,0,0,0,0,0,,0,0,0,0,0,0,0,0,0,0,0,1,0,0,0,0,0,0,0,0,0,0,1,0.0,Fulham,Jonah-Kusi-Asare,c7c26e61
