Date,Day,Round,Venue,Result,Squad,Opponent,Start,Pos,Min,Performance Gls,Performance Ast,Performance PK,Performance PKatt,Performance Sh,Performance SoT,Performance CrdY_x,Performance CrdR_x,Performance Touches,Performance Tkl,Performance Int_x,Performance Blocks,Expected xG,Expected npxG,Expected xAG,SCA SCA,SCA GCA,Passes Cmp,Passes Att,Passes Cmp%,Passes PrgP,Carries Carries_x,Carries PrgC_x,Take-Ons Att_x,Take-Ons Succ_x,Report,Total Cmp,Total Att,Total Cmp%,Total TotDist,Total PrgDist,Short Cmp,Short Att,Short Cmp%,Medium Cmp,Medium Att,Medium Cmp%,Long Cmp,Long Att,Long Cmp%,Ast,xAG,xA,KP,1/3,PPA,CrsPA,PrgP,Att,Pass Types Live,Pass Types Dead,Pass Types FK,Pass Types TB,Pass Types Sw,Pass Types Crs,Pass Types TI,Pass Types CK,Corner Kicks In,Corner Kicks Out,Corner Kicks Str,Outcomes Cmp,Outcomes Off,Outcomes Blocks,SCA Types SCA,SCA Types PassLive,SCA Types PassDead,SCA Types TO,SCA Types Sh,SCA Types Fld,SCA Types Def,GCA Types GCA,GCA Types PassLive,GCA Types PassDead,GCA Types TO,GCA Types Sh,GCA Types Fld,GCA Types Def,Touches Touches,Touches Def Pen,Touches Def 3rd,Touches Mid 3rd,Touches Att 3rd,Touches Att Pen,Touches Live,Take-Ons Att_y,Take-Ons Succ_y,Take-Ons Succ%,Take-Ons Tkld,Take-Ons Tkld%,Carries Carries_y,Carries TotDist,Carries PrgDist,Carries PrgC_y,Carries 1/3,Carries CPA,Carries Mis,Carries Dis,Receiving Rec,Receiving PrgR,Tackles Tkl,Tackles TklW,Tackles Def 3rd,Tackles Mid 3rd,Tackles Att 3rd,Challenges Tkl,Challenges Att,Challenges Tkl%,Challenges Lost,Blocks Blocks,Blocks Sh,Blocks Pass,Int,Tkl+Int,Clr,Err,Performance CrdY_y,Performance CrdR_y,Performance 2CrdY,Performance Fls,Performance Fld,Performance Off,Performance Crs,Performance Int_y,Performance TklW,Performance PKwon,Performance PKcon,Performance OG,Performance Recov,Aerial Duels Won,Aerial Duels Lost,Aerial Duels Won%,team,player_name,player_id
2025-08-18,Mon,Matchweek 1,Home,W 1–0,Leeds United,Everton,Y,CB,90,0,0,0,0,0,0,0,0,64,0,2,0,0.0,0.0,0.0,0,0,48,55,87.3,3,36,0,0,0,Match Report,48,55,87.3,932,270,11,12,91.7,28,30,93.3,6,9,66.7,0,0.0,0.0,0,2,0,0,3,55,53,2,1,0,0,0,1,0,0,0,0,48,0,0,0,0,0,0,0,0,0,0,0,0,0,0,0,0,64,4,31,32,1,0,64,0,0,,0,,36,166,122,0,0,0,0,0,43,0,0,0,0,0,0,0,0,,0,0,0,0,2,2,6,0,0,0,0,0,1,0,0,2,0,0,0,0,2,3,3,50.0,Leeds United,Joe-Rodon,8d62d31a
2025-08-23,Sat,Matchweek 2,Away,L 0–5,Leeds United,Arsenal,Y,CB,90,0,0,0,0,0,0,0,0,49,1,2,2,0.0,0.0,0.0,0,0,27,33,81.8,3,23,0,1,1,Match Report,27,33,81.8,460,104,10,13,76.9,17,18,94.4,0,2,0.0,0,0.0,0.0,0,0,0,0,3,33,31,2,2,0,0,0,0,0,0,0,0,27,0,0,0,0,0,0,0,0,0,0,0,0,0,0,0,0,49,9,32,17,0,0,49,1,1,100.0,0,0.0,23,100,54,0,0,0,0,0,27,0,1,1,1,0,0,1,1,100.0,0,2,2,0,2,3,9,0,0,0,0,2,1,0,0,2,1,0,0,0,2,2,2,50.0,Leeds United,Joe-Rodon,8d62d31a
2025-08-30,Sat,Matchweek 3,Home,D 0–0,Leeds United,Newcastle Utd,Y,CB,90,0,0,0,0,0,0,0,0,59,1,2,1,0.0,0.0,0.0,0,0,46,51,90.2,2,27,1,0,0,Match Report,46,51,90.2,801,164,19,22,86.4,24,25,96.0,3,4,75.0,0,0.0,0.0,0,1,0,0,2,51,47,4,2,0,0,0,2,0,0,0,0,46,0,0,0,0,0,0,0,0,0,0,0,0,0,0,0,0,59,3,26,32,1,1,59,0,0,,0,,27,105,50,1,0,0,0,1,39,0,1,0,1,0,0,1,1,100.0,0,1,1,0,2,3,3,0,0,0,0,0,3,0,0,2,0,0,0,0,3,0,1,0.0,Leeds United,Joe-Rodon,8d62d31a
2025-09-13,Sat,Matchweek 4,Away,L 0–1,Leeds United,Fulham,Y,CB,90,0,0,0,0,0,0,0,0,66,0,0,1,0.0,0.0,0.0,0,0,50,54,92.6,4,42,1,0,0,Match Report,50,54,92.6,1066,346,11,11,100.0,33,35,94.3,6,8,75.0,0,0.0,0.0,0,3,0,0,4,54,53,1,1,0,0,0,0,0,0,0,0,50,0,0,0,0,0,0,0,0,0,0,0,0,0,0,0,0,66,10,34,31,2,1,66,0,0,,0,,42,215,131,1,1,0,1,0,47,0,0,0,0,0,0,0,0,,0,1,0,1,0,0,10,0,0,0,0,2,1,0,0,0,0,0,0,0,1,5,4,55.6,Leeds United,Joe-Rodon,8d62d31a
2025-09-20,Sat,Matchweek 5,Away,W 3–1,Leeds United,Wolves,Y,CB,90,0,0,0,0,0,0,0,0,62,1,0,0,0.0,0.0,0.0,0,0,51,52,98.1,4,37,0,0,0,Match Report,51,52,98.1,1002,391,11,11,100.0,38,38,100.0,2,3,66.7,0,0.0,0.0,0,2,0,0,4,52,49,3,3,0,0,0,0,0,0,0,0,51,0,0,0,0,0,0,0,0,0,0,0,0,0,0,0,0,62,9,34,28,0,0,62,0,0,,0,,37,157,91,0,0,0,0,0,43,0,1,0,1,0,0,1,1,100.0,0,0,0,0,0,1,8,0,0,0,0,0,0,0,0,0,0,0,0,0,2,5,6,45.5,Leeds United,Joe-Rodon,8d62d31a
2025-09-27,Sat,Matchweek 6,Home,D 2–2,Leeds United,Bournemouth,Y,CB,90,1,0,0,0,4,2,0,0,36,2,1,2,0.3,0.3,0.0,1,0,18,22,81.8,3,9,0,0,0,Match Report,18,22,81.8,277,125,9,10,90.0,7,8,87.5,1,1,100.0,0,0.0,0.0,0,0,0,0,3,22,21,1,1,0,0,0,0,0,0,0,0,18,0,0,1,0,0,0,1,0,0,0,0,0,0,0,0,0,36,7,19,10,7,6,36,0,0,,0,,9,60,38,0,0,0,0,0,17,0,2,2,2,0,0,1,1,100.0,0,2,1,1,1,3,5,0,0,0,0,0,0,0,0,1,2,0,0,0,3,4,1,80.0,Leeds United,Joe-Rodon,8d62d31a
2025-10-04,Sat,Matchweek 7,Home,L 1–2,Leeds United,Tottenham,Y,CB,90,0,0,0,0,2,0,0,0,82,0,1,0,0.1,0.1,0.0,0,0,69,74,93.2,7,43,1,0,0,Match Report,69,74,93.2,1362,445,17,18,94.4,50,54,92.6,2,2,100.0,0,0.0,0.0,0,4,0,0,7,74,74,0,0,0,0,0,0,0,0,0,0,69,0,0,0,0,0,0,0,0,0,0,0,0,0,0,0,0,82,3,35,39,8,4,82,0,0,,0,,43,134,72,1,1,0,0,0,66,0,0,0,0,0,0,0,0,,0,0,0,0,1,1,5,0,0,0,0,0,0,0,0,1,0,0,0,0,4,5,0,100.0,Leeds United,Joe-Rodon,8d62d31a
2025-10-18,Sat,Matchweek 8,Away,L 0–2,Leeds United,Burnley,Y,CB,90,0,0,0,0,1,1,0,0,112,1,1,1,0.0,0.0,0.0,2,0,94,104,90.4,12,81,3,0,0,Match Report,94,104,90.4,1827,540,25,26,96.2,64,70,91.4,4,5,80.0,0,0.0,0.0,1,10,0,0,12,104,101,3,2,0,0,0,1,0,0,0,0,94,0,0,2,2,0,0,0,0,0,0,0,0,0,0,0,0,112,4,32,72,8,3,112,0,0,,0,,81,494,322,3,1,0,0,0,85,0,1,0,1,0,0,0,0,,0,1,0,1,1,2,3,0,0,0,0,1,0,0,0,1,0,0,0,0,4,6,0,100.0,Leeds United,Joe-Rodon,8d62d31a
2025-10-24,Fri,Matchweek 9,Home,W 2–1,Leeds United,West Ham,Y,CB,90,1,0,0,0,1,1,0,0,63,1,0,1,0.3,0.3,0.1,1,0,44,48,91.7,1,28,0,0,0,Match Report,44,48,91.7,942,319,4,5,80.0,38,38,100.0,2,4,50.0,0,0.1,0.0,1,2,0,0,1,48,48,0,0,0,0,0,0,0,0,0,0,44,0,1,1,1,0,0,0,0,0,0,0,0,0,0,0,0,63,7,44,18,1,1,63,0,0,,0,,28,104,46,0,0,0,0,0,41,0,1,1,1,0,0,1,2,50.0,1,1,1,0,0,1,9,0,0,0,0,0,1,0,0,0,1,0,0,0,4,2,4,33.3,Leeds United,Joe-Rodon,8d62d31a
2025-08-18,Mon,Matchweek 1,Home,W 1–0,Leeds United,Everton,Y,RB,90,0,0,0,0,1,0,0,0,44,2,0,1,0.0,0.0,0.0,1,0,26,36,72.2,4,17,1,1,1,Match Report,26,36,72.2,448,162,11,11,100.0,13,19,68.4,1,3,33.3,0,0.0,0.0,0,1,0,0,4,36,26,10,0,0,0,1,10,0,0,0,0,26,0,2,1,1,0,0,0,0,0,0,0,0,0,0,0,0,44,1,12,23,11,0,44,1,1,100.0,0,0.0,17,82,50,1,1,0,0,1,21,2,2,0,2,0,0,2,3,66.7,1,1,1,0,0,2,2,0,0,0,0,1,0,1,1,0,0,0,0,0,3,2,0,100.0,Leeds United,Jayden-Bogle,ae5019e6
2025-08-23,Sat,Matchweek 2,Away,L 0–5,Leeds United,Arsenal,Y,RB,82,0,0,0,0,0,0,1,0,26,1,2,0,0.0,0.0,0.0,0,0,13,18,72.2,0,11,3,3,1,Match Report,13,18,72.2,221,65,7,7,100.0,5,7,71.4,1,1,100.0,0,0.0,0.0,0,0,0,0,0,18,13,5,1,0,0,0,4,0,0,0,0,13,0,3,0,0,0,0,0,0,0,0,0,0,0,0,0,0,26,3,14,10,3,2,26,3,1,33.3,1,33.3,11,98,40,3,0,1,1,0,9,3,1,1,1,0,0,0,1,0.0,1,0,0,0,2,3,1,0,1,0,0,1,1,0,0,2,1,0,0,0,5,0,1,0.0,Leeds United,Jayden-Bogle,ae5019e6
2025-08-30,Sat,Matchweek 3,Home,D 0–0,Leeds United,Newcastle Utd,Y,RB,90,0,0,0,0,1,0,0,0,56,2,2,0,0.1,0.1,0.1,1,0,34,45,75.6,4,32,5,5,2,Match Report,34,45,75.6,450,100,19,23,82.6,10,12,83.3,0,3,0.0,0,0.1,0.0,1,2,1,0,4,45,38,7,1,0,0,1,6,0,0,0,0,34,0,1,1,1,0,0,0,0,0,0,0,0,0,0,0,0,56,4,12,30,16,2,56,5,2,40.0,3,60.0,32,280,175,5,2,1,0,1,32,4,2,1,1,1,0,1,2,50.0,1,0,0,0,2,4,3,0,0,0,0,3,1,0,1,2,1,0,0,0,9,0,0,,Leeds United,Jayden-Bogle,ae5019e6
2025-09-13,Sat,Matchweek 4,Away,L 0–1,Leeds United,Fulham,Y,RB,90,0,0,0,0,2,1,0,0,58,3,1,2,0.1,0.1,0.0,1,0,26,37,70.3,2,30,7,3,1,Match Report,26,37,70.3,393,104,13,17,76.5,11,12,91.7,1,5,20.0,0,0.0,0.0,0,2,0,0,2,37,32,5,0,0,1,2,5,0,0,0,0,26,0,2,1,0,0,1,0,0,0,0,0,0,0,0,0,0,58,1,22,22,15,2,58,3,1,33.3,1,33.3,30,314,194,7,7,1,3,1,28,5,3,1,2,1,0,1,2,50.0,1,2,0,2,1,4,3,0,0,0,0,2,2,0,2,1,1,0,0,0,7,0,1,0.0,Leeds United,Jayden-Bogle,ae5019e6
2025-09-20,Sat,Matchweek 5,Away,W 3–1,Leeds United,Wolves,Y,RB,82,0,0,0,0,0,0,1,0,44,3,1,0,0.0,0.0,0.0,0,0,27,32,84.4,1,22,0,1,0,Match Report,27,32,84.4,499,117,9,10,90.0,15,15,100.0,3,5,60.0,0,0.0,0.0,0,0,0,0,1,32,26,6,0,0,0,2,6,0,0,0,0,27,0,1,0,0,0,0,0,0,0,0,0,0,0,0,0,0,44,2,16,22,8,0,44,1,0,0.0,1,100.0,22,94,20,0,1,0,2,5,26,0,3,2,2,0,1,2,4,50.0,2,0,0,0,1,4,4,0,1,0,0,2,0,1,2,1,2,0,0,0,5,1,3,25.0,Leeds United,Jayden-Bogle,ae5019e6
2025-09-27,Sat,Matchweek 6,Home,D 2–2,Leeds United,Bournemouth,Y,RB,90,0,0,0,0,0,0,0,0,43,5,2,0,0.0,0.0,0.1,1,0,22,28,78.6,2,17,2,2,1,Match Report,22,28,78.6,366,187,15,18,83.3,2,3,66.7,4,5,80.0,0,0.1,0.0,1,3,1,1,2,28,24,4,2,0,0,2,2,0,0,0,0,22,0,1,1,1,0,0,0,0,0,0,0,0,0,0,0,0,43,3,12,21,11,4,43,2,1,50.0,1,50.0,17,99,58,2,1,1,2,0,21,5,5,3,2,2,1,5,6,83.3,1,0,0,0,2,7,3,0,0,0,0,0,1,0,2,2,3,0,0,0,3,0,0,,Leeds United,Jayden-Bogle,ae5019e6
2025-10-04,Sat,Matchweek 7,Home,L 1–2,Leeds United,Tottenham,Y,"RB,WB",88,0,0,0,0,1,0,0,0,57,5,3,1,0.0,0.0,0.0,3,0,32,42,76.2,5,30,0,2,0,Match Report,32,42,76.2,570,231,14,17,82.4,15,19,78.9,3,5,60.0,0,0.0,0.1,0,4,2,1,5,42,36,6,1,0,0,3,5,0,0,0,0,32,0,1,3,2,0,0,0,1,0,0,0,0,0,0,0,0,57,3,14,27,16,0,57,2,0,0.0,1,50.0,30,160,68,0,1,0,0,0,34,10,5,3,1,4,0,2,3,66.7,1,1,0,1,3,8,4,0,0,0,0,0,1,0,3,3,3,0,0,0,4,1,0,100.0,Leeds United,Jayden-Bogle,ae5019e6
2025-10-18,Sat,Matchweek 8,Away,L 0–2,Leeds United,Burnley,Y,RB,90,0,0,0,0,2,0,0,0,67,0,1,1,0.5,0.5,0.0,2,0,44,57,77.2,4,42,4,2,1,Match Report,44,57,77.2,730,149,25,26,96.2,15,20,75.0,4,5,80.0,0,0.0,0.1,0,4,2,1,4,57,50,7,1,0,0,5,6,0,0,0,0,44,0,3,2,2,0,0,0,0,0,0,0,0,0,0,0,0,67,1,7,31,29,5,67,2,1,50.0,1,50.0,42,275,158,4,3,1,2,1,43,8,0,0,0,0,0,0,1,0.0,1,1,0,1,1,1,1,0,0,0,0,1,1,0,5,1,0,0,0,0,4,1,2,33.3,Leeds United,Jayden-Bogle,ae5019e6
2025-10-24,Fri,Matchweek 9,Home,W 2–1,Leeds United,West Ham,Y,RB,90,0,0,0,0,1,1,0,0,47,5,1,1,0.0,0.0,0.1,2,0,21,33,63.6,1,12,0,1,0,Match Report,21,33,63.6,361,117,9,9,100.0,11,17,64.7,1,7,14.3,0,0.1,0.2,1,0,1,1,1,33,22,11,2,0,0,2,9,0,0,0,0,21,0,0,2,1,0,0,0,0,1,0,0,0,0,0,0,0,47,3,20,22,5,1,47,1,0,0.0,1,100.0,12,28,7,0,0,0,1,2,18,3,5,4,1,4,0,3,5,60.0,2,1,0,1,1,6,3,0,0,0,0,1,0,0,2,1,4,0,0,0,3,0,1,0.0,Leeds United,Jayden-Bogle,ae5019e6
2025-08-18,Mon,Matchweek 1,Home,W 1–0,Leeds United,Everton,Y,LB,90,0,0,0,0,3,0,0,0,74,1,2,1,0.2,0.2,0.1,4,0,46,60,76.7,5,40,6,6,4,Match Report,46,60,76.7,633,234,32,39,82.1,10,13,76.9,3,6,50.0,0,0.1,0.1,2,2,3,2,5,60,51,9,0,0,0,4,8,1,0,1,0,46,0,2,4,4,0,0,0,0,0,0,0,0,0,0,0,0,74,2,17,26,33,3,74,6,4,66.7,1,16.7,40,172,105,6,3,2,1,1,45,10,1,1,0,0,1,1,1,100.0,0,1,1,0,2,3,4,0,0,0,0,0,0,0,4,2,1,0,0,0,6,2,2,50.0,Leeds United,Gabriel-Gudmundsson,d5d22a58
2025-08-23,Sat,Matchweek 2,Away,L 0–5,Leeds United,Arsenal,Y,LB,90,0,0,0,0,0,0,1,0,47,3,1,0,0.0,0.0,0.0,0,0,20,32,62.5,0,20,0,3,0,Match Report,20,32,62.5,208,90,15,18,83.3,3,6,50.0,0,3,0.0,0,0.0,0.0,0,0,0,0,0,32,22,10,0,0,0,0,10,0,0,0,0,20,0,2,0,0,0,0,0,0,0,0,0,0,0,0,0,0,47,1,18,25,4,0,47,3,0,0.0,3,100.0,20,40,11,0,1,0,2,0,20,0,3,1,3,0,0,3,4,75.0,1,0,0,0,1,4,4,0,1,0,0,3,0,0,0,1,1,0,0,0,1,0,2,0.0,Leeds United,Gabriel-Gudmundsson,d5d22a58
2025-08-30,Sat,Matchweek 3,Home,D 0–0,Leeds United,Newcastle Utd,Y,LB,79,0,0,0,0,0,0,0,0,49,2,0,1,0.0,0.0,0.2,3,0,33,41,80.5,3,21,1,0,0,Match Report,33,41,80.5,485,192,20,22,90.9,7,10,70.0,4,5,80.0,0,0.2,0.0,2,4,0,0,3,41,35,6,0,0,0,2,6,0,0,0,0,33,0,3,3,3,0,0,0,0,0,0,0,0,0,0,0,0,49,1,21,18,10,1,49,0,0,,0,,21,98,68,1,0,0,0,0,32,1,2,2,2,0,0,2,2,100.0,0,1,1,0,0,2,3,0,0,0,0,0,1,0,2,0,2,0,0,0,2,0,0,,Leeds United,Gabriel-Gudmundsson,d5d22a58
2025-09-13,Sat,Matchweek 4,Away,L 0–1,Leeds United,Fulham,Y,LB,90,0,0,0,0,0,0,0,0,62,2,1,0,0.0,0.0,0.0,1,0,40,51,78.4,4,27,2,3,0,Match Report,40,51,78.4,598,314,22,23,95.7,15,17,88.2,1,8,12.5,0,0.0,0.1,0,2,0,0,4,51,41,10,1,0,0,5,7,2,2,0,0,40,0,1,1,1,0,0,0,0,0,0,0,0,0,0,0,0,62,3,15,24,23,1,62,3,0,0.0,2,66.7,27,166,100,2,2,0,1,0,37,3,2,2,2,0,0,1,1,100.0,0,0,0,0,1,3,1,0,0,0,0,1,3,0,5,1,2,0,0,1,4,0,1,0.0,Leeds United,Gabriel-Gudmundsson,d5d22a58
2025-09-20,Sat,Matchweek 5,Away,W 3–1,Leeds United,Wolves,Y,LB,90,0,0,0,0,0,0,0,0,71,0,2,2,0.0,0.0,0.0,0,0,51,58,87.9,3,36,5,2,1,Match Report,51,58,87.9,908,371,22,24,91.7,25,26,96.2,3,6,50.0,0,0.0,0.1,0,2,2,0,3,58,52,6,0,1,0,0,6,0,0,0,0,51,0,1,0,0,0,0,0,0,0,0,0,0,0,0,0,0,71,8,27,30,15,3,71,2,1,50.0,1,50.0,36,286,189,5,4,2,1,1,45,3,0,0,0,0,0,0,1,0.0,1,2,0,2,2,2,9,0,0,0,0,0,0,0,0,2,0,0,0,0,5,2,4,33.3,Leeds United,Gabriel-Gudmundsson,d5d22a58
2025-09-27,Sat,Matchweek 6,Home,D 2–2,Leeds United,Bournemouth,Y,LB,90,0,0,0,0,0,0,0,0,49,4,0,4,0.0,0.0,0.0,1,0,26,37,70.3,4,17,1,4,0,Match Report,26,37,70.3,352,211,16,17,94.1,7,8,87.5,1,6,16.7,0,0.0,0.0,0,3,0,0,4,37,30,7,0,0,0,2,7,0,0,0,0,26,0,3,1,0,0,0,0,0,1,0,0,0,0,0,0,0,49,2,16,24,9,2,49,4,0,0.0,3,75.0,17,85,42,1,0,0,0,4,20,1,4,1,1,2,1,1,2,50.0,1,4,1,3,0,4,1,0,0,0,0,3,3,0,2,0,1,0,0,0,2,0,2,0.0,Leeds United,Gabriel-Gudmundsson,d5d22a58
2025-10-04,Sat,Matchweek 7,Home,L 1–2,Leeds United,Tottenham,Y,LB,78,0,0,0,0,0,0,0,0,40,3,0,0,0.0,0.0,0.0,1,0,22,30,73.3,4,20,1,1,1,Match Report,22,30,73.3,376,114,12,15,80.0,9,9,100.0,1,2,50.0,0,0.0,0.0,0,3,0,0,4,30,27,3,0,0,0,2,3,0,0,0,0,22,0,3,1,1,0,0,0,0,0,0,0,0,0,0,0,0,40,3,14,19,7,0,40,1,1,100.0,0,0.0,20,98,50,1,1,0,3,1,21,2,3,2,1,2,0,1,3,33.3,2,0,0,0,0,3,5,1,0,0,0,0,2,1,2,0,2,0,0,0,7,0,1,0.0,Leeds United,Gabriel-Gudmundsson,d5d22a58
2025-10-18,Sat,Matchweek 8,Away,L 0–2,Leeds United,Burnley,Y,LB,90,0,0,0,0,0,0,0,0,84,2,1,2,0.0,0.0,0.9,7,0,62,79,78.5,1,58,7,5,4,Match Report,62,79,78.5,980,229,37,40,92.5,16,22,72.7,6,10,60.0,0,0.9,0.6,4,1,5,5,1,79,68,11,1,0,1,13,10,0,0,0,0,62,0,4,7,6,0,0,0,1,0,0,0,0,0,0,0,0,84,2,16,43,28,3,84,5,4,80.0,1,20.0,58,454,272,7,4,1,0,2,64,9,2,2,2,0,0,1,1,100.0,0,2,0,2,1,3,1,0,0,0,0,1,2,0,13,1,2,0,0,0,4,0,1,0.0,Leeds United,Gabriel-Gudmundsson,d5d22a58
2025-10-24,Fri,Matchweek 9,Home,W 2–1,Leeds United,West Ham,Y,LB,43,0,0,0,0,0,0,0,0,18,0,2,0,0.0,0.0,0.1,1,0,10,11,90.9,3,6,2,1,0,Match Report,10,11,90.9,157,72,5,5,100.0,5,6,83.3,0,0,,0,0.1,0.1,1,1,0,0,3,11,11,0,0,0,0,1,0,0,0,0,0,10,0,0,1,1,0,0,0,0,0,0,0,0,0,0,0,0,18,1,7,9,2,1,18,1,0,0.0,1,100.0,6,36,24,2,0,1,2,0,11,3,0,0,0,0,0,0,0,,0,0,0,0,2,2,2,0,0,0,0,0,1,0,1,2,0,0,0,0,0,0,0,,Leeds United,Gabriel-Gudmundsson,d5d22a58
2025-08-18,Mon,Matchweek 1,Home,W 1–0,Leeds United,Everton,Y,CB,90,0,0,0,0,1,0,0,0,80,0,0,0,0.1,0.1,0.0,2,0,69,70,98.6,4,52,0,0,0,Match Report,69,70,98.6,1284,501,32,32,100.0,32,32,100.0,5,6,83.3,0,0.0,0.0,1,10,0,0,4,70,68,2,0,0,0,0,0,0,0,0,0,69,0,0,2,1,0,0,1,0,0,0,0,0,0,0,0,0,80,7,30,47,3,2,80,0,0,,0,,52,284,174,0,0,0,0,0,61,0,0,0,0,0,0,0,0,,0,0,0,0,0,0,8,0,0,0,0,0,0,0,0,0,0,0,0,0,5,2,3,40.0,Leeds United,Pascal-Struijk,f4d296e4
2025-08-23,Sat,Matchweek 2,Away,L 0–5,Leeds United,Arsenal,Y*,CB,90,0,0,0,0,1,1,0,0,51,2,0,0,0.1,0.1,0.0,0,0,37,43,86.0,0,32,0,0,0,Match Report,37,43,86.0,547,190,21,21,100.0,16,18,88.9,0,1,0.0,0,0.0,0.0,0,1,0,0,0,43,38,5,2,0,0,0,0,0,0,0,0,37,0,3,0,0,0,0,0,0,0,0,0,0,0,0,0,0,51,10,38,12,1,1,51,0,0,,0,,32,110,36,0,0,0,0,0,33,0,2,2,0,2,0,2,2,100.0,0,0,0,0,0,2,4,0,0,0,0,0,0,0,0,0,2,0,0,0,3,1,2,33.3,Leeds United,Pascal-Struijk,f4d296e4
2025-08-30,Sat,Matchweek 3,Home,D 0–0,Leeds United,Newcastle Utd,Y*,CB,90,0,0,0,0,0,0,0,0,67,0,0,0,0.0,0.0,0.0,0,0,59,63,93.7,4,31,0,0,0,Match Report,59,63,93.7,1018,338,23,25,92.0,30,30,100.0,3,4,75.0,0,0.0,0.0,0,4,0,0,4,63,58,5,3,0,0,0,0,0,0,0,0,59,0,1,0,0,0,0,0,0,0,0,0,0,0,0,0,0,67,7,27,38,2,0,67,0,0,,0,,31,100,51,0,0,0,0,0,47,0,0,0,0,0,0,0,0,,0,0,0,0,0,0,4,0,0,0,0,1,1,0,0,0,0,0,0,0,3,1,2,33.3,Leeds United,Pascal-Struijk,f4d296e4
2025-09-13,Sat,Matchweek 4,Away,L 0–1,Leeds United,Fulham,Y,CB,90,0,0,0,0,0,0,0,0,63,1,1,0,0.0,0.0,0.0,0,0,52,55,94.5,3,41,0,0,0,Match Report,52,55,94.5,1060,380,18,18,100.0,27,27,100.0,7,10,70.0,0,0.0,0.0,0,3,1,0,3,55,49,6,3,0,0,0,0,0,0,0,0,52,0,0,0,0,0,0,0,0,0,0,0,0,0,0,0,0,63,9,33,29,1,0,63,0,0,,0,,41,211,127,0,0,0,0,2,46,0,1,1,0,1,0,0,0,,0,0,0,0,1,2,6,0,0,0,0,2,0,1,0,1,1,0,0,0,1,1,0,100.0,Leeds United,Pascal-Struijk,f4d296e4
2025-09-20,Sat,Matchweek 5,Away,W 3–1,Leeds United,Wolves,Y,CB,90,0,0,0,0,0,0,0,0,79,1,0,3,0.0,0.0,0.0,1,1,59,63,93.7,1,49,0,0,0,Match Report,59,63,93.7,1101,328,18,18,100.0,41,42,97.6,0,2,0.0,0,0.0,0.0,0,2,0,0,1,63,62,1,1,0,0,0,0,0,0,0,0,59,0,0,1,1,0,0,0,0,0,1,1,0,0,0,0,0,79,8,43,36,0,0,79,0,0,,0,,49,227,154,0,0,0,1,1,56,0,1,1,0,1,0,0,0,,0,3,2,1,0,1,11,0,0,0,0,1,0,0,0,0,1,0,0,0,2,2,4,33.3,Leeds United,Pascal-Struijk,f4d296e4
2025-09-27,Sat,Matchweek 6,Home,D 2–2,Leeds United,Bournemouth,Y,CB,90,0,0,0,0,1,0,0,0,64,0,1,1,0.1,0.1,0.0,2,0,43,50,86.0,0,23,0,0,0,Match Report,43,50,86.0,803,425,21,21,100.0,14,17,82.4,7,11,63.6,0,0.0,0.0,1,3,0,0,0,50,47,3,0,0,0,0,0,0,0,0,0,43,0,0,2,2,0,0,0,0,0,0,0,0,0,0,0,0,64,13,40,22,2,2,64,0,0,,0,,23,88,33,0,0,0,0,1,39,1,0,0,0,0,0,0,1,0.0,1,1,0,1,1,1,11,0,0,0,0,0,1,0,0,1,0,0,0,0,4,4,2,66.7,Leeds United,Pascal-Struijk,f4d296e4
2025-10-04,Sat,Matchweek 7,Home,L 1–2,Leeds United,Tottenham,Y,CB,90,0,0,0,0,3,0,0,0,75,0,0,0,0.3,0.3,0.0,0,0,65,68,95.6,6,38,1,0,0,Match Report,65,68,95.6,1256,342,13,13,100.0,50,50,100.0,2,4,50.0,0,0.0,0.0,0,6,0,0,6,68,60,8,4,0,0,0,2,0,0,0,0,65,0,0,0,0,0,0,0,0,0,0,0,0,0,0,0,0,75,4,26,40,9,4,75,0,0,,0,,38,142,97,1,0,0,0,0,55,0,0,0,0,0,0,0,0,,0,0,0,0,0,0,5,0,0,0,0,2,0,0,0,0,0,0,0,0,0,2,1,66.7,Leeds United,Pascal-Struijk,f4d296e4
2025-10-18,Sat,Matchweek 8,Away,L 0–2,Leeds United,Burnley,Y,CB,90,0,0,0,0,2,0,1,0,112,2,0,0,0.2,0.2,0.0,2,0,92,101,91.1,5,77,0,0,0,Match Report,92,101,91.1,1531,417,37,41,90.2,52,54,96.3,2,4,50.0,0,0.0,0.0,0,12,0,0,5,101,98,3,0,0,2,0,1,0,0,0,0,92,0,0,2,2,0,0,0,0,0,0,0,0,0,0,0,0,112,6,33,69,10,3,112,0,0,,0,,77,358,180,0,0,0,2,1,84,2,2,0,0,1,1,1,1,100.0,0,0,0,0,0,2,4,0,1,0,0,0,3,0,0,0,0,0,0,0,1,7,6,53.8,Leeds United,Pascal-Struijk,f4d296e4
2025-10-24,Fri,Matchweek 9,Home,W 2–1,Leeds United,West Ham,N,"On matchday squad, but did not play","On matchday squad, but did not play","On matchday squad, but did not play","On matchday squad, but did not play","On matchday squad, but did not play","On matchday squad, but did not play","On matchday squad, but did not play","On matchday squad, but did not play","On matchday squad, but did not play","On matchday squad, but did not play","On matchday squad, but did not play","On matchday squad, but did not play","On matchday squad, but did not play","On matchday squad, but did not play","On matchday squad, but did not play","On matchday squad, but did not play","On matchday squad, but did not play","On matchday squad, but did not play","On matchday squad, but did not play","On matchday squad, but did not play","On matchday squad, but did not play","On matchday squad, but did not play","On matchday squad, but did not play","On matchday squad, but did not play","On matchday squad, but did not play","On matchday squad, but did not play","On matchday squad, but did not play",Match Report,"On matchday squad, but did not play","On matchday squad, but did not play","On matchday squad, but did not play","On matchday squad, but did not play","On matchday squad, but did not play","On matchday squad, but did not play","On matchday squad, but did not play","On matchday squad, but did not play","On matchday squad, but did not play","On matchday squad, but did not play","On matchday squad, but did not play","On matchday squad, but did not play","On matchday squad, but did not play","On matchday squad, but did not play","On matchday squad, but did not play","On matchday squad, but did not play","On matchday squad, but did not play","On matchday squad, but did not play","On matchday squad, but did not play","On matchday squad, but did not play","On matchday squad, but did not play","On matchday squad, but did not play","On matchday squad, but did not play","On matchday squad, but did not play","On matchday squad, but did not play","On matchday squad, but did not play","On matchday squad, but did not play","On matchday squad, but did not play","On matchday squad, but did not play","On matchday squad, but did not play","On matchday squad, but did not play","On matchday squad, but did not play","On matchday squad, but did not play","On matchday squad, but did not play","On matchday squad, but did not play","On matchday squad, but did not play","On matchday squad, but did not play","On matchday squad, but did not play","On matchday squad, but did not play","On matchday squad, but did not play","On matchday squad, but did not play","On matchday squad, but did not play","On matchday squad, but did not play","On matchday squad, but did not play","On matchday squad, but did not play","On matchday squad, but did not play","On matchday squad, but did not play","On matchday squad, but did not play","On matchday squad, but did not play","On matchday squad, but did not play","On matchday squad, but did not play","On matchday squad, but did not play","On matchday squad, but did not play","On matchday squad, but did not play","On matchday squad, but did not play","On matchday squad, but did not play","On matchday squad, but did not play","On matchday squad, but did not play","On matchday squad, but did not play","On matchday squad, but did not play","On matchday squad, but did not play","On matchday squad, but did not play","On matchday squad, but did not play","On matchday squad, but did not play","On matchday squad, but did not play","On matchday squad, but did not play","On matchday squad, but did not play","On matchday squad, but did not play","On matchday squad, but did not play","On matchday squad, but did not play","On matchday squad, but did not play","On matchday squad, but did not play","On matchday squad, but did not play","On matchday squad, but did not play","On matchday squad, but did not play","On matchday squad, but did not play","On matchday squad, but did not play","On matchday squad, but did not play","On matchday squad, but did not play","On matchday squad, but did not play","On matchday squad, but did not play","On matchday squad, but did not play","On matchday squad, but did not play","On matchday squad, but did not play","On matchday squad, but did not play","On matchday squad, but did not play","On matchday squad, but did not play","On matchday squad, but did not play","On matchday squad, but did not play","On matchday squad, but did not play","On matchday squad, but did not play","On matchday squad, but did not play","On matchday squad, but did not play","On matchday squad, but did not play","On matchday squad, but did not play","On matchday squad, but did not play","On matchday squad, but did not play","On matchday squad, but did not play","On matchday squad, but did not play","On matchday squad, but did not play","On matchday squad, but did not play","On matchday squad, but did not play","On matchday squad, but did not play","On matchday squad, but did not play","On matchday squad, but did not play",Leeds United,Pascal-Struijk,f4d296e4
2025-08-18,Mon,Matchweek 1,Home,W 1–0,Leeds United,Everton,Y,LM,90,0,0,0,0,4,1,0,0,83,2,1,2,0.3,0.3,0.4,10,1,51,65,78.5,12,31,4,4,1,Match Report,51,65,78.5,794,272,32,36,88.9,8,12,66.7,6,9,66.7,0,0.4,0.3,4,6,1,0,12,65,59,6,0,0,2,6,0,6,3,2,0,51,0,1,10,4,2,0,3,0,1,1,0,0,0,1,0,0,83,5,13,36,34,3,83,4,1,25.0,3,75.0,31,194,106,4,2,0,1,0,53,5,2,2,1,1,0,2,2,100.0,0,2,1,1,1,3,5,0,0,0,0,1,1,0,6,1,2,0,0,0,3,1,1,50.0,Leeds United,Anton-Stach,0f59a7bf
2025-08-23,Sat,Matchweek 2,Away,L 0–5,Leeds United,Arsenal,Y,LM,90,0,0,0,0,0,0,0,0,33,2,0,0,0.0,0.0,0.2,3,0,22,28,78.6,2,17,2,1,0,Match Report,22,28,78.6,317,108,12,14,85.7,7,8,87.5,2,4,50.0,0,0.2,0.1,3,2,0,0,2,28,25,3,1,0,0,3,0,2,1,1,0,22,0,1,3,2,1,0,0,0,0,0,0,0,0,0,0,0,33,1,9,17,7,0,33,1,0,0.0,0,0.0,17,106,71,2,3,0,1,0,18,0,2,0,1,1,0,1,1,100.0,0,0,0,0,0,2,1,1,0,0,0,2,3,0,3,0,0,0,1,0,1,0,0,,Leeds United,Anton-Stach,0f59a7bf
2025-08-30,Sat,Matchweek 3,Home,D 0–0,Leeds United,Newcastle Utd,Y,LM,90,0,0,0,0,3,0,0,0,42,2,1,1,0.2,0.2,0.1,4,0,21,31,67.7,5,13,1,0,0,Match Report,21,31,67.7,359,112,8,9,88.9,8,8,100.0,3,9,33.3,0,0.1,0.0,3,3,1,1,5,31,28,3,0,0,1,4,0,3,2,1,0,21,0,1,4,4,0,0,0,0,0,0,0,0,0,0,0,0,42,1,6,18,18,3,42,0,0,,0,,13,56,39,1,0,1,0,0,20,2,2,1,1,1,0,1,1,100.0,0,1,0,1,1,3,1,0,0,0,0,3,1,0,4,1,1,0,0,0,2,2,0,100.0,Leeds United,Anton-Stach,0f59a7bf
2025-09-13,Sat,Matchweek 4,Away,L 0–1,Leeds United,Fulham,Y,LM,90,0,0,0,0,3,0,1,0,49,1,0,0,0.1,0.1,0.1,3,0,27,39,69.2,4,20,1,3,1,Match Report,27,39,69.2,434,109,14,18,77.8,9,13,69.2,3,4,75.0,0,0.1,0.1,1,2,1,0,4,39,34,4,3,0,0,2,0,1,1,0,0,27,1,2,3,2,0,1,0,0,0,0,0,0,0,0,0,0,49,2,9,20,21,3,49,3,1,33.3,2,66.7,20,69,23,1,3,0,0,2,28,2,1,0,1,0,0,1,1,100.0,0,0,0,0,0,1,2,0,1,0,0,3,2,0,2,0,0,0,0,0,2,5,1,83.3,Leeds United,Anton-Stach,0f59a7bf
2025-09-20,Sat,Matchweek 5,Away,W 3–1,Leeds United,Wolves,Y,"RM,CM",90,1,1,0,0,1,1,0,0,58,3,1,1,0.1,0.1,0.1,2,2,32,45,71.1,7,31,3,2,0,Match Report,32,45,71.1,532,122,16,20,80.0,15,20,75.0,1,3,33.3,1,0.1,0.1,1,3,1,0,7,45,44,1,1,0,0,1,0,0,0,0,0,32,0,2,2,1,0,0,0,0,1,2,1,0,0,0,0,1,58,4,8,33,20,3,58,2,0,0.0,1,50.0,31,187,86,3,2,1,2,0,36,6,3,3,1,1,1,0,0,,0,1,0,1,1,4,4,0,0,0,0,0,2,0,1,1,3,0,0,0,7,0,0,,Leeds United,Anton-Stach,0f59a7bf
2025-09-27,Sat,Matchweek 6,Home,D 2–2,Leeds United,Bournemouth,Y,"LM,CM",90,0,0,0,0,0,0,0,0,38,2,0,0,0.0,0.0,0.0,0,0,25,33,75.8,1,18,0,2,1,Match Report,25,33,75.8,226,43,19,23,82.6,2,3,66.7,0,0,,0,0.0,0.0,1,2,0,0,1,33,33,0,0,0,0,0,0,0,0,0,0,25,0,2,0,0,0,0,0,0,0,0,0,0,0,0,0,0,38,0,7,24,7,0,38,2,1,50.0,1,50.0,18,95,32,0,1,0,0,1,27,1,2,1,0,2,0,1,1,100.0,0,0,0,0,0,2,0,0,0,0,0,1,0,0,0,0,1,0,0,0,5,0,1,0.0,Leeds United,Anton-Stach,0f59a7bf
2025-10-04,Sat,Matchweek 7,Home,L 1–2,Leeds United,Tottenham,Y,LM,66,0,0,0,0,1,0,0,0,33,2,0,5,0.0,0.0,0.0,3,0,17,25,68.0,3,16,0,1,1,Match Report,17,25,68.0,288,53,8,10,80.0,9,11,81.8,0,1,0.0,0,0.0,0.0,0,3,1,1,3,25,25,0,0,0,0,2,0,0,0,0,0,17,0,3,3,3,0,0,0,0,0,0,0,0,0,0,0,0,33,0,6,17,11,1,33,1,1,100.0,0,0.0,16,57,24,0,0,0,1,1,17,3,2,1,1,1,0,0,1,0.0,1,5,1,4,0,2,0,0,0,0,0,1,1,0,2,0,1,0,0,0,5,0,0,,Leeds United,Anton-Stach,0f59a7bf
2025-10-18,Sat,Matchweek 8,Away,L 0–2,Leeds United,Burnley,Y,LM,72,0,0,0,0,2,1,0,0,54,0,1,0,0.2,0.2,0.0,0,0,42,49,85.7,6,32,1,0,0,Match Report,42,49,85.7,633,140,23,27,85.2,13,14,92.9,3,3,100.0,0,0.0,0.0,0,2,1,0,6,49,49,0,0,0,1,0,0,0,0,0,0,42,0,1,0,0,0,0,0,0,0,0,0,0,0,0,0,0,54,0,6,31,17,1,54,0,0,,0,,32,142,54,1,2,0,0,1,41,3,0,0,0,0,0,0,0,,0,0,0,0,1,1,0,0,0,0,0,2,1,0,0,1,0,0,0,0,2,1,0,100.0,Leeds United,Anton-Stach,0f59a7bf
2025-10-24,Fri,Matchweek 9,Home,W 2–1,Leeds United,West Ham,N,"On matchday squad, but did not play","On matchday squad, but did not play","On matchday squad, but did not play","On matchday squad, but did not play","On matchday squad, but did not play","On matchday squad, but did not play","On matchday squad, but did not play","On matchday squad, but did not play","On matchday squad, but did not play","On matchday squad, but did not play","On matchday squad, but did not play","On matchday squad, but did not play","On matchday squad, but did not play","On matchday squad, but did not play","On matchday squad, but did not play","On matchday squad, but did not play","On matchday squad, but did not play","On matchday squad, but did not play","On matchday squad, but did not play","On matchday squad, but did not play","On matchday squad, but did not play","On matchday squad, but did not play","On matchday squad, but did not play","On matchday squad, but did not play","On matchday squad, but did not play","On matchday squad, but did not play","On matchday squad, but did not play",Match Report,"On matchday squad, but did not play","On matchday squad, but did not play","On matchday squad, but did not play","On matchday squad, but did not play","On matchday squad, but did not play","On matchday squad, but did not play","On matchday squad, but did not play","On matchday squad, but did not play","On matchday squad, but did not play","On matchday squad, but did not play","On matchday squad, but did not play","On matchday squad, but did not play","On matchday squad, but did not play","On matchday squad, but did not play","On matchday squad, but did not play","On matchday squad, but did not play","On matchday squad, but did not play","On matchday squad, but did not play","On matchday squad, but did not play","On matchday squad, but did not play","On matchday squad, but did not play","On matchday squad, but did not play","On matchday squad, but did not play","On matchday squad, but did not play","On matchday squad, but did not play","On matchday squad, but did not play","On matchday squad, but did not play","On matchday squad, but did not play","On matchday squad, but did not play","On matchday squad, but did not play","On matchday squad, but did not play","On matchday squad, but did not play","On matchday squad, but did not play","On matchday squad, but did not play","On matchday squad, but did not play","On matchday squad, but did not play","On matchday squad, but did not play","On matchday squad, but did not play","On matchday squad, but did not play","On matchday squad, but did not play","On matchday squad, but did not play","On matchday squad, but did not play","On matchday squad, but did not play","On matchday squad, but did not play","On matchday squad, but did not play","On matchday squad, but did not play","On matchday squad, but did not play","On matchday squad, but did not play","On matchday squad, but did not play","On matchday squad, but did not play","On matchday squad, but did not play","On matchday squad, but did not play","On matchday squad, but did not play","On matchday squad, but did not play","On matchday squad, but did not play","On matchday squad, but did not play","On matchday squad, but did not play","On matchday squad, but did not play","On matchday squad, but did not play","On matchday squad, but did not play","On matchday squad, but did not play","On matchday squad, but did not play","On matchday squad, but did not play","On matchday squad, but did not play","On matchday squad, but did not play","On matchday squad, but did not play","On matchday squad, but did not play","On matchday squad, but did not play","On matchday squad, but did not play","On matchday squad, but did not play","On matchday squad, but did not play","On matchday squad, but did not play","On matchday squad, but did not play","On matchday squad, but did not play","On matchday squad, but did not play","On matchday squad, but did not play","On matchday squad, but did not play","On matchday squad, but did not play","On matchday squad, but did not play","On matchday squad, but did not play","On matchday squad, but did not play","On matchday squad, but did not play","On matchday squad, but did not play","On matchday squad, but did not play","On matchday squad, but did not play","On matchday squad, but did not play","On matchday squad, but did not play","On matchday squad, but did not play","On matchday squad, but did not play","On matchday squad, but did not play","On matchday squad, but did not play","On matchday squad, but did not play","On matchday squad, but did not play","On matchday squad, but did not play","On matchday squad, but did not play","On matchday squad, but did not play","On matchday squad, but did not play","On matchday squad, but did not play","On matchday squad, but did not play","On matchday squad, but did not play","On matchday squad, but did not play","On matchday squad, but did not play","On matchday squad, but did not play","On matchday squad, but did not play","On matchday squad, but did not play",Leeds United,Anton-Stach,0f59a7bf
2025-08-18,Mon,Matchweek 1,Home,W 1–0,Leeds United,Everton,N,RM,1,0,0,0,0,0,0,0,0,2,0,0,0,0.0,0.0,0.0,0,0,1,1,100.0,0,0,0,0,0,Match Report,1,1,100.0,9,1,1,1,100.0,0,0,,0,0,,0,0.0,0.0,0,0,0,0,0,1,1,0,0,0,0,0,0,0,0,0,0,1,0,0,0,0,0,0,0,0,0,0,0,0,0,0,0,0,2,1,1,0,1,0,2,0,0,,0,,0,0,0,0,0,0,0,0,1,0,0,0,0,0,0,0,0,,0,0,0,0,0,0,0,0,0,0,0,0,0,0,0,0,0,0,0,0,0,0,0,,Leeds United,Sean-Longstaff,a2b105e0
2025-08-23,Sat,Matchweek 2,Away,L 0–5,Leeds United,Arsenal,N,RM,33,0,0,0,0,0,0,0,0,8,0,0,0,0.0,0.0,0.0,0,0,5,6,83.3,0,6,0,0,0,Match Report,5,6,83.3,82,11,4,4,100.0,0,0,,1,1,100.0,0,0.0,0.0,0,0,0,0,0,6,6,0,0,0,0,0,0,0,0,0,0,5,0,1,0,0,0,0,0,0,0,0,0,0,0,0,0,0,8,0,1,5,2,0,8,0,0,,0,,6,34,10,0,0,0,0,1,6,0,0,0,0,0,0,0,3,0.0,3,0,0,0,0,0,1,0,0,0,0,0,0,0,0,0,0,0,0,0,1,0,0,,Leeds United,Sean-Longstaff,a2b105e0
2025-08-30,Sat,Matchweek 3,Home,D 0–0,Leeds United,Newcastle Utd,Y,RM,90,0,0,0,0,0,0,0,0,48,5,2,2,0.0,0.0,0.0,4,0,30,36,83.3,2,20,0,1,0,Match Report,30,36,83.3,430,69,14,15,93.3,15,15,100.0,0,3,0.0,0,0.0,0.0,1,2,0,0,2,36,34,1,1,0,0,0,0,0,0,0,0,30,1,1,4,2,0,0,0,0,2,0,0,0,0,0,0,0,48,0,9,33,7,0,48,1,0,0.0,1,100.0,20,104,26,0,0,0,0,1,23,0,5,4,0,4,1,2,3,66.7,1,2,0,2,2,7,0,0,0,0,0,1,2,0,0,2,4,0,0,0,6,1,0,100.0,Leeds United,Sean-Longstaff,a2b105e0
2025-09-13,Sat,Matchweek 4,Away,L 0–1,Leeds United,Fulham,Y,RM,90,0,0,0,0,1,0,0,0,49,2,0,2,0.0,0.0,0.0,2,0,33,40,82.5,2,23,0,2,0,Match Report,33,40,82.5,593,193,10,13,76.9,19,20,95.0,2,4,50.0,0,0.0,0.0,0,2,0,0,2,40,38,2,1,0,0,1,0,0,0,0,0,33,0,1,2,2,0,0,0,0,0,0,0,0,0,0,0,0,49,2,12,29,8,2,49,2,0,0.0,1,50.0,23,91,40,0,0,1,0,2,32,0,2,1,0,1,1,1,3,33.3,2,2,0,2,0,2,1,0,0,0,0,1,2,0,1,0,1,0,0,0,4,1,2,33.3,Leeds United,Sean-Longstaff,a2b105e0
2025-09-20,Sat,Matchweek 5,Away,W 3–1,Leeds United,Wolves,Y,LM,82,0,0,0,0,1,1,0,0,41,6,0,2,0.1,0.1,0.0,0,0,24,27,88.9,1,15,0,0,0,Match Report,24,27,88.9,427,72,10,10,100.0,12,14,85.7,2,3,66.7,0,0.0,0.0,0,2,0,0,1,27,26,1,0,0,0,1,0,0,0,0,0,24,0,0,0,0,0,0,0,0,0,0,0,0,0,0,0,0,41,2,6,28,7,0,41,0,0,,0,,15,66,10,0,0,0,2,2,22,4,6,4,0,5,1,3,4,75.0,1,2,1,1,0,6,1,0,0,0,0,1,1,0,1,0,4,0,0,0,3,1,0,100.0,Leeds United,Sean-Longstaff,a2b105e0
2025-09-27,Sat,Matchweek 6,Home,D 2–2,Leeds United,Bournemouth,Y,"RM,CM",90,1,1,0,0,2,1,0,0,67,6,1,3,0.1,0.1,1.0,6,1,43,50,86.0,3,23,0,0,0,Match Report,43,50,86.0,946,314,18,20,90.0,10,13,76.9,13,15,86.7,1,1.0,0.2,7,4,0,0,3,50,36,14,4,0,0,9,0,7,2,5,0,43,0,0,6,1,4,0,1,0,0,1,0,1,0,0,0,0,67,2,16,38,14,2,67,0,0,,0,,23,134,50,0,0,0,1,0,32,4,6,4,3,3,0,2,5,40.0,3,3,1,2,1,7,3,0,0,0,0,0,2,0,9,1,4,0,0,0,2,2,0,100.0,Leeds United,Sean-Longstaff,a2b105e0
2025-10-04,Sat,Matchweek 7,Home,L 1–2,Leeds United,Tottenham,Y,"RM,CM",90,0,0,0,0,4,0,0,0,62,4,0,0,0.2,0.2,0.3,6,0,43,52,82.7,4,26,1,0,0,Match Report,43,52,82.7,842,246,15,15,100.0,22,27,81.5,5,8,62.5,0,0.3,0.2,5,4,0,0,4,52,43,9,5,0,0,6,0,4,2,1,1,43,0,1,6,1,4,0,1,0,0,0,0,0,0,0,0,0,62,0,11,30,21,0,62,0,0,,0,,26,121,88,1,0,0,2,1,30,0,4,2,2,2,0,3,6,50.0,3,0,0,0,0,4,0,0,0,0,0,1,1,0,6,0,2,0,0,0,5,0,0,,Leeds United,Sean-Longstaff,a2b105e0
2025-10-18,Sat,Matchweek 8,Away,L 0–2,Leeds United,Burnley,Y,"RM,DM",90,0,0,0,0,0,0,0,0,78,0,2,0,0.0,0.0,0.2,6,0,57,68,83.8,4,43,1,1,0,Match Report,57,68,83.8,1044,297,27,30,90.0,23,27,85.2,7,10,70.0,0,0.2,0.1,4,2,2,2,4,68,60,8,1,0,0,7,0,5,2,3,0,57,0,1,6,4,2,0,0,0,0,0,0,0,0,0,0,0,78,0,9,42,27,1,78,1,0,0.0,1,100.0,43,136,51,1,3,0,1,0,52,3,0,0,0,0,0,0,1,0.0,1,0,0,0,2,2,0,0,0,0,0,0,2,0,7,2,0,0,0,0,2,1,1,50.0,Leeds United,Sean-Longstaff,a2b105e0
2025-10-24,Fri,Matchweek 9,Home,W 2–1,Leeds United,West Ham,Y,RM,90,0,1,0,0,0,0,0,0,43,4,0,1,0.0,0.0,0.3,3,1,26,35,74.3,4,17,0,0,0,Match Report,26,35,74.3,478,113,9,10,90.0,14,16,87.5,3,8,37.5,1,0.3,0.2,1,1,0,0,4,35,30,5,0,0,0,3,1,3,1,2,0,26,0,0,3,2,1,0,0,0,0,1,0,1,0,0,0,0,43,2,14,23,6,0,43,0,0,,0,,17,60,24,0,0,0,0,0,25,0,4,2,2,1,1,2,2,100.0,0,1,1,0,0,4,1,0,0,0,0,1,1,0,3,0,2,0,0,0,4,1,3,25.0,Leeds United,Sean-Longstaff,a2b105e0
2025-08-18,Mon,Matchweek 1,Home,W 1–0,Leeds United,Everton,Y*,CM,77.0,0.0,0.0,0.0,0.0,0.0,0.0,0.0,0.0,71.0,3.0,1.0,0.0,0.0,0.0,0.0,1.0,0.0,51.0,66.0,77.3,3.0,28.0,0.0,0.0,0.0,Match Report,51.0,66.0,77.3,837.0,181.0,26.0,32.0,81.3,15.0,18.0,83.3,7.0,12.0,58.3,0.0,0.0,0.0,0.0,3.0,0.0,0.0,3.0,66.0,61.0,5.0,2.0,0.0,0.0,1.0,3.0,0.0,0.0,0.0,0.0,51.0,0.0,0.0,1.0,1.0,0.0,0.0,0.0,0.0,0.0,0.0,0.0,0.0,0.0,0.0,0.0,0.0,71.0,0.0,10.0,51.0,10.0,1.0,71.0,0.0,0.0,,0.0,,28.0,116.0,37.0,0.0,1.0,0.0,0.0,0.0,44.0,2.0,3.0,0.0,1.0,0.0,2.0,2.0,2.0,100.0,0.0,0.0,0.0,0.0,1.0,4.0,0.0,0.0,0.0,0.0,0.0,1.0,1.0,0.0,1.0,1.0,0.0,0.0,0.0,0.0,2.0,2.0,1.0,66.7,Leeds United,Ethan-Ampadu,10b9fa99
2025-09-13,Sat,Matchweek 4,Away,L 0–1,Leeds United,Fulham,Y*,CM,90.0,0.0,0.0,0.0,0.0,0.0,0.0,0.0,0.0,54.0,2.0,1.0,0.0,0.0,0.0,0.0,2.0,0.0,35.0,48.0,72.9,2.0,30.0,1.0,0.0,0.0,Match Report,35.0,48.0,72.9,609.0,123.0,16.0,22.0,72.7,15.0,17.0,88.2,4.0,9.0,44.4,0.0,0.0,0.0,0.0,5.0,0.0,0.0,2.0,48.0,42.0,6.0,3.0,0.0,0.0,1.0,3.0,0.0,0.0,0.0,0.0,35.0,0.0,0.0,2.0,1.0,0.0,0.0,0.0,0.0,1.0,0.0,0.0,0.0,0.0,0.0,0.0,0.0,54.0,2.0,17.0,31.0,7.0,0.0,54.0,0.0,0.0,,0.0,,30.0,182.0,69.0,1.0,0.0,0.0,0.0,0.0,30.0,1.0,2.0,1.0,1.0,0.0,1.0,1.0,1.0,100.0,0.0,0.0,0.0,0.0,1.0,3.0,3.0,0.0,0.0,0.0,0.0,0.0,1.0,0.0,1.0,1.0,1.0,0.0,0.0,0.0,6.0,1.0,0.0,100.0,Leeds United,Ethan-Ampadu,10b9fa99
2025-09-20,Sat,Matchweek 5,Away,W 3–1,Leeds United,Wolves,Y*,CM,90.0,0.0,0.0,0.0,0.0,1.0,0.0,0.0,0.0,71.0,4.0,0.0,1.0,0.0,0.0,0.0,1.0,1.0,53.0,58.0,91.4,2.0,27.0,0.0,2.0,1.0,Match Report,53.0,58.0,91.4,1058.0,253.0,15.0,15.0,100.0,33.0,36.0,91.7,5.0,6.0,83.3,0.0,0.0,0.0,0.0,5.0,0.0,0.0,2.0,58.0,53.0,5.0,4.0,0.0,0.0,1.0,1.0,0.0,0.0,0.0,0.0,53.0,0.0,1.0,1.0,1.0,0.0,0.0,0.0,0.0,0.0,1.0,1.0,0.0,0.0,0.0,0.0,0.0,71.0,7.0,22.0,43.0,6.0,0.0,71.0,2.0,1.0,50.0,1.0,50.0,27.0,116.0,52.0,0.0,1.0,0.0,1.0,0.0,45.0,0.0,4.0,2.0,2.0,1.0,1.0,1.0,1.0,100.0,0.0,1.0,0.0,1.0,0.0,4.0,6.0,0.0,0.0,0.0,0.0,1.0,0.0,0.0,1.0,0.0,2.0,0.0,0.0,0.0,6.0,2.0,2.0,50.0,Leeds United,Ethan-Ampadu,10b9fa99
2025-09-27,Sat,Matchweek 6,Home,D 2–2,Leeds United,Bournemouth,Y*,CM,90.0,0.0,0.0,0.0,0.0,0.0,0.0,1.0,0.0,64.0,1.0,2.0,0.0,0.0,0.0,0.0,1.0,0.0,48.0,59.0,81.4,3.0,25.0,1.0,1.0,1.0,Match Report,48.0,59.0,81.4,961.0,329.0,18.0,19.0,94.7,21.0,27.0,77.8,7.0,10.0,70.0,0.0,0.0,0.0,0.0,4.0,0.0,0.0,3.0,59.0,53.0,6.0,2.0,1.0,1.0,0.0,4.0,0.0,0.0,0.0,0.0,48.0,0.0,1.0,1.0,1.0,0.0,0.0,0.0,0.0,0.0,0.0,0.0,0.0,0.0,0.0,0.0,0.0,64.0,3.0,21.0,36.0,7.0,1.0,64.0,1.0,1.0,100.0,0.0,0.0,25.0,110.0,40.0,1.0,0.0,0.0,0.0,0.0,42.0,2.0,1.0,0.0,0.0,1.0,0.0,0.0,0.0,,0.0,0.0,0.0,0.0,2.0,3.0,1.0,0.0,1.0,0.0,0.0,3.0,1.0,0.0,0.0,2.0,0.0,0.0,0.0,0.0,5.0,0.0,1.0,0.0,Leeds United,Ethan-Ampadu,10b9fa99
2025-10-04,Sat,Matchweek 7,Home,L 1–2,Leeds United,Tottenham,Y*,"CM,CB",90.0,0.0,0.0,0.0,0.0,0.0,0.0,1.0,0.0,89.0,2.0,2.0,1.0,0.0,0.0,0.0,2.0,0.0,66.0,76.0,86.8,6.0,53.0,3.0,0.0,0.0,Match Report,66.0,76.0,86.8,1347.0,389.0,16.0,16.0,100.0,43.0,46.0,93.5,7.0,13.0,53.8,0.0,0.0,0.1,1.0,9.0,2.0,2.0,6.0,76.0,69.0,7.0,2.0,0.0,0.0,2.0,5.0,0.0,0.0,0.0,0.0,66.0,0.0,1.0,2.0,1.0,1.0,0.0,0.0,0.0,0.0,0.0,0.0,0.0,0.0,0.0,0.0,0.0,89.0,4.0,26.0,54.0,10.0,1.0,89.0,0.0,0.0,,0.0,,53.0,260.0,171.0,3.0,2.0,0.0,3.0,0.0,63.0,1.0,2.0,2.0,1.0,1.0,0.0,1.0,2.0,50.0,1.0,1.0,1.0,0.0,2.0,4.0,3.0,1.0,1.0,0.0,0.0,2.0,1.0,0.0,2.0,2.0,2.0,0.0,0.0,0.0,5.0,0.0,1.0,0.0,Leeds United,Ethan-Ampadu,10b9fa99
2025-10-18,Sat,Matchweek 8,Away,L 0–2,Leeds United,Burnley,Y*,"CM,DM",80.0,0.0,0.0,0.0,0.0,1.0,0.0,0.0,0.0,84.0,5.0,1.0,1.0,0.1,0.1,0.0,3.0,0.0,65.0,75.0,86.7,8.0,49.0,3.0,0.0,0.0,Match Report,65.0,75.0,86.7,1063.0,309.0,36.0,38.0,94.7,26.0,28.0,92.9,3.0,7.0,42.9,0.0,0.0,0.0,0.0,8.0,1.0,0.0,8.0,75.0,68.0,7.0,3.0,0.0,0.0,1.0,4.0,0.0,0.0,0.0,0.0,65.0,0.0,0.0,3.0,3.0,0.0,0.0,0.0,0.0,0.0,0.0,0.0,0.0,0.0,0.0,0.0,0.0,84.0,2.0,7.0,60.0,17.0,1.0,84.0,0.0,0.0,,0.0,,49.0,211.0,118.0,3.0,2.0,0.0,0.0,0.0,52.0,1.0,5.0,3.0,1.0,3.0,1.0,3.0,3.0,100.0,0.0,1.0,0.0,1.0,1.0,6.0,1.0,0.0,0.0,0.0,0.0,1.0,0.0,0.0,1.0,1.0,3.0,0.0,0.0,0.0,4.0,0.0,0.0,,Leeds United,Ethan-Ampadu,10b9fa99
2025-10-24,Fri,Matchweek 9,Home,W 2–1,Leeds United,West Ham,Y*,CM,90.0,0.0,0.0,0.0,0.0,2.0,0.0,0.0,0.0,64.0,2.0,1.0,2.0,0.2,0.2,0.0,2.0,0.0,36.0,44.0,81.8,2.0,25.0,3.0,1.0,1.0,Match Report,36.0,44.0,81.8,603.0,135.0,15.0,16.0,93.8,17.0,20.0,85.0,3.0,6.0,50.0,0.0,0.0,0.0,1.0,3.0,0.0,0.0,2.0,44.0,39.0,5.0,4.0,1.0,0.0,0.0,1.0,0.0,0.0,0.0,0.0,36.0,0.0,1.0,2.0,1.0,0.0,1.0,0.0,0.0,0.0,0.0,0.0,0.0,0.0,0.0,0.0,0.0,64.0,5.0,24.0,40.0,3.0,1.0,64.0,1.0,1.0,100.0,0.0,0.0,25.0,167.0,139.0,3.0,2.0,1.0,2.0,1.0,29.0,0.0,2.0,1.0,0.0,2.0,0.0,1.0,1.0,100.0,0.0,2.0,1.0,1.0,1.0,3.0,5.0,0.0,0.0,0.0,0.0,3.0,0.0,0.0,0.0,1.0,1.0,0.0,0.0,0.0,5.0,0.0,1.0,0.0,Leeds United,Ethan-Ampadu,10b9fa99
2025-08-18,Mon,Matchweek 1,Home,W 1–0,Leeds United,Everton,N,LW,24,0,0,0,0,0,0,0,0,12,2,0,1,0.0,0.0,0.2,3,0,7,7,100.0,0,5,0,0,0,Match Report,7,7,100.0,80,30,5,5,100.0,2,2,100.0,0,0,,0,0.2,0.2,2,0,0,0,0,7,4,3,2,0,0,1,1,0,0,0,0,7,0,0,3,2,0,0,0,0,1,0,0,0,0,0,0,0,12,0,1,3,8,2,12,0,0,,0,,5,22,6,0,0,0,1,1,6,2,2,1,1,0,1,2,3,66.7,1,1,0,1,0,2,0,0,0,0,0,1,1,0,1,0,1,0,0,0,0,0,0,,Leeds United,Brenden-Aaronson,5bc43860
2025-08-23,Sat,Matchweek 2,Away,L 0–5,Leeds United,Arsenal,N,RW,25,0,0,0,0,0,0,0,0,13,1,0,2,0.0,0.0,0.0,0,0,5,9,55.6,1,8,2,1,1,Match Report,5,9,55.6,49,14,3,3,100.0,1,3,33.3,0,1,0.0,0,0.0,0.0,0,0,1,0,1,9,9,0,0,0,0,1,0,0,0,0,0,5,0,1,0,0,0,0,0,0,0,0,0,0,0,0,0,0,13,0,3,9,2,0,13,1,1,100.0,0,0.0,8,45,33,2,1,0,1,0,8,1,1,1,0,1,0,1,2,50.0,1,2,0,2,0,1,0,0,0,0,0,1,1,0,1,0,1,0,0,0,2,0,0,,Leeds United,Brenden-Aaronson,5bc43860
2025-08-30,Sat,Matchweek 3,Home,D 0–0,Leeds United,Newcastle Utd,N,RW,31,0,0,0,0,0,0,0,0,11,1,0,0,0.0,0.0,0.0,0,0,6,8,75.0,1,4,0,2,2,Match Report,6,8,75.0,56,4,5,6,83.3,0,0,,0,1,0.0,0,0.0,0.0,0,0,1,0,1,8,8,0,0,0,0,0,0,0,0,0,0,6,0,0,0,0,0,0,0,0,0,0,0,0,0,0,0,0,11,0,1,4,6,0,11,2,2,100.0,0,0.0,4,20,12,0,0,0,1,0,7,2,1,1,0,1,0,0,0,,0,0,0,0,0,1,1,0,0,0,0,0,0,0,0,0,1,0,0,0,0,0,0,,Leeds United,Brenden-Aaronson,5bc43860
2025-09-13,Sat,Matchweek 4,Away,L 0–1,Leeds United,Fulham,Y,RW,76,0,0,0,0,1,1,0,0,41,5,0,2,0.1,0.1,0.3,1,0,14,19,73.7,0,19,0,3,1,Match Report,14,19,73.7,178,24,10,11,90.9,4,6,66.7,0,0,,0,0.3,0.3,1,2,0,0,0,19,17,0,0,0,0,0,0,0,0,0,0,14,2,0,1,1,0,0,0,0,0,0,0,0,0,0,0,0,41,1,16,9,16,3,41,3,1,33.3,2,66.7,19,95,30,0,0,0,2,2,15,4,5,3,4,0,1,3,4,75.0,1,2,0,2,0,5,3,0,0,0,0,0,2,0,0,0,3,0,0,0,5,0,2,0.0,Leeds United,Brenden-Aaronson,5bc43860
2025-09-20,Sat,Matchweek 5,Away,W 3–1,Leeds United,Wolves,Y,RW,89,0,0,0,0,1,0,0,0,43,1,0,0,0.1,0.1,0.0,1,1,25,28,89.3,4,22,3,0,0,Match Report,25,28,89.3,378,85,11,13,84.6,13,13,100.0,0,1,0.0,0,0.0,0.2,0,2,0,0,4,28,25,3,0,1,0,1,2,0,0,0,0,25,0,0,1,1,0,0,0,0,0,1,1,0,0,0,0,0,43,2,8,21,14,0,43,0,0,,0,,22,196,93,3,3,0,6,3,25,6,1,1,0,1,0,1,4,25.0,3,0,0,0,0,1,3,0,0,0,0,0,2,0,1,0,1,0,0,0,7,0,1,0.0,Leeds United,Brenden-Aaronson,5bc43860
2025-09-27,Sat,Matchweek 6,Home,D 2–2,Leeds United,Bournemouth,Y,RW,86,0,0,0,0,5,1,1,0,37,2,2,2,0.5,0.5,0.1,5,1,14,19,73.7,4,20,0,2,0,Match Report,14,19,73.7,189,66,7,9,77.8,5,6,83.3,0,0,,0,0.1,0.0,1,2,1,0,4,19,18,1,0,0,0,1,1,0,0,0,0,14,0,1,5,3,0,0,2,0,0,1,0,0,0,1,0,0,37,1,6,9,22,5,37,2,0,0.0,2,100.0,20,86,26,0,1,0,2,2,24,2,2,1,1,1,0,2,4,50.0,2,2,0,2,2,4,1,0,1,0,0,1,4,0,1,2,1,0,0,0,2,2,1,66.7,Leeds United,Brenden-Aaronson,5bc43860
2025-10-04,Sat,Matchweek 7,Home,L 1–2,Leeds United,Tottenham,Y,RW,66,0,0,0,0,1,1,0,0,25,1,0,0,0.1,0.1,0.0,2,1,15,19,78.9,3,13,2,1,0,Match Report,15,19,78.9,237,38,7,8,87.5,7,10,70.0,1,1,100.0,0,0.0,0.0,1,2,0,0,3,19,16,3,0,0,0,2,0,0,0,0,0,15,0,0,2,1,0,0,1,0,0,1,0,0,0,1,0,0,25,0,2,12,11,1,25,1,0,0.0,1,100.0,13,91,46,2,0,0,3,2,21,4,1,1,0,1,0,0,1,0.0,1,0,0,0,0,1,0,0,0,0,0,0,3,0,2,0,1,0,0,0,2,1,1,50.0,Leeds United,Brenden-Aaronson,5bc43860
2025-10-18,Sat,Matchweek 8,Away,L 0–2,Leeds United,Burnley,Y,RW,65,0,0,0,0,1,1,0,0,36,1,3,3,0.3,0.3,0.2,2,0,20,24,83.3,2,20,3,1,1,Match Report,20,24,83.3,259,65,13,14,92.9,6,9,66.7,0,0,,0,0.2,0.2,2,0,3,2,2,24,23,1,0,0,0,3,0,0,0,0,0,20,0,0,2,2,0,0,0,0,0,0,0,0,0,0,0,0,36,0,3,16,19,4,36,1,1,100.0,0,0.0,20,116,64,3,1,2,1,2,21,7,1,0,0,0,1,0,0,,0,3,0,3,3,4,1,0,0,0,0,1,0,0,3,3,0,0,0,0,3,0,0,,Leeds United,Brenden-Aaronson,5bc43860
2025-10-24,Fri,Matchweek 9,Home,W 2–1,Leeds United,West Ham,Y,RW,86,1,0,0,0,3,1,0,0,30,3,2,2,0.6,0.6,0.1,6,0,13,19,68.4,4,18,6,3,3,Match Report,13,19,68.4,211,105,5,7,71.4,8,9,88.9,0,2,0.0,0,0.1,0.3,2,2,3,2,4,19,19,0,0,1,0,4,0,0,0,0,0,13,0,1,6,3,0,2,1,0,0,0,0,0,0,0,0,0,30,1,6,15,11,2,30,3,3,100.0,0,0.0,18,216,154,6,1,0,0,1,18,4,3,0,1,2,0,2,3,66.7,1,2,0,2,2,5,1,0,0,0,0,0,2,1,4,2,0,0,0,0,4,0,2,0.0,Leeds United,Brenden-Aaronson,5bc43860
2025-08-30,Sat,Matchweek 3,Home,D 0–0,Leeds United,Newcastle Utd,N,FW,21,0,0,0,0,2,1,0,0,11,0,0,0,0.1,0.1,0.0,0,0,5,6,83.3,0,9,1,0,0,Match Report,5,6,83.3,65,1,3,4,75.0,2,2,100.0,0,0,,0,0.0,0.0,0,0,0,0,0,6,6,0,0,0,0,0,0,0,0,0,0,5,0,0,0,0,0,0,0,0,0,0,0,0,0,0,0,0,11,0,0,6,6,2,11,0,0,,0,,9,93,42,1,1,0,2,0,8,2,0,0,0,0,0,0,0,,0,0,0,0,0,0,0,0,0,0,0,0,0,1,0,0,0,0,0,0,2,1,4,20.0,Leeds United,Dominic-Calvert-Lewin,59e6e5bf
2025-09-13,Sat,Matchweek 4,Away,L 0–1,Leeds United,Fulham,Y,FW,68,0,0,0,0,1,1,0,0,12,0,1,0,0.3,0.3,0.0,2,0,5,8,62.5,1,7,0,0,0,Match Report,5,8,62.5,51,12,3,6,50.0,1,1,100.0,0,0,,0,0.0,0.1,1,0,1,0,1,8,8,0,0,0,0,0,0,0,0,0,0,5,0,0,2,2,0,0,0,0,0,0,0,0,0,0,0,0,12,0,0,3,9,2,12,0,0,,0,,7,15,6,0,0,0,2,0,13,1,0,0,0,0,0,0,0,,0,0,0,0,1,1,0,0,0,0,0,0,3,2,0,1,0,0,0,0,0,3,0,100.0,Leeds United,Dominic-Calvert-Lewin,59e6e5bf
2025-09-20,Sat,Matchweek 5,Away,W 3–1,Leeds United,Wolves,Y,FW,89,1,0,0,0,1,1,0,0,30,1,0,2,0.1,0.1,0.1,3,1,11,16,68.8,2,16,0,1,0,Match Report,11,16,68.8,161,44,8,12,66.7,2,2,100.0,1,1,100.0,0,0.1,0.0,1,1,1,0,2,16,15,0,0,0,0,0,0,0,0,0,0,11,1,0,3,2,0,0,0,1,0,1,0,0,0,0,1,0,30,1,1,14,15,2,30,1,0,0.0,1,100.0,16,55,12,0,0,1,7,2,24,4,1,0,0,1,0,0,0,,0,2,0,2,0,1,1,0,0,0,0,3,3,1,0,0,0,0,0,0,2,3,6,33.3,Leeds United,Dominic-Calvert-Lewin,59e6e5bf
2025-09-27,Sat,Matchweek 6,Home,D 2–2,Leeds United,Bournemouth,Y,FW,89,0,0,0,0,3,3,0,0,35,1,0,0,0.7,0.7,0.0,1,0,12,20,60.0,2,21,3,2,1,Match Report,12,20,60.0,154,43,6,8,75.0,5,8,62.5,0,1,0.0,0,0.0,0.0,1,2,0,0,2,20,20,0,0,0,0,0,0,0,0,0,0,12,0,1,1,1,0,0,0,0,0,0,0,0,0,0,0,0,35,0,0,21,14,5,35,2,1,50.0,1,50.0,21,81,35,3,0,3,5,3,27,3,1,1,0,1,0,0,1,0.0,1,0,0,0,0,1,0,0,0,0,0,2,0,0,0,0,1,0,0,0,2,5,7,41.7,Leeds United,Dominic-Calvert-Lewin,59e6e5bf
2025-10-04,Sat,Matchweek 7,Home,L 1–2,Leeds United,Tottenham,Y,FW,90,0,0,0,0,2,1,0,0,23,0,0,0,0.2,0.2,0.3,3,0,11,13,84.6,1,10,0,3,0,Match Report,11,13,84.6,115,20,8,9,88.9,2,2,100.0,0,0,,0,0.3,0.3,3,2,1,0,1,13,13,0,0,1,0,0,0,0,0,0,0,11,0,1,3,3,0,0,0,0,0,0,0,0,0,0,0,0,23,1,1,6,16,5,23,3,0,0.0,3,100.0,10,32,8,0,0,0,3,0,18,8,0,0,0,0,0,0,0,,0,0,0,0,0,0,1,0,0,0,0,3,0,0,0,0,0,0,0,0,2,2,3,40.0,Leeds United,Dominic-Calvert-Lewin,59e6e5bf
2025-10-18,Sat,Matchweek 8,Away,L 0–2,Leeds United,Burnley,Y,FW,90,0,0,0,0,4,0,0,0,24,0,0,1,0.3,0.3,0.4,2,0,11,14,78.6,1,6,0,1,0,Match Report,11,14,78.6,151,21,6,8,75.0,2,2,100.0,1,1,100.0,0,0.4,0.0,1,2,0,0,1,14,14,0,0,0,0,0,0,0,0,0,0,11,0,0,2,1,0,0,1,0,0,0,0,0,0,0,0,0,24,1,2,8,14,5,24,1,0,0.0,1,100.0,6,33,0,0,0,0,0,0,16,3,0,0,0,0,0,0,0,,0,1,0,1,0,0,1,0,0,0,0,0,0,0,0,0,0,0,0,0,2,5,6,45.5,Leeds United,Dominic-Calvert-Lewin,59e6e5bf
2025-10-24,Fri,Matchweek 9,Home,W 2–1,Leeds United,West Ham,Y,FW,86,0,0,0,0,1,0,0,0,29,1,0,1,0.1,0.1,0.1,1,0,8,16,50.0,0,14,2,1,0,Match Report,8,16,50.0,95,14,4,7,57.1,3,7,42.9,0,0,,0,0.1,0.0,1,0,0,0,0,16,16,0,0,0,0,0,0,0,0,0,0,8,0,0,1,1,0,0,0,0,0,0,0,0,0,0,0,0,29,1,4,14,11,2,29,1,0,0.0,1,100.0,14,71,31,2,1,0,5,1,24,5,1,0,1,0,0,0,0,,0,1,0,1,0,1,1,0,0,0,0,1,2,0,0,0,0,0,0,0,1,5,11,31.3,Leeds United,Dominic-Calvert-Lewin,59e6e5bf
2025-08-18,Mon,Matchweek 1,Home,W 1–0,Leeds United,Everton,N,"On matchday squad, but did not play","On matchday squad, but did not play","On matchday squad, but did not play","On matchday squad, but did not play","On matchday squad, but did not play","On matchday squad, but did not play","On matchday squad, but did not play","On matchday squad, but did not play","On matchday squad, but did not play","On matchday squad, but did not play","On matchday squad, but did not play","On matchday squad, but did not play","On matchday squad, but did not play","On matchday squad, but did not play","On matchday squad, but did not play","On matchday squad, but did not play","On matchday squad, but did not play","On matchday squad, but did not play","On matchday squad, but did not play","On matchday squad, but did not play","On matchday squad, but did not play","On matchday squad, but did not play","On matchday squad, but did not play","On matchday squad, but did not play","On matchday squad, but did not play","On matchday squad, but did not play","On matchday squad, but did not play",Match Report,"On matchday squad, but did not play","On matchday squad, but did not play","On matchday squad, but did not play","On matchday squad, but did not play","On matchday squad, but did not play","On matchday squad, but did not play","On matchday squad, but did not play","On matchday squad, but did not play","On matchday squad, but did not play","On matchday squad, but did not play","On matchday squad, but did not play","On matchday squad, but did not play","On matchday squad, but did not play","On matchday squad, but did not play","On matchday squad, but did not play","On matchday squad, but did not play","On matchday squad, but did not play","On matchday squad, but did not play","On matchday squad, but did not play","On matchday squad, but did not play","On matchday squad, but did not play","On matchday squad, but did not play","On matchday squad, but did not play","On matchday squad, but did not play","On matchday squad, but did not play","On matchday squad, but did not play","On matchday squad, but did not play","On matchday squad, but did not play","On matchday squad, but did not play","On matchday squad, but did not play","On matchday squad, but did not play","On matchday squad, but did not play","On matchday squad, but did not play","On matchday squad, but did not play","On matchday squad, but did not play","On matchday squad, but did not play","On matchday squad, but did not play","On matchday squad, but did not play","On matchday squad, but did not play","On matchday squad, but did not play","On matchday squad, but did not play","On matchday squad, but did not play","On matchday squad, but did not play","On matchday squad, but did not play","On matchday squad, but did not play","On matchday squad, but did not play","On matchday squad, but did not play","On matchday squad, but did not play","On matchday squad, but did not play","On matchday squad, but did not play","On matchday squad, but did not play","On matchday squad, but did not play","On matchday squad, but did not play","On matchday squad, but did not play","On matchday squad, but did not play","On matchday squad, but did not play","On matchday squad, but did not play","On matchday squad, but did not play","On matchday squad, but did not play","On matchday squad, but did not play","On matchday squad, but did not play","On matchday squad, but did not play","On matchday squad, but did not play","On matchday squad, but did not play","On matchday squad, but did not play","On matchday squad, but did not play","On matchday squad, but did not play","On matchday squad, but did not play","On matchday squad, but did not play","On matchday squad, but did not play","On matchday squad, but did not play","On matchday squad, but did not play","On matchday squad, but did not play","On matchday squad, but did not play","On matchday squad, but did not play","On matchday squad, but did not play","On matchday squad, but did not play","On matchday squad, but did not play","On matchday squad, but did not play","On matchday squad, but did not play","On matchday squad, but did not play","On matchday squad, but did not play","On matchday squad, but did not play","On matchday squad, but did not play","On matchday squad, but did not play","On matchday squad, but did not play","On matchday squad, but did not play","On matchday squad, but did not play","On matchday squad, but did not play","On matchday squad, but did not play","On matchday squad, but did not play","On matchday squad, but did not play","On matchday squad, but did not play","On matchday squad, but did not play","On matchday squad, but did not play","On matchday squad, but did not play","On matchday squad, but did not play","On matchday squad, but did not play","On matchday squad, but did not play","On matchday squad, but did not play","On matchday squad, but did not play","On matchday squad, but did not play","On matchday squad, but did not play","On matchday squad, but did not play","On matchday squad, but did not play",Leeds United,Karl-Darlow,cde3309f
2025-08-23,Sat,Matchweek 2,Away,L 0–5,Leeds United,Arsenal,N,"On matchday squad, but did not play","On matchday squad, but did not play","On matchday squad, but did not play","On matchday squad, but did not play","On matchday squad, but did not play","On matchday squad, but did not play","On matchday squad, but did not play","On matchday squad, but did not play","On matchday squad, but did not play","On matchday squad, but did not play","On matchday squad, but did not play","On matchday squad, but did not play","On matchday squad, but did not play","On matchday squad, but did not play","On matchday squad, but did not play","On matchday squad, but did not play","On matchday squad, but did not play","On matchday squad, but did not play","On matchday squad, but did not play","On matchday squad, but did not play","On matchday squad, but did not play","On matchday squad, but did not play","On matchday squad, but did not play","On matchday squad, but did not play","On matchday squad, but did not play","On matchday squad, but did not play","On matchday squad, but did not play",Match Report,"On matchday squad, but did not play","On matchday squad, but did not play","On matchday squad, but did not play","On matchday squad, but did not play","On matchday squad, but did not play","On matchday squad, but did not play","On matchday squad, but did not play","On matchday squad, but did not play","On matchday squad, but did not play","On matchday squad, but did not play","On matchday squad, but did not play","On matchday squad, but did not play","On matchday squad, but did not play","On matchday squad, but did not play","On matchday squad, but did not play","On matchday squad, but did not play","On matchday squad, but did not play","On matchday squad, but did not play","On matchday squad, but did not play","On matchday squad, but did not play","On matchday squad, but did not play","On matchday squad, but did not play","On matchday squad, but did not play","On matchday squad, but did not play","On matchday squad, but did not play","On matchday squad, but did not play","On matchday squad, but did not play","On matchday squad, but did not play","On matchday squad, but did not play","On matchday squad, but did not play","On matchday squad, but did not play","On matchday squad, but did not play","On matchday squad, but did not play","On matchday squad, but did not play","On matchday squad, but did not play","On matchday squad, but did not play","On matchday squad, but did not play","On matchday squad, but did not play","On matchday squad, but did not play","On matchday squad, but did not play","On matchday squad, but did not play","On matchday squad, but did not play","On matchday squad, but did not play","On matchday squad, but did not play","On matchday squad, but did not play","On matchday squad, but did not play","On matchday squad, but did not play","On matchday squad, but did not play","On matchday squad, but did not play","On matchday squad, but did not play","On matchday squad, but did not play","On matchday squad, but did not play","On matchday squad, but did not play","On matchday squad, but did not play","On matchday squad, but did not play","On matchday squad, but did not play","On matchday squad, but did not play","On matchday squad, but did not play","On matchday squad, but did not play","On matchday squad, but did not play","On matchday squad, but did not play","On matchday squad, but did not play","On matchday squad, but did not play","On matchday squad, but did not play","On matchday squad, but did not play","On matchday squad, but did not play","On matchday squad, but did not play","On matchday squad, but did not play","On matchday squad, but did not play","On matchday squad, but did not play","On matchday squad, but did not play","On matchday squad, but did not play","On matchday squad, but did not play","On matchday squad, but did not play","On matchday squad, but did not play","On matchday squad, but did not play","On matchday squad, but did not play","On matchday squad, but did not play","On matchday squad, but did not play","On matchday squad, but did not play","On matchday squad, but did not play","On matchday squad, but did not play","On matchday squad, but did not play","On matchday squad, but did not play","On matchday squad, but did not play","On matchday squad, but did not play","On matchday squad, but did not play","On matchday squad, but did not play","On matchday squad, but did not play","On matchday squad, but did not play","On matchday squad, but did not play","On matchday squad, but did not play","On matchday squad, but did not play","On matchday squad, but did not play","On matchday squad, but did not play","On matchday squad, but did not play","On matchday squad, but did not play","On matchday squad, but did not play","On matchday squad, but did not play","On matchday squad, but did not play","On matchday squad, but did not play","On matchday squad, but did not play","On matchday squad, but did not play","On matchday squad, but did not play","On matchday squad, but did not play",Leeds United,Karl-Darlow,cde3309f
2025-08-30,Sat,Matchweek 3,Home,D 0–0,Leeds United,Newcastle Utd,N,"On matchday squad, but did not play","On matchday squad, but did not play","On matchday squad, but did not play","On matchday squad, but did not play","On matchday squad, but did not play","On matchday squad, but did not play","On matchday squad, but did not play","On matchday squad, but did not play","On matchday squad, but did not play","On matchday squad, but did not play","On matchday squad, but did not play","On matchday squad, but did not play","On matchday squad, but did not play","On matchday squad, but did not play","On matchday squad, but did not play","On matchday squad, but did not play","On matchday squad, but did not play","On matchday squad, but did not play","On matchday squad, but did not play","On matchday squad, but did not play","On matchday squad, but did not play","On matchday squad, but did not play","On matchday squad, but did not play","On matchday squad, but did not play","On matchday squad, but did not play","On matchday squad, but did not play","On matchday squad, but did not play",Match Report,"On matchday squad, but did not play","On matchday squad, but did not play","On matchday squad, but did not play","On matchday squad, but did not play","On matchday squad, but did not play","On matchday squad, but did not play","On matchday squad, but did not play","On matchday squad, but did not play","On matchday squad, but did not play","On matchday squad, but did not play","On matchday squad, but did not play","On matchday squad, but did not play","On matchday squad, but did not play","On matchday squad, but did not play","On matchday squad, but did not play","On matchday squad, but did not play","On matchday squad, but did not play","On matchday squad, but did not play","On matchday squad, but did not play","On matchday squad, but did not play","On matchday squad, but did not play","On matchday squad, but did not play","On matchday squad, but did not play","On matchday squad, but did not play","On matchday squad, but did not play","On matchday squad, but did not play","On matchday squad, but did not play","On matchday squad, but did not play","On matchday squad, but did not play","On matchday squad, but did not play","On matchday squad, but did not play","On matchday squad, but did not play","On matchday squad, but did not play","On matchday squad, but did not play","On matchday squad, but did not play","On matchday squad, but did not play","On matchday squad, but did not play","On matchday squad, but did not play","On matchday squad, but did not play","On matchday squad, but did not play","On matchday squad, but did not play","On matchday squad, but did not play","On matchday squad, but did not play","On matchday squad, but did not play","On matchday squad, but did not play","On matchday squad, but did not play","On matchday squad, but did not play","On matchday squad, but did not play","On matchday squad, but did not play","On matchday squad, but did not play","On matchday squad, but did not play","On matchday squad, but did not play","On matchday squad, but did not play","On matchday squad, but did not play","On matchday squad, but did not play","On matchday squad, but did not play","On matchday squad, but did not play","On matchday squad, but did not play","On matchday squad, but did not play","On matchday squad, but did not play","On matchday squad, but did not play","On matchday squad, but did not play","On matchday squad, but did not play","On matchday squad, but did not play","On matchday squad, but did not play","On matchday squad, but did not play","On matchday squad, but did not play","On matchday squad, but did not play","On matchday squad, but did not play","On matchday squad, but did not play","On matchday squad, but did not play","On matchday squad, but did not play","On matchday squad, but did not play","On matchday squad, but did not play","On matchday squad, but did not play","On matchday squad, but did not play","On matchday squad, but did not play","On matchday squad, but did not play","On matchday squad, but did not play","On matchday squad, but did not play","On matchday squad, but did not play","On matchday squad, but did not play","On matchday squad, but did not play","On matchday squad, but did not play","On matchday squad, but did not play","On matchday squad, but did not play","On matchday squad, but did not play","On matchday squad, but did not play","On matchday squad, but did not play","On matchday squad, but did not play","On matchday squad, but did not play","On matchday squad, but did not play","On matchday squad, but did not play","On matchday squad, but did not play","On matchday squad, but did not play","On matchday squad, but did not play","On matchday squad, but did not play","On matchday squad, but did not play","On matchday squad, but did not play","On matchday squad, but did not play","On matchday squad, but did not play","On matchday squad, but did not play","On matchday squad, but did not play","On matchday squad, but did not play","On matchday squad, but did not play",Leeds United,Karl-Darlow,cde3309f
2025-09-13,Sat,Matchweek 4,Away,L 0–1,Leeds United,Fulham,Y,GK,90,0,0,0,0,0,0,0,0,43,0,0,0,0.0,0.0,0.0,1,0,27,41,65.9,0,29,0,0,0,Match Report,27,41,65.9,811,558,6,6,100.0,12,12,100.0,9,23,39.1,0,0.0,0.0,0,0,0,0,0,41,30,11,8,0,0,0,0,0,0,0,0,27,0,0,1,0,1,0,0,0,0,0,0,0,0,0,0,0,43,37,43,0,0,0,43,0,0,,0,,29,127,59,0,0,0,0,0,20,0,0,0,0,0,0,0,0,,0,0,0,0,0,0,0,0,0,0,0,0,2,0,0,0,0,0,0,0,1,0,0,,Leeds United,Karl-Darlow,cde3309f
2025-09-20,Sat,Matchweek 5,Away,W 3–1,Leeds United,Wolves,Y,GK,90,0,0,0,0,0,0,0,0,44,0,0,0,0.0,0.0,0.0,0,0,25,43,58.1,0,30,0,0,0,Match Report,25,43,58.1,772,524,1,1,100.0,17,17,100.0,7,24,29.2,0,0.0,0.0,0,1,0,0,0,43,35,7,0,0,0,0,0,0,0,0,0,25,1,0,0,0,0,0,0,0,0,0,0,0,0,0,0,0,44,38,44,0,0,0,44,0,0,,0,,30,179,123,0,0,0,0,0,22,0,0,0,0,0,0,0,0,,0,0,0,0,0,0,0,0,0,0,0,0,1,0,0,0,0,0,0,0,2,2,0,100.0,Leeds United,Karl-Darlow,cde3309f
2025-09-27,Sat,Matchweek 6,Home,D 2–2,Leeds United,Bournemouth,Y,GK,90,0,0,0,0,0,0,0,0,55,0,0,0,0.0,0.0,0.0,0,0,36,55,65.5,0,33,0,0,0,Match Report,36,55,65.5,1129,896,7,7,100.0,13,13,100.0,16,35,45.7,0,0.0,0.0,0,0,0,0,0,55,41,14,6,0,0,0,0,0,0,0,0,36,0,0,0,0,0,0,0,0,0,0,0,0,0,0,0,0,55,41,55,0,0,0,55,0,0,,0,,33,110,77,0,0,0,0,0,29,0,0,0,0,0,0,0,0,,0,0,0,0,0,0,0,0,0,0,0,0,1,0,0,0,0,0,0,0,1,0,0,,Leeds United,Karl-Darlow,cde3309f
2025-10-04,Sat,Matchweek 7,Home,L 1–2,Leeds United,Tottenham,Y,GK,90,0,0,0,0,0,0,0,0,42,0,0,0,0.0,0.0,0.0,1,0,26,40,65.0,1,27,0,0,0,Match Report,26,40,65.0,713,537,1,1,100.0,18,18,100.0,7,21,33.3,0,0.0,0.0,0,2,0,0,1,40,31,9,2,0,0,0,0,0,0,0,0,26,0,0,1,1,0,0,0,0,0,0,0,0,0,0,0,0,42,33,41,2,0,0,42,0,0,,0,,27,147,109,0,0,0,0,0,21,0,0,0,0,0,0,0,0,,0,0,0,0,0,0,2,0,0,0,0,0,0,0,0,0,0,0,0,0,2,0,0,,Leeds United,Karl-Darlow,cde3309f
2025-10-18,Sat,Matchweek 8,Away,L 0–2,Leeds United,Burnley,Y,GK,90,0,0,0,0,0,0,0,0,29,0,0,0,0.0,0.0,0.0,0,0,19,29,65.5,0,24,0,0,0,Match Report,19,29,65.5,424,295,5,5,100.0,10,11,90.9,4,13,30.8,0,0.0,0.0,0,0,0,0,0,29,26,3,2,0,0,0,0,0,0,0,0,19,0,0,0,0,0,0,0,0,0,0,0,0,0,0,0,0,29,19,28,1,0,0,29,0,0,,0,,24,93,57,0,0,0,0,0,21,0,0,0,0,0,0,0,0,,0,0,0,0,0,0,0,0,0,0,0,0,0,0,0,0,0,0,0,0,1,0,0,,Leeds United,Karl-Darlow,cde3309f
2025-10-24,Fri,Matchweek 9,Home,W 2–1,Leeds United,West Ham,N,"On matchday squad, but did not play","On matchday squad, but did not play","On matchday squad, but did not play","On matchday squad, but did not play","On matchday squad, but did not play","On matchday squad, but did not play","On matchday squad, but did not play","On matchday squad, but did not play","On matchday squad, but did not play","On matchday squad, but did not play","On matchday squad, but did not play","On matchday squad, but did not play","On matchday squad, but did not play","On matchday squad, but did not play","On matchday squad, but did not play","On matchday squad, but did not play","On matchday squad, but did not play","On matchday squad, but did not play","On matchday squad, but did not play","On matchday squad, but did not play","On matchday squad, but did not play","On matchday squad, but did not play","On matchday squad, but did not play","On matchday squad, but did not play","On matchday squad, but did not play","On matchday squad, but did not play","On matchday squad, but did not play",Match Report,"On matchday squad, but did not play","On matchday squad, but did not play","On matchday squad, but did not play","On matchday squad, but did not play","On matchday squad, but did not play","On matchday squad, but did not play","On matchday squad, but did not play","On matchday squad, but did not play","On matchday squad, but did not play","On matchday squad, but did not play","On matchday squad, but did not play","On matchday squad, but did not play","On matchday squad, but did not play","On matchday squad, but did not play","On matchday squad, but did not play","On matchday squad, but did not play","On matchday squad, but did not play","On matchday squad, but did not play","On matchday squad, but did not play","On matchday squad, but did not play","On matchday squad, but did not play","On matchday squad, but did not play","On matchday squad, but did not play","On matchday squad, but did not play","On matchday squad, but did not play","On matchday squad, but did not play","On matchday squad, but did not play","On matchday squad, but did not play","On matchday squad, but did not play","On matchday squad, but did not play","On matchday squad, but did not play","On matchday squad, but did not play","On matchday squad, but did not play","On matchday squad, but did not play","On matchday squad, but did not play","On matchday squad, but did not play","On matchday squad, but did not play","On matchday squad, but did not play","On matchday squad, but did not play","On matchday squad, but did not play","On matchday squad, but did not play","On matchday squad, but did not play","On matchday squad, but did not play","On matchday squad, but did not play","On matchday squad, but did not play","On matchday squad, but did not play","On matchday squad, but did not play","On matchday squad, but did not play","On matchday squad, but did not play","On matchday squad, but did not play","On matchday squad, but did not play","On matchday squad, but did not play","On matchday squad, but did not play","On matchday squad, but did not play","On matchday squad, but did not play","On matchday squad, but did not play","On matchday squad, but did not play","On matchday squad, but did not play","On matchday squad, but did not play","On matchday squad, but did not play","On matchday squad, but did not play","On matchday squad, but did not play","On matchday squad, but did not play","On matchday squad, but did not play","On matchday squad, but did not play","On matchday squad, but did not play","On matchday squad, but did not play","On matchday squad, but did not play","On matchday squad, but did not play","On matchday squad, but did not play","On matchday squad, but did not play","On matchday squad, but did not play","On matchday squad, but did not play","On matchday squad, but did not play","On matchday squad, but did not play","On matchday squad, but did not play","On matchday squad, but did not play","On matchday squad, but did not play","On matchday squad, but did not play","On matchday squad, but did not play","On matchday squad, but did not play","On matchday squad, but did not play","On matchday squad, but did not play","On matchday squad, but did not play","On matchday squad, but did not play","On matchday squad, but did not play","On matchday squad, but did not play","On matchday squad, but did not play","On matchday squad, but did not play","On matchday squad, but did not play","On matchday squad, but did not play","On matchday squad, but did not play","On matchday squad, but did not play","On matchday squad, but did not play","On matchday squad, but did not play","On matchday squad, but did not play","On matchday squad, but did not play","On matchday squad, but did not play","On matchday squad, but did not play","On matchday squad, but did not play","On matchday squad, but did not play","On matchday squad, but did not play","On matchday squad, but did not play","On matchday squad, but did not play","On matchday squad, but did not play",Leeds United,Karl-Darlow,cde3309f
2025-08-23,Sat,Matchweek 2,Away,L 0–5,Leeds United,Arsenal,N,LW,25,0,0,0,0,0,0,0,0,8,2,0,0,0.0,0.0,0.0,0,0,6,6,100.0,0,9,0,1,0,Match Report,6,6,100.0,78,49,3,3,100.0,3,3,100.0,0,0,,0,0.0,0.0,0,0,0,0,0,6,6,0,0,0,0,0,0,0,0,0,0,6,0,0,0,0,0,0,0,0,0,0,0,0,0,0,0,0,8,0,3,3,2,0,8,1,0,0.0,1,100.0,9,36,14,0,0,0,0,3,8,0,2,2,1,0,1,1,1,100.0,0,0,0,0,0,2,0,0,0,0,0,0,0,0,0,0,2,0,0,0,2,0,0,,Leeds United,Noah-Okafor,ca607d59
2025-08-30,Sat,Matchweek 3,Home,D 0–0,Leeds United,Newcastle Utd,N,"On matchday squad, but did not play","On matchday squad, but did not play","On matchday squad, but did not play","On matchday squad, but did not play","On matchday squad, but did not play","On matchday squad, but did not play","On matchday squad, but did not play","On matchday squad, but did not play","On matchday squad, but did not play","On matchday squad, but did not play","On matchday squad, but did not play","On matchday squad, but did not play","On matchday squad, but did not play","On matchday squad, but did not play","On matchday squad, but did not play","On matchday squad, but did not play","On matchday squad, but did not play","On matchday squad, but did not play","On matchday squad, but did not play","On matchday squad, but did not play","On matchday squad, but did not play","On matchday squad, but did not play","On matchday squad, but did not play","On matchday squad, but did not play","On matchday squad, but did not play","On matchday squad, but did not play","On matchday squad, but did not play",Match Report,"On matchday squad, but did not play","On matchday squad, but did not play","On matchday squad, but did not play","On matchday squad, but did not play","On matchday squad, but did not play","On matchday squad, but did not play","On matchday squad, but did not play","On matchday squad, but did not play","On matchday squad, but did not play","On matchday squad, but did not play","On matchday squad, but did not play","On matchday squad, but did not play","On matchday squad, but did not play","On matchday squad, but did not play","On matchday squad, but did not play","On matchday squad, but did not play","On matchday squad, but did not play","On matchday squad, but did not play","On matchday squad, but did not play","On matchday squad, but did not play","On matchday squad, but did not play","On matchday squad, but did not play","On matchday squad, but did not play","On matchday squad, but did not play","On matchday squad, but did not play","On matchday squad, but did not play","On matchday squad, but did not play","On matchday squad, but did not play","On matchday squad, but did not play","On matchday squad, but did not play","On matchday squad, but did not play","On matchday squad, but did not play","On matchday squad, but did not play","On matchday squad, but did not play","On matchday squad, but did not play","On matchday squad, but did not play","On matchday squad, but did not play","On matchday squad, but did not play","On matchday squad, but did not play","On matchday squad, but did not play","On matchday squad, but did not play","On matchday squad, but did not play","On matchday squad, but did not play","On matchday squad, but did not play","On matchday squad, but did not play","On matchday squad, but did not play","On matchday squad, but did not play","On matchday squad, but did not play","On matchday squad, but did not play","On matchday squad, but did not play","On matchday squad, but did not play","On matchday squad, but did not play","On matchday squad, but did not play","On matchday squad, but did not play","On matchday squad, but did not play","On matchday squad, but did not play","On matchday squad, but did not play","On matchday squad, but did not play","On matchday squad, but did not play","On matchday squad, but did not play","On matchday squad, but did not play","On matchday squad, but did not play","On matchday squad, but did not play","On matchday squad, but did not play","On matchday squad, but did not play","On matchday squad, but did not play","On matchday squad, but did not play","On matchday squad, but did not play","On matchday squad, but did not play","On matchday squad, but did not play","On matchday squad, but did not play","On matchday squad, but did not play","On matchday squad, but did not play","On matchday squad, but did not play","On matchday squad, but did not play","On matchday squad, but did not play","On matchday squad, but did not play","On matchday squad, but did not play","On matchday squad, but did not play","On matchday squad, but did not play","On matchday squad, but did not play","On matchday squad, but did not play","On matchday squad, but did not play","On matchday squad, but did not play","On matchday squad, but did not play","On matchday squad, but did not play","On matchday squad, but did not play","On matchday squad, but did not play","On matchday squad, but did not play","On matchday squad, but did not play","On matchday squad, but did not play","On matchday squad, but did not play","On matchday squad, but did not play","On matchday squad, but did not play","On matchday squad, but did not play","On matchday squad, but did not play","On matchday squad, but did not play","On matchday squad, but did not play","On matchday squad, but did not play","On matchday squad, but did not play","On matchday squad, but did not play","On matchday squad, but did not play","On matchday squad, but did not play","On matchday squad, but did not play","On matchday squad, but did not play",Leeds United,Noah-Okafor,ca607d59
2025-09-13,Sat,Matchweek 4,Away,L 0–1,Leeds United,Fulham,Y,LW,68,0,0,0,0,2,0,1,0,34,1,2,0,0.2,0.2,0.0,3,0,18,23,78.3,4,23,3,5,1,Match Report,18,23,78.3,358,86,5,5,100.0,8,11,72.7,4,4,100.0,0,0.0,0.0,1,3,1,0,4,23,23,0,0,0,1,1,0,0,0,0,0,18,0,2,3,2,0,0,1,0,0,0,0,0,0,0,0,0,34,1,5,20,12,5,34,5,1,20.0,3,60.0,23,268,81,3,4,3,3,3,25,6,1,1,0,1,0,0,0,,0,0,0,0,2,3,1,0,1,0,0,2,1,0,1,2,1,0,0,0,7,0,1,0.0,Leeds United,Noah-Okafor,ca607d59
2025-09-20,Sat,Matchweek 5,Away,W 3–1,Leeds United,Wolves,Y,LW,69,1,0,0,0,1,1,0,0,31,0,1,0,0.1,0.1,0.0,2,0,6,15,40.0,2,18,2,14,6,Match Report,6,15,40.0,125,33,3,7,42.9,2,6,33.3,1,2,50.0,0,0.0,0.0,0,2,0,0,2,15,15,0,0,2,1,1,0,0,0,0,0,6,0,0,2,2,0,0,0,0,0,0,0,0,0,0,0,0,31,0,4,16,15,4,31,14,6,42.9,8,57.1,18,188,95,2,3,1,4,1,21,5,0,0,0,0,0,0,2,0.0,2,0,0,0,1,1,0,0,0,0,0,1,2,0,1,1,0,0,0,0,4,0,1,0.0,Leeds United,Noah-Okafor,ca607d59
2025-09-27,Sat,Matchweek 6,Home,D 2–2,Leeds United,Bournemouth,Y,LW,66,0,0,0,0,2,0,0,0,21,2,0,1,0.1,0.1,0.2,5,1,11,13,84.6,3,12,0,4,3,Match Report,11,13,84.6,189,100,7,7,100.0,3,4,75.0,1,2,50.0,0,0.2,0.3,1,1,2,1,3,13,13,0,0,0,0,2,0,0,0,0,0,11,0,0,5,2,0,0,2,0,1,1,0,0,0,1,0,0,21,0,1,11,11,4,21,4,3,75.0,1,25.0,12,73,1,0,1,1,2,2,14,4,2,2,0,1,1,0,0,,0,1,0,1,0,2,0,0,0,0,0,1,0,0,2,0,2,0,0,0,2,0,1,0.0,Leeds United,Noah-Okafor,ca607d59
2025-10-04,Sat,Matchweek 7,Home,L 1–2,Leeds United,Tottenham,Y,LW,78,1,0,0,0,1,1,1,0,30,2,0,1,0.8,0.8,0.2,2,0,12,16,75.0,1,17,3,3,1,Match Report,12,16,75.0,257,38,3,4,75.0,6,6,100.0,2,4,50.0,0,0.2,0.0,2,0,1,0,1,16,15,0,0,0,1,2,0,0,0,0,0,12,1,0,2,1,0,0,0,1,0,0,0,0,0,0,0,0,30,0,4,7,19,1,30,3,1,33.3,1,33.3,17,134,74,3,3,0,6,1,20,8,2,0,2,0,0,0,1,0.0,1,1,0,1,0,2,0,0,1,0,0,1,2,0,2,0,0,0,0,0,2,0,0,,Leeds United,Noah-Okafor,ca607d59
2025-10-24,Fri,Matchweek 9,Home,W 2–1,Leeds United,West Ham,Y,LW,45,0,0,0,0,2,1,0,0,18,0,0,0,0.2,0.2,0.0,2,1,11,14,78.6,1,12,1,1,1,Match Report,11,14,78.6,190,53,4,5,80.0,7,8,87.5,0,1,0.0,0,0.0,0.0,0,1,0,0,1,14,14,0,0,0,0,0,0,0,0,0,0,11,0,0,2,1,0,0,1,0,0,1,0,0,0,1,0,0,18,0,0,13,5,2,18,1,1,100.0,0,0.0,12,59,35,1,1,1,1,1,16,5,0,0,0,0,0,0,1,0.0,1,0,0,0,0,0,0,0,0,0,0,0,0,0,0,0,0,0,0,0,2,3,0,100.0,Leeds United,Noah-Okafor,ca607d59
2025-08-18,Mon,Matchweek 1,Home,W 1–0,Leeds United,Everton,Y,GK,90,0,0,0,0,0,0,0,0,33,0,0,0,0.0,0.0,0.0,0,0,20,32,62.5,0,23,0,0,0,Match Report,20,32,62.5,549,341,3,3,100.0,11,11,100.0,6,18,33.3,0,0.0,0.0,0,1,0,0,0,32,27,5,3,0,0,0,0,0,0,0,0,20,0,0,0,0,0,0,0,0,0,0,0,0,0,0,0,0,33,23,33,0,0,0,33,0,0,,0,,23,118,83,0,0,0,0,0,21,0,0,0,0,0,0,0,0,,0,0,0,0,0,0,0,0,0,0,0,0,0,0,0,0,0,0,0,0,2,2,0,100.0,Leeds United,Lucas-Perri,5dbd461a
2025-08-23,Sat,Matchweek 2,Away,L 0–5,Leeds United,Arsenal,Y,GK,90,0,0,0,0,0,0,0,0,36,0,0,0,0.0,0.0,0.0,0,0,18,35,51.4,0,25,0,0,0,Match Report,18,35,51.4,608,448,3,3,100.0,5,6,83.3,10,26,38.5,0,0.0,0.0,0,1,0,0,0,35,26,9,0,0,0,0,0,0,0,0,0,18,0,0,0,0,0,0,0,0,0,0,0,0,0,0,0,0,36,31,36,0,0,0,36,0,0,,0,,25,114,78,0,0,0,0,0,22,0,0,0,0,0,0,0,0,,0,0,0,0,0,0,0,0,0,0,0,0,0,0,0,0,0,0,0,0,1,0,0,,Leeds United,Lucas-Perri,5dbd461a
2025-08-30,Sat,Matchweek 3,Home,D 0–0,Leeds United,Newcastle Utd,Y,GK,90,0,0,0,0,0,0,0,0,47,0,0,0,0.0,0.0,0.0,0,0,15,44,34.1,0,25,0,0,0,Match Report,15,44,34.1,702,626,0,0,,4,4,100.0,11,40,27.5,0,0.0,0.0,0,1,0,0,0,44,32,12,3,0,0,0,0,0,0,0,0,15,0,0,0,0,0,0,0,0,0,0,0,0,0,0,0,0,47,41,47,0,0,0,47,0,0,,0,,25,111,53,0,0,0,0,0,25,0,0,0,0,0,0,0,0,,0,0,0,0,0,0,1,0,0,0,0,0,0,0,0,0,0,0,0,0,2,0,0,,Leeds United,Lucas-Perri,5dbd461a
2025-10-18,Sat,Matchweek 8,Away,L 0–2,Leeds United,Burnley,N,"On matchday squad, but did not play","On matchday squad, but did not play","On matchday squad, but did not play","On matchday squad, but did not play","On matchday squad, but did not play","On matchday squad, but did not play","On matchday squad, but did not play","On matchday squad, but did not play","On matchday squad, but did not play","On matchday squad, but did not play","On matchday squad, but did not play","On matchday squad, but did not play","On matchday squad, but did not play","On matchday squad, but did not play","On matchday squad, but did not play","On matchday squad, but did not play","On matchday squad, but did not play","On matchday squad, but did not play","On matchday squad, but did not play","On matchday squad, but did not play","On matchday squad, but did not play","On matchday squad, but did not play","On matchday squad, but did not play","On matchday squad, but did not play","On matchday squad, but did not play","On matchday squad, but did not play","On matchday squad, but did not play",Match Report,"On matchday squad, but did not play","On matchday squad, but did not play","On matchday squad, but did not play","On matchday squad, but did not play","On matchday squad, but did not play","On matchday squad, but did not play","On matchday squad, but did not play","On matchday squad, but did not play","On matchday squad, but did not play","On matchday squad, but did not play","On matchday squad, but did not play","On matchday squad, but did not play","On matchday squad, but did not play","On matchday squad, but did not play","On matchday squad, but did not play","On matchday squad, but did not play","On matchday squad, but did not play","On matchday squad, but did not play","On matchday squad, but did not play","On matchday squad, but did not play","On matchday squad, but did not play","On matchday squad, but did not play","On matchday squad, but did not play","On matchday squad, but did not play","On matchday squad, but did not play","On matchday squad, but did not play","On matchday squad, but did not play","On matchday squad, but did not play","On matchday squad, but did not play","On matchday squad, but did not play","On matchday squad, but did not play","On matchday squad, but did not play","On matchday squad, but did not play","On matchday squad, but did not play","On matchday squad, but did not play","On matchday squad, but did not play","On matchday squad, but did not play","On matchday squad, but did not play","On matchday squad, but did not play","On matchday squad, but did not play","On matchday squad, but did not play","On matchday squad, but did not play","On matchday squad, but did not play","On matchday squad, but did not play","On matchday squad, but did not play","On matchday squad, but did not play","On matchday squad, but did not play","On matchday squad, but did not play","On matchday squad, but did not play","On matchday squad, but did not play","On matchday squad, but did not play","On matchday squad, but did not play","On matchday squad, but did not play","On matchday squad, but did not play","On matchday squad, but did not play","On matchday squad, but did not play","On matchday squad, but did not play","On matchday squad, but did not play","On matchday squad, but did not play","On matchday squad, but did not play","On matchday squad, but did not play","On matchday squad, but did not play","On matchday squad, but did not play","On matchday squad, but did not play","On matchday squad, but did not play","On matchday squad, but did not play","On matchday squad, but did not play","On matchday squad, but did not play","On matchday squad, but did not play","On matchday squad, but did not play","On matchday squad, but did not play","On matchday squad, but did not play","On matchday squad, but did not play","On matchday squad, but did not play","On matchday squad, but did not play","On matchday squad, but did not play","On matchday squad, but did not play","On matchday squad, but did not play","On matchday squad, but did not play","On matchday squad, but did not play","On matchday squad, but did not play","On matchday squad, but did not play","On matchday squad, but did not play","On matchday squad, but did not play","On matchday squad, but did not play","On matchday squad, but did not play","On matchday squad, but did not play","On matchday squad, but did not play","On matchday squad, but did not play","On matchday squad, but did not play","On matchday squad, but did not play","On matchday squad, but did not play","On matchday squad, but did not play","On matchday squad, but did not play","On matchday squad, but did not play","On matchday squad, but did not play","On matchday squad, but did not play","On matchday squad, but did not play","On matchday squad, but did not play","On matchday squad, but did not play","On matchday squad, but did not play","On matchday squad, but did not play","On matchday squad, but did not play","On matchday squad, but did not play","On matchday squad, but did not play",Leeds United,Lucas-Perri,5dbd461a
2025-10-24,Fri,Matchweek 9,Home,W 2–1,Leeds United,West Ham,Y,GK,90,0,0,0,0,0,0,1,0,48,0,0,0,0.0,0.0,0.0,0,0,29,45,64.4,0,29,0,0,0,Match Report,29,45,64.4,1063,852,1,1,100.0,11,11,100.0,17,33,51.5,0,0.0,0.0,0,1,0,0,0,45,36,9,4,0,0,0,0,0,0,0,0,29,0,0,0,0,0,0,0,0,0,0,0,0,0,0,0,0,48,37,48,0,0,0,48,0,0,,0,,29,111,73,0,0,0,0,0,29,0,0,0,0,0,0,0,0,,0,0,0,0,0,0,3,0,1,0,0,0,0,0,0,0,0,0,0,0,0,0,0,,Leeds United,Lucas-Perri,5dbd461a
2025-08-18,Mon,Matchweek 1,Home,W 1–0,Leeds United,Everton,Y,RM,89,0,0,0,0,2,0,0,0,54,0,1,1,0.1,0.1,0.1,5,0,42,48,87.5,6,30,1,2,0,Match Report,42,48,87.5,676,131,24,28,85.7,15,15,100.0,3,3,100.0,0,0.1,0.0,2,6,1,0,6,48,47,1,1,0,0,2,0,0,0,0,0,42,0,2,5,5,0,0,0,0,0,0,0,0,0,0,0,0,54,0,2,35,17,3,54,2,0,0.0,1,50.0,30,148,65,1,0,0,0,1,39,1,0,0,0,0,0,0,1,0.0,1,1,0,1,1,1,0,0,0,0,0,1,2,0,2,1,0,0,0,0,5,0,1,0.0,Leeds United,Ao-Tanaka,1d36d6b6
2025-08-23,Sat,Matchweek 2,Away,L 0–5,Leeds United,Arsenal,Y,RM,57,0,0,0,0,0,0,0,0,25,0,0,0,0.0,0.0,0.0,1,0,19,24,79.2,0,20,0,0,0,Match Report,19,24,79.2,230,59,11,12,91.7,4,7,57.1,1,1,100.0,0,0.0,0.0,0,1,0,0,0,24,23,1,1,0,0,0,0,0,0,0,0,19,0,1,1,1,0,0,0,0,0,0,0,0,0,0,0,0,25,0,6,19,0,0,25,0,0,,0,,20,54,17,0,0,0,0,1,22,1,0,0,0,0,0,0,4,0.0,4,0,0,0,0,0,0,0,0,0,0,0,0,0,0,0,0,0,0,0,2,0,1,0.0,Leeds United,Ao-Tanaka,1d36d6b6
2025-09-13,Sat,Matchweek 4,Away,L 0–1,Leeds United,Fulham,N,"On matchday squad, but did not play","On matchday squad, but did not play","On matchday squad, but did not play","On matchday squad, but did not play","On matchday squad, but did not play","On matchday squad, but did not play","On matchday squad, but did not play","On matchday squad, but did not play","On matchday squad, but did not play","On matchday squad, but did not play","On matchday squad, but did not play","On matchday squad, but did not play","On matchday squad, but did not play","On matchday squad, but did not play","On matchday squad, but did not play","On matchday squad, but did not play","On matchday squad, but did not play","On matchday squad, but did not play","On matchday squad, but did not play","On matchday squad, but did not play","On matchday squad, but did not play","On matchday squad, but did not play","On matchday squad, but did not play","On matchday squad, but did not play","On matchday squad, but did not play","On matchday squad, but did not play","On matchday squad, but did not play",Match Report,"On matchday squad, but did not play","On matchday squad, but did not play","On matchday squad, but did not play","On matchday squad, but did not play","On matchday squad, but did not play","On matchday squad, but did not play","On matchday squad, but did not play","On matchday squad, but did not play","On matchday squad, but did not play","On matchday squad, but did not play","On matchday squad, but did not play","On matchday squad, but did not play","On matchday squad, but did not play","On matchday squad, but did not play","On matchday squad, but did not play","On matchday squad, but did not play","On matchday squad, but did not play","On matchday squad, but did not play","On matchday squad, but did not play","On matchday squad, but did not play","On matchday squad, but did not play","On matchday squad, but did not play","On matchday squad, but did not play","On matchday squad, but did not play","On matchday squad, but did not play","On matchday squad, but did not play","On matchday squad, but did not play","On matchday squad, but did not play","On matchday squad, but did not play","On matchday squad, but did not play","On matchday squad, but did not play","On matchday squad, but did not play","On matchday squad, but did not play","On matchday squad, but did not play","On matchday squad, but did not play","On matchday squad, but did not play","On matchday squad, but did not play","On matchday squad, but did not play","On matchday squad, but did not play","On matchday squad, but did not play","On matchday squad, but did not play","On matchday squad, but did not play","On matchday squad, but did not play","On matchday squad, but did not play","On matchday squad, but did not play","On matchday squad, but did not play","On matchday squad, but did not play","On matchday squad, but did not play","On matchday squad, but did not play","On matchday squad, but did not play","On matchday squad, but did not play","On matchday squad, but did not play","On matchday squad, but did not play","On matchday squad, but did not play","On matchday squad, but did not play","On matchday squad, but did not play","On matchday squad, but did not play","On matchday squad, but did not play","On matchday squad, but did not play","On matchday squad, but did not play","On matchday squad, but did not play","On matchday squad, but did not play","On matchday squad, but did not play","On matchday squad, but did not play","On matchday squad, but did not play","On matchday squad, but did not play","On matchday squad, but did not play","On matchday squad, but did not play","On matchday squad, but did not play","On matchday squad, but did not play","On matchday squad, but did not play","On matchday squad, but did not play","On matchday squad, but did not play","On matchday squad, but did not play","On matchday squad, but did not play","On matchday squad, but did not play","On matchday squad, but did not play","On matchday squad, but did not play","On matchday squad, but did not play","On matchday squad, but did not play","On matchday squad, but did not play","On matchday squad, but did not play","On matchday squad, but did not play","On matchday squad, but did not play","On matchday squad, but did not play","On matchday squad, but did not play","On matchday squad, but did not play","On matchday squad, but did not play","On matchday squad, but did not play","On matchday squad, but did not play","On matchday squad, but did not play","On matchday squad, but did not play","On matchday squad, but did not play","On matchday squad, but did not play","On matchday squad, but did not play","On matchday squad, but did not play","On matchday squad, but did not play","On matchday squad, but did not play","On matchday squad, but did not play","On matchday squad, but did not play","On matchday squad, but did not play","On matchday squad, but did not play","On matchday squad, but did not play","On matchday squad, but did not play","On matchday squad, but did not play",Leeds United,Ao-Tanaka,1d36d6b6
2025-09-20,Sat,Matchweek 5,Away,W 3–1,Leeds United,Wolves,N,"CM,RW",8,0,0,0,0,0,0,0,0,3,0,2,0,0.0,0.0,0.0,0,0,0,1,0.0,0,1,0,0,0,Match Report,0,1,0.0,0,0,0,0,,0,1,0.0,0,0,,0,0.0,0.0,0,0,0,0,0,1,1,0,0,0,0,0,0,0,0,0,0,0,0,0,0,0,0,0,0,0,0,0,0,0,0,0,0,0,3,0,0,3,0,0,3,0,0,,0,,1,3,0,0,0,0,0,0,0,0,0,0,0,0,0,0,0,,0,0,0,0,2,2,0,0,0,0,0,0,0,0,0,2,0,0,0,0,0,0,0,,Leeds United,Ao-Tanaka,1d36d6b6
2025-09-27,Sat,Matchweek 6,Home,D 2–2,Leeds United,Bournemouth,N,RW,4,0,0,0,0,0,0,0,0,3,1,0,0,0.0,0.0,0.0,0,0,1,1,100.0,0,0,0,0,0,Match Report,1,1,100.0,11,0,1,1,100.0,0,0,,0,0,,0,0.0,0.0,0,0,0,0,0,1,1,0,0,0,0,0,0,0,0,0,0,1,0,0,0,0,0,0,0,0,0,0,0,0,0,0,0,0,3,0,1,1,1,0,3,0,0,,0,,0,0,0,0,0,0,1,1,2,0,1,1,1,0,0,1,2,50.0,1,0,0,0,0,1,0,0,0,0,0,1,0,0,0,0,1,0,0,0,1,0,1,0.0,Leeds United,Ao-Tanaka,1d36d6b6
2025-10-04,Sat,Matchweek 7,Home,L 1–2,Leeds United,Tottenham,N,"CM,LM",24,0,0,0,0,0,0,0,0,31,0,0,1,0.0,0.0,0.0,1,0,27,30,90.0,4,14,0,0,0,Match Report,27,30,90.0,491,125,12,14,85.7,12,12,100.0,3,3,100.0,0,0.0,0.0,1,3,0,0,4,30,30,0,0,0,0,0,0,0,0,0,0,27,0,0,1,1,0,0,0,0,0,0,0,0,0,0,0,0,31,0,4,20,8,0,31,0,0,,0,,14,45,28,0,1,0,0,0,24,0,0,0,0,0,0,0,0,,0,1,0,1,0,0,0,0,0,0,0,0,0,0,0,0,0,0,0,0,2,2,1,66.7,Leeds United,Ao-Tanaka,1d36d6b6
2025-10-18,Sat,Matchweek 8,Away,L 0–2,Leeds United,Burnley,N,DM,10,0,0,0,0,0,0,0,0,19,0,0,1,0.0,0.0,0.0,3,0,15,19,78.9,2,16,1,0,0,Match Report,15,19,78.9,284,115,6,6,100.0,5,8,62.5,2,3,66.7,0,0.0,0.0,1,3,1,1,2,19,18,1,0,0,0,3,1,0,0,0,0,15,0,0,3,2,1,0,0,0,0,0,0,0,0,0,0,0,19,0,3,12,4,0,19,0,0,,0,,16,123,70,1,1,0,0,0,15,0,0,0,0,0,0,0,0,,0,1,0,1,0,0,0,0,0,0,0,0,0,0,3,0,0,0,0,0,1,0,0,,Leeds United,Ao-Tanaka,1d36d6b6
2025-10-24,Fri,Matchweek 9,Home,W 2–1,Leeds United,West Ham,Y,LM,71,0,0,0,0,1,0,0,0,36,0,1,1,0.1,0.1,0.0,1,0,25,29,86.2,3,19,0,0,0,Match Report,25,29,86.2,391,51,12,12,100.0,11,13,84.6,1,2,50.0,0,0.0,0.0,0,2,0,0,3,29,29,0,0,0,0,0,0,0,0,0,0,25,0,0,1,1,0,0,0,0,0,0,0,0,0,0,0,0,36,1,9,24,3,0,36,0,0,,0,,19,54,30,0,0,0,3,1,25,1,0,0,0,0,0,0,0,,0,1,0,1,1,1,0,0,0,0,0,1,0,0,0,1,0,0,0,0,2,1,0,100.0,Leeds United,Ao-Tanaka,1d36d6b6
2025-08-18,Mon,Matchweek 1,Home,W 1–0,Leeds United,Everton,Y,RW,77,0,0,0,0,2,0,0,0,31,0,0,1,0.1,0.1,0.2,2,0,10,22,45.5,2,10,1,2,0,Match Report,10,22,45.5,140,55,5,10,50.0,4,7,57.1,1,3,33.3,0,0.2,0.1,1,2,1,1,2,22,22,0,0,0,0,6,0,0,0,0,0,10,0,0,2,1,0,0,1,0,0,0,0,0,0,0,0,0,31,0,2,9,20,3,31,2,0,0.0,2,100.0,10,46,32,1,0,1,2,0,21,9,0,0,0,0,0,0,1,0.0,1,1,0,1,0,0,1,0,0,0,0,0,0,0,6,0,0,0,0,0,1,1,0,100.0,Leeds United,Daniel-James,c931d9f9
2025-08-23,Sat,Matchweek 2,Away,L 0–5,Leeds United,Arsenal,Y,RW,65,0,0,0,0,2,0,0,0,20,0,0,1,0.1,0.1,0.0,1,0,6,12,50.0,2,12,3,1,1,Match Report,6,12,50.0,75,28,3,7,42.9,0,0,,1,1,100.0,0,0.0,0.0,0,0,0,0,2,12,12,0,0,0,0,1,0,0,0,0,0,6,0,0,1,0,0,0,1,0,0,0,0,0,0,0,0,0,20,1,6,10,5,2,20,1,1,100.0,0,0.0,12,123,90,3,1,2,2,0,12,3,0,0,0,0,0,0,0,,0,1,0,1,0,0,1,0,0,0,0,0,1,0,1,0,0,0,0,0,4,0,0,,Leeds United,Daniel-James,c931d9f9
2025-08-30,Sat,Matchweek 3,Home,D 0–0,Leeds United,Newcastle Utd,Y,RW,59,0,0,0,0,1,0,0,0,17,1,0,1,0.2,0.2,0.1,2,0,7,14,50.0,1,12,3,0,0,Match Report,7,14,50.0,126,65,4,5,80.0,2,5,40.0,1,2,50.0,0,0.1,0.1,1,1,1,0,1,14,14,0,0,0,0,4,0,0,0,0,0,7,0,1,2,1,0,0,0,1,0,0,0,0,0,0,0,0,17,0,1,6,11,2,17,0,0,,0,,12,89,58,3,2,1,0,0,12,3,1,1,0,1,0,0,0,,0,1,0,1,0,1,0,0,0,0,0,0,2,0,4,0,1,0,0,0,2,0,0,,Leeds United,Daniel-James,c931d9f9
2025-09-13,Sat,Matchweek 4,Away,L 0–1,Leeds United,Fulham,N,RW,12,0,0,0,0,0,0,0,0,5,0,0,1,0.0,0.0,0.0,0,0,0,2,0.0,0,3,1,1,0,Match Report,0,2,0.0,0,0,0,1,0.0,0,0,,0,1,0.0,0,0.0,0.0,0,0,0,0,0,2,2,0,0,0,0,1,0,0,0,0,0,0,0,0,0,0,0,0,0,0,0,0,0,0,0,0,0,0,5,0,0,0,5,0,5,1,0,0.0,1,100.0,3,25,10,1,0,0,0,0,3,2,0,0,0,0,0,0,1,0.0,1,1,0,1,0,0,0,0,0,0,0,0,1,0,1,0,0,0,0,0,0,0,0,,Leeds United,Daniel-James,c931d9f9
2025-09-27,Sat,Matchweek 6,Home,D 2–2,Leeds United,Bournemouth,N,"On matchday squad, but did not play","On matchday squad, but did not play","On matchday squad, but did not play","On matchday squad, but did not play","On matchday squad, but did not play","On matchday squad, but did not play","On matchday squad, but did not play","On matchday squad, but did not play","On matchday squad, but did not play","On matchday squad, but did not play","On matchday squad, but did not play","On matchday squad, but did not play","On matchday squad, but did not play","On matchday squad, but did not play","On matchday squad, but did not play","On matchday squad, but did not play","On matchday squad, but did not play","On matchday squad, but did not play","On matchday squad, but did not play","On matchday squad, but did not play","On matchday squad, but did not play","On matchday squad, but did not play","On matchday squad, but did not play","On matchday squad, but did not play","On matchday squad, but did not play","On matchday squad, but did not play","On matchday squad, but did not play",Match Report,"On matchday squad, but did not play","On matchday squad, but did not play","On matchday squad, but did not play","On matchday squad, but did not play","On matchday squad, but did not play","On matchday squad, but did not play","On matchday squad, but did not play","On matchday squad, but did not play","On matchday squad, but did not play","On matchday squad, but did not play","On matchday squad, but did not play","On matchday squad, but did not play","On matchday squad, but did not play","On matchday squad, but did not play","On matchday squad, but did not play","On matchday squad, but did not play","On matchday squad, but did not play","On matchday squad, but did not play","On matchday squad, but did not play","On matchday squad, but did not play","On matchday squad, but did not play","On matchday squad, but did not play","On matchday squad, but did not play","On matchday squad, but did not play","On matchday squad, but did not play","On matchday squad, but did not play","On matchday squad, but did not play","On matchday squad, but did not play","On matchday squad, but did not play","On matchday squad, but did not play","On matchday squad, but did not play","On matchday squad, but did not play","On matchday squad, but did not play","On matchday squad, but did not play","On matchday squad, but did not play","On matchday squad, but did not play","On matchday squad, but did not play","On matchday squad, but did not play","On matchday squad, but did not play","On matchday squad, but did not play","On matchday squad, but did not play","On matchday squad, but did not play","On matchday squad, but did not play","On matchday squad, but did not play","On matchday squad, but did not play","On matchday squad, but did not play","On matchday squad, but did not play","On matchday squad, but did not play","On matchday squad, but did not play","On matchday squad, but did not play","On matchday squad, but did not play","On matchday squad, but did not play","On matchday squad, but did not play","On matchday squad, but did not play","On matchday squad, but did not play","On matchday squad, but did not play","On matchday squad, but did not play","On matchday squad, but did not play","On matchday squad, but did not play","On matchday squad, but did not play","On matchday squad, but did not play","On matchday squad, but did not play","On matchday squad, but did not play","On matchday squad, but did not play","On matchday squad, but did not play","On matchday squad, but did not play","On matchday squad, but did not play","On matchday squad, but did not play","On matchday squad, but did not play","On matchday squad, but did not play","On matchday squad, but did not play","On matchday squad, but did not play","On matchday squad, but did not play","On matchday squad, but did not play","On matchday squad, but did not play","On matchday squad, but did not play","On matchday squad, but did not play","On matchday squad, but did not play","On matchday squad, but did not play","On matchday squad, but did not play","On matchday squad, but did not play","On matchday squad, but did not play","On matchday squad, but did not play","On matchday squad, but did not play","On matchday squad, but did not play","On matchday squad, but did not play","On matchday squad, but did not play","On matchday squad, but did not play","On matchday squad, but did not play","On matchday squad, but did not play","On matchday squad, but did not play","On matchday squad, but did not play","On matchday squad, but did not play","On matchday squad, but did not play","On matchday squad, but did not play","On matchday squad, but did not play","On matchday squad, but did not play","On matchday squad, but did not play","On matchday squad, but did not play","On matchday squad, but did not play","On matchday squad, but did not play","On matchday squad, but did not play","On matchday squad, but did not play","On matchday squad, but did not play","On matchday squad, but did not play",Leeds United,Daniel-James,c931d9f9
2025-10-18,Sat,Matchweek 8,Away,L 0–2,Leeds United,Burnley,N,RW,25,0,0,0,0,0,0,0,0,20,1,0,0,0.0,0.0,0.2,4,0,8,16,50.0,1,12,7,2,0,Match Report,8,16,50.0,151,45,2,4,50.0,5,9,55.6,1,1,100.0,0,0.2,0.2,2,1,1,1,1,16,15,1,0,0,0,8,1,0,0,0,0,8,0,1,4,3,1,0,0,0,0,0,0,0,0,0,0,0,20,0,0,9,11,4,20,2,0,0.0,2,100.0,12,128,97,7,0,3,1,0,14,7,1,1,0,1,0,1,1,100.0,0,0,0,0,0,1,0,0,0,0,0,0,0,0,8,0,1,0,0,0,0,1,0,100.0,Leeds United,Daniel-James,c931d9f9
2025-10-24,Fri,Matchweek 9,Home,W 2–1,Leeds United,West Ham,N,RW,4,0,0,0,0,0,0,0,0,0,0,0,0,0.0,0.0,0.0,0,0,0,0,,0,0,0,0,0,Match Report,0,0,,0,0,0,0,,0,0,,0,0,,0,0.0,0.0,0,0,0,0,0,0,0,0,0,0,0,0,0,0,0,0,0,0,0,0,0,0,0,0,0,0,0,0,0,0,0,0,0,0,0,0,0,0,0,0,0,0,0,,0,,0,0,0,0,0,0,0,0,0,0,0,0,0,0,0,0,0,,0,0,0,0,0,0,0,0,0,0,0,0,0,0,0,0,0,0,0,0,0,0,0,,Leeds United,Daniel-James,c931d9f9
2025-08-18,Mon,Matchweek 1,Home,W 1–0,Leeds United,Everton,Y,LW,66,0,0,0,0,3,0,0,0,50,4,2,2,0.1,0.1,0.0,0,0,28,35,80.0,2,29,2,6,0,Match Report,28,35,80.0,413,46,19,21,90.5,6,8,75.0,2,2,100.0,0,0.0,0.0,0,1,0,0,2,35,35,0,0,0,0,2,0,0,0,0,0,28,0,2,0,0,0,0,0,0,0,0,0,0,0,0,0,0,50,0,4,21,25,3,50,6,0,0.0,2,33.3,29,181,70,2,1,1,0,1,33,5,4,3,3,1,0,2,3,66.7,1,2,0,2,2,6,0,0,0,0,0,0,0,0,2,2,3,0,0,0,1,0,2,0.0,Leeds United,Wilfried-Gnonto,75fdd638
2025-08-23,Sat,Matchweek 2,Away,L 0–5,Leeds United,Arsenal,Y,LW,65,0,0,0,0,0,0,0,0,18,4,0,0,0.0,0.0,0.0,1,0,7,9,77.8,0,7,0,2,0,Match Report,7,9,77.8,62,7,7,7,100.0,0,2,0.0,0,0,,0,0.0,0.0,0,0,0,0,0,9,9,0,0,0,0,0,0,0,0,0,0,7,0,0,1,1,0,0,0,0,0,0,0,0,0,0,0,0,18,1,5,10,3,1,18,2,0,0.0,2,100.0,7,10,1,0,0,0,0,0,7,0,4,3,2,2,0,2,3,66.7,1,0,0,0,0,4,0,0,0,0,0,0,0,0,0,0,3,0,0,0,2,0,1,0.0,Leeds United,Wilfried-Gnonto,75fdd638
2025-08-30,Sat,Matchweek 3,Home,D 0–0,Leeds United,Newcastle Utd,Y,LW,59,0,0,0,0,2,0,1,0,32,0,0,0,0.0,0.0,0.1,3,0,20,26,76.9,2,22,2,2,1,Match Report,20,26,76.9,218,27,14,15,93.3,2,4,50.0,1,2,50.0,0,0.1,0.0,1,0,1,0,2,26,26,0,0,0,0,2,0,0,0,0,0,20,0,0,3,2,0,1,0,0,0,0,0,0,0,0,0,0,32,0,3,11,20,0,32,2,1,50.0,1,50.0,22,162,112,2,2,0,1,0,27,9,0,0,0,0,0,0,0,,0,0,0,0,0,0,0,0,1,0,0,1,0,0,2,0,0,0,0,0,3,0,0,,Leeds United,Wilfried-Gnonto,75fdd638
2025-09-13,Sat,Matchweek 4,Away,L 0–1,Leeds United,Fulham,N,RW,2,0,0,0,0,0,0,0,0,2,1,0,0,0.0,0.0,0.0,0,0,0,1,0.0,0,0,0,0,0,Match Report,0,1,0.0,0,0,0,1,0.0,0,0,,0,0,,0,0.0,0.0,0,0,0,0,0,1,1,0,0,0,0,0,0,0,0,0,0,0,0,0,0,0,0,0,0,0,0,0,0,0,0,0,0,0,2,0,1,1,0,0,2,0,0,,0,,0,0,0,0,0,0,0,0,0,0,1,1,0,1,0,1,1,100.0,0,0,0,0,0,1,0,0,0,0,0,0,0,0,0,0,1,0,0,0,0,0,0,,Leeds United,Wilfried-Gnonto,75fdd638
2025-08-18,Mon,Matchweek 1,Home,W 1–0,Leeds United,Everton,N,CM,13,0,0,0,0,0,0,0,0,6,0,0,0,0.0,0.0,0.0,0,0,4,5,80.0,1,2,0,0,0,Match Report,4,5,80.0,50,23,3,3,100.0,1,1,100.0,0,0,,0,0.0,0.0,0,2,0,0,1,5,5,0,0,0,0,0,0,0,0,0,0,4,0,0,0,0,0,0,0,0,0,0,0,0,0,0,0,0,6,1,2,3,1,0,6,0,0,,0,,2,7,0,0,0,0,0,0,3,0,0,0,0,0,0,0,0,,0,0,0,0,0,0,1,0,0,0,0,0,0,0,0,0,0,0,0,0,0,0,1,0.0,Leeds United,Ilia-Gruev,1fc4f3d1
2025-08-23,Sat,Matchweek 2,Away,L 0–5,Leeds United,Arsenal,Y,CM,90,0,0,0,0,0,0,0,0,41,2,1,1,0.0,0.0,0.0,0,0,34,37,91.9,1,27,0,0,0,Match Report,34,37,91.9,461,70,21,23,91.3,11,12,91.7,1,1,100.0,0,0.0,0.0,0,0,0,0,1,37,36,1,1,0,0,0,0,0,0,0,0,34,0,0,0,0,0,0,0,0,0,0,0,0,0,0,0,0,41,3,20,20,1,0,41,0,0,,0,,27,79,11,0,0,0,0,0,26,0,2,1,2,0,0,1,2,50.0,1,1,1,0,1,3,0,0,0,0,0,0,0,0,0,1,1,0,0,0,3,0,0,,Leeds United,Ilia-Gruev,1fc4f3d1
2025-08-30,Sat,Matchweek 3,Home,D 0–0,Leeds United,Newcastle Utd,Y,CM,90,0,0,0,0,0,0,0,0,66,3,2,1,0.0,0.0,0.0,0,0,52,55,94.5,4,35,0,0,0,Match Report,52,55,94.5,857,172,28,28,100.0,16,19,84.2,6,6,100.0,0,0.0,0.0,0,7,0,0,4,55,52,3,3,0,0,0,0,0,0,0,0,52,0,0,0,0,0,0,0,0,0,0,0,0,0,0,0,0,66,1,12,49,5,1,66,0,0,,0,,35,150,45,0,2,0,1,0,44,0,3,3,1,2,0,1,4,25.0,3,1,0,1,2,5,1,0,0,0,0,0,0,0,0,2,3,0,0,0,2,1,1,50.0,Leeds United,Ilia-Gruev,1fc4f3d1
2025-09-13,Sat,Matchweek 4,Away,L 0–1,Leeds United,Fulham,N,"On matchday squad, but did not play","On matchday squad, but did not play","On matchday squad, but did not play","On matchday squad, but did not play","On matchday squad, but did not play","On matchday squad, but did not play","On matchday squad, but did not play","On matchday squad, but did not play","On matchday squad, but did not play","On matchday squad, but did not play","On matchday squad, but did not play","On matchday squad, but did not play","On matchday squad, but did not play","On matchday squad, but did not play","On matchday squad, but did not play","On matchday squad, but did not play","On matchday squad, but did not play","On matchday squad, but did not play","On matchday squad, but did not play","On matchday squad, but did not play","On matchday squad, but did not play","On matchday squad, but did not play","On matchday squad, but did not play","On matchday squad, but did not play","On matchday squad, but did not play","On matchday squad, but did not play","On matchday squad, but did not play",Match Report,"On matchday squad, but did not play","On matchday squad, but did not play","On matchday squad, but did not play","On matchday squad, but did not play","On matchday squad, but did not play","On matchday squad, but did not play","On matchday squad, but did not play","On matchday squad, but did not play","On matchday squad, but did not play","On matchday squad, but did not play","On matchday squad, but did not play","On matchday squad, but did not play","On matchday squad, but did not play","On matchday squad, but did not play","On matchday squad, but did not play","On matchday squad, but did not play","On matchday squad, but did not play","On matchday squad, but did not play","On matchday squad, but did not play","On matchday squad, but did not play","On matchday squad, but did not play","On matchday squad, but did not play","On matchday squad, but did not play","On matchday squad, but did not play","On matchday squad, but did not play","On matchday squad, but did not play","On matchday squad, but did not play","On matchday squad, but did not play","On matchday squad, but did not play","On matchday squad, but did not play","On matchday squad, but did not play","On matchday squad, but did not play","On matchday squad, but did not play","On matchday squad, but did not play","On matchday squad, but did not play","On matchday squad, but did not play","On matchday squad, but did not play","On matchday squad, but did not play","On matchday squad, but did not play","On matchday squad, but did not play","On matchday squad, but did not play","On matchday squad, but did not play","On matchday squad, but did not play","On matchday squad, but did not play","On matchday squad, but did not play","On matchday squad, but did not play","On matchday squad, but did not play","On matchday squad, but did not play","On matchday squad, but did not play","On matchday squad, but did not play","On matchday squad, but did not play","On matchday squad, but did not play","On matchday squad, but did not play","On matchday squad, but did not play","On matchday squad, but did not play","On matchday squad, but did not play","On matchday squad, but did not play","On matchday squad, but did not play","On matchday squad, but did not play","On matchday squad, but did not play","On matchday squad, but did not play","On matchday squad, but did not play","On matchday squad, but did not play","On matchday squad, but did not play","On matchday squad, but did not play","On matchday squad, but did not play","On matchday squad, but did not play","On matchday squad, but did not play","On matchday squad, but did not play","On matchday squad, but did not play","On matchday squad, but did not play","On matchday squad, but did not play","On matchday squad, but did not play","On matchday squad, but did not play","On matchday squad, but did not play","On matchday squad, but did not play","On matchday squad, but did not play","On matchday squad, but did not play","On matchday squad, but did not play","On matchday squad, but did not play","On matchday squad, but did not play","On matchday squad, but did not play","On matchday squad, but did not play","On matchday squad, but did not play","On matchday squad, but did not play","On matchday squad, but did not play","On matchday squad, but did not play","On matchday squad, but did not play","On matchday squad, but did not play","On matchday squad, but did not play","On matchday squad, but did not play","On matchday squad, but did not play","On matchday squad, but did not play","On matchday squad, but did not play","On matchday squad, but did not play","On matchday squad, but did not play","On matchday squad, but did not play","On matchday squad, but did not play","On matchday squad, but did not play","On matchday squad, but did not play","On matchday squad, but did not play","On matchday squad, but did not play","On matchday squad, but did not play","On matchday squad, but did not play","On matchday squad, but did not play",Leeds United,Ilia-Gruev,1fc4f3d1
2025-09-20,Sat,Matchweek 5,Away,W 3–1,Leeds United,Wolves,N,CM,1,0,0,0,0,0,0,0,0,1,0,0,0,0.0,0.0,0.0,0,0,1,1,100.0,0,0,0,0,0,Match Report,1,1,100.0,9,5,1,1,100.0,0,0,,0,0,,0,0.0,0.0,0,0,0,0,0,1,1,0,0,0,0,0,0,0,0,0,0,1,0,0,0,0,0,0,0,0,0,0,0,0,0,0,0,0,1,0,0,1,0,0,1,0,0,,0,,0,0,0,0,0,0,0,0,0,0,0,0,0,0,0,0,0,,0,0,0,0,0,0,0,0,0,0,0,0,0,0,0,0,0,0,0,0,0,0,0,,Leeds United,Ilia-Gruev,1fc4f3d1
2025-09-27,Sat,Matchweek 6,Home,D 2–2,Leeds United,Bournemouth,N,"On matchday squad, but did not play","On matchday squad, but did not play","On matchday squad, but did not play","On matchday squad, but did not play","On matchday squad, but did not play","On matchday squad, but did not play","On matchday squad, but did not play","On matchday squad, but did not play","On matchday squad, but did not play","On matchday squad, but did not play","On matchday squad, but did not play","On matchday squad, but did not play","On matchday squad, but did not play","On matchday squad, but did not play","On matchday squad, but did not play","On matchday squad, but did not play","On matchday squad, but did not play","On matchday squad, but did not play","On matchday squad, but did not play","On matchday squad, but did not play","On matchday squad, but did not play","On matchday squad, but did not play","On matchday squad, but did not play","On matchday squad, but did not play","On matchday squad, but did not play","On matchday squad, but did not play","On matchday squad, but did not play",Match Report,"On matchday squad, but did not play","On matchday squad, but did not play","On matchday squad, but did not play","On matchday squad, but did not play","On matchday squad, but did not play","On matchday squad, but did not play","On matchday squad, but did not play","On matchday squad, but did not play","On matchday squad, but did not play","On matchday squad, but did not play","On matchday squad, but did not play","On matchday squad, but did not play","On matchday squad, but did not play","On matchday squad, but did not play","On matchday squad, but did not play","On matchday squad, but did not play","On matchday squad, but did not play","On matchday squad, but did not play","On matchday squad, but did not play","On matchday squad, but did not play","On matchday squad, but did not play","On matchday squad, but did not play","On matchday squad, but did not play","On matchday squad, but did not play","On matchday squad, but did not play","On matchday squad, but did not play","On matchday squad, but did not play","On matchday squad, but did not play","On matchday squad, but did not play","On matchday squad, but did not play","On matchday squad, but did not play","On matchday squad, but did not play","On matchday squad, but did not play","On matchday squad, but did not play","On matchday squad, but did not play","On matchday squad, but did not play","On matchday squad, but did not play","On matchday squad, but did not play","On matchday squad, but did not play","On matchday squad, but did not play","On matchday squad, but did not play","On matchday squad, but did not play","On matchday squad, but did not play","On matchday squad, but did not play","On matchday squad, but did not play","On matchday squad, but did not play","On matchday squad, but did not play","On matchday squad, but did not play","On matchday squad, but did not play","On matchday squad, but did not play","On matchday squad, but did not play","On matchday squad, but did not play","On matchday squad, but did not play","On matchday squad, but did not play","On matchday squad, but did not play","On matchday squad, but did not play","On matchday squad, but did not play","On matchday squad, but did not play","On matchday squad, but did not play","On matchday squad, but did not play","On matchday squad, but did not play","On matchday squad, but did not play","On matchday squad, but did not play","On matchday squad, but did not play","On matchday squad, but did not play","On matchday squad, but did not play","On matchday squad, but did not play","On matchday squad, but did not play","On matchday squad, but did not play","On matchday squad, but did not play","On matchday squad, but did not play","On matchday squad, but did not play","On matchday squad, but did not play","On matchday squad, but did not play","On matchday squad, but did not play","On matchday squad, but did not play","On matchday squad, but did not play","On matchday squad, but did not play","On matchday squad, but did not play","On matchday squad, but did not play","On matchday squad, but did not play","On matchday squad, but did not play","On matchday squad, but did not play","On matchday squad, but did not play","On matchday squad, but did not play","On matchday squad, but did not play","On matchday squad, but did not play","On matchday squad, but did not play","On matchday squad, but did not play","On matchday squad, but did not play","On matchday squad, but did not play","On matchday squad, but did not play","On matchday squad, but did not play","On matchday squad, but did not play","On matchday squad, but did not play","On matchday squad, but did not play","On matchday squad, but did not play","On matchday squad, but did not play","On matchday squad, but did not play","On matchday squad, but did not play","On matchday squad, but did not play","On matchday squad, but did not play","On matchday squad, but did not play","On matchday squad, but did not play","On matchday squad, but did not play",Leeds United,Ilia-Gruev,1fc4f3d1
2025-10-04,Sat,Matchweek 7,Home,L 1–2,Leeds United,Tottenham,N,"On matchday squad, but did not play","On matchday squad, but did not play","On matchday squad, but did not play","On matchday squad, but did not play","On matchday squad, but did not play","On matchday squad, but did not play","On matchday squad, but did not play","On matchday squad, but did not play","On matchday squad, but did not play","On matchday squad, but did not play","On matchday squad, but did not play","On matchday squad, but did not play","On matchday squad, but did not play","On matchday squad, but did not play","On matchday squad, but did not play","On matchday squad, but did not play","On matchday squad, but did not play","On matchday squad, but did not play","On matchday squad, but did not play","On matchday squad, but did not play","On matchday squad, but did not play","On matchday squad, but did not play","On matchday squad, but did not play","On matchday squad, but did not play","On matchday squad, but did not play","On matchday squad, but did not play","On matchday squad, but did not play",Match Report,"On matchday squad, but did not play","On matchday squad, but did not play","On matchday squad, but did not play","On matchday squad, but did not play","On matchday squad, but did not play","On matchday squad, but did not play","On matchday squad, but did not play","On matchday squad, but did not play","On matchday squad, but did not play","On matchday squad, but did not play","On matchday squad, but did not play","On matchday squad, but did not play","On matchday squad, but did not play","On matchday squad, but did not play","On matchday squad, but did not play","On matchday squad, but did not play","On matchday squad, but did not play","On matchday squad, but did not play","On matchday squad, but did not play","On matchday squad, but did not play","On matchday squad, but did not play","On matchday squad, but did not play","On matchday squad, but did not play","On matchday squad, but did not play","On matchday squad, but did not play","On matchday squad, but did not play","On matchday squad, but did not play","On matchday squad, but did not play","On matchday squad, but did not play","On matchday squad, but did not play","On matchday squad, but did not play","On matchday squad, but did not play","On matchday squad, but did not play","On matchday squad, but did not play","On matchday squad, but did not play","On matchday squad, but did not play","On matchday squad, but did not play","On matchday squad, but did not play","On matchday squad, but did not play","On matchday squad, but did not play","On matchday squad, but did not play","On matchday squad, but did not play","On matchday squad, but did not play","On matchday squad, but did not play","On matchday squad, but did not play","On matchday squad, but did not play","On matchday squad, but did not play","On matchday squad, but did not play","On matchday squad, but did not play","On matchday squad, but did not play","On matchday squad, but did not play","On matchday squad, but did not play","On matchday squad, but did not play","On matchday squad, but did not play","On matchday squad, but did not play","On matchday squad, but did not play","On matchday squad, but did not play","On matchday squad, but did not play","On matchday squad, but did not play","On matchday squad, but did not play","On matchday squad, but did not play","On matchday squad, but did not play","On matchday squad, but did not play","On matchday squad, but did not play","On matchday squad, but did not play","On matchday squad, but did not play","On matchday squad, but did not play","On matchday squad, but did not play","On matchday squad, but did not play","On matchday squad, but did not play","On matchday squad, but did not play","On matchday squad, but did not play","On matchday squad, but did not play","On matchday squad, but did not play","On matchday squad, but did not play","On matchday squad, but did not play","On matchday squad, but did not play","On matchday squad, but did not play","On matchday squad, but did not play","On matchday squad, but did not play","On matchday squad, but did not play","On matchday squad, but did not play","On matchday squad, but did not play","On matchday squad, but did not play","On matchday squad, but did not play","On matchday squad, but did not play","On matchday squad, but did not play","On matchday squad, but did not play","On matchday squad, but did not play","On matchday squad, but did not play","On matchday squad, but did not play","On matchday squad, but did not play","On matchday squad, but did not play","On matchday squad, but did not play","On matchday squad, but did not play","On matchday squad, but did not play","On matchday squad, but did not play","On matchday squad, but did not play","On matchday squad, but did not play","On matchday squad, but did not play","On matchday squad, but did not play","On matchday squad, but did not play","On matchday squad, but did not play","On matchday squad, but did not play","On matchday squad, but did not play",Leeds United,Ilia-Gruev,1fc4f3d1
2025-10-18,Sat,Matchweek 8,Away,L 0–2,Leeds United,Burnley,N,"On matchday squad, but did not play","On matchday squad, but did not play","On matchday squad, but did not play","On matchday squad, but did not play","On matchday squad, but did not play","On matchday squad, but did not play","On matchday squad, but did not play","On matchday squad, but did not play","On matchday squad, but did not play","On matchday squad, but did not play","On matchday squad, but did not play","On matchday squad, but did not play","On matchday squad, but did not play","On matchday squad, but did not play","On matchday squad, but did not play","On matchday squad, but did not play","On matchday squad, but did not play","On matchday squad, but did not play","On matchday squad, but did not play","On matchday squad, but did not play","On matchday squad, but did not play","On matchday squad, but did not play","On matchday squad, but did not play","On matchday squad, but did not play","On matchday squad, but did not play","On matchday squad, but did not play","On matchday squad, but did not play",Match Report,"On matchday squad, but did not play","On matchday squad, but did not play","On matchday squad, but did not play","On matchday squad, but did not play","On matchday squad, but did not play","On matchday squad, but did not play","On matchday squad, but did not play","On matchday squad, but did not play","On matchday squad, but did not play","On matchday squad, but did not play","On matchday squad, but did not play","On matchday squad, but did not play","On matchday squad, but did not play","On matchday squad, but did not play","On matchday squad, but did not play","On matchday squad, but did not play","On matchday squad, but did not play","On matchday squad, but did not play","On matchday squad, but did not play","On matchday squad, but did not play","On matchday squad, but did not play","On matchday squad, but did not play","On matchday squad, but did not play","On matchday squad, but did not play","On matchday squad, but did not play","On matchday squad, but did not play","On matchday squad, but did not play","On matchday squad, but did not play","On matchday squad, but did not play","On matchday squad, but did not play","On matchday squad, but did not play","On matchday squad, but did not play","On matchday squad, but did not play","On matchday squad, but did not play","On matchday squad, but did not play","On matchday squad, but did not play","On matchday squad, but did not play","On matchday squad, but did not play","On matchday squad, but did not play","On matchday squad, but did not play","On matchday squad, but did not play","On matchday squad, but did not play","On matchday squad, but did not play","On matchday squad, but did not play","On matchday squad, but did not play","On matchday squad, but did not play","On matchday squad, but did not play","On matchday squad, but did not play","On matchday squad, but did not play","On matchday squad, but did not play","On matchday squad, but did not play","On matchday squad, but did not play","On matchday squad, but did not play","On matchday squad, but did not play","On matchday squad, but did not play","On matchday squad, but did not play","On matchday squad, but did not play","On matchday squad, but did not play","On matchday squad, but did not play","On matchday squad, but did not play","On matchday squad, but did not play","On matchday squad, but did not play","On matchday squad, but did not play","On matchday squad, but did not play","On matchday squad, but did not play","On matchday squad, but did not play","On matchday squad, but did not play","On matchday squad, but did not play","On matchday squad, but did not play","On matchday squad, but did not play","On matchday squad, but did not play","On matchday squad, but did not play","On matchday squad, but did not play","On matchday squad, but did not play","On matchday squad, but did not play","On matchday squad, but did not play","On matchday squad, but did not play","On matchday squad, but did not play","On matchday squad, but did not play","On matchday squad, but did not play","On matchday squad, but did not play","On matchday squad, but did not play","On matchday squad, but did not play","On matchday squad, but did not play","On matchday squad, but did not play","On matchday squad, but did not play","On matchday squad, but did not play","On matchday squad, but did not play","On matchday squad, but did not play","On matchday squad, but did not play","On matchday squad, but did not play","On matchday squad, but did not play","On matchday squad, but did not play","On matchday squad, but did not play","On matchday squad, but did not play","On matchday squad, but did not play","On matchday squad, but did not play","On matchday squad, but did not play","On matchday squad, but did not play","On matchday squad, but did not play","On matchday squad, but did not play","On matchday squad, but did not play","On matchday squad, but did not play","On matchday squad, but did not play","On matchday squad, but did not play",Leeds United,Ilia-Gruev,1fc4f3d1
2025-10-24,Fri,Matchweek 9,Home,W 2–1,Leeds United,West Ham,N,LM,19,0,0,0,0,0,0,1,0,6,1,0,0,0.0,0.0,0.0,0,0,5,5,100.0,1,3,0,0,0,Match Report,5,5,100.0,83,15,2,2,100.0,3,3,100.0,0,0,,0,0.0,0.0,0,0,0,0,1,5,5,0,0,0,0,0,0,0,0,0,0,5,0,0,0,0,0,0,0,0,0,0,0,0,0,0,0,0,6,0,2,3,1,0,6,0,0,,0,,3,11,2,0,0,0,0,0,4,0,1,1,0,1,0,1,1,100.0,0,0,0,0,0,1,0,0,1,0,0,1,1,0,0,0,1,0,0,0,2,0,1,0.0,Leeds United,Ilia-Gruev,1fc4f3d1
2025-08-18,Mon,Matchweek 1,Home,W 1–0,Leeds United,Everton,Y,FW,77,0,0,0,0,3,1,0,0,26,0,0,0,0.3,0.3,0.0,1,0,15,18,83.3,1,8,0,0,0,Match Report,15,18,83.3,240,33,7,9,77.8,5,5,100.0,1,1,100.0,0,0.0,0.0,0,2,0,0,1,18,16,1,0,0,0,0,0,0,0,0,0,15,1,0,1,1,0,0,0,0,0,0,0,0,0,0,0,0,26,1,1,14,11,4,26,0,0,,0,,8,14,6,0,0,0,1,1,19,2,0,0,0,0,0,0,1,0.0,1,0,0,0,0,0,0,0,0,0,0,1,0,0,0,0,0,0,0,0,3,1,4,20.0,Leeds United,Joel-Piroe,1f0072a6
2025-08-23,Sat,Matchweek 2,Away,L 0–5,Leeds United,Arsenal,Y,FW,57,0,0,0,0,0,0,0,0,12,0,0,0,0.0,0.0,0.0,0,0,9,11,81.8,0,5,0,0,0,Match Report,9,11,81.8,99,5,6,7,85.7,1,1,100.0,0,0,,0,0.0,0.0,0,1,0,0,0,11,7,4,0,0,0,0,0,0,0,0,0,9,0,1,0,0,0,0,0,0,0,0,0,0,0,0,0,0,12,0,1,11,0,0,12,0,0,,0,,5,24,10,0,0,0,1,0,6,1,0,0,0,0,0,0,0,,0,0,0,0,0,0,0,0,0,0,0,0,0,0,0,0,0,0,0,0,1,0,3,0.0,Leeds United,Joel-Piroe,1f0072a6
2025-08-30,Sat,Matchweek 3,Home,D 0–0,Leeds United,Newcastle Utd,N,"On matchday squad, but did not play","On matchday squad, but did not play","On matchday squad, but did not play","On matchday squad, but did not play","On matchday squad, but did not play","On matchday squad, but did not play","On matchday squad, but did not play","On matchday squad, but did not play","On matchday squad, but did not play","On matchday squad, but did not play","On matchday squad, but did not play","On matchday squad, but did not play","On matchday squad, but did not play","On matchday squad, but did not play","On matchday squad, but did not play","On matchday squad, but did not play","On matchday squad, but did not play","On matchday squad, but did not play","On matchday squad, but did not play","On matchday squad, but did not play","On matchday squad, but did not play","On matchday squad, but did not play","On matchday squad, but did not play","On matchday squad, but did not play","On matchday squad, but did not play","On matchday squad, but did not play","On matchday squad, but did not play",Match Report,"On matchday squad, but did not play","On matchday squad, but did not play","On matchday squad, but did not play","On matchday squad, but did not play","On matchday squad, but did not play","On matchday squad, but did not play","On matchday squad, but did not play","On matchday squad, but did not play","On matchday squad, but did not play","On matchday squad, but did not play","On matchday squad, but did not play","On matchday squad, but did not play","On matchday squad, but did not play","On matchday squad, but did not play","On matchday squad, but did not play","On matchday squad, but did not play","On matchday squad, but did not play","On matchday squad, but did not play","On matchday squad, but did not play","On matchday squad, but did not play","On matchday squad, but did not play","On matchday squad, but did not play","On matchday squad, but did not play","On matchday squad, but did not play","On matchday squad, but did not play","On matchday squad, but did not play","On matchday squad, but did not play","On matchday squad, but did not play","On matchday squad, but did not play","On matchday squad, but did not play","On matchday squad, but did not play","On matchday squad, but did not play","On matchday squad, but did not play","On matchday squad, but did not play","On matchday squad, but did not play","On matchday squad, but did not play","On matchday squad, but did not play","On matchday squad, but did not play","On matchday squad, but did not play","On matchday squad, but did not play","On matchday squad, but did not play","On matchday squad, but did not play","On matchday squad, but did not play","On matchday squad, but did not play","On matchday squad, but did not play","On matchday squad, but did not play","On matchday squad, but did not play","On matchday squad, but did not play","On matchday squad, but did not play","On matchday squad, but did not play","On matchday squad, but did not play","On matchday squad, but did not play","On matchday squad, but did not play","On matchday squad, but did not play","On matchday squad, but did not play","On matchday squad, but did not play","On matchday squad, but did not play","On matchday squad, but did not play","On matchday squad, but did not play","On matchday squad, but did not play","On matchday squad, but did not play","On matchday squad, but did not play","On matchday squad, but did not play","On matchday squad, but did not play","On matchday squad, but did not play","On matchday squad, but did not play","On matchday squad, but did not play","On matchday squad, but did not play","On matchday squad, but did not play","On matchday squad, but did not play","On matchday squad, but did not play","On matchday squad, but did not play","On matchday squad, but did not play","On matchday squad, but did not play","On matchday squad, but did not play","On matchday squad, but did not play","On matchday squad, but did not play","On matchday squad, but did not play","On matchday squad, but did not play","On matchday squad, but did not play","On matchday squad, but did not play","On matchday squad, but did not play","On matchday squad, but did not play","On matchday squad, but did not play","On matchday squad, but did not play","On matchday squad, but did not play","On matchday squad, but did not play","On matchday squad, but did not play","On matchday squad, but did not play","On matchday squad, but did not play","On matchday squad, but did not play","On matchday squad, but did not play","On matchday squad, but did not play","On matchday squad, but did not play","On matchday squad, but did not play","On matchday squad, but did not play","On matchday squad, but did not play","On matchday squad, but did not play","On matchday squad, but did not play","On matchday squad, but did not play","On matchday squad, but did not play","On matchday squad, but did not play","On matchday squad, but did not play","On matchday squad, but did not play","On matchday squad, but did not play",Leeds United,Joel-Piroe,1f0072a6
2025-09-20,Sat,Matchweek 5,Away,W 3–1,Leeds United,Wolves,N,"On matchday squad, but did not play","On matchday squad, but did not play","On matchday squad, but did not play","On matchday squad, but did not play","On matchday squad, but did not play","On matchday squad, but did not play","On matchday squad, but did not play","On matchday squad, but did not play","On matchday squad, but did not play","On matchday squad, but did not play","On matchday squad, but did not play","On matchday squad, but did not play","On matchday squad, but did not play","On matchday squad, but did not play","On matchday squad, but did not play","On matchday squad, but did not play","On matchday squad, but did not play","On matchday squad, but did not play","On matchday squad, but did not play","On matchday squad, but did not play","On matchday squad, but did not play","On matchday squad, but did not play","On matchday squad, but did not play","On matchday squad, but did not play","On matchday squad, but did not play","On matchday squad, but did not play","On matchday squad, but did not play",Match Report,"On matchday squad, but did not play","On matchday squad, but did not play","On matchday squad, but did not play","On matchday squad, but did not play","On matchday squad, but did not play","On matchday squad, but did not play","On matchday squad, but did not play","On matchday squad, but did not play","On matchday squad, but did not play","On matchday squad, but did not play","On matchday squad, but did not play","On matchday squad, but did not play","On matchday squad, but did not play","On matchday squad, but did not play","On matchday squad, but did not play","On matchday squad, but did not play","On matchday squad, but did not play","On matchday squad, but did not play","On matchday squad, but did not play","On matchday squad, but did not play","On matchday squad, but did not play","On matchday squad, but did not play","On matchday squad, but did not play","On matchday squad, but did not play","On matchday squad, but did not play","On matchday squad, but did not play","On matchday squad, but did not play","On matchday squad, but did not play","On matchday squad, but did not play","On matchday squad, but did not play","On matchday squad, but did not play","On matchday squad, but did not play","On matchday squad, but did not play","On matchday squad, but did not play","On matchday squad, but did not play","On matchday squad, but did not play","On matchday squad, but did not play","On matchday squad, but did not play","On matchday squad, but did not play","On matchday squad, but did not play","On matchday squad, but did not play","On matchday squad, but did not play","On matchday squad, but did not play","On matchday squad, but did not play","On matchday squad, but did not play","On matchday squad, but did not play","On matchday squad, but did not play","On matchday squad, but did not play","On matchday squad, but did not play","On matchday squad, but did not play","On matchday squad, but did not play","On matchday squad, but did not play","On matchday squad, but did not play","On matchday squad, but did not play","On matchday squad, but did not play","On matchday squad, but did not play","On matchday squad, but did not play","On matchday squad, but did not play","On matchday squad, but did not play","On matchday squad, but did not play","On matchday squad, but did not play","On matchday squad, but did not play","On matchday squad, but did not play","On matchday squad, but did not play","On matchday squad, but did not play","On matchday squad, but did not play","On matchday squad, but did not play","On matchday squad, but did not play","On matchday squad, but did not play","On matchday squad, but did not play","On matchday squad, but did not play","On matchday squad, but did not play","On matchday squad, but did not play","On matchday squad, but did not play","On matchday squad, but did not play","On matchday squad, but did not play","On matchday squad, but did not play","On matchday squad, but did not play","On matchday squad, but did not play","On matchday squad, but did not play","On matchday squad, but did not play","On matchday squad, but did not play","On matchday squad, but did not play","On matchday squad, but did not play","On matchday squad, but did not play","On matchday squad, but did not play","On matchday squad, but did not play","On matchday squad, but did not play","On matchday squad, but did not play","On matchday squad, but did not play","On matchday squad, but did not play","On matchday squad, but did not play","On matchday squad, but did not play","On matchday squad, but did not play","On matchday squad, but did not play","On matchday squad, but did not play","On matchday squad, but did not play","On matchday squad, but did not play","On matchday squad, but did not play","On matchday squad, but did not play","On matchday squad, but did not play","On matchday squad, but did not play","On matchday squad, but did not play","On matchday squad, but did not play","On matchday squad, but did not play",Leeds United,Joel-Piroe,1f0072a6
2025-09-27,Sat,Matchweek 6,Home,D 2–2,Leeds United,Bournemouth,N,"On matchday squad, but did not play","On matchday squad, but did not play","On matchday squad, but did not play","On matchday squad, but did not play","On matchday squad, but did not play","On matchday squad, but did not play","On matchday squad, but did not play","On matchday squad, but did not play","On matchday squad, but did not play","On matchday squad, but did not play","On matchday squad, but did not play","On matchday squad, but did not play","On matchday squad, but did not play","On matchday squad, but did not play","On matchday squad, but did not play","On matchday squad, but did not play","On matchday squad, but did not play","On matchday squad, but did not play","On matchday squad, but did not play","On matchday squad, but did not play","On matchday squad, but did not play","On matchday squad, but did not play","On matchday squad, but did not play","On matchday squad, but did not play","On matchday squad, but did not play","On matchday squad, but did not play","On matchday squad, but did not play",Match Report,"On matchday squad, but did not play","On matchday squad, but did not play","On matchday squad, but did not play","On matchday squad, but did not play","On matchday squad, but did not play","On matchday squad, but did not play","On matchday squad, but did not play","On matchday squad, but did not play","On matchday squad, but did not play","On matchday squad, but did not play","On matchday squad, but did not play","On matchday squad, but did not play","On matchday squad, but did not play","On matchday squad, but did not play","On matchday squad, but did not play","On matchday squad, but did not play","On matchday squad, but did not play","On matchday squad, but did not play","On matchday squad, but did not play","On matchday squad, but did not play","On matchday squad, but did not play","On matchday squad, but did not play","On matchday squad, but did not play","On matchday squad, but did not play","On matchday squad, but did not play","On matchday squad, but did not play","On matchday squad, but did not play","On matchday squad, but did not play","On matchday squad, but did not play","On matchday squad, but did not play","On matchday squad, but did not play","On matchday squad, but did not play","On matchday squad, but did not play","On matchday squad, but did not play","On matchday squad, but did not play","On matchday squad, but did not play","On matchday squad, but did not play","On matchday squad, but did not play","On matchday squad, but did not play","On matchday squad, but did not play","On matchday squad, but did not play","On matchday squad, but did not play","On matchday squad, but did not play","On matchday squad, but did not play","On matchday squad, but did not play","On matchday squad, but did not play","On matchday squad, but did not play","On matchday squad, but did not play","On matchday squad, but did not play","On matchday squad, but did not play","On matchday squad, but did not play","On matchday squad, but did not play","On matchday squad, but did not play","On matchday squad, but did not play","On matchday squad, but did not play","On matchday squad, but did not play","On matchday squad, but did not play","On matchday squad, but did not play","On matchday squad, but did not play","On matchday squad, but did not play","On matchday squad, but did not play","On matchday squad, but did not play","On matchday squad, but did not play","On matchday squad, but did not play","On matchday squad, but did not play","On matchday squad, but did not play","On matchday squad, but did not play","On matchday squad, but did not play","On matchday squad, but did not play","On matchday squad, but did not play","On matchday squad, but did not play","On matchday squad, but did not play","On matchday squad, but did not play","On matchday squad, but did not play","On matchday squad, but did not play","On matchday squad, but did not play","On matchday squad, but did not play","On matchday squad, but did not play","On matchday squad, but did not play","On matchday squad, but did not play","On matchday squad, but did not play","On matchday squad, but did not play","On matchday squad, but did not play","On matchday squad, but did not play","On matchday squad, but did not play","On matchday squad, but did not play","On matchday squad, but did not play","On matchday squad, but did not play","On matchday squad, but did not play","On matchday squad, but did not play","On matchday squad, but did not play","On matchday squad, but did not play","On matchday squad, but did not play","On matchday squad, but did not play","On matchday squad, but did not play","On matchday squad, but did not play","On matchday squad, but did not play","On matchday squad, but did not play","On matchday squad, but did not play","On matchday squad, but did not play","On matchday squad, but did not play","On matchday squad, but did not play","On matchday squad, but did not play","On matchday squad, but did not play","On matchday squad, but did not play",Leeds United,Joel-Piroe,1f0072a6
2025-10-04,Sat,Matchweek 7,Home,L 1–2,Leeds United,Tottenham,N,AM,12,0,0,0,0,1,1,0,0,9,0,0,0,0.1,0.1,0.0,1,0,6,8,75.0,0,4,1,0,0,Match Report,6,8,75.0,109,0,2,3,66.7,4,4,100.0,0,0,,0,0.0,0.0,0,0,0,0,0,8,8,0,0,0,0,0,0,0,0,0,0,6,0,0,1,0,0,0,1,0,0,0,0,0,0,0,0,0,9,0,1,3,5,2,9,0,0,,0,,4,16,6,1,0,1,0,1,8,1,0,0,0,0,0,0,0,,0,0,0,0,0,0,0,0,0,0,0,0,0,0,0,0,0,0,0,0,1,1,0,100.0,Leeds United,Joel-Piroe,1f0072a6
2025-10-18,Sat,Matchweek 8,Away,L 0–2,Leeds United,Burnley,N,AM,18,0,0,0,0,2,0,0,0,16,0,1,0,0.2,0.2,0.0,1,0,8,11,72.7,0,8,0,0,0,Match Report,8,11,72.7,92,4,7,8,87.5,1,1,100.0,0,1,0.0,0,0.0,0.0,0,0,0,0,0,11,11,0,0,0,0,0,0,0,0,0,0,8,0,1,1,0,0,0,1,0,0,0,0,0,0,0,0,0,16,0,0,7,9,4,16,0,0,,0,,8,23,3,0,1,1,0,1,11,2,0,0,0,0,0,0,0,,0,0,0,0,1,1,0,0,0,0,0,0,0,0,0,1,0,0,0,0,1,0,1,0.0,Leeds United,Joel-Piroe,1f0072a6
2025-10-24,Fri,Matchweek 9,Home,W 2–1,Leeds United,West Ham,N,"On matchday squad, but did not play","On matchday squad, but did not play","On matchday squad, but did not play","On matchday squad, but did not play","On matchday squad, but did not play","On matchday squad, but did not play","On matchday squad, but did not play","On matchday squad, but did not play","On matchday squad, but did not play","On matchday squad, but did not play","On matchday squad, but did not play","On matchday squad, but did not play","On matchday squad, but did not play","On matchday squad, but did not play","On matchday squad, but did not play","On matchday squad, but did not play","On matchday squad, but did not play","On matchday squad, but did not play","On matchday squad, but did not play","On matchday squad, but did not play","On matchday squad, but did not play","On matchday squad, but did not play","On matchday squad, but did not play","On matchday squad, but did not play","On matchday squad, but did not play","On matchday squad, but did not play","On matchday squad, but did not play",Match Report,"On matchday squad, but did not play","On matchday squad, but did not play","On matchday squad, but did not play","On matchday squad, but did not play","On matchday squad, but did not play","On matchday squad, but did not play","On matchday squad, but did not play","On matchday squad, but did not play","On matchday squad, but did not play","On matchday squad, but did not play","On matchday squad, but did not play","On matchday squad, but did not play","On matchday squad, but did not play","On matchday squad, but did not play","On matchday squad, but did not play","On matchday squad, but did not play","On matchday squad, but did not play","On matchday squad, but did not play","On matchday squad, but did not play","On matchday squad, but did not play","On matchday squad, but did not play","On matchday squad, but did not play","On matchday squad, but did not play","On matchday squad, but did not play","On matchday squad, but did not play","On matchday squad, but did not play","On matchday squad, but did not play","On matchday squad, but did not play","On matchday squad, but did not play","On matchday squad, but did not play","On matchday squad, but did not play","On matchday squad, but did not play","On matchday squad, but did not play","On matchday squad, but did not play","On matchday squad, but did not play","On matchday squad, but did not play","On matchday squad, but did not play","On matchday squad, but did not play","On matchday squad, but did not play","On matchday squad, but did not play","On matchday squad, but did not play","On matchday squad, but did not play","On matchday squad, but did not play","On matchday squad, but did not play","On matchday squad, but did not play","On matchday squad, but did not play","On matchday squad, but did not play","On matchday squad, but did not play","On matchday squad, but did not play","On matchday squad, but did not play","On matchday squad, but did not play","On matchday squad, but did not play","On matchday squad, but did not play","On matchday squad, but did not play","On matchday squad, but did not play","On matchday squad, but did not play","On matchday squad, but did not play","On matchday squad, but did not play","On matchday squad, but did not play","On matchday squad, but did not play","On matchday squad, but did not play","On matchday squad, but did not play","On matchday squad, but did not play","On matchday squad, but did not play","On matchday squad, but did not play","On matchday squad, but did not play","On matchday squad, but did not play","On matchday squad, but did not play","On matchday squad, but did not play","On matchday squad, but did not play","On matchday squad, but did not play","On matchday squad, but did not play","On matchday squad, but did not play","On matchday squad, but did not play","On matchday squad, but did not play","On matchday squad, but did not play","On matchday squad, but did not play","On matchday squad, but did not play","On matchday squad, but did not play","On matchday squad, but did not play","On matchday squad, but did not play","On matchday squad, but did not play","On matchday squad, but did not play","On matchday squad, but did not play","On matchday squad, but did not play","On matchday squad, but did not play","On matchday squad, but did not play","On matchday squad, but did not play","On matchday squad, but did not play","On matchday squad, but did not play","On matchday squad, but did not play","On matchday squad, but did not play","On matchday squad, but did not play","On matchday squad, but did not play","On matchday squad, but did not play","On matchday squad, but did not play","On matchday squad, but did not play","On matchday squad, but did not play","On matchday squad, but did not play","On matchday squad, but did not play","On matchday squad, but did not play","On matchday squad, but did not play","On matchday squad, but did not play","On matchday squad, but did not play","On matchday squad, but did not play",Leeds United,Joel-Piroe,1f0072a6
2025-08-18,Mon,Matchweek 1,Home,W 1–0,Leeds United,Everton,N,RW,13,0,0,0,0,0,0,0,0,10,1,0,0,0.0,0.0,0.0,1,0,5,9,55.6,1,6,2,0,0,Match Report,5,9,55.6,63,18,4,5,80.0,1,4,25.0,0,0,,0,0.0,0.0,0,0,0,0,1,9,9,0,0,0,0,2,0,0,0,0,0,5,0,0,1,1,0,0,0,0,0,0,0,0,0,0,0,0,10,0,2,1,7,1,10,0,0,,0,,6,33,17,2,0,1,0,0,8,4,1,0,1,0,0,1,1,100.0,0,0,0,0,0,1,0,0,0,0,0,0,0,0,2,0,0,0,0,0,0,1,0,100.0,Leeds United,Jack-Harrison,aa849a12
2025-08-23,Sat,Matchweek 2,Away,L 0–5,Leeds United,Arsenal,N,"On matchday squad, but did not play","On matchday squad, but did not play","On matchday squad, but did not play","On matchday squad, but did not play","On matchday squad, but did not play","On matchday squad, but did not play","On matchday squad, but did not play","On matchday squad, but did not play","On matchday squad, but did not play","On matchday squad, but did not play","On matchday squad, but did not play","On matchday squad, but did not play","On matchday squad, but did not play","On matchday squad, but did not play","On matchday squad, but did not play","On matchday squad, but did not play","On matchday squad, but did not play","On matchday squad, but did not play","On matchday squad, but did not play","On matchday squad, but did not play","On matchday squad, but did not play","On matchday squad, but did not play","On matchday squad, but did not play","On matchday squad, but did not play","On matchday squad, but did not play","On matchday squad, but did not play","On matchday squad, but did not play",Match Report,"On matchday squad, but did not play","On matchday squad, but did not play","On matchday squad, but did not play","On matchday squad, but did not play","On matchday squad, but did not play","On matchday squad, but did not play","On matchday squad, but did not play","On matchday squad, but did not play","On matchday squad, but did not play","On matchday squad, but did not play","On matchday squad, but did not play","On matchday squad, but did not play","On matchday squad, but did not play","On matchday squad, but did not play","On matchday squad, but did not play","On matchday squad, but did not play","On matchday squad, but did not play","On matchday squad, but did not play","On matchday squad, but did not play","On matchday squad, but did not play","On matchday squad, but did not play","On matchday squad, but did not play","On matchday squad, but did not play","On matchday squad, but did not play","On matchday squad, but did not play","On matchday squad, but did not play","On matchday squad, but did not play","On matchday squad, but did not play","On matchday squad, but did not play","On matchday squad, but did not play","On matchday squad, but did not play","On matchday squad, but did not play","On matchday squad, but did not play","On matchday squad, but did not play","On matchday squad, but did not play","On matchday squad, but did not play","On matchday squad, but did not play","On matchday squad, but did not play","On matchday squad, but did not play","On matchday squad, but did not play","On matchday squad, but did not play","On matchday squad, but did not play","On matchday squad, but did not play","On matchday squad, but did not play","On matchday squad, but did not play","On matchday squad, but did not play","On matchday squad, but did not play","On matchday squad, but did not play","On matchday squad, but did not play","On matchday squad, but did not play","On matchday squad, but did not play","On matchday squad, but did not play","On matchday squad, but did not play","On matchday squad, but did not play","On matchday squad, but did not play","On matchday squad, but did not play","On matchday squad, but did not play","On matchday squad, but did not play","On matchday squad, but did not play","On matchday squad, but did not play","On matchday squad, but did not play","On matchday squad, but did not play","On matchday squad, but did not play","On matchday squad, but did not play","On matchday squad, but did not play","On matchday squad, but did not play","On matchday squad, but did not play","On matchday squad, but did not play","On matchday squad, but did not play","On matchday squad, but did not play","On matchday squad, but did not play","On matchday squad, but did not play","On matchday squad, but did not play","On matchday squad, but did not play","On matchday squad, but did not play","On matchday squad, but did not play","On matchday squad, but did not play","On matchday squad, but did not play","On matchday squad, but did not play","On matchday squad, but did not play","On matchday squad, but did not play","On matchday squad, but did not play","On matchday squad, but did not play","On matchday squad, but did not play","On matchday squad, but did not play","On matchday squad, but did not play","On matchday squad, but did not play","On matchday squad, but did not play","On matchday squad, but did not play","On matchday squad, but did not play","On matchday squad, but did not play","On matchday squad, but did not play","On matchday squad, but did not play","On matchday squad, but did not play","On matchday squad, but did not play","On matchday squad, but did not play","On matchday squad, but did not play","On matchday squad, but did not play","On matchday squad, but did not play","On matchday squad, but did not play","On matchday squad, but did not play","On matchday squad, but did not play","On matchday squad, but did not play","On matchday squad, but did not play","On matchday squad, but did not play",Leeds United,Jack-Harrison,aa849a12
2025-08-30,Sat,Matchweek 3,Home,D 0–0,Leeds United,Newcastle Utd,N,LW,31,0,0,0,0,0,0,0,0,22,1,3,1,0.0,0.0,0.0,0,0,6,13,46.2,1,14,2,4,2,Match Report,6,13,46.2,123,63,3,4,75.0,2,3,66.7,1,5,20.0,0,0.0,0.0,0,2,1,0,1,13,10,3,1,0,0,4,0,2,1,1,0,6,0,1,0,0,0,0,0,0,0,0,0,0,0,0,0,0,22,0,5,12,8,1,22,4,2,50.0,0,0.0,14,125,62,2,0,1,3,0,12,3,1,1,0,1,0,0,0,,0,1,0,1,3,4,0,0,0,0,0,0,2,0,4,3,1,0,0,0,2,0,0,,Leeds United,Jack-Harrison,aa849a12
2025-09-13,Sat,Matchweek 4,Away,L 0–1,Leeds United,Fulham,N,LW,22,0,0,0,0,0,0,0,0,5,0,0,0,0.0,0.0,0.0,0,0,4,5,80.0,0,1,0,0,0,Match Report,4,5,80.0,97,24,1,1,100.0,1,1,100.0,2,2,100.0,0,0.0,0.0,0,0,0,0,0,5,3,2,1,0,0,0,0,0,0,0,0,4,0,1,0,0,0,0,0,0,0,0,0,0,0,0,0,0,5,0,1,3,1,0,5,0,0,,0,,1,12,0,0,0,0,0,0,3,0,0,0,0,0,0,0,0,,0,0,0,0,0,0,0,0,0,0,0,0,0,0,0,0,0,0,0,0,0,0,0,,Leeds United,Jack-Harrison,aa849a12
2025-09-20,Sat,Matchweek 5,Away,W 3–1,Leeds United,Wolves,N,LW,21,0,0,0,0,0,0,0,0,11,0,0,0,0.0,0.0,0.0,0,0,7,8,87.5,1,6,1,0,0,Match Report,7,8,87.5,108,40,5,5,100.0,1,1,100.0,1,2,50.0,0,0.0,0.0,0,1,0,0,1,8,8,0,0,0,0,0,0,0,0,0,0,7,0,0,0,0,0,0,0,0,0,0,0,0,0,0,0,0,11,1,4,6,2,0,11,0,0,,0,,6,57,43,1,1,0,2,0,4,0,0,0,0,0,0,0,0,,0,0,0,0,0,0,0,0,0,0,0,0,0,0,0,0,0,0,0,0,3,0,2,0.0,Leeds United,Jack-Harrison,aa849a12
2025-09-27,Sat,Matchweek 6,Home,D 2–2,Leeds United,Bournemouth,N,LW,24,0,0,0,0,2,1,0,0,10,1,0,1,0.1,0.1,0.0,0,0,4,6,66.7,0,4,1,1,1,Match Report,4,6,66.7,74,4,2,3,66.7,2,2,100.0,0,1,0.0,0,0.0,0.0,0,1,0,0,0,6,6,0,0,0,0,0,0,0,0,0,0,4,0,0,0,0,0,0,0,0,0,0,0,0,0,0,0,0,10,1,1,3,6,1,10,1,1,100.0,0,0.0,4,22,13,1,0,1,0,0,4,0,1,0,0,0,1,1,2,50.0,1,1,0,1,0,1,0,0,0,0,0,0,0,0,0,0,0,0,0,0,1,0,0,,Leeds United,Jack-Harrison,aa849a12
2025-10-04,Sat,Matchweek 7,Home,L 1–2,Leeds United,Tottenham,N,"WB,RW",24,0,0,0,0,0,0,0,0,21,0,0,0,0.0,0.0,0.0,1,0,13,19,68.4,0,14,1,1,0,Match Report,13,19,68.4,243,35,7,9,77.8,4,7,57.1,2,3,66.7,0,0.0,0.1,0,0,1,1,0,19,19,0,0,0,0,2,0,0,0,0,0,13,0,0,1,1,0,0,0,0,0,0,0,0,0,0,0,0,21,0,1,9,12,1,21,1,0,0.0,1,100.0,14,65,21,1,1,0,1,0,18,6,0,0,0,0,0,0,0,,0,0,0,0,0,0,0,0,0,0,0,0,1,0,2,0,0,0,0,0,2,0,1,0.0,Leeds United,Jack-Harrison,aa849a12
2025-10-18,Sat,Matchweek 8,Away,L 0–2,Leeds United,Burnley,Y,LW,65,0,0,0,0,2,0,0,0,48,1,1,0,0.1,0.1,0.3,2,0,30,41,73.2,4,32,1,0,0,Match Report,30,41,73.2,431,127,15,18,83.3,12,14,85.7,1,3,33.3,0,0.3,0.1,1,0,2,0,4,41,40,1,0,0,0,7,1,0,0,0,0,30,0,4,2,1,0,0,0,0,1,0,0,0,0,0,0,0,48,1,11,16,22,2,48,0,0,,0,,32,223,98,1,4,0,3,0,36,3,1,0,1,0,0,1,1,100.0,0,0,0,0,1,2,1,0,0,0,0,0,1,0,7,1,0,0,0,0,4,0,0,,Leeds United,Jack-Harrison,aa849a12
2025-10-24,Fri,Matchweek 9,Home,W 2–1,Leeds United,West Ham,N,LW,45,0,0,0,0,2,1,0,0,22,1,0,0,0.1,0.1,0.0,0,0,12,17,70.6,1,10,0,0,0,Match Report,12,17,70.6,222,91,5,5,100.0,5,8,62.5,1,2,50.0,0,0.0,0.0,0,0,0,0,1,17,15,1,1,0,0,0,0,0,0,0,0,12,1,0,0,0,0,0,0,0,0,0,0,0,0,0,0,0,22,1,5,6,11,0,22,0,0,,0,,10,21,13,0,1,0,0,0,15,0,1,1,1,0,0,0,0,,0,0,0,0,0,1,1,0,0,0,0,0,0,0,0,0,1,0,0,0,1,0,0,,Leeds United,Jack-Harrison,aa849a12
2025-08-18,Mon,Matchweek 1,Home,W 1–0,Leeds United,Everton,N,FW,13,1,0,1,1,1,0,0,0,8,0,0,0,0.8,0.1,0.0,2,0,4,5,80.0,0,4,0,0,0,Match Report,4,5,80.0,35,2,3,4,75.0,0,0,,0,0,,0,0.0,0.0,0,0,0,0,0,5,5,0,0,0,0,1,0,0,0,0,0,4,0,0,2,1,0,0,1,0,0,0,0,0,0,0,0,0,8,1,1,2,5,2,7,0,0,,0,,4,14,4,0,0,0,0,1,7,2,0,0,0,0,0,0,0,,0,0,0,0,0,0,1,0,0,0,0,0,1,0,1,0,0,0,0,0,2,0,1,0.0,Leeds United,Lukas-Nmecha,0cc5f4a5
2025-08-23,Sat,Matchweek 2,Away,L 0–5,Leeds United,Arsenal,N,FW,33,0,0,0,0,0,0,0,0,10,0,0,0,0.0,0.0,0.0,0,0,5,8,62.5,0,6,0,0,0,Match Report,5,8,62.5,42,2,3,3,100.0,1,3,33.3,0,0,,0,0.0,0.0,0,0,0,0,0,8,6,2,0,0,0,0,0,0,0,0,0,5,0,0,0,0,0,0,0,0,0,0,0,0,0,0,0,0,10,0,1,9,0,0,10,0,0,,0,,6,7,1,0,0,0,1,0,8,0,0,0,0,0,0,0,0,,0,0,0,0,0,0,0,0,0,0,0,1,1,0,0,0,0,0,0,0,0,1,0,100.0,Leeds United,Lukas-Nmecha,0cc5f4a5
2025-08-30,Sat,Matchweek 3,Home,D 0–0,Leeds United,Newcastle Utd,Y,FW,69,0,0,0,0,1,0,0,0,29,0,1,1,0.1,0.1,0.0,2,0,13,18,72.2,1,20,1,0,0,Match Report,13,18,72.2,158,11,9,11,81.8,3,3,100.0,0,0,,0,0.0,0.0,0,0,0,0,1,18,17,1,0,0,0,0,0,0,0,0,0,13,0,1,2,2,0,0,0,0,0,0,0,0,0,0,0,0,29,4,6,15,11,4,29,0,0,,0,,20,101,31,1,3,0,4,2,18,4,0,0,0,0,0,0,0,,0,1,1,0,1,1,3,0,0,0,0,1,2,0,0,1,0,0,0,0,4,1,3,25.0,Leeds United,Lukas-Nmecha,0cc5f4a5
2025-09-13,Sat,Matchweek 4,Away,L 0–1,Leeds United,Fulham,N,FW,22,0,0,0,0,0,0,0,0,3,0,0,0,0.0,0.0,0.0,0,0,1,3,33.3,0,1,0,0,0,Match Report,1,3,33.3,8,0,1,1,100.0,0,1,0.0,0,0,,0,0.0,0.0,0,0,0,0,0,3,3,0,0,0,0,0,0,0,0,0,0,1,0,0,0,0,0,0,0,0,0,0,0,0,0,0,0,0,3,0,0,0,3,0,3,0,0,,0,,1,1,0,0,0,0,0,0,3,1,0,0,0,0,0,0,1,0.0,1,0,0,0,0,0,0,0,0,0,0,2,0,0,0,0,0,0,0,0,0,2,2,50.0,Leeds United,Lukas-Nmecha,0cc5f4a5
2025-09-20,Sat,Matchweek 5,Away,W 3–1,Leeds United,Wolves,N,FW,1,0,0,0,0,0,0,0,0,1,0,0,0,0.0,0.0,0.0,0,0,0,0,,0,0,0,0,0,Match Report,0,0,,0,0,0,0,,0,0,,0,0,,0,0.0,0.0,0,0,0,0,0,0,0,0,0,0,0,0,0,0,0,0,0,0,0,0,0,0,0,0,0,0,0,0,0,0,0,0,0,0,1,1,1,0,0,0,1,0,0,,0,,0,0,0,0,0,0,0,0,0,0,0,0,0,0,0,0,0,,0,0,0,0,0,0,1,0,0,0,0,0,0,0,0,0,0,0,0,0,0,0,0,,Leeds United,Lukas-Nmecha,0cc5f4a5
2025-09-27,Sat,Matchweek 6,Home,D 2–2,Leeds United,Bournemouth,N,FW,1,0,0,0,0,0,0,0,0,2,0,0,0,0.0,0.0,0.0,0,0,1,1,100.0,0,2,0,0,0,Match Report,1,1,100.0,12,0,1,1,100.0,0,0,,0,0,,0,0.0,0.0,0,0,0,0,0,1,1,0,0,0,0,0,0,0,0,0,0,1,0,0,0,0,0,0,0,0,0,0,0,0,0,0,0,0,2,0,0,2,0,0,2,0,0,,0,,2,2,0,0,0,0,1,0,2,0,0,0,0,0,0,0,0,,0,0,0,0,0,0,0,0,0,0,0,0,0,0,0,0,0,0,0,0,0,0,1,0.0,Leeds United,Lukas-Nmecha,0cc5f4a5
2025-10-04,Sat,Matchweek 7,Home,L 1–2,Leeds United,Tottenham,N,FW,12,0,0,0,0,0,0,0,0,2,0,0,0,0.0,0.0,0.0,0,0,1,2,50.0,0,2,0,0,0,Match Report,1,2,50.0,19,0,0,0,,1,1,100.0,0,0,,0,0.0,0.0,0,0,0,0,0,2,2,0,0,0,0,0,0,0,0,0,0,1,0,0,0,0,0,0,0,0,0,0,0,0,0,0,0,0,2,0,0,1,1,1,2,0,0,,0,,2,12,0,0,0,0,0,1,3,1,0,0,0,0,0,0,0,,0,0,0,0,0,0,0,0,0,0,0,0,0,0,0,0,0,0,0,0,0,0,0,,Leeds United,Lukas-Nmecha,0cc5f4a5
2025-10-18,Sat,Matchweek 8,Away,L 0–2,Leeds United,Burnley,N,LW,25,0,0,0,0,2,1,0,0,7,0,0,0,0.7,0.7,0.0,0,0,2,4,50.0,1,2,0,0,0,Match Report,2,4,50.0,28,16,1,2,50.0,1,2,50.0,0,0,,0,0.0,0.0,0,0,0,0,1,4,4,0,0,0,0,0,0,0,0,0,0,2,0,0,0,0,0,0,0,0,0,0,0,0,0,0,0,0,7,0,0,1,6,5,7,0,0,,0,,2,0,0,0,0,0,1,0,6,2,0,0,0,0,0,0,0,,0,0,0,0,0,0,0,0,0,0,0,0,0,0,0,0,0,0,0,0,0,3,0,100.0,Leeds United,Lukas-Nmecha,0cc5f4a5
2025-10-24,Fri,Matchweek 9,Home,W 2–1,Leeds United,West Ham,N,FW,4,0,0,0,0,0,0,0,0,3,0,0,0,0.0,0.0,0.0,0,0,2,2,100.0,0,2,0,0,0,Match Report,2,2,100.0,38,0,1,1,100.0,0,0,,1,1,100.0,0,0.0,0.0,0,0,0,0,0,2,1,1,0,0,0,0,0,0,0,0,0,2,0,0,0,0,0,0,0,0,0,0,0,0,0,0,0,0,3,0,0,1,2,0,3,0,0,,0,,2,2,0,0,0,0,1,0,2,0,0,0,0,0,0,0,0,,0,0,0,0,0,0,0,0,0,0,0,0,1,0,0,0,0,0,0,0,0,0,1,0.0,Leeds United,Lukas-Nmecha,0cc5f4a5
2025-08-23,Sat,Matchweek 2,Away,L 0–5,Leeds United,Arsenal,N,"On matchday squad, but did not play","On matchday squad, but did not play","On matchday squad, but did not play","On matchday squad, but did not play","On matchday squad, but did not play","On matchday squad, but did not play","On matchday squad, but did not play","On matchday squad, but did not play","On matchday squad, but did not play","On matchday squad, but did not play","On matchday squad, but did not play","On matchday squad, but did not play","On matchday squad, but did not play","On matchday squad, but did not play","On matchday squad, but did not play","On matchday squad, but did not play","On matchday squad, but did not play","On matchday squad, but did not play","On matchday squad, but did not play","On matchday squad, but did not play","On matchday squad, but did not play","On matchday squad, but did not play","On matchday squad, but did not play","On matchday squad, but did not play","On matchday squad, but did not play","On matchday squad, but did not play","On matchday squad, but did not play",Match Report,"On matchday squad, but did not play","On matchday squad, but did not play","On matchday squad, but did not play","On matchday squad, but did not play","On matchday squad, but did not play","On matchday squad, but did not play","On matchday squad, but did not play","On matchday squad, but did not play","On matchday squad, but did not play","On matchday squad, but did not play","On matchday squad, but did not play","On matchday squad, but did not play","On matchday squad, but did not play","On matchday squad, but did not play","On matchday squad, but did not play","On matchday squad, but did not play","On matchday squad, but did not play","On matchday squad, but did not play","On matchday squad, but did not play","On matchday squad, but did not play","On matchday squad, but did not play","On matchday squad, but did not play","On matchday squad, but did not play","On matchday squad, but did not play","On matchday squad, but did not play","On matchday squad, but did not play","On matchday squad, but did not play","On matchday squad, but did not play","On matchday squad, but did not play","On matchday squad, but did not play","On matchday squad, but did not play","On matchday squad, but did not play","On matchday squad, but did not play","On matchday squad, but did not play","On matchday squad, but did not play","On matchday squad, but did not play","On matchday squad, but did not play","On matchday squad, but did not play","On matchday squad, but did not play","On matchday squad, but did not play","On matchday squad, but did not play","On matchday squad, but did not play","On matchday squad, but did not play","On matchday squad, but did not play","On matchday squad, but did not play","On matchday squad, but did not play","On matchday squad, but did not play","On matchday squad, but did not play","On matchday squad, but did not play","On matchday squad, but did not play","On matchday squad, but did not play","On matchday squad, but did not play","On matchday squad, but did not play","On matchday squad, but did not play","On matchday squad, but did not play","On matchday squad, but did not play","On matchday squad, but did not play","On matchday squad, but did not play","On matchday squad, but did not play","On matchday squad, but did not play","On matchday squad, but did not play","On matchday squad, but did not play","On matchday squad, but did not play","On matchday squad, but did not play","On matchday squad, but did not play","On matchday squad, but did not play","On matchday squad, but did not play","On matchday squad, but did not play","On matchday squad, but did not play","On matchday squad, but did not play","On matchday squad, but did not play","On matchday squad, but did not play","On matchday squad, but did not play","On matchday squad, but did not play","On matchday squad, but did not play","On matchday squad, but did not play","On matchday squad, but did not play","On matchday squad, but did not play","On matchday squad, but did not play","On matchday squad, but did not play","On matchday squad, but did not play","On matchday squad, but did not play","On matchday squad, but did not play","On matchday squad, but did not play","On matchday squad, but did not play","On matchday squad, but did not play","On matchday squad, but did not play","On matchday squad, but did not play","On matchday squad, but did not play","On matchday squad, but did not play","On matchday squad, but did not play","On matchday squad, but did not play","On matchday squad, but did not play","On matchday squad, but did not play","On matchday squad, but did not play","On matchday squad, but did not play","On matchday squad, but did not play","On matchday squad, but did not play","On matchday squad, but did not play","On matchday squad, but did not play","On matchday squad, but did not play","On matchday squad, but did not play","On matchday squad, but did not play","On matchday squad, but did not play","On matchday squad, but did not play",Leeds United,Jaka-Bijol,6fdac234
2025-08-30,Sat,Matchweek 3,Home,D 0–0,Leeds United,Newcastle Utd,N,"On matchday squad, but did not play","On matchday squad, but did not play","On matchday squad, but did not play","On matchday squad, but did not play","On matchday squad, but did not play","On matchday squad, but did not play","On matchday squad, but did not play","On matchday squad, but did not play","On matchday squad, but did not play","On matchday squad, but did not play","On matchday squad, but did not play","On matchday squad, but did not play","On matchday squad, but did not play","On matchday squad, but did not play","On matchday squad, but did not play","On matchday squad, but did not play","On matchday squad, but did not play","On matchday squad, but did not play","On matchday squad, but did not play","On matchday squad, but did not play","On matchday squad, but did not play","On matchday squad, but did not play","On matchday squad, but did not play","On matchday squad, but did not play","On matchday squad, but did not play","On matchday squad, but did not play","On matchday squad, but did not play",Match Report,"On matchday squad, but did not play","On matchday squad, but did not play","On matchday squad, but did not play","On matchday squad, but did not play","On matchday squad, but did not play","On matchday squad, but did not play","On matchday squad, but did not play","On matchday squad, but did not play","On matchday squad, but did not play","On matchday squad, but did not play","On matchday squad, but did not play","On matchday squad, but did not play","On matchday squad, but did not play","On matchday squad, but did not play","On matchday squad, but did not play","On matchday squad, but did not play","On matchday squad, but did not play","On matchday squad, but did not play","On matchday squad, but did not play","On matchday squad, but did not play","On matchday squad, but did not play","On matchday squad, but did not play","On matchday squad, but did not play","On matchday squad, but did not play","On matchday squad, but did not play","On matchday squad, but did not play","On matchday squad, but did not play","On matchday squad, but did not play","On matchday squad, but did not play","On matchday squad, but did not play","On matchday squad, but did not play","On matchday squad, but did not play","On matchday squad, but did not play","On matchday squad, but did not play","On matchday squad, but did not play","On matchday squad, but did not play","On matchday squad, but did not play","On matchday squad, but did not play","On matchday squad, but did not play","On matchday squad, but did not play","On matchday squad, but did not play","On matchday squad, but did not play","On matchday squad, but did not play","On matchday squad, but did not play","On matchday squad, but did not play","On matchday squad, but did not play","On matchday squad, but did not play","On matchday squad, but did not play","On matchday squad, but did not play","On matchday squad, but did not play","On matchday squad, but did not play","On matchday squad, but did not play","On matchday squad, but did not play","On matchday squad, but did not play","On matchday squad, but did not play","On matchday squad, but did not play","On matchday squad, but did not play","On matchday squad, but did not play","On matchday squad, but did not play","On matchday squad, but did not play","On matchday squad, but did not play","On matchday squad, but did not play","On matchday squad, but did not play","On matchday squad, but did not play","On matchday squad, but did not play","On matchday squad, but did not play","On matchday squad, but did not play","On matchday squad, but did not play","On matchday squad, but did not play","On matchday squad, but did not play","On matchday squad, but did not play","On matchday squad, but did not play","On matchday squad, but did not play","On matchday squad, but did not play","On matchday squad, but did not play","On matchday squad, but did not play","On matchday squad, but did not play","On matchday squad, but did not play","On matchday squad, but did not play","On matchday squad, but did not play","On matchday squad, but did not play","On matchday squad, but did not play","On matchday squad, but did not play","On matchday squad, but did not play","On matchday squad, but did not play","On matchday squad, but did not play","On matchday squad, but did not play","On matchday squad, but did not play","On matchday squad, but did not play","On matchday squad, but did not play","On matchday squad, but did not play","On matchday squad, but did not play","On matchday squad, but did not play","On matchday squad, but did not play","On matchday squad, but did not play","On matchday squad, but did not play","On matchday squad, but did not play","On matchday squad, but did not play","On matchday squad, but did not play","On matchday squad, but did not play","On matchday squad, but did not play","On matchday squad, but did not play","On matchday squad, but did not play","On matchday squad, but did not play","On matchday squad, but did not play",Leeds United,Jaka-Bijol,6fdac234
2025-09-13,Sat,Matchweek 4,Away,L 0–1,Leeds United,Fulham,N,"On matchday squad, but did not play","On matchday squad, but did not play","On matchday squad, but did not play","On matchday squad, but did not play","On matchday squad, but did not play","On matchday squad, but did not play","On matchday squad, but did not play","On matchday squad, but did not play","On matchday squad, but did not play","On matchday squad, but did not play","On matchday squad, but did not play","On matchday squad, but did not play","On matchday squad, but did not play","On matchday squad, but did not play","On matchday squad, but did not play","On matchday squad, but did not play","On matchday squad, but did not play","On matchday squad, but did not play","On matchday squad, but did not play","On matchday squad, but did not play","On matchday squad, but did not play","On matchday squad, but did not play","On matchday squad, but did not play","On matchday squad, but did not play","On matchday squad, but did not play","On matchday squad, but did not play","On matchday squad, but did not play",Match Report,"On matchday squad, but did not play","On matchday squad, but did not play","On matchday squad, but did not play","On matchday squad, but did not play","On matchday squad, but did not play","On matchday squad, but did not play","On matchday squad, but did not play","On matchday squad, but did not play","On matchday squad, but did not play","On matchday squad, but did not play","On matchday squad, but did not play","On matchday squad, but did not play","On matchday squad, but did not play","On matchday squad, but did not play","On matchday squad, but did not play","On matchday squad, but did not play","On matchday squad, but did not play","On matchday squad, but did not play","On matchday squad, but did not play","On matchday squad, but did not play","On matchday squad, but did not play","On matchday squad, but did not play","On matchday squad, but did not play","On matchday squad, but did not play","On matchday squad, but did not play","On matchday squad, but did not play","On matchday squad, but did not play","On matchday squad, but did not play","On matchday squad, but did not play","On matchday squad, but did not play","On matchday squad, but did not play","On matchday squad, but did not play","On matchday squad, but did not play","On matchday squad, but did not play","On matchday squad, but did not play","On matchday squad, but did not play","On matchday squad, but did not play","On matchday squad, but did not play","On matchday squad, but did not play","On matchday squad, but did not play","On matchday squad, but did not play","On matchday squad, but did not play","On matchday squad, but did not play","On matchday squad, but did not play","On matchday squad, but did not play","On matchday squad, but did not play","On matchday squad, but did not play","On matchday squad, but did not play","On matchday squad, but did not play","On matchday squad, but did not play","On matchday squad, but did not play","On matchday squad, but did not play","On matchday squad, but did not play","On matchday squad, but did not play","On matchday squad, but did not play","On matchday squad, but did not play","On matchday squad, but did not play","On matchday squad, but did not play","On matchday squad, but did not play","On matchday squad, but did not play","On matchday squad, but did not play","On matchday squad, but did not play","On matchday squad, but did not play","On matchday squad, but did not play","On matchday squad, but did not play","On matchday squad, but did not play","On matchday squad, but did not play","On matchday squad, but did not play","On matchday squad, but did not play","On matchday squad, but did not play","On matchday squad, but did not play","On matchday squad, but did not play","On matchday squad, but did not play","On matchday squad, but did not play","On matchday squad, but did not play","On matchday squad, but did not play","On matchday squad, but did not play","On matchday squad, but did not play","On matchday squad, but did not play","On matchday squad, but did not play","On matchday squad, but did not play","On matchday squad, but did not play","On matchday squad, but did not play","On matchday squad, but did not play","On matchday squad, but did not play","On matchday squad, but did not play","On matchday squad, but did not play","On matchday squad, but did not play","On matchday squad, but did not play","On matchday squad, but did not play","On matchday squad, but did not play","On matchday squad, but did not play","On matchday squad, but did not play","On matchday squad, but did not play","On matchday squad, but did not play","On matchday squad, but did not play","On matchday squad, but did not play","On matchday squad, but did not play","On matchday squad, but did not play","On matchday squad, but did not play","On matchday squad, but did not play","On matchday squad, but did not play","On matchday squad, but did not play","On matchday squad, but did not play","On matchday squad, but did not play",Leeds United,Jaka-Bijol,6fdac234
2025-09-20,Sat,Matchweek 5,Away,W 3–1,Leeds United,Wolves,N,"On matchday squad, but did not play","On matchday squad, but did not play","On matchday squad, but did not play","On matchday squad, but did not play","On matchday squad, but did not play","On matchday squad, but did not play","On matchday squad, but did not play","On matchday squad, but did not play","On matchday squad, but did not play","On matchday squad, but did not play","On matchday squad, but did not play","On matchday squad, but did not play","On matchday squad, but did not play","On matchday squad, but did not play","On matchday squad, but did not play","On matchday squad, but did not play","On matchday squad, but did not play","On matchday squad, but did not play","On matchday squad, but did not play","On matchday squad, but did not play","On matchday squad, but did not play","On matchday squad, but did not play","On matchday squad, but did not play","On matchday squad, but did not play","On matchday squad, but did not play","On matchday squad, but did not play","On matchday squad, but did not play",Match Report,"On matchday squad, but did not play","On matchday squad, but did not play","On matchday squad, but did not play","On matchday squad, but did not play","On matchday squad, but did not play","On matchday squad, but did not play","On matchday squad, but did not play","On matchday squad, but did not play","On matchday squad, but did not play","On matchday squad, but did not play","On matchday squad, but did not play","On matchday squad, but did not play","On matchday squad, but did not play","On matchday squad, but did not play","On matchday squad, but did not play","On matchday squad, but did not play","On matchday squad, but did not play","On matchday squad, but did not play","On matchday squad, but did not play","On matchday squad, but did not play","On matchday squad, but did not play","On matchday squad, but did not play","On matchday squad, but did not play","On matchday squad, but did not play","On matchday squad, but did not play","On matchday squad, but did not play","On matchday squad, but did not play","On matchday squad, but did not play","On matchday squad, but did not play","On matchday squad, but did not play","On matchday squad, but did not play","On matchday squad, but did not play","On matchday squad, but did not play","On matchday squad, but did not play","On matchday squad, but did not play","On matchday squad, but did not play","On matchday squad, but did not play","On matchday squad, but did not play","On matchday squad, but did not play","On matchday squad, but did not play","On matchday squad, but did not play","On matchday squad, but did not play","On matchday squad, but did not play","On matchday squad, but did not play","On matchday squad, but did not play","On matchday squad, but did not play","On matchday squad, but did not play","On matchday squad, but did not play","On matchday squad, but did not play","On matchday squad, but did not play","On matchday squad, but did not play","On matchday squad, but did not play","On matchday squad, but did not play","On matchday squad, but did not play","On matchday squad, but did not play","On matchday squad, but did not play","On matchday squad, but did not play","On matchday squad, but did not play","On matchday squad, but did not play","On matchday squad, but did not play","On matchday squad, but did not play","On matchday squad, but did not play","On matchday squad, but did not play","On matchday squad, but did not play","On matchday squad, but did not play","On matchday squad, but did not play","On matchday squad, but did not play","On matchday squad, but did not play","On matchday squad, but did not play","On matchday squad, but did not play","On matchday squad, but did not play","On matchday squad, but did not play","On matchday squad, but did not play","On matchday squad, but did not play","On matchday squad, but did not play","On matchday squad, but did not play","On matchday squad, but did not play","On matchday squad, but did not play","On matchday squad, but did not play","On matchday squad, but did not play","On matchday squad, but did not play","On matchday squad, but did not play","On matchday squad, but did not play","On matchday squad, but did not play","On matchday squad, but did not play","On matchday squad, but did not play","On matchday squad, but did not play","On matchday squad, but did not play","On matchday squad, but did not play","On matchday squad, but did not play","On matchday squad, but did not play","On matchday squad, but did not play","On matchday squad, but did not play","On matchday squad, but did not play","On matchday squad, but did not play","On matchday squad, but did not play","On matchday squad, but did not play","On matchday squad, but did not play","On matchday squad, but did not play","On matchday squad, but did not play","On matchday squad, but did not play","On matchday squad, but did not play","On matchday squad, but did not play","On matchday squad, but did not play","On matchday squad, but did not play",Leeds United,Jaka-Bijol,6fdac234
2025-09-27,Sat,Matchweek 6,Home,D 2–2,Leeds United,Bournemouth,N,"On matchday squad, but did not play","On matchday squad, but did not play","On matchday squad, but did not play","On matchday squad, but did not play","On matchday squad, but did not play","On matchday squad, but did not play","On matchday squad, but did not play","On matchday squad, but did not play","On matchday squad, but did not play","On matchday squad, but did not play","On matchday squad, but did not play","On matchday squad, but did not play","On matchday squad, but did not play","On matchday squad, but did not play","On matchday squad, but did not play","On matchday squad, but did not play","On matchday squad, but did not play","On matchday squad, but did not play","On matchday squad, but did not play","On matchday squad, but did not play","On matchday squad, but did not play","On matchday squad, but did not play","On matchday squad, but did not play","On matchday squad, but did not play","On matchday squad, but did not play","On matchday squad, but did not play","On matchday squad, but did not play",Match Report,"On matchday squad, but did not play","On matchday squad, but did not play","On matchday squad, but did not play","On matchday squad, but did not play","On matchday squad, but did not play","On matchday squad, but did not play","On matchday squad, but did not play","On matchday squad, but did not play","On matchday squad, but did not play","On matchday squad, but did not play","On matchday squad, but did not play","On matchday squad, but did not play","On matchday squad, but did not play","On matchday squad, but did not play","On matchday squad, but did not play","On matchday squad, but did not play","On matchday squad, but did not play","On matchday squad, but did not play","On matchday squad, but did not play","On matchday squad, but did not play","On matchday squad, but did not play","On matchday squad, but did not play","On matchday squad, but did not play","On matchday squad, but did not play","On matchday squad, but did not play","On matchday squad, but did not play","On matchday squad, but did not play","On matchday squad, but did not play","On matchday squad, but did not play","On matchday squad, but did not play","On matchday squad, but did not play","On matchday squad, but did not play","On matchday squad, but did not play","On matchday squad, but did not play","On matchday squad, but did not play","On matchday squad, but did not play","On matchday squad, but did not play","On matchday squad, but did not play","On matchday squad, but did not play","On matchday squad, but did not play","On matchday squad, but did not play","On matchday squad, but did not play","On matchday squad, but did not play","On matchday squad, but did not play","On matchday squad, but did not play","On matchday squad, but did not play","On matchday squad, but did not play","On matchday squad, but did not play","On matchday squad, but did not play","On matchday squad, but did not play","On matchday squad, but did not play","On matchday squad, but did not play","On matchday squad, but did not play","On matchday squad, but did not play","On matchday squad, but did not play","On matchday squad, but did not play","On matchday squad, but did not play","On matchday squad, but did not play","On matchday squad, but did not play","On matchday squad, but did not play","On matchday squad, but did not play","On matchday squad, but did not play","On matchday squad, but did not play","On matchday squad, but did not play","On matchday squad, but did not play","On matchday squad, but did not play","On matchday squad, but did not play","On matchday squad, but did not play","On matchday squad, but did not play","On matchday squad, but did not play","On matchday squad, but did not play","On matchday squad, but did not play","On matchday squad, but did not play","On matchday squad, but did not play","On matchday squad, but did not play","On matchday squad, but did not play","On matchday squad, but did not play","On matchday squad, but did not play","On matchday squad, but did not play","On matchday squad, but did not play","On matchday squad, but did not play","On matchday squad, but did not play","On matchday squad, but did not play","On matchday squad, but did not play","On matchday squad, but did not play","On matchday squad, but did not play","On matchday squad, but did not play","On matchday squad, but did not play","On matchday squad, but did not play","On matchday squad, but did not play","On matchday squad, but did not play","On matchday squad, but did not play","On matchday squad, but did not play","On matchday squad, but did not play","On matchday squad, but did not play","On matchday squad, but did not play","On matchday squad, but did not play","On matchday squad, but did not play","On matchday squad, but did not play","On matchday squad, but did not play","On matchday squad, but did not play","On matchday squad, but did not play","On matchday squad, but did not play","On matchday squad, but did not play","On matchday squad, but did not play",Leeds United,Jaka-Bijol,6fdac234
2025-10-04,Sat,Matchweek 7,Home,L 1–2,Leeds United,Tottenham,N,"On matchday squad, but did not play","On matchday squad, but did not play","On matchday squad, but did not play","On matchday squad, but did not play","On matchday squad, but did not play","On matchday squad, but did not play","On matchday squad, but did not play","On matchday squad, but did not play","On matchday squad, but did not play","On matchday squad, but did not play","On matchday squad, but did not play","On matchday squad, but did not play","On matchday squad, but did not play","On matchday squad, but did not play","On matchday squad, but did not play","On matchday squad, but did not play","On matchday squad, but did not play","On matchday squad, but did not play","On matchday squad, but did not play","On matchday squad, but did not play","On matchday squad, but did not play","On matchday squad, but did not play","On matchday squad, but did not play","On matchday squad, but did not play","On matchday squad, but did not play","On matchday squad, but did not play","On matchday squad, but did not play",Match Report,"On matchday squad, but did not play","On matchday squad, but did not play","On matchday squad, but did not play","On matchday squad, but did not play","On matchday squad, but did not play","On matchday squad, but did not play","On matchday squad, but did not play","On matchday squad, but did not play","On matchday squad, but did not play","On matchday squad, but did not play","On matchday squad, but did not play","On matchday squad, but did not play","On matchday squad, but did not play","On matchday squad, but did not play","On matchday squad, but did not play","On matchday squad, but did not play","On matchday squad, but did not play","On matchday squad, but did not play","On matchday squad, but did not play","On matchday squad, but did not play","On matchday squad, but did not play","On matchday squad, but did not play","On matchday squad, but did not play","On matchday squad, but did not play","On matchday squad, but did not play","On matchday squad, but did not play","On matchday squad, but did not play","On matchday squad, but did not play","On matchday squad, but did not play","On matchday squad, but did not play","On matchday squad, but did not play","On matchday squad, but did not play","On matchday squad, but did not play","On matchday squad, but did not play","On matchday squad, but did not play","On matchday squad, but did not play","On matchday squad, but did not play","On matchday squad, but did not play","On matchday squad, but did not play","On matchday squad, but did not play","On matchday squad, but did not play","On matchday squad, but did not play","On matchday squad, but did not play","On matchday squad, but did not play","On matchday squad, but did not play","On matchday squad, but did not play","On matchday squad, but did not play","On matchday squad, but did not play","On matchday squad, but did not play","On matchday squad, but did not play","On matchday squad, but did not play","On matchday squad, but did not play","On matchday squad, but did not play","On matchday squad, but did not play","On matchday squad, but did not play","On matchday squad, but did not play","On matchday squad, but did not play","On matchday squad, but did not play","On matchday squad, but did not play","On matchday squad, but did not play","On matchday squad, but did not play","On matchday squad, but did not play","On matchday squad, but did not play","On matchday squad, but did not play","On matchday squad, but did not play","On matchday squad, but did not play","On matchday squad, but did not play","On matchday squad, but did not play","On matchday squad, but did not play","On matchday squad, but did not play","On matchday squad, but did not play","On matchday squad, but did not play","On matchday squad, but did not play","On matchday squad, but did not play","On matchday squad, but did not play","On matchday squad, but did not play","On matchday squad, but did not play","On matchday squad, but did not play","On matchday squad, but did not play","On matchday squad, but did not play","On matchday squad, but did not play","On matchday squad, but did not play","On matchday squad, but did not play","On matchday squad, but did not play","On matchday squad, but did not play","On matchday squad, but did not play","On matchday squad, but did not play","On matchday squad, but did not play","On matchday squad, but did not play","On matchday squad, but did not play","On matchday squad, but did not play","On matchday squad, but did not play","On matchday squad, but did not play","On matchday squad, but did not play","On matchday squad, but did not play","On matchday squad, but did not play","On matchday squad, but did not play","On matchday squad, but did not play","On matchday squad, but did not play","On matchday squad, but did not play","On matchday squad, but did not play","On matchday squad, but did not play","On matchday squad, but did not play","On matchday squad, but did not play","On matchday squad, but did not play",Leeds United,Jaka-Bijol,6fdac234
2025-10-18,Sat,Matchweek 8,Away,L 0–2,Leeds United,Burnley,N,"On matchday squad, but did not play","On matchday squad, but did not play","On matchday squad, but did not play","On matchday squad, but did not play","On matchday squad, but did not play","On matchday squad, but did not play","On matchday squad, but did not play","On matchday squad, but did not play","On matchday squad, but did not play","On matchday squad, but did not play","On matchday squad, but did not play","On matchday squad, but did not play","On matchday squad, but did not play","On matchday squad, but did not play","On matchday squad, but did not play","On matchday squad, but did not play","On matchday squad, but did not play","On matchday squad, but did not play","On matchday squad, but did not play","On matchday squad, but did not play","On matchday squad, but did not play","On matchday squad, but did not play","On matchday squad, but did not play","On matchday squad, but did not play","On matchday squad, but did not play","On matchday squad, but did not play","On matchday squad, but did not play",Match Report,"On matchday squad, but did not play","On matchday squad, but did not play","On matchday squad, but did not play","On matchday squad, but did not play","On matchday squad, but did not play","On matchday squad, but did not play","On matchday squad, but did not play","On matchday squad, but did not play","On matchday squad, but did not play","On matchday squad, but did not play","On matchday squad, but did not play","On matchday squad, but did not play","On matchday squad, but did not play","On matchday squad, but did not play","On matchday squad, but did not play","On matchday squad, but did not play","On matchday squad, but did not play","On matchday squad, but did not play","On matchday squad, but did not play","On matchday squad, but did not play","On matchday squad, but did not play","On matchday squad, but did not play","On matchday squad, but did not play","On matchday squad, but did not play","On matchday squad, but did not play","On matchday squad, but did not play","On matchday squad, but did not play","On matchday squad, but did not play","On matchday squad, but did not play","On matchday squad, but did not play","On matchday squad, but did not play","On matchday squad, but did not play","On matchday squad, but did not play","On matchday squad, but did not play","On matchday squad, but did not play","On matchday squad, but did not play","On matchday squad, but did not play","On matchday squad, but did not play","On matchday squad, but did not play","On matchday squad, but did not play","On matchday squad, but did not play","On matchday squad, but did not play","On matchday squad, but did not play","On matchday squad, but did not play","On matchday squad, but did not play","On matchday squad, but did not play","On matchday squad, but did not play","On matchday squad, but did not play","On matchday squad, but did not play","On matchday squad, but did not play","On matchday squad, but did not play","On matchday squad, but did not play","On matchday squad, but did not play","On matchday squad, but did not play","On matchday squad, but did not play","On matchday squad, but did not play","On matchday squad, but did not play","On matchday squad, but did not play","On matchday squad, but did not play","On matchday squad, but did not play","On matchday squad, but did not play","On matchday squad, but did not play","On matchday squad, but did not play","On matchday squad, but did not play","On matchday squad, but did not play","On matchday squad, but did not play","On matchday squad, but did not play","On matchday squad, but did not play","On matchday squad, but did not play","On matchday squad, but did not play","On matchday squad, but did not play","On matchday squad, but did not play","On matchday squad, but did not play","On matchday squad, but did not play","On matchday squad, but did not play","On matchday squad, but did not play","On matchday squad, but did not play","On matchday squad, but did not play","On matchday squad, but did not play","On matchday squad, but did not play","On matchday squad, but did not play","On matchday squad, but did not play","On matchday squad, but did not play","On matchday squad, but did not play","On matchday squad, but did not play","On matchday squad, but did not play","On matchday squad, but did not play","On matchday squad, but did not play","On matchday squad, but did not play","On matchday squad, but did not play","On matchday squad, but did not play","On matchday squad, but did not play","On matchday squad, but did not play","On matchday squad, but did not play","On matchday squad, but did not play","On matchday squad, but did not play","On matchday squad, but did not play","On matchday squad, but did not play","On matchday squad, but did not play","On matchday squad, but did not play","On matchday squad, but did not play","On matchday squad, but did not play","On matchday squad, but did not play","On matchday squad, but did not play","On matchday squad, but did not play",Leeds United,Jaka-Bijol,6fdac234
2025-10-24,Fri,Matchweek 9,Home,W 2–1,Leeds United,West Ham,Y,CB,90,0,0,0,0,0,0,0,0,74,2,2,0,0.0,0.0,0.1,0,0,53,57,93.0,1,39,0,0,0,Match Report,53,57,93.0,1028,269,13,13,100.0,37,38,97.4,3,5,60.0,0,0.1,0.0,1,1,0,0,1,57,53,4,1,0,0,0,0,0,0,0,0,53,0,0,0,0,0,0,0,0,0,0,0,0,0,0,0,0,74,11,54,20,1,0,74,0,0,,0,,39,144,70,0,0,0,1,0,44,0,2,2,1,0,1,0,1,0.0,1,0,0,0,2,4,10,0,0,0,0,3,1,0,0,2,2,0,0,0,5,3,0,100.0,Leeds United,Jaka-Bijol,6fdac234
2025-08-30,Sat,Matchweek 3,Home,D 0–0,Leeds United,Newcastle Utd,N,LB,11,0,0,0,0,0,0,0,0,4,0,0,2,0.0,0.0,0.0,0,0,2,2,100.0,0,1,0,0,0,Match Report,2,2,100.0,55,0,0,0,,1,1,100.0,1,1,100.0,0,0.0,0.0,0,0,0,0,0,2,1,1,0,0,0,0,1,0,0,0,0,2,0,0,0,0,0,0,0,0,0,0,0,0,0,0,0,0,4,0,1,3,0,0,4,0,0,,0,,1,5,0,0,0,0,0,0,1,0,0,0,0,0,0,0,0,,0,2,0,2,0,0,0,0,0,0,0,0,0,0,0,0,0,0,0,0,0,0,1,0.0,Leeds United,James-Justin,fb614c44
2025-09-13,Sat,Matchweek 4,Away,L 0–1,Leeds United,Fulham,N,"On matchday squad, but did not play","On matchday squad, but did not play","On matchday squad, but did not play","On matchday squad, but did not play","On matchday squad, but did not play","On matchday squad, but did not play","On matchday squad, but did not play","On matchday squad, but did not play","On matchday squad, but did not play","On matchday squad, but did not play","On matchday squad, but did not play","On matchday squad, but did not play","On matchday squad, but did not play","On matchday squad, but did not play","On matchday squad, but did not play","On matchday squad, but did not play","On matchday squad, but did not play","On matchday squad, but did not play","On matchday squad, but did not play","On matchday squad, but did not play","On matchday squad, but did not play","On matchday squad, but did not play","On matchday squad, but did not play","On matchday squad, but did not play","On matchday squad, but did not play","On matchday squad, but did not play","On matchday squad, but did not play",Match Report,"On matchday squad, but did not play","On matchday squad, but did not play","On matchday squad, but did not play","On matchday squad, but did not play","On matchday squad, but did not play","On matchday squad, but did not play","On matchday squad, but did not play","On matchday squad, but did not play","On matchday squad, but did not play","On matchday squad, but did not play","On matchday squad, but did not play","On matchday squad, but did not play","On matchday squad, but did not play","On matchday squad, but did not play","On matchday squad, but did not play","On matchday squad, but did not play","On matchday squad, but did not play","On matchday squad, but did not play","On matchday squad, but did not play","On matchday squad, but did not play","On matchday squad, but did not play","On matchday squad, but did not play","On matchday squad, but did not play","On matchday squad, but did not play","On matchday squad, but did not play","On matchday squad, but did not play","On matchday squad, but did not play","On matchday squad, but did not play","On matchday squad, but did not play","On matchday squad, but did not play","On matchday squad, but did not play","On matchday squad, but did not play","On matchday squad, but did not play","On matchday squad, but did not play","On matchday squad, but did not play","On matchday squad, but did not play","On matchday squad, but did not play","On matchday squad, but did not play","On matchday squad, but did not play","On matchday squad, but did not play","On matchday squad, but did not play","On matchday squad, but did not play","On matchday squad, but did not play","On matchday squad, but did not play","On matchday squad, but did not play","On matchday squad, but did not play","On matchday squad, but did not play","On matchday squad, but did not play","On matchday squad, but did not play","On matchday squad, but did not play","On matchday squad, but did not play","On matchday squad, but did not play","On matchday squad, but did not play","On matchday squad, but did not play","On matchday squad, but did not play","On matchday squad, but did not play","On matchday squad, but did not play","On matchday squad, but did not play","On matchday squad, but did not play","On matchday squad, but did not play","On matchday squad, but did not play","On matchday squad, but did not play","On matchday squad, but did not play","On matchday squad, but did not play","On matchday squad, but did not play","On matchday squad, but did not play","On matchday squad, but did not play","On matchday squad, but did not play","On matchday squad, but did not play","On matchday squad, but did not play","On matchday squad, but did not play","On matchday squad, but did not play","On matchday squad, but did not play","On matchday squad, but did not play","On matchday squad, but did not play","On matchday squad, but did not play","On matchday squad, but did not play","On matchday squad, but did not play","On matchday squad, but did not play","On matchday squad, but did not play","On matchday squad, but did not play","On matchday squad, but did not play","On matchday squad, but did not play","On matchday squad, but did not play","On matchday squad, but did not play","On matchday squad, but did not play","On matchday squad, but did not play","On matchday squad, but did not play","On matchday squad, but did not play","On matchday squad, but did not play","On matchday squad, but did not play","On matchday squad, but did not play","On matchday squad, but did not play","On matchday squad, but did not play","On matchday squad, but did not play","On matchday squad, but did not play","On matchday squad, but did not play","On matchday squad, but did not play","On matchday squad, but did not play","On matchday squad, but did not play","On matchday squad, but did not play","On matchday squad, but did not play","On matchday squad, but did not play","On matchday squad, but did not play","On matchday squad, but did not play",Leeds United,James-Justin,fb614c44
2025-09-20,Sat,Matchweek 5,Away,W 3–1,Leeds United,Wolves,N,RB,8,0,0,0,0,0,0,0,0,3,0,0,0,0.0,0.0,0.0,0,0,0,0,,0,0,0,0,0,Match Report,0,0,,0,0,0,0,,0,0,,0,0,,0,0.0,0.0,0,0,0,0,0,0,0,0,0,0,0,0,0,0,0,0,0,0,0,0,0,0,0,0,0,0,0,0,0,0,0,0,0,0,3,3,3,0,0,0,3,0,0,,0,,0,0,0,0,0,0,0,0,0,0,0,0,0,0,0,0,0,,0,0,0,0,0,0,2,0,0,0,0,0,0,0,0,0,0,0,0,0,0,0,0,,Leeds United,James-Justin,fb614c44
2025-09-27,Sat,Matchweek 6,Home,D 2–2,Leeds United,Bournemouth,N,"On matchday squad, but did not play","On matchday squad, but did not play","On matchday squad, but did not play","On matchday squad, but did not play","On matchday squad, but did not play","On matchday squad, but did not play","On matchday squad, but did not play","On matchday squad, but did not play","On matchday squad, but did not play","On matchday squad, but did not play","On matchday squad, but did not play","On matchday squad, but did not play","On matchday squad, but did not play","On matchday squad, but did not play","On matchday squad, but did not play","On matchday squad, but did not play","On matchday squad, but did not play","On matchday squad, but did not play","On matchday squad, but did not play","On matchday squad, but did not play","On matchday squad, but did not play","On matchday squad, but did not play","On matchday squad, but did not play","On matchday squad, but did not play","On matchday squad, but did not play","On matchday squad, but did not play","On matchday squad, but did not play",Match Report,"On matchday squad, but did not play","On matchday squad, but did not play","On matchday squad, but did not play","On matchday squad, but did not play","On matchday squad, but did not play","On matchday squad, but did not play","On matchday squad, but did not play","On matchday squad, but did not play","On matchday squad, but did not play","On matchday squad, but did not play","On matchday squad, but did not play","On matchday squad, but did not play","On matchday squad, but did not play","On matchday squad, but did not play","On matchday squad, but did not play","On matchday squad, but did not play","On matchday squad, but did not play","On matchday squad, but did not play","On matchday squad, but did not play","On matchday squad, but did not play","On matchday squad, but did not play","On matchday squad, but did not play","On matchday squad, but did not play","On matchday squad, but did not play","On matchday squad, but did not play","On matchday squad, but did not play","On matchday squad, but did not play","On matchday squad, but did not play","On matchday squad, but did not play","On matchday squad, but did not play","On matchday squad, but did not play","On matchday squad, but did not play","On matchday squad, but did not play","On matchday squad, but did not play","On matchday squad, but did not play","On matchday squad, but did not play","On matchday squad, but did not play","On matchday squad, but did not play","On matchday squad, but did not play","On matchday squad, but did not play","On matchday squad, but did not play","On matchday squad, but did not play","On matchday squad, but did not play","On matchday squad, but did not play","On matchday squad, but did not play","On matchday squad, but did not play","On matchday squad, but did not play","On matchday squad, but did not play","On matchday squad, but did not play","On matchday squad, but did not play","On matchday squad, but did not play","On matchday squad, but did not play","On matchday squad, but did not play","On matchday squad, but did not play","On matchday squad, but did not play","On matchday squad, but did not play","On matchday squad, but did not play","On matchday squad, but did not play","On matchday squad, but did not play","On matchday squad, but did not play","On matchday squad, but did not play","On matchday squad, but did not play","On matchday squad, but did not play","On matchday squad, but did not play","On matchday squad, but did not play","On matchday squad, but did not play","On matchday squad, but did not play","On matchday squad, but did not play","On matchday squad, but did not play","On matchday squad, but did not play","On matchday squad, but did not play","On matchday squad, but did not play","On matchday squad, but did not play","On matchday squad, but did not play","On matchday squad, but did not play","On matchday squad, but did not play","On matchday squad, but did not play","On matchday squad, but did not play","On matchday squad, but did not play","On matchday squad, but did not play","On matchday squad, but did not play","On matchday squad, but did not play","On matchday squad, but did not play","On matchday squad, but did not play","On matchday squad, but did not play","On matchday squad, but did not play","On matchday squad, but did not play","On matchday squad, but did not play","On matchday squad, but did not play","On matchday squad, but did not play","On matchday squad, but did not play","On matchday squad, but did not play","On matchday squad, but did not play","On matchday squad, but did not play","On matchday squad, but did not play","On matchday squad, but did not play","On matchday squad, but did not play","On matchday squad, but did not play","On matchday squad, but did not play","On matchday squad, but did not play","On matchday squad, but did not play","On matchday squad, but did not play","On matchday squad, but did not play","On matchday squad, but did not play","On matchday squad, but did not play",Leeds United,James-Justin,fb614c44
2025-10-04,Sat,Matchweek 7,Home,L 1–2,Leeds United,Tottenham,N,WB,2,0,0,0,0,0,0,0,0,4,0,0,0,0.0,0.0,0.0,0,0,1,4,25.0,0,3,0,0,0,Match Report,1,4,25.0,46,43,0,1,0.0,0,1,0.0,1,2,50.0,0,0.0,0.0,0,1,0,0,0,4,4,0,0,0,0,0,0,0,0,0,0,1,0,0,0,0,0,0,0,0,0,0,0,0,0,0,0,0,4,0,2,2,1,1,4,0,0,,0,,3,7,6,0,0,0,0,0,4,0,0,0,0,0,0,0,0,,0,0,0,0,0,0,0,0,0,0,0,0,0,0,0,0,0,0,0,0,3,0,0,,Leeds United,James-Justin,fb614c44
2025-10-18,Sat,Matchweek 8,Away,L 0–2,Leeds United,Burnley,N,"On matchday squad, but did not play","On matchday squad, but did not play","On matchday squad, but did not play","On matchday squad, but did not play","On matchday squad, but did not play","On matchday squad, but did not play","On matchday squad, but did not play","On matchday squad, but did not play","On matchday squad, but did not play","On matchday squad, but did not play","On matchday squad, but did not play","On matchday squad, but did not play","On matchday squad, but did not play","On matchday squad, but did not play","On matchday squad, but did not play","On matchday squad, but did not play","On matchday squad, but did not play","On matchday squad, but did not play","On matchday squad, but did not play","On matchday squad, but did not play","On matchday squad, but did not play","On matchday squad, but did not play","On matchday squad, but did not play","On matchday squad, but did not play","On matchday squad, but did not play","On matchday squad, but did not play","On matchday squad, but did not play",Match Report,"On matchday squad, but did not play","On matchday squad, but did not play","On matchday squad, but did not play","On matchday squad, but did not play","On matchday squad, but did not play","On matchday squad, but did not play","On matchday squad, but did not play","On matchday squad, but did not play","On matchday squad, but did not play","On matchday squad, but did not play","On matchday squad, but did not play","On matchday squad, but did not play","On matchday squad, but did not play","On matchday squad, but did not play","On matchday squad, but did not play","On matchday squad, but did not play","On matchday squad, but did not play","On matchday squad, but did not play","On matchday squad, but did not play","On matchday squad, but did not play","On matchday squad, but did not play","On matchday squad, but did not play","On matchday squad, but did not play","On matchday squad, but did not play","On matchday squad, but did not play","On matchday squad, but did not play","On matchday squad, but did not play","On matchday squad, but did not play","On matchday squad, but did not play","On matchday squad, but did not play","On matchday squad, but did not play","On matchday squad, but did not play","On matchday squad, but did not play","On matchday squad, but did not play","On matchday squad, but did not play","On matchday squad, but did not play","On matchday squad, but did not play","On matchday squad, but did not play","On matchday squad, but did not play","On matchday squad, but did not play","On matchday squad, but did not play","On matchday squad, but did not play","On matchday squad, but did not play","On matchday squad, but did not play","On matchday squad, but did not play","On matchday squad, but did not play","On matchday squad, but did not play","On matchday squad, but did not play","On matchday squad, but did not play","On matchday squad, but did not play","On matchday squad, but did not play","On matchday squad, but did not play","On matchday squad, but did not play","On matchday squad, but did not play","On matchday squad, but did not play","On matchday squad, but did not play","On matchday squad, but did not play","On matchday squad, but did not play","On matchday squad, but did not play","On matchday squad, but did not play","On matchday squad, but did not play","On matchday squad, but did not play","On matchday squad, but did not play","On matchday squad, but did not play","On matchday squad, but did not play","On matchday squad, but did not play","On matchday squad, but did not play","On matchday squad, but did not play","On matchday squad, but did not play","On matchday squad, but did not play","On matchday squad, but did not play","On matchday squad, but did not play","On matchday squad, but did not play","On matchday squad, but did not play","On matchday squad, but did not play","On matchday squad, but did not play","On matchday squad, but did not play","On matchday squad, but did not play","On matchday squad, but did not play","On matchday squad, but did not play","On matchday squad, but did not play","On matchday squad, but did not play","On matchday squad, but did not play","On matchday squad, but did not play","On matchday squad, but did not play","On matchday squad, but did not play","On matchday squad, but did not play","On matchday squad, but did not play","On matchday squad, but did not play","On matchday squad, but did not play","On matchday squad, but did not play","On matchday squad, but did not play","On matchday squad, but did not play","On matchday squad, but did not play","On matchday squad, but did not play","On matchday squad, but did not play","On matchday squad, but did not play","On matchday squad, but did not play","On matchday squad, but did not play","On matchday squad, but did not play","On matchday squad, but did not play","On matchday squad, but did not play","On matchday squad, but did not play","On matchday squad, but did not play","On matchday squad, but did not play",Leeds United,James-Justin,fb614c44
2025-10-24,Fri,Matchweek 9,Home,W 2–1,Leeds United,West Ham,N,LB,47,0,0,0,0,0,0,1,0,41,1,3,0,0.0,0.0,0.0,0,0,25,29,86.2,2,17,0,2,0,Match Report,25,29,86.2,423,168,13,13,100.0,11,15,73.3,1,1,100.0,0,0.0,0.0,0,1,0,0,2,29,22,7,0,0,0,1,7,0,0,0,0,25,0,0,0,0,0,0,0,0,0,0,0,0,0,0,0,0,41,4,17,13,11,0,41,2,0,0.0,2,100.0,17,28,9,0,1,0,2,0,18,2,1,1,1,0,0,1,1,100.0,0,0,0,0,3,4,4,0,1,0,0,1,1,0,1,3,1,0,0,0,4,0,2,0.0,Leeds United,James-Justin,fb614c44
2025-08-18,Mon,Matchweek 1,Home,W 1–0,Leeds United,Everton,N,"On matchday squad, but did not play","On matchday squad, but did not play","On matchday squad, but did not play","On matchday squad, but did not play","On matchday squad, but did not play","On matchday squad, but did not play","On matchday squad, but did not play","On matchday squad, but did not play","On matchday squad, but did not play","On matchday squad, but did not play","On matchday squad, but did not play","On matchday squad, but did not play","On matchday squad, but did not play","On matchday squad, but did not play","On matchday squad, but did not play","On matchday squad, but did not play","On matchday squad, but did not play","On matchday squad, but did not play","On matchday squad, but did not play","On matchday squad, but did not play","On matchday squad, but did not play","On matchday squad, but did not play","On matchday squad, but did not play","On matchday squad, but did not play","On matchday squad, but did not play","On matchday squad, but did not play","On matchday squad, but did not play",Match Report,"On matchday squad, but did not play","On matchday squad, but did not play","On matchday squad, but did not play","On matchday squad, but did not play","On matchday squad, but did not play","On matchday squad, but did not play","On matchday squad, but did not play","On matchday squad, but did not play","On matchday squad, but did not play","On matchday squad, but did not play","On matchday squad, but did not play","On matchday squad, but did not play","On matchday squad, but did not play","On matchday squad, but did not play","On matchday squad, but did not play","On matchday squad, but did not play","On matchday squad, but did not play","On matchday squad, but did not play","On matchday squad, but did not play","On matchday squad, but did not play","On matchday squad, but did not play","On matchday squad, but did not play","On matchday squad, but did not play","On matchday squad, but did not play","On matchday squad, but did not play","On matchday squad, but did not play","On matchday squad, but did not play","On matchday squad, but did not play","On matchday squad, but did not play","On matchday squad, but did not play","On matchday squad, but did not play","On matchday squad, but did not play","On matchday squad, but did not play","On matchday squad, but did not play","On matchday squad, but did not play","On matchday squad, but did not play","On matchday squad, but did not play","On matchday squad, but did not play","On matchday squad, but did not play","On matchday squad, but did not play","On matchday squad, but did not play","On matchday squad, but did not play","On matchday squad, but did not play","On matchday squad, but did not play","On matchday squad, but did not play","On matchday squad, but did not play","On matchday squad, but did not play","On matchday squad, but did not play","On matchday squad, but did not play","On matchday squad, but did not play","On matchday squad, but did not play","On matchday squad, but did not play","On matchday squad, but did not play","On matchday squad, but did not play","On matchday squad, but did not play","On matchday squad, but did not play","On matchday squad, but did not play","On matchday squad, but did not play","On matchday squad, but did not play","On matchday squad, but did not play","On matchday squad, but did not play","On matchday squad, but did not play","On matchday squad, but did not play","On matchday squad, but did not play","On matchday squad, but did not play","On matchday squad, but did not play","On matchday squad, but did not play","On matchday squad, but did not play","On matchday squad, but did not play","On matchday squad, but did not play","On matchday squad, but did not play","On matchday squad, but did not play","On matchday squad, but did not play","On matchday squad, but did not play","On matchday squad, but did not play","On matchday squad, but did not play","On matchday squad, but did not play","On matchday squad, but did not play","On matchday squad, but did not play","On matchday squad, but did not play","On matchday squad, but did not play","On matchday squad, but did not play","On matchday squad, but did not play","On matchday squad, but did not play","On matchday squad, but did not play","On matchday squad, but did not play","On matchday squad, but did not play","On matchday squad, but did not play","On matchday squad, but did not play","On matchday squad, but did not play","On matchday squad, but did not play","On matchday squad, but did not play","On matchday squad, but did not play","On matchday squad, but did not play","On matchday squad, but did not play","On matchday squad, but did not play","On matchday squad, but did not play","On matchday squad, but did not play","On matchday squad, but did not play","On matchday squad, but did not play","On matchday squad, but did not play","On matchday squad, but did not play","On matchday squad, but did not play","On matchday squad, but did not play","On matchday squad, but did not play",Leeds United,Sam-Byram,1bf811d4
2025-08-23,Sat,Matchweek 2,Away,L 0–5,Leeds United,Arsenal,N,RB,8,0,0,0,0,0,0,0,0,1,0,0,0,0.0,0.0,0.0,0,0,1,1,100.0,0,1,0,0,0,Match Report,1,1,100.0,12,0,1,1,100.0,0,0,,0,0,,0,0.0,0.0,0,0,0,0,0,1,1,0,0,0,0,0,0,0,0,0,0,1,0,0,0,0,0,0,0,0,0,0,0,0,0,0,0,0,1,0,1,0,0,0,1,0,0,,0,,1,3,1,0,0,0,0,0,1,0,0,0,0,0,0,0,0,,0,0,0,0,0,0,0,0,0,0,0,1,0,0,0,0,0,0,0,0,0,0,0,,Leeds United,Sam-Byram,1bf811d4
